ISO-10303-21;
HEADER;
/* Generated by software containing ST-Developer
 * from STEP Tools, Inc. (www.steptools.com) 
 */

FILE_DESCRIPTION(
/* description */ (''),
/* implementation_level */ '2;1');

FILE_NAME(
/* name */ 'Foto 10x15.step',
/* time_stamp */ '2026-01-13T20:46:33+01:00',
/* author */ (''),
/* organization */ (''),
/* preprocessor_version */ 'ST-DEVELOPER v20.1',
/* originating_system */ 'Autodesk Translation Framework v14.21.0.0',
/* authorisation */ '');

FILE_SCHEMA (('AUTOMOTIVE_DESIGN { 1 0 10303 214 3 1 1 }'));
ENDSEC;

DATA;
#10=MECHANICAL_DESIGN_GEOMETRIC_PRESENTATION_REPRESENTATION('',(#25,#26,
#27,#28,#29),#3221);
#11=ITEM_DEFINED_TRANSFORMATION($,$,#2051,#2161);
#12=ITEM_DEFINED_TRANSFORMATION($,$,#2110,#2162);
#13=(
REPRESENTATION_RELATIONSHIP($,$,#3235,#3234)
REPRESENTATION_RELATIONSHIP_WITH_TRANSFORMATION(#11)
SHAPE_REPRESENTATION_RELATIONSHIP()
);
#14=(
REPRESENTATION_RELATIONSHIP($,$,#3236,#3234)
REPRESENTATION_RELATIONSHIP_WITH_TRANSFORMATION(#12)
SHAPE_REPRESENTATION_RELATIONSHIP()
);
#15=CONTEXT_DEPENDENT_SHAPE_REPRESENTATION(#13,#3232);
#16=CONTEXT_DEPENDENT_SHAPE_REPRESENTATION(#14,#3233);
#17=NEXT_ASSEMBLY_USAGE_OCCURRENCE('Component1:1','Component1:1',
'Component1:1',#3238,#3239,'Component1:1');
#18=NEXT_ASSEMBLY_USAGE_OCCURRENCE('Component2:1','Component2:1',
'Component2:1',#3238,#3240,'Component2:1');
#19=SHAPE_REPRESENTATION_RELATIONSHIP('SRR','None',#3235,#22);
#20=SHAPE_REPRESENTATION_RELATIONSHIP('SRR','None',#3236,#23);
#21=SHAPE_REPRESENTATION_RELATIONSHIP('SRR','None',#3234,#24);
#22=ADVANCED_BREP_SHAPE_REPRESENTATION('',(#30),#3219);
#23=ADVANCED_BREP_SHAPE_REPRESENTATION('',(#31),#3220);
#24=ADVANCED_BREP_SHAPE_REPRESENTATION('',(#32,#33,#34),#3218);
#25=STYLED_ITEM('',(#3253),#30);
#26=STYLED_ITEM('',(#3253),#31);
#27=STYLED_ITEM('',(#3253),#32);
#28=STYLED_ITEM('',(#3253),#33);
#29=STYLED_ITEM('',(#3253),#34);
#30=MANIFOLD_SOLID_BREP('Body1',#2022);
#31=MANIFOLD_SOLID_BREP('Body1',#2023);
#32=MANIFOLD_SOLID_BREP('Body4',#2024);
#33=MANIFOLD_SOLID_BREP('Body5',#2025);
#34=MANIFOLD_SOLID_BREP('Body6',#2026);
#35=FACE_BOUND('',#212,.T.);
#36=FACE_BOUND('',#222,.T.);
#37=FACE_BOUND('',#223,.T.);
#38=FACE_BOUND('',#224,.T.);
#39=FACE_BOUND('',#225,.T.);
#40=FACE_BOUND('',#226,.T.);
#41=FACE_BOUND('',#228,.T.);
#42=FACE_BOUND('',#229,.T.);
#43=FACE_BOUND('',#230,.T.);
#44=FACE_BOUND('',#231,.T.);
#45=FACE_BOUND('',#253,.T.);
#46=FACE_BOUND('',#254,.T.);
#47=FACE_BOUND('',#255,.T.);
#48=FACE_BOUND('',#256,.T.);
#49=FACE_BOUND('',#257,.T.);
#50=FACE_BOUND('',#267,.T.);
#51=FACE_BOUND('',#269,.T.);
#52=FACE_BOUND('',#270,.T.);
#53=FACE_BOUND('',#271,.T.);
#54=FACE_BOUND('',#272,.T.);
#55=FACE_BOUND('',#273,.T.);
#56=FACE_OUTER_BOUND('',#164,.T.);
#57=FACE_OUTER_BOUND('',#165,.T.);
#58=FACE_OUTER_BOUND('',#166,.T.);
#59=FACE_OUTER_BOUND('',#167,.T.);
#60=FACE_OUTER_BOUND('',#168,.T.);
#61=FACE_OUTER_BOUND('',#169,.T.);
#62=FACE_OUTER_BOUND('',#170,.T.);
#63=FACE_OUTER_BOUND('',#171,.T.);
#64=FACE_OUTER_BOUND('',#172,.T.);
#65=FACE_OUTER_BOUND('',#173,.T.);
#66=FACE_OUTER_BOUND('',#174,.T.);
#67=FACE_OUTER_BOUND('',#175,.T.);
#68=FACE_OUTER_BOUND('',#176,.T.);
#69=FACE_OUTER_BOUND('',#177,.T.);
#70=FACE_OUTER_BOUND('',#178,.T.);
#71=FACE_OUTER_BOUND('',#179,.T.);
#72=FACE_OUTER_BOUND('',#180,.T.);
#73=FACE_OUTER_BOUND('',#181,.T.);
#74=FACE_OUTER_BOUND('',#182,.T.);
#75=FACE_OUTER_BOUND('',#183,.T.);
#76=FACE_OUTER_BOUND('',#184,.T.);
#77=FACE_OUTER_BOUND('',#185,.T.);
#78=FACE_OUTER_BOUND('',#186,.T.);
#79=FACE_OUTER_BOUND('',#187,.T.);
#80=FACE_OUTER_BOUND('',#188,.T.);
#81=FACE_OUTER_BOUND('',#189,.T.);
#82=FACE_OUTER_BOUND('',#190,.T.);
#83=FACE_OUTER_BOUND('',#191,.T.);
#84=FACE_OUTER_BOUND('',#192,.T.);
#85=FACE_OUTER_BOUND('',#193,.T.);
#86=FACE_OUTER_BOUND('',#194,.T.);
#87=FACE_OUTER_BOUND('',#195,.T.);
#88=FACE_OUTER_BOUND('',#196,.T.);
#89=FACE_OUTER_BOUND('',#197,.T.);
#90=FACE_OUTER_BOUND('',#198,.T.);
#91=FACE_OUTER_BOUND('',#199,.T.);
#92=FACE_OUTER_BOUND('',#200,.T.);
#93=FACE_OUTER_BOUND('',#201,.T.);
#94=FACE_OUTER_BOUND('',#202,.T.);
#95=FACE_OUTER_BOUND('',#203,.T.);
#96=FACE_OUTER_BOUND('',#204,.T.);
#97=FACE_OUTER_BOUND('',#205,.T.);
#98=FACE_OUTER_BOUND('',#206,.T.);
#99=FACE_OUTER_BOUND('',#207,.T.);
#100=FACE_OUTER_BOUND('',#208,.T.);
#101=FACE_OUTER_BOUND('',#209,.T.);
#102=FACE_OUTER_BOUND('',#210,.T.);
#103=FACE_OUTER_BOUND('',#211,.T.);
#104=FACE_OUTER_BOUND('',#213,.T.);
#105=FACE_OUTER_BOUND('',#214,.T.);
#106=FACE_OUTER_BOUND('',#215,.T.);
#107=FACE_OUTER_BOUND('',#216,.T.);
#108=FACE_OUTER_BOUND('',#217,.T.);
#109=FACE_OUTER_BOUND('',#218,.T.);
#110=FACE_OUTER_BOUND('',#219,.T.);
#111=FACE_OUTER_BOUND('',#220,.T.);
#112=FACE_OUTER_BOUND('',#221,.T.);
#113=FACE_OUTER_BOUND('',#227,.T.);
#114=FACE_OUTER_BOUND('',#232,.T.);
#115=FACE_OUTER_BOUND('',#233,.T.);
#116=FACE_OUTER_BOUND('',#234,.T.);
#117=FACE_OUTER_BOUND('',#235,.T.);
#118=FACE_OUTER_BOUND('',#236,.T.);
#119=FACE_OUTER_BOUND('',#237,.T.);
#120=FACE_OUTER_BOUND('',#238,.T.);
#121=FACE_OUTER_BOUND('',#239,.T.);
#122=FACE_OUTER_BOUND('',#240,.T.);
#123=FACE_OUTER_BOUND('',#241,.T.);
#124=FACE_OUTER_BOUND('',#242,.T.);
#125=FACE_OUTER_BOUND('',#243,.T.);
#126=FACE_OUTER_BOUND('',#244,.T.);
#127=FACE_OUTER_BOUND('',#245,.T.);
#128=FACE_OUTER_BOUND('',#246,.T.);
#129=FACE_OUTER_BOUND('',#247,.T.);
#130=FACE_OUTER_BOUND('',#248,.T.);
#131=FACE_OUTER_BOUND('',#249,.T.);
#132=FACE_OUTER_BOUND('',#250,.T.);
#133=FACE_OUTER_BOUND('',#251,.T.);
#134=FACE_OUTER_BOUND('',#252,.T.);
#135=FACE_OUTER_BOUND('',#258,.T.);
#136=FACE_OUTER_BOUND('',#259,.T.);
#137=FACE_OUTER_BOUND('',#260,.T.);
#138=FACE_OUTER_BOUND('',#261,.T.);
#139=FACE_OUTER_BOUND('',#262,.T.);
#140=FACE_OUTER_BOUND('',#263,.T.);
#141=FACE_OUTER_BOUND('',#264,.T.);
#142=FACE_OUTER_BOUND('',#265,.T.);
#143=FACE_OUTER_BOUND('',#266,.T.);
#144=FACE_OUTER_BOUND('',#268,.T.);
#145=FACE_OUTER_BOUND('',#274,.T.);
#146=FACE_OUTER_BOUND('',#275,.T.);
#147=FACE_OUTER_BOUND('',#276,.T.);
#148=FACE_OUTER_BOUND('',#277,.T.);
#149=FACE_OUTER_BOUND('',#278,.T.);
#150=FACE_OUTER_BOUND('',#279,.T.);
#151=FACE_OUTER_BOUND('',#280,.T.);
#152=FACE_OUTER_BOUND('',#281,.T.);
#153=FACE_OUTER_BOUND('',#282,.T.);
#154=FACE_OUTER_BOUND('',#283,.T.);
#155=FACE_OUTER_BOUND('',#284,.T.);
#156=FACE_OUTER_BOUND('',#285,.T.);
#157=FACE_OUTER_BOUND('',#286,.T.);
#158=FACE_OUTER_BOUND('',#287,.T.);
#159=FACE_OUTER_BOUND('',#288,.T.);
#160=FACE_OUTER_BOUND('',#289,.T.);
#161=FACE_OUTER_BOUND('',#290,.T.);
#162=FACE_OUTER_BOUND('',#291,.T.);
#163=FACE_OUTER_BOUND('',#292,.T.);
#164=EDGE_LOOP('',(#1272,#1273,#1274,#1275));
#165=EDGE_LOOP('',(#1276,#1277,#1278,#1279));
#166=EDGE_LOOP('',(#1280,#1281,#1282,#1283));
#167=EDGE_LOOP('',(#1284,#1285,#1286,#1287));
#168=EDGE_LOOP('',(#1288,#1289,#1290,#1291));
#169=EDGE_LOOP('',(#1292,#1293,#1294,#1295));
#170=EDGE_LOOP('',(#1296,#1297,#1298,#1299));
#171=EDGE_LOOP('',(#1300,#1301,#1302,#1303));
#172=EDGE_LOOP('',(#1304,#1305,#1306,#1307));
#173=EDGE_LOOP('',(#1308,#1309,#1310,#1311));
#174=EDGE_LOOP('',(#1312,#1313,#1314,#1315));
#175=EDGE_LOOP('',(#1316,#1317,#1318,#1319));
#176=EDGE_LOOP('',(#1320,#1321,#1322,#1323,#1324,#1325,#1326,#1327,#1328,
#1329,#1330,#1331));
#177=EDGE_LOOP('',(#1332,#1333,#1334,#1335));
#178=EDGE_LOOP('',(#1336,#1337,#1338,#1339));
#179=EDGE_LOOP('',(#1340,#1341,#1342,#1343));
#180=EDGE_LOOP('',(#1344,#1345,#1346,#1347));
#181=EDGE_LOOP('',(#1348,#1349,#1350,#1351));
#182=EDGE_LOOP('',(#1352,#1353,#1354,#1355));
#183=EDGE_LOOP('',(#1356,#1357,#1358,#1359));
#184=EDGE_LOOP('',(#1360,#1361,#1362,#1363));
#185=EDGE_LOOP('',(#1364,#1365,#1366,#1367));
#186=EDGE_LOOP('',(#1368,#1369,#1370,#1371));
#187=EDGE_LOOP('',(#1372,#1373,#1374,#1375));
#188=EDGE_LOOP('',(#1376,#1377,#1378,#1379));
#189=EDGE_LOOP('',(#1380,#1381,#1382,#1383));
#190=EDGE_LOOP('',(#1384,#1385,#1386,#1387));
#191=EDGE_LOOP('',(#1388,#1389,#1390,#1391));
#192=EDGE_LOOP('',(#1392,#1393,#1394,#1395));
#193=EDGE_LOOP('',(#1396,#1397,#1398,#1399));
#194=EDGE_LOOP('',(#1400,#1401,#1402,#1403));
#195=EDGE_LOOP('',(#1404,#1405,#1406,#1407));
#196=EDGE_LOOP('',(#1408,#1409,#1410,#1411));
#197=EDGE_LOOP('',(#1412,#1413,#1414,#1415));
#198=EDGE_LOOP('',(#1416,#1417,#1418,#1419));
#199=EDGE_LOOP('',(#1420,#1421,#1422,#1423));
#200=EDGE_LOOP('',(#1424,#1425,#1426,#1427));
#201=EDGE_LOOP('',(#1428,#1429,#1430,#1431));
#202=EDGE_LOOP('',(#1432,#1433,#1434,#1435));
#203=EDGE_LOOP('',(#1436,#1437,#1438,#1439));
#204=EDGE_LOOP('',(#1440,#1441,#1442,#1443));
#205=EDGE_LOOP('',(#1444,#1445,#1446,#1447));
#206=EDGE_LOOP('',(#1448,#1449,#1450,#1451));
#207=EDGE_LOOP('',(#1452,#1453,#1454,#1455));
#208=EDGE_LOOP('',(#1456,#1457,#1458,#1459));
#209=EDGE_LOOP('',(#1460,#1461,#1462,#1463));
#210=EDGE_LOOP('',(#1464,#1465,#1466,#1467));
#211=EDGE_LOOP('',(#1468,#1469,#1470,#1471));
#212=EDGE_LOOP('',(#1472,#1473,#1474,#1475));
#213=EDGE_LOOP('',(#1476,#1477,#1478,#1479));
#214=EDGE_LOOP('',(#1480,#1481,#1482,#1483));
#215=EDGE_LOOP('',(#1484,#1485,#1486,#1487));
#216=EDGE_LOOP('',(#1488,#1489,#1490,#1491));
#217=EDGE_LOOP('',(#1492,#1493,#1494,#1495));
#218=EDGE_LOOP('',(#1496,#1497,#1498,#1499));
#219=EDGE_LOOP('',(#1500,#1501,#1502,#1503));
#220=EDGE_LOOP('',(#1504,#1505,#1506,#1507));
#221=EDGE_LOOP('',(#1508,#1509,#1510,#1511));
#222=EDGE_LOOP('',(#1512,#1513,#1514,#1515));
#223=EDGE_LOOP('',(#1516,#1517,#1518,#1519));
#224=EDGE_LOOP('',(#1520,#1521,#1522,#1523));
#225=EDGE_LOOP('',(#1524,#1525,#1526,#1527));
#226=EDGE_LOOP('',(#1528,#1529,#1530,#1531));
#227=EDGE_LOOP('',(#1532,#1533,#1534,#1535));
#228=EDGE_LOOP('',(#1536,#1537,#1538,#1539,#1540,#1541,#1542,#1543,#1544,
#1545,#1546,#1547));
#229=EDGE_LOOP('',(#1548,#1549,#1550,#1551));
#230=EDGE_LOOP('',(#1552,#1553,#1554,#1555));
#231=EDGE_LOOP('',(#1556,#1557,#1558,#1559));
#232=EDGE_LOOP('',(#1560,#1561,#1562,#1563));
#233=EDGE_LOOP('',(#1564,#1565,#1566,#1567));
#234=EDGE_LOOP('',(#1568,#1569,#1570,#1571));
#235=EDGE_LOOP('',(#1572,#1573,#1574,#1575));
#236=EDGE_LOOP('',(#1576,#1577,#1578,#1579));
#237=EDGE_LOOP('',(#1580,#1581,#1582,#1583));
#238=EDGE_LOOP('',(#1584,#1585,#1586,#1587));
#239=EDGE_LOOP('',(#1588,#1589,#1590,#1591));
#240=EDGE_LOOP('',(#1592,#1593,#1594,#1595));
#241=EDGE_LOOP('',(#1596,#1597,#1598,#1599));
#242=EDGE_LOOP('',(#1600,#1601,#1602,#1603));
#243=EDGE_LOOP('',(#1604,#1605,#1606,#1607));
#244=EDGE_LOOP('',(#1608,#1609,#1610,#1611));
#245=EDGE_LOOP('',(#1612,#1613,#1614,#1615));
#246=EDGE_LOOP('',(#1616,#1617,#1618,#1619));
#247=EDGE_LOOP('',(#1620,#1621,#1622,#1623));
#248=EDGE_LOOP('',(#1624,#1625,#1626,#1627));
#249=EDGE_LOOP('',(#1628,#1629,#1630,#1631));
#250=EDGE_LOOP('',(#1632,#1633,#1634,#1635));
#251=EDGE_LOOP('',(#1636,#1637,#1638,#1639));
#252=EDGE_LOOP('',(#1640,#1641,#1642,#1643));
#253=EDGE_LOOP('',(#1644,#1645,#1646,#1647));
#254=EDGE_LOOP('',(#1648,#1649,#1650,#1651));
#255=EDGE_LOOP('',(#1652,#1653,#1654,#1655));
#256=EDGE_LOOP('',(#1656,#1657,#1658,#1659));
#257=EDGE_LOOP('',(#1660,#1661,#1662,#1663));
#258=EDGE_LOOP('',(#1664,#1665,#1666,#1667));
#259=EDGE_LOOP('',(#1668,#1669,#1670,#1671));
#260=EDGE_LOOP('',(#1672,#1673,#1674,#1675));
#261=EDGE_LOOP('',(#1676,#1677,#1678,#1679));
#262=EDGE_LOOP('',(#1680,#1681,#1682,#1683));
#263=EDGE_LOOP('',(#1684,#1685,#1686,#1687));
#264=EDGE_LOOP('',(#1688,#1689,#1690,#1691));
#265=EDGE_LOOP('',(#1692,#1693,#1694,#1695));
#266=EDGE_LOOP('',(#1696,#1697,#1698,#1699));
#267=EDGE_LOOP('',(#1700,#1701,#1702,#1703));
#268=EDGE_LOOP('',(#1704,#1705,#1706,#1707));
#269=EDGE_LOOP('',(#1708,#1709,#1710,#1711));
#270=EDGE_LOOP('',(#1712,#1713,#1714,#1715));
#271=EDGE_LOOP('',(#1716,#1717,#1718,#1719));
#272=EDGE_LOOP('',(#1720,#1721,#1722,#1723));
#273=EDGE_LOOP('',(#1724,#1725,#1726,#1727));
#274=EDGE_LOOP('',(#1728,#1729,#1730,#1731));
#275=EDGE_LOOP('',(#1732,#1733,#1734,#1735));
#276=EDGE_LOOP('',(#1736,#1737,#1738,#1739));
#277=EDGE_LOOP('',(#1740,#1741,#1742,#1743));
#278=EDGE_LOOP('',(#1744,#1745,#1746,#1747));
#279=EDGE_LOOP('',(#1748,#1749,#1750,#1751,#1752));
#280=EDGE_LOOP('',(#1753,#1754,#1755,#1756,#1757));
#281=EDGE_LOOP('',(#1758,#1759,#1760,#1761));
#282=EDGE_LOOP('',(#1762,#1763,#1764,#1765));
#283=EDGE_LOOP('',(#1766,#1767,#1768,#1769));
#284=EDGE_LOOP('',(#1770,#1771,#1772,#1773));
#285=EDGE_LOOP('',(#1774,#1775,#1776,#1777));
#286=EDGE_LOOP('',(#1778,#1779,#1780,#1781));
#287=EDGE_LOOP('',(#1782,#1783,#1784,#1785));
#288=EDGE_LOOP('',(#1786,#1787,#1788,#1789));
#289=EDGE_LOOP('',(#1790,#1791,#1792,#1793));
#290=EDGE_LOOP('',(#1794,#1795,#1796,#1797));
#291=EDGE_LOOP('',(#1798,#1799,#1800,#1801));
#292=EDGE_LOOP('',(#1802,#1803,#1804,#1805));
#293=LINE('',#2661,#560);
#294=LINE('',#2663,#561);
#295=LINE('',#2665,#562);
#296=LINE('',#2666,#563);
#297=LINE('',#2669,#564);
#298=LINE('',#2671,#565);
#299=LINE('',#2672,#566);
#300=LINE('',#2675,#567);
#301=LINE('',#2677,#568);
#302=LINE('',#2678,#569);
#303=LINE('',#2681,#570);
#304=LINE('',#2683,#571);
#305=LINE('',#2684,#572);
#306=LINE('',#2687,#573);
#307=LINE('',#2689,#574);
#308=LINE('',#2690,#575);
#309=LINE('',#2693,#576);
#310=LINE('',#2695,#577);
#311=LINE('',#2696,#578);
#312=LINE('',#2699,#579);
#313=LINE('',#2701,#580);
#314=LINE('',#2702,#581);
#315=LINE('',#2705,#582);
#316=LINE('',#2707,#583);
#317=LINE('',#2708,#584);
#318=LINE('',#2711,#585);
#319=LINE('',#2713,#586);
#320=LINE('',#2714,#587);
#321=LINE('',#2717,#588);
#322=LINE('',#2719,#589);
#323=LINE('',#2720,#590);
#324=LINE('',#2723,#591);
#325=LINE('',#2725,#592);
#326=LINE('',#2726,#593);
#327=LINE('',#2728,#594);
#328=LINE('',#2729,#595);
#329=LINE('',#2734,#596);
#330=LINE('',#2736,#597);
#331=LINE('',#2738,#598);
#332=LINE('',#2739,#599);
#333=LINE('',#2742,#600);
#334=LINE('',#2744,#601);
#335=LINE('',#2745,#602);
#336=LINE('',#2748,#603);
#337=LINE('',#2750,#604);
#338=LINE('',#2751,#605);
#339=LINE('',#2753,#606);
#340=LINE('',#2754,#607);
#341=LINE('',#2759,#608);
#342=LINE('',#2761,#609);
#343=LINE('',#2763,#610);
#344=LINE('',#2764,#611);
#345=LINE('',#2767,#612);
#346=LINE('',#2769,#613);
#347=LINE('',#2770,#614);
#348=LINE('',#2773,#615);
#349=LINE('',#2775,#616);
#350=LINE('',#2776,#617);
#351=LINE('',#2778,#618);
#352=LINE('',#2779,#619);
#353=LINE('',#2784,#620);
#354=LINE('',#2786,#621);
#355=LINE('',#2788,#622);
#356=LINE('',#2789,#623);
#357=LINE('',#2792,#624);
#358=LINE('',#2794,#625);
#359=LINE('',#2795,#626);
#360=LINE('',#2798,#627);
#361=LINE('',#2800,#628);
#362=LINE('',#2801,#629);
#363=LINE('',#2803,#630);
#364=LINE('',#2804,#631);
#365=LINE('',#2809,#632);
#366=LINE('',#2811,#633);
#367=LINE('',#2813,#634);
#368=LINE('',#2814,#635);
#369=LINE('',#2817,#636);
#370=LINE('',#2819,#637);
#371=LINE('',#2820,#638);
#372=LINE('',#2823,#639);
#373=LINE('',#2825,#640);
#374=LINE('',#2826,#641);
#375=LINE('',#2828,#642);
#376=LINE('',#2829,#643);
#377=LINE('',#2834,#644);
#378=LINE('',#2836,#645);
#379=LINE('',#2838,#646);
#380=LINE('',#2839,#647);
#381=LINE('',#2842,#648);
#382=LINE('',#2844,#649);
#383=LINE('',#2845,#650);
#384=LINE('',#2848,#651);
#385=LINE('',#2850,#652);
#386=LINE('',#2851,#653);
#387=LINE('',#2853,#654);
#388=LINE('',#2854,#655);
#389=LINE('',#2859,#656);
#390=LINE('',#2861,#657);
#391=LINE('',#2863,#658);
#392=LINE('',#2864,#659);
#393=LINE('',#2867,#660);
#394=LINE('',#2869,#661);
#395=LINE('',#2870,#662);
#396=LINE('',#2873,#663);
#397=LINE('',#2875,#664);
#398=LINE('',#2876,#665);
#399=LINE('',#2878,#666);
#400=LINE('',#2879,#667);
#401=LINE('',#2884,#668);
#402=LINE('',#2886,#669);
#403=LINE('',#2888,#670);
#404=LINE('',#2889,#671);
#405=LINE('',#2892,#672);
#406=LINE('',#2894,#673);
#407=LINE('',#2895,#674);
#408=LINE('',#2898,#675);
#409=LINE('',#2900,#676);
#410=LINE('',#2901,#677);
#411=LINE('',#2903,#678);
#412=LINE('',#2904,#679);
#413=LINE('',#2908,#680);
#414=LINE('',#2910,#681);
#415=LINE('',#2912,#682);
#416=LINE('',#2913,#683);
#417=LINE('',#2916,#684);
#418=LINE('',#2918,#685);
#419=LINE('',#2919,#686);
#420=LINE('',#2922,#687);
#421=LINE('',#2923,#688);
#422=LINE('',#2926,#689);
#423=LINE('',#2927,#690);
#424=LINE('',#2929,#691);
#425=LINE('',#2933,#692);
#426=LINE('',#2935,#693);
#427=LINE('',#2937,#694);
#428=LINE('',#2938,#695);
#429=LINE('',#2941,#696);
#430=LINE('',#2943,#697);
#431=LINE('',#2944,#698);
#432=LINE('',#2947,#699);
#433=LINE('',#2949,#700);
#434=LINE('',#2950,#701);
#435=LINE('',#2952,#702);
#436=LINE('',#2953,#703);
#437=LINE('',#2960,#704);
#438=LINE('',#2962,#705);
#439=LINE('',#2964,#706);
#440=LINE('',#2965,#707);
#441=LINE('',#2968,#708);
#442=LINE('',#2970,#709);
#443=LINE('',#2971,#710);
#444=LINE('',#2974,#711);
#445=LINE('',#2976,#712);
#446=LINE('',#2977,#713);
#447=LINE('',#2979,#714);
#448=LINE('',#2980,#715);
#449=LINE('',#2984,#716);
#450=LINE('',#2986,#717);
#451=LINE('',#2988,#718);
#452=LINE('',#2989,#719);
#453=LINE('',#2992,#720);
#454=LINE('',#2994,#721);
#455=LINE('',#2995,#722);
#456=LINE('',#2998,#723);
#457=LINE('',#3000,#724);
#458=LINE('',#3001,#725);
#459=LINE('',#3003,#726);
#460=LINE('',#3004,#727);
#461=LINE('',#3008,#728);
#462=LINE('',#3010,#729);
#463=LINE('',#3012,#730);
#464=LINE('',#3013,#731);
#465=LINE('',#3016,#732);
#466=LINE('',#3018,#733);
#467=LINE('',#3019,#734);
#468=LINE('',#3022,#735);
#469=LINE('',#3024,#736);
#470=LINE('',#3025,#737);
#471=LINE('',#3027,#738);
#472=LINE('',#3028,#739);
#473=LINE('',#3032,#740);
#474=LINE('',#3034,#741);
#475=LINE('',#3036,#742);
#476=LINE('',#3037,#743);
#477=LINE('',#3040,#744);
#478=LINE('',#3042,#745);
#479=LINE('',#3043,#746);
#480=LINE('',#3046,#747);
#481=LINE('',#3048,#748);
#482=LINE('',#3049,#749);
#483=LINE('',#3051,#750);
#484=LINE('',#3052,#751);
#485=LINE('',#3056,#752);
#486=LINE('',#3058,#753);
#487=LINE('',#3060,#754);
#488=LINE('',#3061,#755);
#489=LINE('',#3064,#756);
#490=LINE('',#3066,#757);
#491=LINE('',#3067,#758);
#492=LINE('',#3070,#759);
#493=LINE('',#3072,#760);
#494=LINE('',#3073,#761);
#495=LINE('',#3075,#762);
#496=LINE('',#3076,#763);
#497=LINE('',#3080,#764);
#498=LINE('',#3082,#765);
#499=LINE('',#3084,#766);
#500=LINE('',#3085,#767);
#501=LINE('',#3088,#768);
#502=LINE('',#3090,#769);
#503=LINE('',#3091,#770);
#504=LINE('',#3094,#771);
#505=LINE('',#3095,#772);
#506=LINE('',#3098,#773);
#507=LINE('',#3099,#774);
#508=LINE('',#3101,#775);
#509=LINE('',#3105,#776);
#510=LINE('',#3107,#777);
#511=LINE('',#3109,#778);
#512=LINE('',#3110,#779);
#513=LINE('',#3113,#780);
#514=LINE('',#3115,#781);
#515=LINE('',#3116,#782);
#516=LINE('',#3119,#783);
#517=LINE('',#3121,#784);
#518=LINE('',#3122,#785);
#519=LINE('',#3124,#786);
#520=LINE('',#3125,#787);
#521=LINE('',#3131,#788);
#522=LINE('',#3133,#789);
#523=LINE('',#3135,#790);
#524=LINE('',#3136,#791);
#525=LINE('',#3139,#792);
#526=LINE('',#3141,#793);
#527=LINE('',#3142,#794);
#528=LINE('',#3145,#795);
#529=LINE('',#3147,#796);
#530=LINE('',#3148,#797);
#531=LINE('',#3151,#798);
#532=LINE('',#3153,#799);
#533=LINE('',#3154,#800);
#534=LINE('',#3156,#801);
#535=LINE('',#3157,#802);
#536=LINE('',#3163,#803);
#537=LINE('',#3165,#804);
#538=LINE('',#3167,#805);
#539=LINE('',#3168,#806);
#540=LINE('',#3171,#807);
#541=LINE('',#3173,#808);
#542=LINE('',#3174,#809);
#543=LINE('',#3177,#810);
#544=LINE('',#3179,#811);
#545=LINE('',#3180,#812);
#546=LINE('',#3182,#813);
#547=LINE('',#3183,#814);
#548=LINE('',#3189,#815);
#549=LINE('',#3191,#816);
#550=LINE('',#3193,#817);
#551=LINE('',#3194,#818);
#552=LINE('',#3197,#819);
#553=LINE('',#3199,#820);
#554=LINE('',#3200,#821);
#555=LINE('',#3203,#822);
#556=LINE('',#3205,#823);
#557=LINE('',#3206,#824);
#558=LINE('',#3208,#825);
#559=LINE('',#3209,#826);
#560=VECTOR('',#2169,10.);
#561=VECTOR('',#2170,10.);
#562=VECTOR('',#2171,10.);
#563=VECTOR('',#2172,10.);
#564=VECTOR('',#2175,10.);
#565=VECTOR('',#2176,10.);
#566=VECTOR('',#2177,10.);
#567=VECTOR('',#2180,10.);
#568=VECTOR('',#2181,10.);
#569=VECTOR('',#2182,10.);
#570=VECTOR('',#2185,10.);
#571=VECTOR('',#2186,10.);
#572=VECTOR('',#2187,10.);
#573=VECTOR('',#2190,10.);
#574=VECTOR('',#2191,10.);
#575=VECTOR('',#2192,10.);
#576=VECTOR('',#2195,10.);
#577=VECTOR('',#2196,10.);
#578=VECTOR('',#2197,10.);
#579=VECTOR('',#2200,10.);
#580=VECTOR('',#2201,10.);
#581=VECTOR('',#2202,10.);
#582=VECTOR('',#2205,10.);
#583=VECTOR('',#2206,10.);
#584=VECTOR('',#2207,10.);
#585=VECTOR('',#2210,10.);
#586=VECTOR('',#2211,10.);
#587=VECTOR('',#2212,10.);
#588=VECTOR('',#2215,10.);
#589=VECTOR('',#2216,10.);
#590=VECTOR('',#2217,10.);
#591=VECTOR('',#2220,10.);
#592=VECTOR('',#2221,10.);
#593=VECTOR('',#2222,10.);
#594=VECTOR('',#2225,10.);
#595=VECTOR('',#2226,10.);
#596=VECTOR('',#2231,10.);
#597=VECTOR('',#2232,10.);
#598=VECTOR('',#2233,10.);
#599=VECTOR('',#2234,10.);
#600=VECTOR('',#2237,10.);
#601=VECTOR('',#2238,10.);
#602=VECTOR('',#2239,10.);
#603=VECTOR('',#2242,10.);
#604=VECTOR('',#2243,10.);
#605=VECTOR('',#2244,10.);
#606=VECTOR('',#2247,10.);
#607=VECTOR('',#2248,10.);
#608=VECTOR('',#2253,10.);
#609=VECTOR('',#2254,10.);
#610=VECTOR('',#2255,10.);
#611=VECTOR('',#2256,10.);
#612=VECTOR('',#2259,10.);
#613=VECTOR('',#2260,10.);
#614=VECTOR('',#2261,10.);
#615=VECTOR('',#2264,10.);
#616=VECTOR('',#2265,10.);
#617=VECTOR('',#2266,10.);
#618=VECTOR('',#2269,10.);
#619=VECTOR('',#2270,10.);
#620=VECTOR('',#2275,10.);
#621=VECTOR('',#2276,10.);
#622=VECTOR('',#2277,10.);
#623=VECTOR('',#2278,10.);
#624=VECTOR('',#2281,10.);
#625=VECTOR('',#2282,10.);
#626=VECTOR('',#2283,10.);
#627=VECTOR('',#2286,10.);
#628=VECTOR('',#2287,10.);
#629=VECTOR('',#2288,10.);
#630=VECTOR('',#2291,10.);
#631=VECTOR('',#2292,10.);
#632=VECTOR('',#2297,10.);
#633=VECTOR('',#2298,10.);
#634=VECTOR('',#2299,10.);
#635=VECTOR('',#2300,10.);
#636=VECTOR('',#2303,10.);
#637=VECTOR('',#2304,10.);
#638=VECTOR('',#2305,10.);
#639=VECTOR('',#2308,10.);
#640=VECTOR('',#2309,10.);
#641=VECTOR('',#2310,10.);
#642=VECTOR('',#2313,10.);
#643=VECTOR('',#2314,10.);
#644=VECTOR('',#2319,10.);
#645=VECTOR('',#2320,10.);
#646=VECTOR('',#2321,10.);
#647=VECTOR('',#2322,10.);
#648=VECTOR('',#2325,10.);
#649=VECTOR('',#2326,10.);
#650=VECTOR('',#2327,10.);
#651=VECTOR('',#2330,10.);
#652=VECTOR('',#2331,10.);
#653=VECTOR('',#2332,10.);
#654=VECTOR('',#2335,10.);
#655=VECTOR('',#2336,10.);
#656=VECTOR('',#2341,10.);
#657=VECTOR('',#2342,10.);
#658=VECTOR('',#2343,10.);
#659=VECTOR('',#2344,10.);
#660=VECTOR('',#2347,10.);
#661=VECTOR('',#2348,10.);
#662=VECTOR('',#2349,10.);
#663=VECTOR('',#2352,10.);
#664=VECTOR('',#2353,10.);
#665=VECTOR('',#2354,10.);
#666=VECTOR('',#2357,10.);
#667=VECTOR('',#2358,10.);
#668=VECTOR('',#2363,10.);
#669=VECTOR('',#2364,10.);
#670=VECTOR('',#2365,10.);
#671=VECTOR('',#2366,10.);
#672=VECTOR('',#2369,10.);
#673=VECTOR('',#2370,10.);
#674=VECTOR('',#2371,10.);
#675=VECTOR('',#2374,10.);
#676=VECTOR('',#2375,10.);
#677=VECTOR('',#2376,10.);
#678=VECTOR('',#2379,10.);
#679=VECTOR('',#2380,10.);
#680=VECTOR('',#2383,10.);
#681=VECTOR('',#2384,10.);
#682=VECTOR('',#2385,10.);
#683=VECTOR('',#2386,10.);
#684=VECTOR('',#2389,10.);
#685=VECTOR('',#2390,10.);
#686=VECTOR('',#2391,10.);
#687=VECTOR('',#2394,10.);
#688=VECTOR('',#2395,10.);
#689=VECTOR('',#2398,10.);
#690=VECTOR('',#2399,10.);
#691=VECTOR('',#2402,10.);
#692=VECTOR('',#2405,10.);
#693=VECTOR('',#2406,10.);
#694=VECTOR('',#2407,10.);
#695=VECTOR('',#2408,10.);
#696=VECTOR('',#2411,10.);
#697=VECTOR('',#2412,10.);
#698=VECTOR('',#2413,10.);
#699=VECTOR('',#2416,10.);
#700=VECTOR('',#2417,10.);
#701=VECTOR('',#2418,10.);
#702=VECTOR('',#2421,10.);
#703=VECTOR('',#2422,10.);
#704=VECTOR('',#2431,10.);
#705=VECTOR('',#2432,10.);
#706=VECTOR('',#2433,10.);
#707=VECTOR('',#2434,10.);
#708=VECTOR('',#2437,10.);
#709=VECTOR('',#2438,10.);
#710=VECTOR('',#2439,10.);
#711=VECTOR('',#2442,10.);
#712=VECTOR('',#2443,10.);
#713=VECTOR('',#2444,10.);
#714=VECTOR('',#2447,10.);
#715=VECTOR('',#2448,10.);
#716=VECTOR('',#2451,10.);
#717=VECTOR('',#2452,10.);
#718=VECTOR('',#2453,10.);
#719=VECTOR('',#2454,10.);
#720=VECTOR('',#2457,10.);
#721=VECTOR('',#2458,10.);
#722=VECTOR('',#2459,10.);
#723=VECTOR('',#2462,10.);
#724=VECTOR('',#2463,10.);
#725=VECTOR('',#2464,10.);
#726=VECTOR('',#2467,10.);
#727=VECTOR('',#2468,10.);
#728=VECTOR('',#2471,10.);
#729=VECTOR('',#2472,10.);
#730=VECTOR('',#2473,10.);
#731=VECTOR('',#2474,10.);
#732=VECTOR('',#2477,10.);
#733=VECTOR('',#2478,10.);
#734=VECTOR('',#2479,10.);
#735=VECTOR('',#2482,10.);
#736=VECTOR('',#2483,10.);
#737=VECTOR('',#2484,10.);
#738=VECTOR('',#2487,10.);
#739=VECTOR('',#2488,10.);
#740=VECTOR('',#2491,10.);
#741=VECTOR('',#2492,10.);
#742=VECTOR('',#2493,10.);
#743=VECTOR('',#2494,10.);
#744=VECTOR('',#2497,10.);
#745=VECTOR('',#2498,10.);
#746=VECTOR('',#2499,10.);
#747=VECTOR('',#2502,10.);
#748=VECTOR('',#2503,10.);
#749=VECTOR('',#2504,10.);
#750=VECTOR('',#2507,10.);
#751=VECTOR('',#2508,10.);
#752=VECTOR('',#2511,10.);
#753=VECTOR('',#2512,10.);
#754=VECTOR('',#2513,10.);
#755=VECTOR('',#2514,10.);
#756=VECTOR('',#2517,10.);
#757=VECTOR('',#2518,10.);
#758=VECTOR('',#2519,10.);
#759=VECTOR('',#2522,10.);
#760=VECTOR('',#2523,10.);
#761=VECTOR('',#2524,10.);
#762=VECTOR('',#2527,10.);
#763=VECTOR('',#2528,10.);
#764=VECTOR('',#2531,10.);
#765=VECTOR('',#2532,10.);
#766=VECTOR('',#2533,10.);
#767=VECTOR('',#2534,10.);
#768=VECTOR('',#2537,10.);
#769=VECTOR('',#2538,10.);
#770=VECTOR('',#2539,10.);
#771=VECTOR('',#2542,10.);
#772=VECTOR('',#2543,10.);
#773=VECTOR('',#2546,10.);
#774=VECTOR('',#2547,10.);
#775=VECTOR('',#2550,10.);
#776=VECTOR('',#2553,10.);
#777=VECTOR('',#2554,10.);
#778=VECTOR('',#2555,10.);
#779=VECTOR('',#2556,10.);
#780=VECTOR('',#2559,10.);
#781=VECTOR('',#2560,10.);
#782=VECTOR('',#2561,10.);
#783=VECTOR('',#2564,10.);
#784=VECTOR('',#2565,10.);
#785=VECTOR('',#2566,10.);
#786=VECTOR('',#2569,10.);
#787=VECTOR('',#2570,10.);
#788=VECTOR('',#2577,10.);
#789=VECTOR('',#2578,10.);
#790=VECTOR('',#2579,10.);
#791=VECTOR('',#2580,10.);
#792=VECTOR('',#2583,10.);
#793=VECTOR('',#2584,10.);
#794=VECTOR('',#2585,10.);
#795=VECTOR('',#2588,10.);
#796=VECTOR('',#2589,10.);
#797=VECTOR('',#2590,10.);
#798=VECTOR('',#2593,10.);
#799=VECTOR('',#2594,10.);
#800=VECTOR('',#2595,10.);
#801=VECTOR('',#2598,10.);
#802=VECTOR('',#2599,10.);
#803=VECTOR('',#2606,10.);
#804=VECTOR('',#2607,10.);
#805=VECTOR('',#2608,10.);
#806=VECTOR('',#2609,10.);
#807=VECTOR('',#2612,10.);
#808=VECTOR('',#2613,10.);
#809=VECTOR('',#2614,10.);
#810=VECTOR('',#2617,10.);
#811=VECTOR('',#2618,10.);
#812=VECTOR('',#2619,10.);
#813=VECTOR('',#2622,10.);
#814=VECTOR('',#2623,10.);
#815=VECTOR('',#2630,10.);
#816=VECTOR('',#2631,10.);
#817=VECTOR('',#2632,10.);
#818=VECTOR('',#2633,10.);
#819=VECTOR('',#2636,10.);
#820=VECTOR('',#2637,10.);
#821=VECTOR('',#2638,10.);
#822=VECTOR('',#2641,10.);
#823=VECTOR('',#2642,10.);
#824=VECTOR('',#2643,10.);
#825=VECTOR('',#2646,10.);
#826=VECTOR('',#2647,10.);
#827=VERTEX_POINT('',#2659);
#828=VERTEX_POINT('',#2660);
#829=VERTEX_POINT('',#2662);
#830=VERTEX_POINT('',#2664);
#831=VERTEX_POINT('',#2668);
#832=VERTEX_POINT('',#2670);
#833=VERTEX_POINT('',#2674);
#834=VERTEX_POINT('',#2676);
#835=VERTEX_POINT('',#2680);
#836=VERTEX_POINT('',#2682);
#837=VERTEX_POINT('',#2686);
#838=VERTEX_POINT('',#2688);
#839=VERTEX_POINT('',#2692);
#840=VERTEX_POINT('',#2694);
#841=VERTEX_POINT('',#2698);
#842=VERTEX_POINT('',#2700);
#843=VERTEX_POINT('',#2704);
#844=VERTEX_POINT('',#2706);
#845=VERTEX_POINT('',#2710);
#846=VERTEX_POINT('',#2712);
#847=VERTEX_POINT('',#2716);
#848=VERTEX_POINT('',#2718);
#849=VERTEX_POINT('',#2722);
#850=VERTEX_POINT('',#2724);
#851=VERTEX_POINT('',#2732);
#852=VERTEX_POINT('',#2733);
#853=VERTEX_POINT('',#2735);
#854=VERTEX_POINT('',#2737);
#855=VERTEX_POINT('',#2741);
#856=VERTEX_POINT('',#2743);
#857=VERTEX_POINT('',#2747);
#858=VERTEX_POINT('',#2749);
#859=VERTEX_POINT('',#2757);
#860=VERTEX_POINT('',#2758);
#861=VERTEX_POINT('',#2760);
#862=VERTEX_POINT('',#2762);
#863=VERTEX_POINT('',#2766);
#864=VERTEX_POINT('',#2768);
#865=VERTEX_POINT('',#2772);
#866=VERTEX_POINT('',#2774);
#867=VERTEX_POINT('',#2782);
#868=VERTEX_POINT('',#2783);
#869=VERTEX_POINT('',#2785);
#870=VERTEX_POINT('',#2787);
#871=VERTEX_POINT('',#2791);
#872=VERTEX_POINT('',#2793);
#873=VERTEX_POINT('',#2797);
#874=VERTEX_POINT('',#2799);
#875=VERTEX_POINT('',#2807);
#876=VERTEX_POINT('',#2808);
#877=VERTEX_POINT('',#2810);
#878=VERTEX_POINT('',#2812);
#879=VERTEX_POINT('',#2816);
#880=VERTEX_POINT('',#2818);
#881=VERTEX_POINT('',#2822);
#882=VERTEX_POINT('',#2824);
#883=VERTEX_POINT('',#2832);
#884=VERTEX_POINT('',#2833);
#885=VERTEX_POINT('',#2835);
#886=VERTEX_POINT('',#2837);
#887=VERTEX_POINT('',#2841);
#888=VERTEX_POINT('',#2843);
#889=VERTEX_POINT('',#2847);
#890=VERTEX_POINT('',#2849);
#891=VERTEX_POINT('',#2857);
#892=VERTEX_POINT('',#2858);
#893=VERTEX_POINT('',#2860);
#894=VERTEX_POINT('',#2862);
#895=VERTEX_POINT('',#2866);
#896=VERTEX_POINT('',#2868);
#897=VERTEX_POINT('',#2872);
#898=VERTEX_POINT('',#2874);
#899=VERTEX_POINT('',#2882);
#900=VERTEX_POINT('',#2883);
#901=VERTEX_POINT('',#2885);
#902=VERTEX_POINT('',#2887);
#903=VERTEX_POINT('',#2891);
#904=VERTEX_POINT('',#2893);
#905=VERTEX_POINT('',#2897);
#906=VERTEX_POINT('',#2899);
#907=VERTEX_POINT('',#2906);
#908=VERTEX_POINT('',#2907);
#909=VERTEX_POINT('',#2909);
#910=VERTEX_POINT('',#2911);
#911=VERTEX_POINT('',#2915);
#912=VERTEX_POINT('',#2917);
#913=VERTEX_POINT('',#2921);
#914=VERTEX_POINT('',#2925);
#915=VERTEX_POINT('',#2931);
#916=VERTEX_POINT('',#2932);
#917=VERTEX_POINT('',#2934);
#918=VERTEX_POINT('',#2936);
#919=VERTEX_POINT('',#2940);
#920=VERTEX_POINT('',#2942);
#921=VERTEX_POINT('',#2946);
#922=VERTEX_POINT('',#2948);
#923=VERTEX_POINT('',#2958);
#924=VERTEX_POINT('',#2959);
#925=VERTEX_POINT('',#2961);
#926=VERTEX_POINT('',#2963);
#927=VERTEX_POINT('',#2967);
#928=VERTEX_POINT('',#2969);
#929=VERTEX_POINT('',#2973);
#930=VERTEX_POINT('',#2975);
#931=VERTEX_POINT('',#2982);
#932=VERTEX_POINT('',#2983);
#933=VERTEX_POINT('',#2985);
#934=VERTEX_POINT('',#2987);
#935=VERTEX_POINT('',#2991);
#936=VERTEX_POINT('',#2993);
#937=VERTEX_POINT('',#2997);
#938=VERTEX_POINT('',#2999);
#939=VERTEX_POINT('',#3006);
#940=VERTEX_POINT('',#3007);
#941=VERTEX_POINT('',#3009);
#942=VERTEX_POINT('',#3011);
#943=VERTEX_POINT('',#3015);
#944=VERTEX_POINT('',#3017);
#945=VERTEX_POINT('',#3021);
#946=VERTEX_POINT('',#3023);
#947=VERTEX_POINT('',#3030);
#948=VERTEX_POINT('',#3031);
#949=VERTEX_POINT('',#3033);
#950=VERTEX_POINT('',#3035);
#951=VERTEX_POINT('',#3039);
#952=VERTEX_POINT('',#3041);
#953=VERTEX_POINT('',#3045);
#954=VERTEX_POINT('',#3047);
#955=VERTEX_POINT('',#3054);
#956=VERTEX_POINT('',#3055);
#957=VERTEX_POINT('',#3057);
#958=VERTEX_POINT('',#3059);
#959=VERTEX_POINT('',#3063);
#960=VERTEX_POINT('',#3065);
#961=VERTEX_POINT('',#3069);
#962=VERTEX_POINT('',#3071);
#963=VERTEX_POINT('',#3078);
#964=VERTEX_POINT('',#3079);
#965=VERTEX_POINT('',#3081);
#966=VERTEX_POINT('',#3083);
#967=VERTEX_POINT('',#3087);
#968=VERTEX_POINT('',#3089);
#969=VERTEX_POINT('',#3093);
#970=VERTEX_POINT('',#3097);
#971=VERTEX_POINT('',#3103);
#972=VERTEX_POINT('',#3104);
#973=VERTEX_POINT('',#3106);
#974=VERTEX_POINT('',#3108);
#975=VERTEX_POINT('',#3112);
#976=VERTEX_POINT('',#3114);
#977=VERTEX_POINT('',#3118);
#978=VERTEX_POINT('',#3120);
#979=VERTEX_POINT('',#3129);
#980=VERTEX_POINT('',#3130);
#981=VERTEX_POINT('',#3132);
#982=VERTEX_POINT('',#3134);
#983=VERTEX_POINT('',#3138);
#984=VERTEX_POINT('',#3140);
#985=VERTEX_POINT('',#3144);
#986=VERTEX_POINT('',#3146);
#987=VERTEX_POINT('',#3150);
#988=VERTEX_POINT('',#3152);
#989=VERTEX_POINT('',#3161);
#990=VERTEX_POINT('',#3162);
#991=VERTEX_POINT('',#3164);
#992=VERTEX_POINT('',#3166);
#993=VERTEX_POINT('',#3170);
#994=VERTEX_POINT('',#3172);
#995=VERTEX_POINT('',#3176);
#996=VERTEX_POINT('',#3178);
#997=VERTEX_POINT('',#3187);
#998=VERTEX_POINT('',#3188);
#999=VERTEX_POINT('',#3190);
#1000=VERTEX_POINT('',#3192);
#1001=VERTEX_POINT('',#3196);
#1002=VERTEX_POINT('',#3198);
#1003=VERTEX_POINT('',#3202);
#1004=VERTEX_POINT('',#3204);
#1005=EDGE_CURVE('',#827,#828,#293,.T.);
#1006=EDGE_CURVE('',#827,#829,#294,.T.);
#1007=EDGE_CURVE('',#829,#830,#295,.T.);
#1008=EDGE_CURVE('',#828,#830,#296,.T.);
#1009=EDGE_CURVE('',#831,#827,#297,.T.);
#1010=EDGE_CURVE('',#831,#832,#298,.T.);
#1011=EDGE_CURVE('',#832,#829,#299,.T.);
#1012=EDGE_CURVE('',#833,#831,#300,.T.);
#1013=EDGE_CURVE('',#833,#834,#301,.T.);
#1014=EDGE_CURVE('',#834,#832,#302,.T.);
#1015=EDGE_CURVE('',#835,#833,#303,.T.);
#1016=EDGE_CURVE('',#835,#836,#304,.T.);
#1017=EDGE_CURVE('',#836,#834,#305,.T.);
#1018=EDGE_CURVE('',#837,#835,#306,.T.);
#1019=EDGE_CURVE('',#837,#838,#307,.T.);
#1020=EDGE_CURVE('',#838,#836,#308,.T.);
#1021=EDGE_CURVE('',#839,#837,#309,.T.);
#1022=EDGE_CURVE('',#839,#840,#310,.T.);
#1023=EDGE_CURVE('',#840,#838,#311,.T.);
#1024=EDGE_CURVE('',#841,#839,#312,.T.);
#1025=EDGE_CURVE('',#841,#842,#313,.T.);
#1026=EDGE_CURVE('',#842,#840,#314,.T.);
#1027=EDGE_CURVE('',#843,#841,#315,.T.);
#1028=EDGE_CURVE('',#843,#844,#316,.T.);
#1029=EDGE_CURVE('',#844,#842,#317,.T.);
#1030=EDGE_CURVE('',#845,#843,#318,.T.);
#1031=EDGE_CURVE('',#845,#846,#319,.T.);
#1032=EDGE_CURVE('',#846,#844,#320,.T.);
#1033=EDGE_CURVE('',#847,#845,#321,.T.);
#1034=EDGE_CURVE('',#847,#848,#322,.T.);
#1035=EDGE_CURVE('',#848,#846,#323,.T.);
#1036=EDGE_CURVE('',#849,#847,#324,.T.);
#1037=EDGE_CURVE('',#849,#850,#325,.T.);
#1038=EDGE_CURVE('',#850,#848,#326,.T.);
#1039=EDGE_CURVE('',#828,#849,#327,.T.);
#1040=EDGE_CURVE('',#830,#850,#328,.T.);
#1041=EDGE_CURVE('',#851,#852,#329,.T.);
#1042=EDGE_CURVE('',#851,#853,#330,.T.);
#1043=EDGE_CURVE('',#853,#854,#331,.T.);
#1044=EDGE_CURVE('',#852,#854,#332,.T.);
#1045=EDGE_CURVE('',#855,#851,#333,.T.);
#1046=EDGE_CURVE('',#855,#856,#334,.T.);
#1047=EDGE_CURVE('',#856,#853,#335,.T.);
#1048=EDGE_CURVE('',#857,#855,#336,.T.);
#1049=EDGE_CURVE('',#857,#858,#337,.T.);
#1050=EDGE_CURVE('',#858,#856,#338,.T.);
#1051=EDGE_CURVE('',#852,#857,#339,.T.);
#1052=EDGE_CURVE('',#854,#858,#340,.T.);
#1053=EDGE_CURVE('',#859,#860,#341,.T.);
#1054=EDGE_CURVE('',#859,#861,#342,.T.);
#1055=EDGE_CURVE('',#861,#862,#343,.T.);
#1056=EDGE_CURVE('',#860,#862,#344,.T.);
#1057=EDGE_CURVE('',#863,#859,#345,.T.);
#1058=EDGE_CURVE('',#863,#864,#346,.T.);
#1059=EDGE_CURVE('',#864,#861,#347,.T.);
#1060=EDGE_CURVE('',#865,#863,#348,.T.);
#1061=EDGE_CURVE('',#865,#866,#349,.T.);
#1062=EDGE_CURVE('',#866,#864,#350,.T.);
#1063=EDGE_CURVE('',#860,#865,#351,.T.);
#1064=EDGE_CURVE('',#862,#866,#352,.T.);
#1065=EDGE_CURVE('',#867,#868,#353,.T.);
#1066=EDGE_CURVE('',#867,#869,#354,.T.);
#1067=EDGE_CURVE('',#869,#870,#355,.T.);
#1068=EDGE_CURVE('',#868,#870,#356,.T.);
#1069=EDGE_CURVE('',#871,#867,#357,.T.);
#1070=EDGE_CURVE('',#871,#872,#358,.T.);
#1071=EDGE_CURVE('',#872,#869,#359,.T.);
#1072=EDGE_CURVE('',#873,#871,#360,.T.);
#1073=EDGE_CURVE('',#873,#874,#361,.T.);
#1074=EDGE_CURVE('',#874,#872,#362,.T.);
#1075=EDGE_CURVE('',#868,#873,#363,.T.);
#1076=EDGE_CURVE('',#870,#874,#364,.T.);
#1077=EDGE_CURVE('',#875,#876,#365,.T.);
#1078=EDGE_CURVE('',#875,#877,#366,.T.);
#1079=EDGE_CURVE('',#877,#878,#367,.T.);
#1080=EDGE_CURVE('',#876,#878,#368,.T.);
#1081=EDGE_CURVE('',#879,#875,#369,.T.);
#1082=EDGE_CURVE('',#879,#880,#370,.T.);
#1083=EDGE_CURVE('',#880,#877,#371,.T.);
#1084=EDGE_CURVE('',#881,#879,#372,.T.);
#1085=EDGE_CURVE('',#881,#882,#373,.T.);
#1086=EDGE_CURVE('',#882,#880,#374,.T.);
#1087=EDGE_CURVE('',#876,#881,#375,.T.);
#1088=EDGE_CURVE('',#878,#882,#376,.T.);
#1089=EDGE_CURVE('',#883,#884,#377,.T.);
#1090=EDGE_CURVE('',#883,#885,#378,.T.);
#1091=EDGE_CURVE('',#885,#886,#379,.T.);
#1092=EDGE_CURVE('',#884,#886,#380,.T.);
#1093=EDGE_CURVE('',#887,#883,#381,.T.);
#1094=EDGE_CURVE('',#887,#888,#382,.T.);
#1095=EDGE_CURVE('',#888,#885,#383,.T.);
#1096=EDGE_CURVE('',#889,#887,#384,.T.);
#1097=EDGE_CURVE('',#889,#890,#385,.T.);
#1098=EDGE_CURVE('',#890,#888,#386,.T.);
#1099=EDGE_CURVE('',#884,#889,#387,.T.);
#1100=EDGE_CURVE('',#886,#890,#388,.T.);
#1101=EDGE_CURVE('',#891,#892,#389,.T.);
#1102=EDGE_CURVE('',#891,#893,#390,.T.);
#1103=EDGE_CURVE('',#893,#894,#391,.T.);
#1104=EDGE_CURVE('',#892,#894,#392,.T.);
#1105=EDGE_CURVE('',#895,#891,#393,.T.);
#1106=EDGE_CURVE('',#895,#896,#394,.T.);
#1107=EDGE_CURVE('',#896,#893,#395,.T.);
#1108=EDGE_CURVE('',#897,#895,#396,.T.);
#1109=EDGE_CURVE('',#897,#898,#397,.T.);
#1110=EDGE_CURVE('',#898,#896,#398,.T.);
#1111=EDGE_CURVE('',#892,#897,#399,.T.);
#1112=EDGE_CURVE('',#894,#898,#400,.T.);
#1113=EDGE_CURVE('',#899,#900,#401,.T.);
#1114=EDGE_CURVE('',#900,#901,#402,.T.);
#1115=EDGE_CURVE('',#902,#901,#403,.T.);
#1116=EDGE_CURVE('',#899,#902,#404,.T.);
#1117=EDGE_CURVE('',#903,#899,#405,.T.);
#1118=EDGE_CURVE('',#904,#902,#406,.T.);
#1119=EDGE_CURVE('',#903,#904,#407,.T.);
#1120=EDGE_CURVE('',#905,#903,#408,.T.);
#1121=EDGE_CURVE('',#906,#904,#409,.T.);
#1122=EDGE_CURVE('',#905,#906,#410,.T.);
#1123=EDGE_CURVE('',#900,#905,#411,.T.);
#1124=EDGE_CURVE('',#901,#906,#412,.T.);
#1125=EDGE_CURVE('',#907,#908,#413,.T.);
#1126=EDGE_CURVE('',#909,#907,#414,.T.);
#1127=EDGE_CURVE('',#910,#909,#415,.T.);
#1128=EDGE_CURVE('',#908,#910,#416,.T.);
#1129=EDGE_CURVE('',#909,#911,#417,.T.);
#1130=EDGE_CURVE('',#912,#911,#418,.T.);
#1131=EDGE_CURVE('',#910,#912,#419,.T.);
#1132=EDGE_CURVE('',#907,#913,#420,.T.);
#1133=EDGE_CURVE('',#911,#913,#421,.T.);
#1134=EDGE_CURVE('',#914,#912,#422,.T.);
#1135=EDGE_CURVE('',#908,#914,#423,.T.);
#1136=EDGE_CURVE('',#913,#914,#424,.T.);
#1137=EDGE_CURVE('',#915,#916,#425,.T.);
#1138=EDGE_CURVE('',#916,#917,#426,.T.);
#1139=EDGE_CURVE('',#918,#917,#427,.T.);
#1140=EDGE_CURVE('',#915,#918,#428,.T.);
#1141=EDGE_CURVE('',#919,#915,#429,.T.);
#1142=EDGE_CURVE('',#920,#918,#430,.T.);
#1143=EDGE_CURVE('',#919,#920,#431,.T.);
#1144=EDGE_CURVE('',#921,#919,#432,.T.);
#1145=EDGE_CURVE('',#922,#920,#433,.T.);
#1146=EDGE_CURVE('',#921,#922,#434,.T.);
#1147=EDGE_CURVE('',#916,#921,#435,.T.);
#1148=EDGE_CURVE('',#917,#922,#436,.T.);
#1149=EDGE_CURVE('',#923,#924,#437,.T.);
#1150=EDGE_CURVE('',#925,#923,#438,.T.);
#1151=EDGE_CURVE('',#926,#925,#439,.T.);
#1152=EDGE_CURVE('',#926,#924,#440,.T.);
#1153=EDGE_CURVE('',#924,#927,#441,.T.);
#1154=EDGE_CURVE('',#928,#926,#442,.T.);
#1155=EDGE_CURVE('',#928,#927,#443,.T.);
#1156=EDGE_CURVE('',#927,#929,#444,.T.);
#1157=EDGE_CURVE('',#930,#928,#445,.T.);
#1158=EDGE_CURVE('',#930,#929,#446,.T.);
#1159=EDGE_CURVE('',#929,#923,#447,.T.);
#1160=EDGE_CURVE('',#925,#930,#448,.T.);
#1161=EDGE_CURVE('',#931,#932,#449,.T.);
#1162=EDGE_CURVE('',#933,#931,#450,.T.);
#1163=EDGE_CURVE('',#934,#933,#451,.T.);
#1164=EDGE_CURVE('',#934,#932,#452,.T.);
#1165=EDGE_CURVE('',#932,#935,#453,.T.);
#1166=EDGE_CURVE('',#936,#934,#454,.T.);
#1167=EDGE_CURVE('',#936,#935,#455,.T.);
#1168=EDGE_CURVE('',#935,#937,#456,.T.);
#1169=EDGE_CURVE('',#938,#936,#457,.T.);
#1170=EDGE_CURVE('',#938,#937,#458,.T.);
#1171=EDGE_CURVE('',#937,#931,#459,.T.);
#1172=EDGE_CURVE('',#933,#938,#460,.T.);
#1173=EDGE_CURVE('',#939,#940,#461,.T.);
#1174=EDGE_CURVE('',#941,#939,#462,.T.);
#1175=EDGE_CURVE('',#942,#941,#463,.T.);
#1176=EDGE_CURVE('',#942,#940,#464,.T.);
#1177=EDGE_CURVE('',#940,#943,#465,.T.);
#1178=EDGE_CURVE('',#944,#942,#466,.T.);
#1179=EDGE_CURVE('',#944,#943,#467,.T.);
#1180=EDGE_CURVE('',#943,#945,#468,.T.);
#1181=EDGE_CURVE('',#946,#944,#469,.T.);
#1182=EDGE_CURVE('',#946,#945,#470,.T.);
#1183=EDGE_CURVE('',#945,#939,#471,.T.);
#1184=EDGE_CURVE('',#941,#946,#472,.T.);
#1185=EDGE_CURVE('',#947,#948,#473,.T.);
#1186=EDGE_CURVE('',#949,#947,#474,.T.);
#1187=EDGE_CURVE('',#950,#949,#475,.T.);
#1188=EDGE_CURVE('',#950,#948,#476,.T.);
#1189=EDGE_CURVE('',#948,#951,#477,.T.);
#1190=EDGE_CURVE('',#952,#950,#478,.T.);
#1191=EDGE_CURVE('',#952,#951,#479,.T.);
#1192=EDGE_CURVE('',#951,#953,#480,.T.);
#1193=EDGE_CURVE('',#954,#952,#481,.T.);
#1194=EDGE_CURVE('',#954,#953,#482,.T.);
#1195=EDGE_CURVE('',#953,#947,#483,.T.);
#1196=EDGE_CURVE('',#949,#954,#484,.T.);
#1197=EDGE_CURVE('',#955,#956,#485,.T.);
#1198=EDGE_CURVE('',#956,#957,#486,.T.);
#1199=EDGE_CURVE('',#958,#957,#487,.T.);
#1200=EDGE_CURVE('',#955,#958,#488,.T.);
#1201=EDGE_CURVE('',#959,#955,#489,.T.);
#1202=EDGE_CURVE('',#960,#958,#490,.T.);
#1203=EDGE_CURVE('',#959,#960,#491,.T.);
#1204=EDGE_CURVE('',#961,#959,#492,.T.);
#1205=EDGE_CURVE('',#962,#960,#493,.T.);
#1206=EDGE_CURVE('',#961,#962,#494,.T.);
#1207=EDGE_CURVE('',#956,#961,#495,.T.);
#1208=EDGE_CURVE('',#957,#962,#496,.T.);
#1209=EDGE_CURVE('',#963,#964,#497,.T.);
#1210=EDGE_CURVE('',#965,#963,#498,.T.);
#1211=EDGE_CURVE('',#966,#965,#499,.T.);
#1212=EDGE_CURVE('',#964,#966,#500,.T.);
#1213=EDGE_CURVE('',#965,#967,#501,.T.);
#1214=EDGE_CURVE('',#968,#967,#502,.T.);
#1215=EDGE_CURVE('',#966,#968,#503,.T.);
#1216=EDGE_CURVE('',#963,#969,#504,.T.);
#1217=EDGE_CURVE('',#967,#969,#505,.T.);
#1218=EDGE_CURVE('',#970,#968,#506,.T.);
#1219=EDGE_CURVE('',#964,#970,#507,.T.);
#1220=EDGE_CURVE('',#969,#970,#508,.T.);
#1221=EDGE_CURVE('',#971,#972,#509,.T.);
#1222=EDGE_CURVE('',#971,#973,#510,.T.);
#1223=EDGE_CURVE('',#974,#973,#511,.T.);
#1224=EDGE_CURVE('',#972,#974,#512,.T.);
#1225=EDGE_CURVE('',#972,#975,#513,.T.);
#1226=EDGE_CURVE('',#976,#974,#514,.T.);
#1227=EDGE_CURVE('',#975,#976,#515,.T.);
#1228=EDGE_CURVE('',#975,#977,#516,.T.);
#1229=EDGE_CURVE('',#978,#976,#517,.T.);
#1230=EDGE_CURVE('',#977,#978,#518,.T.);
#1231=EDGE_CURVE('',#977,#971,#519,.T.);
#1232=EDGE_CURVE('',#973,#978,#520,.T.);
#1233=EDGE_CURVE('',#979,#980,#521,.T.);
#1234=EDGE_CURVE('',#980,#981,#522,.T.);
#1235=EDGE_CURVE('',#982,#981,#523,.T.);
#1236=EDGE_CURVE('',#979,#982,#524,.T.);
#1237=EDGE_CURVE('',#983,#979,#525,.T.);
#1238=EDGE_CURVE('',#984,#982,#526,.T.);
#1239=EDGE_CURVE('',#983,#984,#527,.T.);
#1240=EDGE_CURVE('',#985,#983,#528,.T.);
#1241=EDGE_CURVE('',#986,#984,#529,.T.);
#1242=EDGE_CURVE('',#985,#986,#530,.T.);
#1243=EDGE_CURVE('',#985,#987,#531,.T.);
#1244=EDGE_CURVE('',#988,#986,#532,.T.);
#1245=EDGE_CURVE('',#987,#988,#533,.T.);
#1246=EDGE_CURVE('',#980,#987,#534,.T.);
#1247=EDGE_CURVE('',#981,#988,#535,.T.);
#1248=EDGE_CURVE('',#989,#990,#536,.T.);
#1249=EDGE_CURVE('',#989,#991,#537,.T.);
#1250=EDGE_CURVE('',#992,#991,#538,.T.);
#1251=EDGE_CURVE('',#990,#992,#539,.T.);
#1252=EDGE_CURVE('',#990,#993,#540,.T.);
#1253=EDGE_CURVE('',#994,#992,#541,.T.);
#1254=EDGE_CURVE('',#993,#994,#542,.T.);
#1255=EDGE_CURVE('',#993,#995,#543,.T.);
#1256=EDGE_CURVE('',#996,#994,#544,.T.);
#1257=EDGE_CURVE('',#995,#996,#545,.T.);
#1258=EDGE_CURVE('',#995,#989,#546,.T.);
#1259=EDGE_CURVE('',#991,#996,#547,.T.);
#1260=EDGE_CURVE('',#997,#998,#548,.T.);
#1261=EDGE_CURVE('',#997,#999,#549,.T.);
#1262=EDGE_CURVE('',#1000,#999,#550,.T.);
#1263=EDGE_CURVE('',#998,#1000,#551,.T.);
#1264=EDGE_CURVE('',#998,#1001,#552,.T.);
#1265=EDGE_CURVE('',#1002,#1000,#553,.T.);
#1266=EDGE_CURVE('',#1001,#1002,#554,.T.);
#1267=EDGE_CURVE('',#1001,#1003,#555,.T.);
#1268=EDGE_CURVE('',#1004,#1002,#556,.T.);
#1269=EDGE_CURVE('',#1003,#1004,#557,.T.);
#1270=EDGE_CURVE('',#1003,#997,#558,.T.);
#1271=EDGE_CURVE('',#999,#1004,#559,.T.);
#1272=ORIENTED_EDGE('',*,*,#1005,.F.);
#1273=ORIENTED_EDGE('',*,*,#1006,.T.);
#1274=ORIENTED_EDGE('',*,*,#1007,.T.);
#1275=ORIENTED_EDGE('',*,*,#1008,.F.);
#1276=ORIENTED_EDGE('',*,*,#1009,.F.);
#1277=ORIENTED_EDGE('',*,*,#1010,.T.);
#1278=ORIENTED_EDGE('',*,*,#1011,.T.);
#1279=ORIENTED_EDGE('',*,*,#1006,.F.);
#1280=ORIENTED_EDGE('',*,*,#1012,.F.);
#1281=ORIENTED_EDGE('',*,*,#1013,.T.);
#1282=ORIENTED_EDGE('',*,*,#1014,.T.);
#1283=ORIENTED_EDGE('',*,*,#1010,.F.);
#1284=ORIENTED_EDGE('',*,*,#1015,.F.);
#1285=ORIENTED_EDGE('',*,*,#1016,.T.);
#1286=ORIENTED_EDGE('',*,*,#1017,.T.);
#1287=ORIENTED_EDGE('',*,*,#1013,.F.);
#1288=ORIENTED_EDGE('',*,*,#1018,.F.);
#1289=ORIENTED_EDGE('',*,*,#1019,.T.);
#1290=ORIENTED_EDGE('',*,*,#1020,.T.);
#1291=ORIENTED_EDGE('',*,*,#1016,.F.);
#1292=ORIENTED_EDGE('',*,*,#1021,.F.);
#1293=ORIENTED_EDGE('',*,*,#1022,.T.);
#1294=ORIENTED_EDGE('',*,*,#1023,.T.);
#1295=ORIENTED_EDGE('',*,*,#1019,.F.);
#1296=ORIENTED_EDGE('',*,*,#1024,.F.);
#1297=ORIENTED_EDGE('',*,*,#1025,.T.);
#1298=ORIENTED_EDGE('',*,*,#1026,.T.);
#1299=ORIENTED_EDGE('',*,*,#1022,.F.);
#1300=ORIENTED_EDGE('',*,*,#1027,.F.);
#1301=ORIENTED_EDGE('',*,*,#1028,.T.);
#1302=ORIENTED_EDGE('',*,*,#1029,.T.);
#1303=ORIENTED_EDGE('',*,*,#1025,.F.);
#1304=ORIENTED_EDGE('',*,*,#1030,.F.);
#1305=ORIENTED_EDGE('',*,*,#1031,.T.);
#1306=ORIENTED_EDGE('',*,*,#1032,.T.);
#1307=ORIENTED_EDGE('',*,*,#1028,.F.);
#1308=ORIENTED_EDGE('',*,*,#1033,.F.);
#1309=ORIENTED_EDGE('',*,*,#1034,.T.);
#1310=ORIENTED_EDGE('',*,*,#1035,.T.);
#1311=ORIENTED_EDGE('',*,*,#1031,.F.);
#1312=ORIENTED_EDGE('',*,*,#1036,.F.);
#1313=ORIENTED_EDGE('',*,*,#1037,.T.);
#1314=ORIENTED_EDGE('',*,*,#1038,.T.);
#1315=ORIENTED_EDGE('',*,*,#1034,.F.);
#1316=ORIENTED_EDGE('',*,*,#1039,.F.);
#1317=ORIENTED_EDGE('',*,*,#1008,.T.);
#1318=ORIENTED_EDGE('',*,*,#1040,.T.);
#1319=ORIENTED_EDGE('',*,*,#1037,.F.);
#1320=ORIENTED_EDGE('',*,*,#1040,.F.);
#1321=ORIENTED_EDGE('',*,*,#1007,.F.);
#1322=ORIENTED_EDGE('',*,*,#1011,.F.);
#1323=ORIENTED_EDGE('',*,*,#1014,.F.);
#1324=ORIENTED_EDGE('',*,*,#1017,.F.);
#1325=ORIENTED_EDGE('',*,*,#1020,.F.);
#1326=ORIENTED_EDGE('',*,*,#1023,.F.);
#1327=ORIENTED_EDGE('',*,*,#1026,.F.);
#1328=ORIENTED_EDGE('',*,*,#1029,.F.);
#1329=ORIENTED_EDGE('',*,*,#1032,.F.);
#1330=ORIENTED_EDGE('',*,*,#1035,.F.);
#1331=ORIENTED_EDGE('',*,*,#1038,.F.);
#1332=ORIENTED_EDGE('',*,*,#1041,.F.);
#1333=ORIENTED_EDGE('',*,*,#1042,.T.);
#1334=ORIENTED_EDGE('',*,*,#1043,.T.);
#1335=ORIENTED_EDGE('',*,*,#1044,.F.);
#1336=ORIENTED_EDGE('',*,*,#1045,.F.);
#1337=ORIENTED_EDGE('',*,*,#1046,.T.);
#1338=ORIENTED_EDGE('',*,*,#1047,.T.);
#1339=ORIENTED_EDGE('',*,*,#1042,.F.);
#1340=ORIENTED_EDGE('',*,*,#1048,.F.);
#1341=ORIENTED_EDGE('',*,*,#1049,.T.);
#1342=ORIENTED_EDGE('',*,*,#1050,.T.);
#1343=ORIENTED_EDGE('',*,*,#1046,.F.);
#1344=ORIENTED_EDGE('',*,*,#1051,.F.);
#1345=ORIENTED_EDGE('',*,*,#1044,.T.);
#1346=ORIENTED_EDGE('',*,*,#1052,.T.);
#1347=ORIENTED_EDGE('',*,*,#1049,.F.);
#1348=ORIENTED_EDGE('',*,*,#1052,.F.);
#1349=ORIENTED_EDGE('',*,*,#1043,.F.);
#1350=ORIENTED_EDGE('',*,*,#1047,.F.);
#1351=ORIENTED_EDGE('',*,*,#1050,.F.);
#1352=ORIENTED_EDGE('',*,*,#1053,.F.);
#1353=ORIENTED_EDGE('',*,*,#1054,.T.);
#1354=ORIENTED_EDGE('',*,*,#1055,.T.);
#1355=ORIENTED_EDGE('',*,*,#1056,.F.);
#1356=ORIENTED_EDGE('',*,*,#1057,.F.);
#1357=ORIENTED_EDGE('',*,*,#1058,.T.);
#1358=ORIENTED_EDGE('',*,*,#1059,.T.);
#1359=ORIENTED_EDGE('',*,*,#1054,.F.);
#1360=ORIENTED_EDGE('',*,*,#1060,.F.);
#1361=ORIENTED_EDGE('',*,*,#1061,.T.);
#1362=ORIENTED_EDGE('',*,*,#1062,.T.);
#1363=ORIENTED_EDGE('',*,*,#1058,.F.);
#1364=ORIENTED_EDGE('',*,*,#1063,.F.);
#1365=ORIENTED_EDGE('',*,*,#1056,.T.);
#1366=ORIENTED_EDGE('',*,*,#1064,.T.);
#1367=ORIENTED_EDGE('',*,*,#1061,.F.);
#1368=ORIENTED_EDGE('',*,*,#1064,.F.);
#1369=ORIENTED_EDGE('',*,*,#1055,.F.);
#1370=ORIENTED_EDGE('',*,*,#1059,.F.);
#1371=ORIENTED_EDGE('',*,*,#1062,.F.);
#1372=ORIENTED_EDGE('',*,*,#1065,.F.);
#1373=ORIENTED_EDGE('',*,*,#1066,.T.);
#1374=ORIENTED_EDGE('',*,*,#1067,.T.);
#1375=ORIENTED_EDGE('',*,*,#1068,.F.);
#1376=ORIENTED_EDGE('',*,*,#1069,.F.);
#1377=ORIENTED_EDGE('',*,*,#1070,.T.);
#1378=ORIENTED_EDGE('',*,*,#1071,.T.);
#1379=ORIENTED_EDGE('',*,*,#1066,.F.);
#1380=ORIENTED_EDGE('',*,*,#1072,.F.);
#1381=ORIENTED_EDGE('',*,*,#1073,.T.);
#1382=ORIENTED_EDGE('',*,*,#1074,.T.);
#1383=ORIENTED_EDGE('',*,*,#1070,.F.);
#1384=ORIENTED_EDGE('',*,*,#1075,.F.);
#1385=ORIENTED_EDGE('',*,*,#1068,.T.);
#1386=ORIENTED_EDGE('',*,*,#1076,.T.);
#1387=ORIENTED_EDGE('',*,*,#1073,.F.);
#1388=ORIENTED_EDGE('',*,*,#1076,.F.);
#1389=ORIENTED_EDGE('',*,*,#1067,.F.);
#1390=ORIENTED_EDGE('',*,*,#1071,.F.);
#1391=ORIENTED_EDGE('',*,*,#1074,.F.);
#1392=ORIENTED_EDGE('',*,*,#1077,.F.);
#1393=ORIENTED_EDGE('',*,*,#1078,.T.);
#1394=ORIENTED_EDGE('',*,*,#1079,.T.);
#1395=ORIENTED_EDGE('',*,*,#1080,.F.);
#1396=ORIENTED_EDGE('',*,*,#1081,.F.);
#1397=ORIENTED_EDGE('',*,*,#1082,.T.);
#1398=ORIENTED_EDGE('',*,*,#1083,.T.);
#1399=ORIENTED_EDGE('',*,*,#1078,.F.);
#1400=ORIENTED_EDGE('',*,*,#1084,.F.);
#1401=ORIENTED_EDGE('',*,*,#1085,.T.);
#1402=ORIENTED_EDGE('',*,*,#1086,.T.);
#1403=ORIENTED_EDGE('',*,*,#1082,.F.);
#1404=ORIENTED_EDGE('',*,*,#1087,.F.);
#1405=ORIENTED_EDGE('',*,*,#1080,.T.);
#1406=ORIENTED_EDGE('',*,*,#1088,.T.);
#1407=ORIENTED_EDGE('',*,*,#1085,.F.);
#1408=ORIENTED_EDGE('',*,*,#1088,.F.);
#1409=ORIENTED_EDGE('',*,*,#1079,.F.);
#1410=ORIENTED_EDGE('',*,*,#1083,.F.);
#1411=ORIENTED_EDGE('',*,*,#1086,.F.);
#1412=ORIENTED_EDGE('',*,*,#1089,.F.);
#1413=ORIENTED_EDGE('',*,*,#1090,.T.);
#1414=ORIENTED_EDGE('',*,*,#1091,.T.);
#1415=ORIENTED_EDGE('',*,*,#1092,.F.);
#1416=ORIENTED_EDGE('',*,*,#1093,.F.);
#1417=ORIENTED_EDGE('',*,*,#1094,.T.);
#1418=ORIENTED_EDGE('',*,*,#1095,.T.);
#1419=ORIENTED_EDGE('',*,*,#1090,.F.);
#1420=ORIENTED_EDGE('',*,*,#1096,.F.);
#1421=ORIENTED_EDGE('',*,*,#1097,.T.);
#1422=ORIENTED_EDGE('',*,*,#1098,.T.);
#1423=ORIENTED_EDGE('',*,*,#1094,.F.);
#1424=ORIENTED_EDGE('',*,*,#1099,.F.);
#1425=ORIENTED_EDGE('',*,*,#1092,.T.);
#1426=ORIENTED_EDGE('',*,*,#1100,.T.);
#1427=ORIENTED_EDGE('',*,*,#1097,.F.);
#1428=ORIENTED_EDGE('',*,*,#1100,.F.);
#1429=ORIENTED_EDGE('',*,*,#1091,.F.);
#1430=ORIENTED_EDGE('',*,*,#1095,.F.);
#1431=ORIENTED_EDGE('',*,*,#1098,.F.);
#1432=ORIENTED_EDGE('',*,*,#1101,.F.);
#1433=ORIENTED_EDGE('',*,*,#1102,.T.);
#1434=ORIENTED_EDGE('',*,*,#1103,.T.);
#1435=ORIENTED_EDGE('',*,*,#1104,.F.);
#1436=ORIENTED_EDGE('',*,*,#1105,.F.);
#1437=ORIENTED_EDGE('',*,*,#1106,.T.);
#1438=ORIENTED_EDGE('',*,*,#1107,.T.);
#1439=ORIENTED_EDGE('',*,*,#1102,.F.);
#1440=ORIENTED_EDGE('',*,*,#1108,.F.);
#1441=ORIENTED_EDGE('',*,*,#1109,.T.);
#1442=ORIENTED_EDGE('',*,*,#1110,.T.);
#1443=ORIENTED_EDGE('',*,*,#1106,.F.);
#1444=ORIENTED_EDGE('',*,*,#1111,.F.);
#1445=ORIENTED_EDGE('',*,*,#1104,.T.);
#1446=ORIENTED_EDGE('',*,*,#1112,.T.);
#1447=ORIENTED_EDGE('',*,*,#1109,.F.);
#1448=ORIENTED_EDGE('',*,*,#1112,.F.);
#1449=ORIENTED_EDGE('',*,*,#1103,.F.);
#1450=ORIENTED_EDGE('',*,*,#1107,.F.);
#1451=ORIENTED_EDGE('',*,*,#1110,.F.);
#1452=ORIENTED_EDGE('',*,*,#1113,.T.);
#1453=ORIENTED_EDGE('',*,*,#1114,.T.);
#1454=ORIENTED_EDGE('',*,*,#1115,.F.);
#1455=ORIENTED_EDGE('',*,*,#1116,.F.);
#1456=ORIENTED_EDGE('',*,*,#1117,.T.);
#1457=ORIENTED_EDGE('',*,*,#1116,.T.);
#1458=ORIENTED_EDGE('',*,*,#1118,.F.);
#1459=ORIENTED_EDGE('',*,*,#1119,.F.);
#1460=ORIENTED_EDGE('',*,*,#1120,.T.);
#1461=ORIENTED_EDGE('',*,*,#1119,.T.);
#1462=ORIENTED_EDGE('',*,*,#1121,.F.);
#1463=ORIENTED_EDGE('',*,*,#1122,.F.);
#1464=ORIENTED_EDGE('',*,*,#1123,.T.);
#1465=ORIENTED_EDGE('',*,*,#1122,.T.);
#1466=ORIENTED_EDGE('',*,*,#1124,.F.);
#1467=ORIENTED_EDGE('',*,*,#1114,.F.);
#1468=ORIENTED_EDGE('',*,*,#1125,.F.);
#1469=ORIENTED_EDGE('',*,*,#1126,.F.);
#1470=ORIENTED_EDGE('',*,*,#1127,.F.);
#1471=ORIENTED_EDGE('',*,*,#1128,.F.);
#1472=ORIENTED_EDGE('',*,*,#1124,.T.);
#1473=ORIENTED_EDGE('',*,*,#1121,.T.);
#1474=ORIENTED_EDGE('',*,*,#1118,.T.);
#1475=ORIENTED_EDGE('',*,*,#1115,.T.);
#1476=ORIENTED_EDGE('',*,*,#1127,.T.);
#1477=ORIENTED_EDGE('',*,*,#1129,.T.);
#1478=ORIENTED_EDGE('',*,*,#1130,.F.);
#1479=ORIENTED_EDGE('',*,*,#1131,.F.);
#1480=ORIENTED_EDGE('',*,*,#1126,.T.);
#1481=ORIENTED_EDGE('',*,*,#1132,.T.);
#1482=ORIENTED_EDGE('',*,*,#1133,.F.);
#1483=ORIENTED_EDGE('',*,*,#1129,.F.);
#1484=ORIENTED_EDGE('',*,*,#1128,.T.);
#1485=ORIENTED_EDGE('',*,*,#1131,.T.);
#1486=ORIENTED_EDGE('',*,*,#1134,.F.);
#1487=ORIENTED_EDGE('',*,*,#1135,.F.);
#1488=ORIENTED_EDGE('',*,*,#1125,.T.);
#1489=ORIENTED_EDGE('',*,*,#1135,.T.);
#1490=ORIENTED_EDGE('',*,*,#1136,.F.);
#1491=ORIENTED_EDGE('',*,*,#1132,.F.);
#1492=ORIENTED_EDGE('',*,*,#1137,.T.);
#1493=ORIENTED_EDGE('',*,*,#1138,.T.);
#1494=ORIENTED_EDGE('',*,*,#1139,.F.);
#1495=ORIENTED_EDGE('',*,*,#1140,.F.);
#1496=ORIENTED_EDGE('',*,*,#1141,.T.);
#1497=ORIENTED_EDGE('',*,*,#1140,.T.);
#1498=ORIENTED_EDGE('',*,*,#1142,.F.);
#1499=ORIENTED_EDGE('',*,*,#1143,.F.);
#1500=ORIENTED_EDGE('',*,*,#1144,.T.);
#1501=ORIENTED_EDGE('',*,*,#1143,.T.);
#1502=ORIENTED_EDGE('',*,*,#1145,.F.);
#1503=ORIENTED_EDGE('',*,*,#1146,.F.);
#1504=ORIENTED_EDGE('',*,*,#1147,.T.);
#1505=ORIENTED_EDGE('',*,*,#1146,.T.);
#1506=ORIENTED_EDGE('',*,*,#1148,.F.);
#1507=ORIENTED_EDGE('',*,*,#1138,.F.);
#1508=ORIENTED_EDGE('',*,*,#1148,.T.);
#1509=ORIENTED_EDGE('',*,*,#1145,.T.);
#1510=ORIENTED_EDGE('',*,*,#1142,.T.);
#1511=ORIENTED_EDGE('',*,*,#1139,.T.);
#1512=ORIENTED_EDGE('',*,*,#1065,.T.);
#1513=ORIENTED_EDGE('',*,*,#1075,.T.);
#1514=ORIENTED_EDGE('',*,*,#1072,.T.);
#1515=ORIENTED_EDGE('',*,*,#1069,.T.);
#1516=ORIENTED_EDGE('',*,*,#1077,.T.);
#1517=ORIENTED_EDGE('',*,*,#1087,.T.);
#1518=ORIENTED_EDGE('',*,*,#1084,.T.);
#1519=ORIENTED_EDGE('',*,*,#1081,.T.);
#1520=ORIENTED_EDGE('',*,*,#1089,.T.);
#1521=ORIENTED_EDGE('',*,*,#1099,.T.);
#1522=ORIENTED_EDGE('',*,*,#1096,.T.);
#1523=ORIENTED_EDGE('',*,*,#1093,.T.);
#1524=ORIENTED_EDGE('',*,*,#1101,.T.);
#1525=ORIENTED_EDGE('',*,*,#1111,.T.);
#1526=ORIENTED_EDGE('',*,*,#1108,.T.);
#1527=ORIENTED_EDGE('',*,*,#1105,.T.);
#1528=ORIENTED_EDGE('',*,*,#1136,.T.);
#1529=ORIENTED_EDGE('',*,*,#1134,.T.);
#1530=ORIENTED_EDGE('',*,*,#1130,.T.);
#1531=ORIENTED_EDGE('',*,*,#1133,.T.);
#1532=ORIENTED_EDGE('',*,*,#1147,.F.);
#1533=ORIENTED_EDGE('',*,*,#1137,.F.);
#1534=ORIENTED_EDGE('',*,*,#1141,.F.);
#1535=ORIENTED_EDGE('',*,*,#1144,.F.);
#1536=ORIENTED_EDGE('',*,*,#1005,.T.);
#1537=ORIENTED_EDGE('',*,*,#1039,.T.);
#1538=ORIENTED_EDGE('',*,*,#1036,.T.);
#1539=ORIENTED_EDGE('',*,*,#1033,.T.);
#1540=ORIENTED_EDGE('',*,*,#1030,.T.);
#1541=ORIENTED_EDGE('',*,*,#1027,.T.);
#1542=ORIENTED_EDGE('',*,*,#1024,.T.);
#1543=ORIENTED_EDGE('',*,*,#1021,.T.);
#1544=ORIENTED_EDGE('',*,*,#1018,.T.);
#1545=ORIENTED_EDGE('',*,*,#1015,.T.);
#1546=ORIENTED_EDGE('',*,*,#1012,.T.);
#1547=ORIENTED_EDGE('',*,*,#1009,.T.);
#1548=ORIENTED_EDGE('',*,*,#1041,.T.);
#1549=ORIENTED_EDGE('',*,*,#1051,.T.);
#1550=ORIENTED_EDGE('',*,*,#1048,.T.);
#1551=ORIENTED_EDGE('',*,*,#1045,.T.);
#1552=ORIENTED_EDGE('',*,*,#1053,.T.);
#1553=ORIENTED_EDGE('',*,*,#1063,.T.);
#1554=ORIENTED_EDGE('',*,*,#1060,.T.);
#1555=ORIENTED_EDGE('',*,*,#1057,.T.);
#1556=ORIENTED_EDGE('',*,*,#1123,.F.);
#1557=ORIENTED_EDGE('',*,*,#1113,.F.);
#1558=ORIENTED_EDGE('',*,*,#1117,.F.);
#1559=ORIENTED_EDGE('',*,*,#1120,.F.);
#1560=ORIENTED_EDGE('',*,*,#1149,.F.);
#1561=ORIENTED_EDGE('',*,*,#1150,.F.);
#1562=ORIENTED_EDGE('',*,*,#1151,.F.);
#1563=ORIENTED_EDGE('',*,*,#1152,.T.);
#1564=ORIENTED_EDGE('',*,*,#1153,.F.);
#1565=ORIENTED_EDGE('',*,*,#1152,.F.);
#1566=ORIENTED_EDGE('',*,*,#1154,.F.);
#1567=ORIENTED_EDGE('',*,*,#1155,.T.);
#1568=ORIENTED_EDGE('',*,*,#1156,.F.);
#1569=ORIENTED_EDGE('',*,*,#1155,.F.);
#1570=ORIENTED_EDGE('',*,*,#1157,.F.);
#1571=ORIENTED_EDGE('',*,*,#1158,.T.);
#1572=ORIENTED_EDGE('',*,*,#1159,.F.);
#1573=ORIENTED_EDGE('',*,*,#1158,.F.);
#1574=ORIENTED_EDGE('',*,*,#1160,.F.);
#1575=ORIENTED_EDGE('',*,*,#1150,.T.);
#1576=ORIENTED_EDGE('',*,*,#1161,.F.);
#1577=ORIENTED_EDGE('',*,*,#1162,.F.);
#1578=ORIENTED_EDGE('',*,*,#1163,.F.);
#1579=ORIENTED_EDGE('',*,*,#1164,.T.);
#1580=ORIENTED_EDGE('',*,*,#1165,.F.);
#1581=ORIENTED_EDGE('',*,*,#1164,.F.);
#1582=ORIENTED_EDGE('',*,*,#1166,.F.);
#1583=ORIENTED_EDGE('',*,*,#1167,.T.);
#1584=ORIENTED_EDGE('',*,*,#1168,.F.);
#1585=ORIENTED_EDGE('',*,*,#1167,.F.);
#1586=ORIENTED_EDGE('',*,*,#1169,.F.);
#1587=ORIENTED_EDGE('',*,*,#1170,.T.);
#1588=ORIENTED_EDGE('',*,*,#1171,.F.);
#1589=ORIENTED_EDGE('',*,*,#1170,.F.);
#1590=ORIENTED_EDGE('',*,*,#1172,.F.);
#1591=ORIENTED_EDGE('',*,*,#1162,.T.);
#1592=ORIENTED_EDGE('',*,*,#1173,.F.);
#1593=ORIENTED_EDGE('',*,*,#1174,.F.);
#1594=ORIENTED_EDGE('',*,*,#1175,.F.);
#1595=ORIENTED_EDGE('',*,*,#1176,.T.);
#1596=ORIENTED_EDGE('',*,*,#1177,.F.);
#1597=ORIENTED_EDGE('',*,*,#1176,.F.);
#1598=ORIENTED_EDGE('',*,*,#1178,.F.);
#1599=ORIENTED_EDGE('',*,*,#1179,.T.);
#1600=ORIENTED_EDGE('',*,*,#1180,.F.);
#1601=ORIENTED_EDGE('',*,*,#1179,.F.);
#1602=ORIENTED_EDGE('',*,*,#1181,.F.);
#1603=ORIENTED_EDGE('',*,*,#1182,.T.);
#1604=ORIENTED_EDGE('',*,*,#1183,.F.);
#1605=ORIENTED_EDGE('',*,*,#1182,.F.);
#1606=ORIENTED_EDGE('',*,*,#1184,.F.);
#1607=ORIENTED_EDGE('',*,*,#1174,.T.);
#1608=ORIENTED_EDGE('',*,*,#1185,.F.);
#1609=ORIENTED_EDGE('',*,*,#1186,.F.);
#1610=ORIENTED_EDGE('',*,*,#1187,.F.);
#1611=ORIENTED_EDGE('',*,*,#1188,.T.);
#1612=ORIENTED_EDGE('',*,*,#1189,.F.);
#1613=ORIENTED_EDGE('',*,*,#1188,.F.);
#1614=ORIENTED_EDGE('',*,*,#1190,.F.);
#1615=ORIENTED_EDGE('',*,*,#1191,.T.);
#1616=ORIENTED_EDGE('',*,*,#1192,.F.);
#1617=ORIENTED_EDGE('',*,*,#1191,.F.);
#1618=ORIENTED_EDGE('',*,*,#1193,.F.);
#1619=ORIENTED_EDGE('',*,*,#1194,.T.);
#1620=ORIENTED_EDGE('',*,*,#1195,.F.);
#1621=ORIENTED_EDGE('',*,*,#1194,.F.);
#1622=ORIENTED_EDGE('',*,*,#1196,.F.);
#1623=ORIENTED_EDGE('',*,*,#1186,.T.);
#1624=ORIENTED_EDGE('',*,*,#1197,.T.);
#1625=ORIENTED_EDGE('',*,*,#1198,.T.);
#1626=ORIENTED_EDGE('',*,*,#1199,.F.);
#1627=ORIENTED_EDGE('',*,*,#1200,.F.);
#1628=ORIENTED_EDGE('',*,*,#1201,.T.);
#1629=ORIENTED_EDGE('',*,*,#1200,.T.);
#1630=ORIENTED_EDGE('',*,*,#1202,.F.);
#1631=ORIENTED_EDGE('',*,*,#1203,.F.);
#1632=ORIENTED_EDGE('',*,*,#1204,.T.);
#1633=ORIENTED_EDGE('',*,*,#1203,.T.);
#1634=ORIENTED_EDGE('',*,*,#1205,.F.);
#1635=ORIENTED_EDGE('',*,*,#1206,.F.);
#1636=ORIENTED_EDGE('',*,*,#1207,.T.);
#1637=ORIENTED_EDGE('',*,*,#1206,.T.);
#1638=ORIENTED_EDGE('',*,*,#1208,.F.);
#1639=ORIENTED_EDGE('',*,*,#1198,.F.);
#1640=ORIENTED_EDGE('',*,*,#1209,.F.);
#1641=ORIENTED_EDGE('',*,*,#1210,.F.);
#1642=ORIENTED_EDGE('',*,*,#1211,.F.);
#1643=ORIENTED_EDGE('',*,*,#1212,.F.);
#1644=ORIENTED_EDGE('',*,*,#1157,.T.);
#1645=ORIENTED_EDGE('',*,*,#1154,.T.);
#1646=ORIENTED_EDGE('',*,*,#1151,.T.);
#1647=ORIENTED_EDGE('',*,*,#1160,.T.);
#1648=ORIENTED_EDGE('',*,*,#1169,.T.);
#1649=ORIENTED_EDGE('',*,*,#1166,.T.);
#1650=ORIENTED_EDGE('',*,*,#1163,.T.);
#1651=ORIENTED_EDGE('',*,*,#1172,.T.);
#1652=ORIENTED_EDGE('',*,*,#1181,.T.);
#1653=ORIENTED_EDGE('',*,*,#1178,.T.);
#1654=ORIENTED_EDGE('',*,*,#1175,.T.);
#1655=ORIENTED_EDGE('',*,*,#1184,.T.);
#1656=ORIENTED_EDGE('',*,*,#1193,.T.);
#1657=ORIENTED_EDGE('',*,*,#1190,.T.);
#1658=ORIENTED_EDGE('',*,*,#1187,.T.);
#1659=ORIENTED_EDGE('',*,*,#1196,.T.);
#1660=ORIENTED_EDGE('',*,*,#1208,.T.);
#1661=ORIENTED_EDGE('',*,*,#1205,.T.);
#1662=ORIENTED_EDGE('',*,*,#1202,.T.);
#1663=ORIENTED_EDGE('',*,*,#1199,.T.);
#1664=ORIENTED_EDGE('',*,*,#1211,.T.);
#1665=ORIENTED_EDGE('',*,*,#1213,.T.);
#1666=ORIENTED_EDGE('',*,*,#1214,.F.);
#1667=ORIENTED_EDGE('',*,*,#1215,.F.);
#1668=ORIENTED_EDGE('',*,*,#1210,.T.);
#1669=ORIENTED_EDGE('',*,*,#1216,.T.);
#1670=ORIENTED_EDGE('',*,*,#1217,.F.);
#1671=ORIENTED_EDGE('',*,*,#1213,.F.);
#1672=ORIENTED_EDGE('',*,*,#1212,.T.);
#1673=ORIENTED_EDGE('',*,*,#1215,.T.);
#1674=ORIENTED_EDGE('',*,*,#1218,.F.);
#1675=ORIENTED_EDGE('',*,*,#1219,.F.);
#1676=ORIENTED_EDGE('',*,*,#1209,.T.);
#1677=ORIENTED_EDGE('',*,*,#1219,.T.);
#1678=ORIENTED_EDGE('',*,*,#1220,.F.);
#1679=ORIENTED_EDGE('',*,*,#1216,.F.);
#1680=ORIENTED_EDGE('',*,*,#1221,.F.);
#1681=ORIENTED_EDGE('',*,*,#1222,.T.);
#1682=ORIENTED_EDGE('',*,*,#1223,.F.);
#1683=ORIENTED_EDGE('',*,*,#1224,.F.);
#1684=ORIENTED_EDGE('',*,*,#1225,.F.);
#1685=ORIENTED_EDGE('',*,*,#1224,.T.);
#1686=ORIENTED_EDGE('',*,*,#1226,.F.);
#1687=ORIENTED_EDGE('',*,*,#1227,.F.);
#1688=ORIENTED_EDGE('',*,*,#1228,.F.);
#1689=ORIENTED_EDGE('',*,*,#1227,.T.);
#1690=ORIENTED_EDGE('',*,*,#1229,.F.);
#1691=ORIENTED_EDGE('',*,*,#1230,.F.);
#1692=ORIENTED_EDGE('',*,*,#1231,.F.);
#1693=ORIENTED_EDGE('',*,*,#1230,.T.);
#1694=ORIENTED_EDGE('',*,*,#1232,.F.);
#1695=ORIENTED_EDGE('',*,*,#1222,.F.);
#1696=ORIENTED_EDGE('',*,*,#1232,.T.);
#1697=ORIENTED_EDGE('',*,*,#1229,.T.);
#1698=ORIENTED_EDGE('',*,*,#1226,.T.);
#1699=ORIENTED_EDGE('',*,*,#1223,.T.);
#1700=ORIENTED_EDGE('',*,*,#1220,.T.);
#1701=ORIENTED_EDGE('',*,*,#1218,.T.);
#1702=ORIENTED_EDGE('',*,*,#1214,.T.);
#1703=ORIENTED_EDGE('',*,*,#1217,.T.);
#1704=ORIENTED_EDGE('',*,*,#1231,.T.);
#1705=ORIENTED_EDGE('',*,*,#1221,.T.);
#1706=ORIENTED_EDGE('',*,*,#1225,.T.);
#1707=ORIENTED_EDGE('',*,*,#1228,.T.);
#1708=ORIENTED_EDGE('',*,*,#1156,.T.);
#1709=ORIENTED_EDGE('',*,*,#1159,.T.);
#1710=ORIENTED_EDGE('',*,*,#1149,.T.);
#1711=ORIENTED_EDGE('',*,*,#1153,.T.);
#1712=ORIENTED_EDGE('',*,*,#1168,.T.);
#1713=ORIENTED_EDGE('',*,*,#1171,.T.);
#1714=ORIENTED_EDGE('',*,*,#1161,.T.);
#1715=ORIENTED_EDGE('',*,*,#1165,.T.);
#1716=ORIENTED_EDGE('',*,*,#1180,.T.);
#1717=ORIENTED_EDGE('',*,*,#1183,.T.);
#1718=ORIENTED_EDGE('',*,*,#1173,.T.);
#1719=ORIENTED_EDGE('',*,*,#1177,.T.);
#1720=ORIENTED_EDGE('',*,*,#1192,.T.);
#1721=ORIENTED_EDGE('',*,*,#1195,.T.);
#1722=ORIENTED_EDGE('',*,*,#1185,.T.);
#1723=ORIENTED_EDGE('',*,*,#1189,.T.);
#1724=ORIENTED_EDGE('',*,*,#1207,.F.);
#1725=ORIENTED_EDGE('',*,*,#1197,.F.);
#1726=ORIENTED_EDGE('',*,*,#1201,.F.);
#1727=ORIENTED_EDGE('',*,*,#1204,.F.);
#1728=ORIENTED_EDGE('',*,*,#1233,.T.);
#1729=ORIENTED_EDGE('',*,*,#1234,.T.);
#1730=ORIENTED_EDGE('',*,*,#1235,.F.);
#1731=ORIENTED_EDGE('',*,*,#1236,.F.);
#1732=ORIENTED_EDGE('',*,*,#1237,.T.);
#1733=ORIENTED_EDGE('',*,*,#1236,.T.);
#1734=ORIENTED_EDGE('',*,*,#1238,.F.);
#1735=ORIENTED_EDGE('',*,*,#1239,.F.);
#1736=ORIENTED_EDGE('',*,*,#1240,.T.);
#1737=ORIENTED_EDGE('',*,*,#1239,.T.);
#1738=ORIENTED_EDGE('',*,*,#1241,.F.);
#1739=ORIENTED_EDGE('',*,*,#1242,.F.);
#1740=ORIENTED_EDGE('',*,*,#1243,.F.);
#1741=ORIENTED_EDGE('',*,*,#1242,.T.);
#1742=ORIENTED_EDGE('',*,*,#1244,.F.);
#1743=ORIENTED_EDGE('',*,*,#1245,.F.);
#1744=ORIENTED_EDGE('',*,*,#1246,.T.);
#1745=ORIENTED_EDGE('',*,*,#1245,.T.);
#1746=ORIENTED_EDGE('',*,*,#1247,.F.);
#1747=ORIENTED_EDGE('',*,*,#1234,.F.);
#1748=ORIENTED_EDGE('',*,*,#1247,.T.);
#1749=ORIENTED_EDGE('',*,*,#1244,.T.);
#1750=ORIENTED_EDGE('',*,*,#1241,.T.);
#1751=ORIENTED_EDGE('',*,*,#1238,.T.);
#1752=ORIENTED_EDGE('',*,*,#1235,.T.);
#1753=ORIENTED_EDGE('',*,*,#1246,.F.);
#1754=ORIENTED_EDGE('',*,*,#1233,.F.);
#1755=ORIENTED_EDGE('',*,*,#1237,.F.);
#1756=ORIENTED_EDGE('',*,*,#1240,.F.);
#1757=ORIENTED_EDGE('',*,*,#1243,.T.);
#1758=ORIENTED_EDGE('',*,*,#1248,.F.);
#1759=ORIENTED_EDGE('',*,*,#1249,.T.);
#1760=ORIENTED_EDGE('',*,*,#1250,.F.);
#1761=ORIENTED_EDGE('',*,*,#1251,.F.);
#1762=ORIENTED_EDGE('',*,*,#1252,.F.);
#1763=ORIENTED_EDGE('',*,*,#1251,.T.);
#1764=ORIENTED_EDGE('',*,*,#1253,.F.);
#1765=ORIENTED_EDGE('',*,*,#1254,.F.);
#1766=ORIENTED_EDGE('',*,*,#1255,.F.);
#1767=ORIENTED_EDGE('',*,*,#1254,.T.);
#1768=ORIENTED_EDGE('',*,*,#1256,.F.);
#1769=ORIENTED_EDGE('',*,*,#1257,.F.);
#1770=ORIENTED_EDGE('',*,*,#1258,.F.);
#1771=ORIENTED_EDGE('',*,*,#1257,.T.);
#1772=ORIENTED_EDGE('',*,*,#1259,.F.);
#1773=ORIENTED_EDGE('',*,*,#1249,.F.);
#1774=ORIENTED_EDGE('',*,*,#1259,.T.);
#1775=ORIENTED_EDGE('',*,*,#1256,.T.);
#1776=ORIENTED_EDGE('',*,*,#1253,.T.);
#1777=ORIENTED_EDGE('',*,*,#1250,.T.);
#1778=ORIENTED_EDGE('',*,*,#1258,.T.);
#1779=ORIENTED_EDGE('',*,*,#1248,.T.);
#1780=ORIENTED_EDGE('',*,*,#1252,.T.);
#1781=ORIENTED_EDGE('',*,*,#1255,.T.);
#1782=ORIENTED_EDGE('',*,*,#1260,.F.);
#1783=ORIENTED_EDGE('',*,*,#1261,.T.);
#1784=ORIENTED_EDGE('',*,*,#1262,.F.);
#1785=ORIENTED_EDGE('',*,*,#1263,.F.);
#1786=ORIENTED_EDGE('',*,*,#1264,.F.);
#1787=ORIENTED_EDGE('',*,*,#1263,.T.);
#1788=ORIENTED_EDGE('',*,*,#1265,.F.);
#1789=ORIENTED_EDGE('',*,*,#1266,.F.);
#1790=ORIENTED_EDGE('',*,*,#1267,.F.);
#1791=ORIENTED_EDGE('',*,*,#1266,.T.);
#1792=ORIENTED_EDGE('',*,*,#1268,.F.);
#1793=ORIENTED_EDGE('',*,*,#1269,.F.);
#1794=ORIENTED_EDGE('',*,*,#1270,.F.);
#1795=ORIENTED_EDGE('',*,*,#1269,.T.);
#1796=ORIENTED_EDGE('',*,*,#1271,.F.);
#1797=ORIENTED_EDGE('',*,*,#1261,.F.);
#1798=ORIENTED_EDGE('',*,*,#1271,.T.);
#1799=ORIENTED_EDGE('',*,*,#1268,.T.);
#1800=ORIENTED_EDGE('',*,*,#1265,.T.);
#1801=ORIENTED_EDGE('',*,*,#1262,.T.);
#1802=ORIENTED_EDGE('',*,*,#1270,.T.);
#1803=ORIENTED_EDGE('',*,*,#1260,.T.);
#1804=ORIENTED_EDGE('',*,*,#1264,.T.);
#1805=ORIENTED_EDGE('',*,*,#1267,.T.);
#1806=PLANE('',#2052);
#1807=PLANE('',#2053);
#1808=PLANE('',#2054);
#1809=PLANE('',#2055);
#1810=PLANE('',#2056);
#1811=PLANE('',#2057);
#1812=PLANE('',#2058);
#1813=PLANE('',#2059);
#1814=PLANE('',#2060);
#1815=PLANE('',#2061);
#1816=PLANE('',#2062);
#1817=PLANE('',#2063);
#1818=PLANE('',#2064);
#1819=PLANE('',#2065);
#1820=PLANE('',#2066);
#1821=PLANE('',#2067);
#1822=PLANE('',#2068);
#1823=PLANE('',#2069);
#1824=PLANE('',#2070);
#1825=PLANE('',#2071);
#1826=PLANE('',#2072);
#1827=PLANE('',#2073);
#1828=PLANE('',#2074);
#1829=PLANE('',#2075);
#1830=PLANE('',#2076);
#1831=PLANE('',#2077);
#1832=PLANE('',#2078);
#1833=PLANE('',#2079);
#1834=PLANE('',#2080);
#1835=PLANE('',#2081);
#1836=PLANE('',#2082);
#1837=PLANE('',#2083);
#1838=PLANE('',#2084);
#1839=PLANE('',#2085);
#1840=PLANE('',#2086);
#1841=PLANE('',#2087);
#1842=PLANE('',#2088);
#1843=PLANE('',#2089);
#1844=PLANE('',#2090);
#1845=PLANE('',#2091);
#1846=PLANE('',#2092);
#1847=PLANE('',#2093);
#1848=PLANE('',#2094);
#1849=PLANE('',#2095);
#1850=PLANE('',#2096);
#1851=PLANE('',#2097);
#1852=PLANE('',#2098);
#1853=PLANE('',#2099);
#1854=PLANE('',#2100);
#1855=PLANE('',#2101);
#1856=PLANE('',#2102);
#1857=PLANE('',#2103);
#1858=PLANE('',#2104);
#1859=PLANE('',#2105);
#1860=PLANE('',#2106);
#1861=PLANE('',#2107);
#1862=PLANE('',#2108);
#1863=PLANE('',#2109);
#1864=PLANE('',#2111);
#1865=PLANE('',#2112);
#1866=PLANE('',#2113);
#1867=PLANE('',#2114);
#1868=PLANE('',#2115);
#1869=PLANE('',#2116);
#1870=PLANE('',#2117);
#1871=PLANE('',#2118);
#1872=PLANE('',#2119);
#1873=PLANE('',#2120);
#1874=PLANE('',#2121);
#1875=PLANE('',#2122);
#1876=PLANE('',#2123);
#1877=PLANE('',#2124);
#1878=PLANE('',#2125);
#1879=PLANE('',#2126);
#1880=PLANE('',#2127);
#1881=PLANE('',#2128);
#1882=PLANE('',#2129);
#1883=PLANE('',#2130);
#1884=PLANE('',#2131);
#1885=PLANE('',#2132);
#1886=PLANE('',#2133);
#1887=PLANE('',#2134);
#1888=PLANE('',#2135);
#1889=PLANE('',#2136);
#1890=PLANE('',#2137);
#1891=PLANE('',#2138);
#1892=PLANE('',#2139);
#1893=PLANE('',#2140);
#1894=PLANE('',#2141);
#1895=PLANE('',#2142);
#1896=PLANE('',#2143);
#1897=PLANE('',#2144);
#1898=PLANE('',#2145);
#1899=PLANE('',#2146);
#1900=PLANE('',#2147);
#1901=PLANE('',#2148);
#1902=PLANE('',#2149);
#1903=PLANE('',#2150);
#1904=PLANE('',#2151);
#1905=PLANE('',#2152);
#1906=PLANE('',#2153);
#1907=PLANE('',#2154);
#1908=PLANE('',#2155);
#1909=PLANE('',#2156);
#1910=PLANE('',#2157);
#1911=PLANE('',#2158);
#1912=PLANE('',#2159);
#1913=PLANE('',#2160);
#1914=ADVANCED_FACE('',(#56),#1806,.F.);
#1915=ADVANCED_FACE('',(#57),#1807,.F.);
#1916=ADVANCED_FACE('',(#58),#1808,.F.);
#1917=ADVANCED_FACE('',(#59),#1809,.F.);
#1918=ADVANCED_FACE('',(#60),#1810,.F.);
#1919=ADVANCED_FACE('',(#61),#1811,.F.);
#1920=ADVANCED_FACE('',(#62),#1812,.F.);
#1921=ADVANCED_FACE('',(#63),#1813,.F.);
#1922=ADVANCED_FACE('',(#64),#1814,.F.);
#1923=ADVANCED_FACE('',(#65),#1815,.F.);
#1924=ADVANCED_FACE('',(#66),#1816,.F.);
#1925=ADVANCED_FACE('',(#67),#1817,.F.);
#1926=ADVANCED_FACE('',(#68),#1818,.F.);
#1927=ADVANCED_FACE('',(#69),#1819,.F.);
#1928=ADVANCED_FACE('',(#70),#1820,.F.);
#1929=ADVANCED_FACE('',(#71),#1821,.F.);
#1930=ADVANCED_FACE('',(#72),#1822,.F.);
#1931=ADVANCED_FACE('',(#73),#1823,.F.);
#1932=ADVANCED_FACE('',(#74),#1824,.F.);
#1933=ADVANCED_FACE('',(#75),#1825,.F.);
#1934=ADVANCED_FACE('',(#76),#1826,.F.);
#1935=ADVANCED_FACE('',(#77),#1827,.F.);
#1936=ADVANCED_FACE('',(#78),#1828,.F.);
#1937=ADVANCED_FACE('',(#79),#1829,.F.);
#1938=ADVANCED_FACE('',(#80),#1830,.F.);
#1939=ADVANCED_FACE('',(#81),#1831,.F.);
#1940=ADVANCED_FACE('',(#82),#1832,.F.);
#1941=ADVANCED_FACE('',(#83),#1833,.F.);
#1942=ADVANCED_FACE('',(#84),#1834,.F.);
#1943=ADVANCED_FACE('',(#85),#1835,.F.);
#1944=ADVANCED_FACE('',(#86),#1836,.F.);
#1945=ADVANCED_FACE('',(#87),#1837,.F.);
#1946=ADVANCED_FACE('',(#88),#1838,.F.);
#1947=ADVANCED_FACE('',(#89),#1839,.F.);
#1948=ADVANCED_FACE('',(#90),#1840,.F.);
#1949=ADVANCED_FACE('',(#91),#1841,.F.);
#1950=ADVANCED_FACE('',(#92),#1842,.F.);
#1951=ADVANCED_FACE('',(#93),#1843,.F.);
#1952=ADVANCED_FACE('',(#94),#1844,.F.);
#1953=ADVANCED_FACE('',(#95),#1845,.F.);
#1954=ADVANCED_FACE('',(#96),#1846,.F.);
#1955=ADVANCED_FACE('',(#97),#1847,.F.);
#1956=ADVANCED_FACE('',(#98),#1848,.F.);
#1957=ADVANCED_FACE('',(#99),#1849,.T.);
#1958=ADVANCED_FACE('',(#100),#1850,.T.);
#1959=ADVANCED_FACE('',(#101),#1851,.T.);
#1960=ADVANCED_FACE('',(#102),#1852,.T.);
#1961=ADVANCED_FACE('',(#103,#35),#1853,.T.);
#1962=ADVANCED_FACE('',(#104),#1854,.T.);
#1963=ADVANCED_FACE('',(#105),#1855,.T.);
#1964=ADVANCED_FACE('',(#106),#1856,.T.);
#1965=ADVANCED_FACE('',(#107),#1857,.T.);
#1966=ADVANCED_FACE('',(#108),#1858,.T.);
#1967=ADVANCED_FACE('',(#109),#1859,.T.);
#1968=ADVANCED_FACE('',(#110),#1860,.T.);
#1969=ADVANCED_FACE('',(#111),#1861,.T.);
#1970=ADVANCED_FACE('',(#112,#36,#37,#38,#39,#40),#1862,.T.);
#1971=ADVANCED_FACE('',(#113,#41,#42,#43,#44),#1863,.F.);
#1972=ADVANCED_FACE('',(#114),#1864,.F.);
#1973=ADVANCED_FACE('',(#115),#1865,.F.);
#1974=ADVANCED_FACE('',(#116),#1866,.F.);
#1975=ADVANCED_FACE('',(#117),#1867,.F.);
#1976=ADVANCED_FACE('',(#118),#1868,.F.);
#1977=ADVANCED_FACE('',(#119),#1869,.F.);
#1978=ADVANCED_FACE('',(#120),#1870,.F.);
#1979=ADVANCED_FACE('',(#121),#1871,.F.);
#1980=ADVANCED_FACE('',(#122),#1872,.F.);
#1981=ADVANCED_FACE('',(#123),#1873,.F.);
#1982=ADVANCED_FACE('',(#124),#1874,.F.);
#1983=ADVANCED_FACE('',(#125),#1875,.F.);
#1984=ADVANCED_FACE('',(#126),#1876,.F.);
#1985=ADVANCED_FACE('',(#127),#1877,.F.);
#1986=ADVANCED_FACE('',(#128),#1878,.F.);
#1987=ADVANCED_FACE('',(#129),#1879,.F.);
#1988=ADVANCED_FACE('',(#130),#1880,.T.);
#1989=ADVANCED_FACE('',(#131),#1881,.T.);
#1990=ADVANCED_FACE('',(#132),#1882,.T.);
#1991=ADVANCED_FACE('',(#133),#1883,.T.);
#1992=ADVANCED_FACE('',(#134,#45,#46,#47,#48,#49),#1884,.T.);
#1993=ADVANCED_FACE('',(#135),#1885,.T.);
#1994=ADVANCED_FACE('',(#136),#1886,.T.);
#1995=ADVANCED_FACE('',(#137),#1887,.T.);
#1996=ADVANCED_FACE('',(#138),#1888,.T.);
#1997=ADVANCED_FACE('',(#139),#1889,.T.);
#1998=ADVANCED_FACE('',(#140),#1890,.T.);
#1999=ADVANCED_FACE('',(#141),#1891,.T.);
#2000=ADVANCED_FACE('',(#142),#1892,.T.);
#2001=ADVANCED_FACE('',(#143,#50),#1893,.T.);
#2002=ADVANCED_FACE('',(#144,#51,#52,#53,#54,#55),#1894,.F.);
#2003=ADVANCED_FACE('',(#145),#1895,.T.);
#2004=ADVANCED_FACE('',(#146),#1896,.T.);
#2005=ADVANCED_FACE('',(#147),#1897,.T.);
#2006=ADVANCED_FACE('',(#148),#1898,.T.);
#2007=ADVANCED_FACE('',(#149),#1899,.T.);
#2008=ADVANCED_FACE('',(#150),#1900,.T.);
#2009=ADVANCED_FACE('',(#151),#1901,.F.);
#2010=ADVANCED_FACE('',(#152),#1902,.T.);
#2011=ADVANCED_FACE('',(#153),#1903,.T.);
#2012=ADVANCED_FACE('',(#154),#1904,.T.);
#2013=ADVANCED_FACE('',(#155),#1905,.T.);
#2014=ADVANCED_FACE('',(#156),#1906,.T.);
#2015=ADVANCED_FACE('',(#157),#1907,.F.);
#2016=ADVANCED_FACE('',(#158),#1908,.T.);
#2017=ADVANCED_FACE('',(#159),#1909,.T.);
#2018=ADVANCED_FACE('',(#160),#1910,.T.);
#2019=ADVANCED_FACE('',(#161),#1911,.T.);
#2020=ADVANCED_FACE('',(#162),#1912,.T.);
#2021=ADVANCED_FACE('',(#163),#1913,.F.);
#2022=CLOSED_SHELL('',(#1914,#1915,#1916,#1917,#1918,#1919,#1920,#1921,
#1922,#1923,#1924,#1925,#1926,#1927,#1928,#1929,#1930,#1931,#1932,#1933,
#1934,#1935,#1936,#1937,#1938,#1939,#1940,#1941,#1942,#1943,#1944,#1945,
#1946,#1947,#1948,#1949,#1950,#1951,#1952,#1953,#1954,#1955,#1956,#1957,
#1958,#1959,#1960,#1961,#1962,#1963,#1964,#1965,#1966,#1967,#1968,#1969,
#1970,#1971));
#2023=CLOSED_SHELL('',(#1972,#1973,#1974,#1975,#1976,#1977,#1978,#1979,
#1980,#1981,#1982,#1983,#1984,#1985,#1986,#1987,#1988,#1989,#1990,#1991,
#1992,#1993,#1994,#1995,#1996,#1997,#1998,#1999,#2000,#2001,#2002));
#2024=CLOSED_SHELL('',(#2003,#2004,#2005,#2006,#2007,#2008,#2009));
#2025=CLOSED_SHELL('',(#2010,#2011,#2012,#2013,#2014,#2015));
#2026=CLOSED_SHELL('',(#2016,#2017,#2018,#2019,#2020,#2021));
#2027=DERIVED_UNIT_ELEMENT(#2031,1.);
#2028=DERIVED_UNIT_ELEMENT(#3223,-3.);
#2029=DERIVED_UNIT_ELEMENT(#2031,1.);
#2030=DERIVED_UNIT_ELEMENT(#3223,-3.);
#2031=(
MASS_UNIT()
NAMED_UNIT(*)
SI_UNIT(.KILO.,.GRAM.)
);
#2032=DERIVED_UNIT((#2027,#2028));
#2033=DERIVED_UNIT((#2029,#2030));
#2034=MEASURE_REPRESENTATION_ITEM('density measure',
POSITIVE_RATIO_MEASURE(7850.),#2032);
#2035=MEASURE_REPRESENTATION_ITEM('density measure',
POSITIVE_RATIO_MEASURE(7850.),#2033);
#2036=PROPERTY_DEFINITION_REPRESENTATION(#2046,#2040);
#2037=PROPERTY_DEFINITION_REPRESENTATION(#2047,#2041);
#2038=PROPERTY_DEFINITION_REPRESENTATION(#2048,#2042);
#2039=PROPERTY_DEFINITION_REPRESENTATION(#2049,#2043);
#2040=REPRESENTATION('material name',(#2044),#3219);
#2041=REPRESENTATION('density',(#2034),#3219);
#2042=REPRESENTATION('material name',(#2045),#3220);
#2043=REPRESENTATION('density',(#2035),#3220);
#2044=DESCRIPTIVE_REPRESENTATION_ITEM('Steel','Steel');
#2045=DESCRIPTIVE_REPRESENTATION_ITEM('Steel','Steel');
#2046=PROPERTY_DEFINITION('material property','material name',#3239);
#2047=PROPERTY_DEFINITION('material property','density of part',#3239);
#2048=PROPERTY_DEFINITION('material property','material name',#3240);
#2049=PROPERTY_DEFINITION('material property','density of part',#3240);
#2050=AXIS2_PLACEMENT_3D('',#2656,#2163,#2164);
#2051=AXIS2_PLACEMENT_3D('',#2657,#2165,#2166);
#2052=AXIS2_PLACEMENT_3D('',#2658,#2167,#2168);
#2053=AXIS2_PLACEMENT_3D('',#2667,#2173,#2174);
#2054=AXIS2_PLACEMENT_3D('',#2673,#2178,#2179);
#2055=AXIS2_PLACEMENT_3D('',#2679,#2183,#2184);
#2056=AXIS2_PLACEMENT_3D('',#2685,#2188,#2189);
#2057=AXIS2_PLACEMENT_3D('',#2691,#2193,#2194);
#2058=AXIS2_PLACEMENT_3D('',#2697,#2198,#2199);
#2059=AXIS2_PLACEMENT_3D('',#2703,#2203,#2204);
#2060=AXIS2_PLACEMENT_3D('',#2709,#2208,#2209);
#2061=AXIS2_PLACEMENT_3D('',#2715,#2213,#2214);
#2062=AXIS2_PLACEMENT_3D('',#2721,#2218,#2219);
#2063=AXIS2_PLACEMENT_3D('',#2727,#2223,#2224);
#2064=AXIS2_PLACEMENT_3D('',#2730,#2227,#2228);
#2065=AXIS2_PLACEMENT_3D('',#2731,#2229,#2230);
#2066=AXIS2_PLACEMENT_3D('',#2740,#2235,#2236);
#2067=AXIS2_PLACEMENT_3D('',#2746,#2240,#2241);
#2068=AXIS2_PLACEMENT_3D('',#2752,#2245,#2246);
#2069=AXIS2_PLACEMENT_3D('',#2755,#2249,#2250);
#2070=AXIS2_PLACEMENT_3D('',#2756,#2251,#2252);
#2071=AXIS2_PLACEMENT_3D('',#2765,#2257,#2258);
#2072=AXIS2_PLACEMENT_3D('',#2771,#2262,#2263);
#2073=AXIS2_PLACEMENT_3D('',#2777,#2267,#2268);
#2074=AXIS2_PLACEMENT_3D('',#2780,#2271,#2272);
#2075=AXIS2_PLACEMENT_3D('',#2781,#2273,#2274);
#2076=AXIS2_PLACEMENT_3D('',#2790,#2279,#2280);
#2077=AXIS2_PLACEMENT_3D('',#2796,#2284,#2285);
#2078=AXIS2_PLACEMENT_3D('',#2802,#2289,#2290);
#2079=AXIS2_PLACEMENT_3D('',#2805,#2293,#2294);
#2080=AXIS2_PLACEMENT_3D('',#2806,#2295,#2296);
#2081=AXIS2_PLACEMENT_3D('',#2815,#2301,#2302);
#2082=AXIS2_PLACEMENT_3D('',#2821,#2306,#2307);
#2083=AXIS2_PLACEMENT_3D('',#2827,#2311,#2312);
#2084=AXIS2_PLACEMENT_3D('',#2830,#2315,#2316);
#2085=AXIS2_PLACEMENT_3D('',#2831,#2317,#2318);
#2086=AXIS2_PLACEMENT_3D('',#2840,#2323,#2324);
#2087=AXIS2_PLACEMENT_3D('',#2846,#2328,#2329);
#2088=AXIS2_PLACEMENT_3D('',#2852,#2333,#2334);
#2089=AXIS2_PLACEMENT_3D('',#2855,#2337,#2338);
#2090=AXIS2_PLACEMENT_3D('',#2856,#2339,#2340);
#2091=AXIS2_PLACEMENT_3D('',#2865,#2345,#2346);
#2092=AXIS2_PLACEMENT_3D('',#2871,#2350,#2351);
#2093=AXIS2_PLACEMENT_3D('',#2877,#2355,#2356);
#2094=AXIS2_PLACEMENT_3D('',#2880,#2359,#2360);
#2095=AXIS2_PLACEMENT_3D('',#2881,#2361,#2362);
#2096=AXIS2_PLACEMENT_3D('',#2890,#2367,#2368);
#2097=AXIS2_PLACEMENT_3D('',#2896,#2372,#2373);
#2098=AXIS2_PLACEMENT_3D('',#2902,#2377,#2378);
#2099=AXIS2_PLACEMENT_3D('',#2905,#2381,#2382);
#2100=AXIS2_PLACEMENT_3D('',#2914,#2387,#2388);
#2101=AXIS2_PLACEMENT_3D('',#2920,#2392,#2393);
#2102=AXIS2_PLACEMENT_3D('',#2924,#2396,#2397);
#2103=AXIS2_PLACEMENT_3D('',#2928,#2400,#2401);
#2104=AXIS2_PLACEMENT_3D('',#2930,#2403,#2404);
#2105=AXIS2_PLACEMENT_3D('',#2939,#2409,#2410);
#2106=AXIS2_PLACEMENT_3D('',#2945,#2414,#2415);
#2107=AXIS2_PLACEMENT_3D('',#2951,#2419,#2420);
#2108=AXIS2_PLACEMENT_3D('',#2954,#2423,#2424);
#2109=AXIS2_PLACEMENT_3D('',#2955,#2425,#2426);
#2110=AXIS2_PLACEMENT_3D('',#2956,#2427,#2428);
#2111=AXIS2_PLACEMENT_3D('',#2957,#2429,#2430);
#2112=AXIS2_PLACEMENT_3D('',#2966,#2435,#2436);
#2113=AXIS2_PLACEMENT_3D('',#2972,#2440,#2441);
#2114=AXIS2_PLACEMENT_3D('',#2978,#2445,#2446);
#2115=AXIS2_PLACEMENT_3D('',#2981,#2449,#2450);
#2116=AXIS2_PLACEMENT_3D('',#2990,#2455,#2456);
#2117=AXIS2_PLACEMENT_3D('',#2996,#2460,#2461);
#2118=AXIS2_PLACEMENT_3D('',#3002,#2465,#2466);
#2119=AXIS2_PLACEMENT_3D('',#3005,#2469,#2470);
#2120=AXIS2_PLACEMENT_3D('',#3014,#2475,#2476);
#2121=AXIS2_PLACEMENT_3D('',#3020,#2480,#2481);
#2122=AXIS2_PLACEMENT_3D('',#3026,#2485,#2486);
#2123=AXIS2_PLACEMENT_3D('',#3029,#2489,#2490);
#2124=AXIS2_PLACEMENT_3D('',#3038,#2495,#2496);
#2125=AXIS2_PLACEMENT_3D('',#3044,#2500,#2501);
#2126=AXIS2_PLACEMENT_3D('',#3050,#2505,#2506);
#2127=AXIS2_PLACEMENT_3D('',#3053,#2509,#2510);
#2128=AXIS2_PLACEMENT_3D('',#3062,#2515,#2516);
#2129=AXIS2_PLACEMENT_3D('',#3068,#2520,#2521);
#2130=AXIS2_PLACEMENT_3D('',#3074,#2525,#2526);
#2131=AXIS2_PLACEMENT_3D('',#3077,#2529,#2530);
#2132=AXIS2_PLACEMENT_3D('',#3086,#2535,#2536);
#2133=AXIS2_PLACEMENT_3D('',#3092,#2540,#2541);
#2134=AXIS2_PLACEMENT_3D('',#3096,#2544,#2545);
#2135=AXIS2_PLACEMENT_3D('',#3100,#2548,#2549);
#2136=AXIS2_PLACEMENT_3D('',#3102,#2551,#2552);
#2137=AXIS2_PLACEMENT_3D('',#3111,#2557,#2558);
#2138=AXIS2_PLACEMENT_3D('',#3117,#2562,#2563);
#2139=AXIS2_PLACEMENT_3D('',#3123,#2567,#2568);
#2140=AXIS2_PLACEMENT_3D('',#3126,#2571,#2572);
#2141=AXIS2_PLACEMENT_3D('',#3127,#2573,#2574);
#2142=AXIS2_PLACEMENT_3D('',#3128,#2575,#2576);
#2143=AXIS2_PLACEMENT_3D('',#3137,#2581,#2582);
#2144=AXIS2_PLACEMENT_3D('',#3143,#2586,#2587);
#2145=AXIS2_PLACEMENT_3D('',#3149,#2591,#2592);
#2146=AXIS2_PLACEMENT_3D('',#3155,#2596,#2597);
#2147=AXIS2_PLACEMENT_3D('',#3158,#2600,#2601);
#2148=AXIS2_PLACEMENT_3D('',#3159,#2602,#2603);
#2149=AXIS2_PLACEMENT_3D('',#3160,#2604,#2605);
#2150=AXIS2_PLACEMENT_3D('',#3169,#2610,#2611);
#2151=AXIS2_PLACEMENT_3D('',#3175,#2615,#2616);
#2152=AXIS2_PLACEMENT_3D('',#3181,#2620,#2621);
#2153=AXIS2_PLACEMENT_3D('',#3184,#2624,#2625);
#2154=AXIS2_PLACEMENT_3D('',#3185,#2626,#2627);
#2155=AXIS2_PLACEMENT_3D('',#3186,#2628,#2629);
#2156=AXIS2_PLACEMENT_3D('',#3195,#2634,#2635);
#2157=AXIS2_PLACEMENT_3D('',#3201,#2639,#2640);
#2158=AXIS2_PLACEMENT_3D('',#3207,#2644,#2645);
#2159=AXIS2_PLACEMENT_3D('',#3210,#2648,#2649);
#2160=AXIS2_PLACEMENT_3D('',#3211,#2650,#2651);
#2161=AXIS2_PLACEMENT_3D('',#3212,#2652,#2653);
#2162=AXIS2_PLACEMENT_3D('',#3213,#2654,#2655);
#2163=DIRECTION('axis',(0.,0.,1.));
#2164=DIRECTION('refdir',(1.,0.,0.));
#2165=DIRECTION('axis',(0.,0.,1.));
#2166=DIRECTION('refdir',(1.,0.,0.));
#2167=DIRECTION('center_axis',(1.,0.,0.));
#2168=DIRECTION('ref_axis',(0.,0.,1.));
#2169=DIRECTION('',(0.,-2.55930555001768E-31,1.));
#2170=DIRECTION('',(0.,-1.,0.));
#2171=DIRECTION('',(0.,0.,1.));
#2172=DIRECTION('',(0.,-1.,0.));
#2173=DIRECTION('center_axis',(0.,0.,-1.));
#2174=DIRECTION('ref_axis',(1.,0.,0.));
#2175=DIRECTION('',(1.,-1.22464679914735E-16,0.));
#2176=DIRECTION('',(0.,-1.,0.));
#2177=DIRECTION('',(1.,0.,0.));
#2178=DIRECTION('center_axis',(1.,0.,0.));
#2179=DIRECTION('ref_axis',(0.,0.,1.));
#2180=DIRECTION('',(0.,-2.55930555001768E-31,1.));
#2181=DIRECTION('',(0.,-1.,0.));
#2182=DIRECTION('',(0.,0.,1.));
#2183=DIRECTION('center_axis',(-7.105427357601E-15,0.,-1.));
#2184=DIRECTION('ref_axis',(1.,0.,-7.105427357601E-15));
#2185=DIRECTION('',(1.,-1.22464679914735E-16,-7.105427357601E-15));
#2186=DIRECTION('',(0.,-1.,0.));
#2187=DIRECTION('',(1.,0.,-7.105427357601E-15));
#2188=DIRECTION('center_axis',(-1.,0.,0.));
#2189=DIRECTION('ref_axis',(0.,0.,-1.));
#2190=DIRECTION('',(0.,2.55930555001768E-31,-1.));
#2191=DIRECTION('',(0.,-1.,0.));
#2192=DIRECTION('',(0.,0.,-1.));
#2193=DIRECTION('center_axis',(0.,0.,-1.));
#2194=DIRECTION('ref_axis',(1.,0.,0.));
#2195=DIRECTION('',(1.,-1.22464679914735E-16,0.));
#2196=DIRECTION('',(0.,-1.,0.));
#2197=DIRECTION('',(1.,0.,0.));
#2198=DIRECTION('center_axis',(-1.,0.,0.));
#2199=DIRECTION('ref_axis',(0.,0.,-1.));
#2200=DIRECTION('',(0.,2.55930555001768E-31,-1.));
#2201=DIRECTION('',(0.,-1.,0.));
#2202=DIRECTION('',(0.,0.,-1.));
#2203=DIRECTION('center_axis',(0.,0.,1.));
#2204=DIRECTION('ref_axis',(-1.,0.,0.));
#2205=DIRECTION('',(-1.,1.22464679914735E-16,0.));
#2206=DIRECTION('',(0.,-1.,0.));
#2207=DIRECTION('',(-1.,0.,0.));
#2208=DIRECTION('center_axis',(-1.,0.,0.));
#2209=DIRECTION('ref_axis',(0.,0.,-1.));
#2210=DIRECTION('',(0.,2.55930555001768E-31,-1.));
#2211=DIRECTION('',(0.,-1.,0.));
#2212=DIRECTION('',(0.,0.,-1.));
#2213=DIRECTION('center_axis',(8.07434927000098E-16,0.,1.));
#2214=DIRECTION('ref_axis',(-1.,0.,8.07434927000098E-16));
#2215=DIRECTION('',(-1.,1.22464679914735E-16,8.07434927000098E-16));
#2216=DIRECTION('',(0.,-1.,0.));
#2217=DIRECTION('',(-1.,0.,8.07434927000098E-16));
#2218=DIRECTION('center_axis',(1.,0.,0.));
#2219=DIRECTION('ref_axis',(0.,0.,1.));
#2220=DIRECTION('',(0.,-2.55930555001768E-31,1.));
#2221=DIRECTION('',(0.,-1.,0.));
#2222=DIRECTION('',(0.,0.,1.));
#2223=DIRECTION('center_axis',(0.,0.,1.));
#2224=DIRECTION('ref_axis',(-1.,0.,0.));
#2225=DIRECTION('',(-1.,1.22464679914735E-16,0.));
#2226=DIRECTION('',(-1.,0.,0.));
#2227=DIRECTION('center_axis',(0.,-1.,0.));
#2228=DIRECTION('ref_axis',(0.,0.,-1.));
#2229=DIRECTION('center_axis',(-1.,0.,3.54827833088689E-15));
#2230=DIRECTION('ref_axis',(-3.54827833088689E-15,0.,-1.));
#2231=DIRECTION('',(-3.54827833088689E-15,6.90469325042222E-31,-1.));
#2232=DIRECTION('',(0.,-1.,0.));
#2233=DIRECTION('',(-3.54827833088689E-15,0.,-1.));
#2234=DIRECTION('',(0.,-1.,0.));
#2235=DIRECTION('center_axis',(7.105427357601E-15,0.,1.));
#2236=DIRECTION('ref_axis',(-1.,0.,7.105427357601E-15));
#2237=DIRECTION('',(-1.,1.22464679914735E-16,7.105427357601E-15));
#2238=DIRECTION('',(0.,-1.,0.));
#2239=DIRECTION('',(-1.,0.,7.105427357601E-15));
#2240=DIRECTION('center_axis',(1.,0.,-3.54827833088689E-15));
#2241=DIRECTION('ref_axis',(3.54827833088689E-15,0.,1.));
#2242=DIRECTION('',(3.54827833088689E-15,-6.90469325042222E-31,1.));
#2243=DIRECTION('',(0.,-1.,0.));
#2244=DIRECTION('',(3.54827833088689E-15,0.,1.));
#2245=DIRECTION('center_axis',(7.105427357601E-15,0.,-1.));
#2246=DIRECTION('ref_axis',(1.,0.,7.105427357601E-15));
#2247=DIRECTION('',(1.,-1.22464679914735E-16,7.105427357601E-15));
#2248=DIRECTION('',(1.,0.,7.105427357601E-15));
#2249=DIRECTION('center_axis',(0.,-1.,0.));
#2250=DIRECTION('ref_axis',(0.,0.,-1.));
#2251=DIRECTION('center_axis',(-1.,0.,0.));
#2252=DIRECTION('ref_axis',(0.,0.,-1.));
#2253=DIRECTION('',(0.,2.55930555001768E-31,-1.));
#2254=DIRECTION('',(0.,-1.,0.));
#2255=DIRECTION('',(0.,0.,-1.));
#2256=DIRECTION('',(0.,-1.,0.));
#2257=DIRECTION('center_axis',(0.,0.,1.));
#2258=DIRECTION('ref_axis',(-1.,0.,0.));
#2259=DIRECTION('',(-1.,1.22464679914735E-16,0.));
#2260=DIRECTION('',(0.,-1.,0.));
#2261=DIRECTION('',(-1.,0.,0.));
#2262=DIRECTION('center_axis',(1.,0.,0.));
#2263=DIRECTION('ref_axis',(0.,0.,1.));
#2264=DIRECTION('',(0.,-2.55930555001768E-31,1.));
#2265=DIRECTION('',(0.,-1.,0.));
#2266=DIRECTION('',(0.,0.,1.));
#2267=DIRECTION('center_axis',(0.,0.,-1.));
#2268=DIRECTION('ref_axis',(1.,0.,0.));
#2269=DIRECTION('',(1.,-1.22464679914735E-16,0.));
#2270=DIRECTION('',(1.,0.,0.));
#2271=DIRECTION('center_axis',(0.,-1.,0.));
#2272=DIRECTION('ref_axis',(0.,0.,-1.));
#2273=DIRECTION('center_axis',(4.17966315153E-15,-2.55930555001768E-31,
-1.));
#2274=DIRECTION('ref_axis',(-1.,1.22464679914735E-16,-4.17966315153E-15));
#2275=DIRECTION('',(-1.,1.22464679914735E-16,-4.17966315153E-15));
#2276=DIRECTION('',(1.22464679914735E-16,1.,2.55930555001768E-31));
#2277=DIRECTION('',(-1.,1.22464679914735E-16,-4.17966315153E-15));
#2278=DIRECTION('',(1.22464679914735E-16,1.,2.55930555001768E-31));
#2279=DIRECTION('center_axis',(1.,-1.22464679914735E-16,4.17966315153E-15));
#2280=DIRECTION('ref_axis',(4.17966315153E-15,-2.55930555001768E-31,-1.));
#2281=DIRECTION('',(4.17966315153E-15,-2.55930555001768E-31,-1.));
#2282=DIRECTION('',(1.22464679914735E-16,1.,2.55930555001768E-31));
#2283=DIRECTION('',(4.17966315153E-15,-2.55930555001768E-31,-1.));
#2284=DIRECTION('center_axis',(-4.17966315153E-15,2.55930555001768E-31,
1.));
#2285=DIRECTION('ref_axis',(1.,-1.22464679914735E-16,4.17966315153E-15));
#2286=DIRECTION('',(1.,-1.22464679914735E-16,4.17966315153E-15));
#2287=DIRECTION('',(1.22464679914735E-16,1.,2.55930555001768E-31));
#2288=DIRECTION('',(1.,-1.22464679914735E-16,4.17966315153E-15));
#2289=DIRECTION('center_axis',(-1.,1.22464679914735E-16,1.29006910734725E-14));
#2290=DIRECTION('ref_axis',(1.29006910734725E-14,-1.83580955799346E-30,
1.));
#2291=DIRECTION('',(1.29006910734725E-14,-1.83580955799346E-30,1.));
#2292=DIRECTION('',(1.29006910734725E-14,-1.83580955799346E-30,1.));
#2293=DIRECTION('center_axis',(1.22464679914735E-16,1.,2.55930555001768E-31));
#2294=DIRECTION('ref_axis',(4.17966315153E-15,-2.55930555001768E-31,-1.));
#2295=DIRECTION('center_axis',(1.,-1.22464679914735E-16,7.5957339965305E-15));
#2296=DIRECTION('ref_axis',(7.5957339965305E-15,-6.74278577600813E-31,-1.));
#2297=DIRECTION('',(7.5957339965305E-15,-6.74278577600813E-31,-1.));
#2298=DIRECTION('',(1.22464679914735E-16,1.,2.55930555001768E-31));
#2299=DIRECTION('',(7.5957339965305E-15,-6.74278577600813E-31,-1.));
#2300=DIRECTION('',(1.22464679914735E-16,1.,2.55930555001768E-31));
#2301=DIRECTION('center_axis',(-4.17966315153E-15,2.55930555001768E-31,
1.));
#2302=DIRECTION('ref_axis',(1.,-1.22464679914735E-16,4.17966315153E-15));
#2303=DIRECTION('',(1.,-1.22464679914735E-16,4.17966315153E-15));
#2304=DIRECTION('',(1.22464679914735E-16,1.,2.55930555001768E-31));
#2305=DIRECTION('',(1.,-1.22464679914735E-16,4.17966315153E-15));
#2306=DIRECTION('center_axis',(-1.,1.22464679914735E-16,-2.12600173765325E-14));
#2307=DIRECTION('ref_axis',(-2.12600173765325E-14,2.34767066799699E-30,
1.));
#2308=DIRECTION('',(-2.12600173765325E-14,2.34767066799699E-30,1.));
#2309=DIRECTION('',(1.22464679914735E-16,1.,2.55930555001768E-31));
#2310=DIRECTION('',(-2.12600173765325E-14,2.34767066799699E-30,1.));
#2311=DIRECTION('center_axis',(4.17966315153E-15,-2.55930555001768E-31,
-1.));
#2312=DIRECTION('ref_axis',(-1.,1.22464679914735E-16,-4.17966315153E-15));
#2313=DIRECTION('',(-1.,1.22464679914735E-16,-4.17966315153E-15));
#2314=DIRECTION('',(-1.,1.22464679914735E-16,-4.17966315153E-15));
#2315=DIRECTION('center_axis',(1.22464679914735E-16,1.,2.55930555001768E-31));
#2316=DIRECTION('ref_axis',(4.17966315153E-15,-2.55930555001768E-31,-1.));
#2317=DIRECTION('center_axis',(4.17966315153E-15,-2.55930555001768E-31,
-1.));
#2318=DIRECTION('ref_axis',(-1.,1.22464679914735E-16,-4.17966315153E-15));
#2319=DIRECTION('',(-1.,1.22464679914735E-16,-4.17966315153E-15));
#2320=DIRECTION('',(1.22464679914735E-16,1.,2.55930555001768E-31));
#2321=DIRECTION('',(-1.,1.22464679914735E-16,-4.17966315153E-15));
#2322=DIRECTION('',(1.22464679914735E-16,1.,2.55930555001768E-31));
#2323=DIRECTION('center_axis',(1.,-1.22464679914735E-16,2.12600173765325E-14));
#2324=DIRECTION('ref_axis',(2.12600173765325E-14,-2.34767066799699E-30,
-1.));
#2325=DIRECTION('',(2.12600173765325E-14,-2.34767066799699E-30,-1.));
#2326=DIRECTION('',(1.22464679914735E-16,1.,2.55930555001768E-31));
#2327=DIRECTION('',(2.12600173765325E-14,-2.34767066799699E-30,-1.));
#2328=DIRECTION('center_axis',(-4.17966315153E-15,2.55930555001768E-31,
1.));
#2329=DIRECTION('ref_axis',(1.,-1.22464679914735E-16,4.17966315153E-15));
#2330=DIRECTION('',(1.,-1.22464679914735E-16,4.17966315153E-15));
#2331=DIRECTION('',(1.22464679914735E-16,1.,2.55930555001768E-31));
#2332=DIRECTION('',(1.,-1.22464679914735E-16,4.17966315153E-15));
#2333=DIRECTION('center_axis',(-1.,1.22464679914735E-16,-4.17966315153E-15));
#2334=DIRECTION('ref_axis',(-4.17966315153E-15,2.55930555001768E-31,1.));
#2335=DIRECTION('',(-4.17966315153E-15,2.55930555001768E-31,1.));
#2336=DIRECTION('',(-4.17966315153E-15,2.55930555001768E-31,1.));
#2337=DIRECTION('center_axis',(1.22464679914735E-16,1.,2.55930555001768E-31));
#2338=DIRECTION('ref_axis',(4.17966315153E-15,-2.55930555001768E-31,-1.));
#2339=DIRECTION('center_axis',(1.,-1.22464679914735E-16,-1.29006910734725E-14));
#2340=DIRECTION('ref_axis',(-1.29006910734725E-14,1.83580955799346E-30,
-1.));
#2341=DIRECTION('',(-1.29006910734725E-14,1.83580955799346E-30,-1.));
#2342=DIRECTION('',(1.22464679914735E-16,1.,2.55930555001768E-31));
#2343=DIRECTION('',(-1.29006910734725E-14,1.83580955799346E-30,-1.));
#2344=DIRECTION('',(1.22464679914735E-16,1.,2.55930555001768E-31));
#2345=DIRECTION('center_axis',(-1.1011804841531E-14,1.09262660019986E-30,
1.));
#2346=DIRECTION('ref_axis',(1.,-1.22464679914735E-16,1.1011804841531E-14));
#2347=DIRECTION('',(1.,-1.22464679914735E-16,1.1011804841531E-14));
#2348=DIRECTION('',(1.22464679914735E-16,1.,2.55930555001768E-31));
#2349=DIRECTION('',(1.,-1.22464679914735E-16,1.1011804841531E-14));
#2350=DIRECTION('center_axis',(-1.,1.22464679914735E-16,-7.5957339965305E-15));
#2351=DIRECTION('ref_axis',(-7.5957339965305E-15,6.74278577600813E-31,1.));
#2352=DIRECTION('',(-7.5957339965305E-15,6.74278577600813E-31,1.));
#2353=DIRECTION('',(1.22464679914735E-16,1.,2.55930555001768E-31));
#2354=DIRECTION('',(-7.5957339965305E-15,6.74278577600813E-31,1.));
#2355=DIRECTION('center_axis',(1.10118048415311E-14,-1.09262660019987E-30,
-1.));
#2356=DIRECTION('ref_axis',(-1.,1.22464679914735E-16,-1.10118048415311E-14));
#2357=DIRECTION('',(-1.,1.22464679914735E-16,-1.10118048415311E-14));
#2358=DIRECTION('',(-1.,1.22464679914735E-16,-1.10118048415311E-14));
#2359=DIRECTION('center_axis',(1.22464679914735E-16,1.,2.55930555001768E-31));
#2360=DIRECTION('ref_axis',(4.17966315153E-15,-2.55930555001768E-31,-1.));
#2361=DIRECTION('center_axis',(-3.99840224955038E-15,2.33732496659778E-31,
1.));
#2362=DIRECTION('ref_axis',(-1.,1.22464679914735E-16,-3.99840224955038E-15));
#2363=DIRECTION('',(-1.,1.22464679914735E-16,-3.99840224955038E-15));
#2364=DIRECTION('',(-1.22464679914735E-16,-1.,-2.55930555001768E-31));
#2365=DIRECTION('',(-1.,1.22464679914735E-16,-3.99840224955038E-15));
#2366=DIRECTION('',(-1.22464679914735E-16,-1.,-2.55930555001768E-31));
#2367=DIRECTION('center_axis',(-1.,1.22464679914735E-16,-4.17966315153E-15));
#2368=DIRECTION('ref_axis',(4.17966315153E-15,-2.55930555001768E-31,-1.));
#2369=DIRECTION('',(4.17966315153E-15,-2.55930555001768E-31,-1.));
#2370=DIRECTION('',(4.17966315153E-15,-2.55930555001768E-31,-1.));
#2371=DIRECTION('',(-1.22464679914735E-16,-1.,-2.55930555001768E-31));
#2372=DIRECTION('center_axis',(4.08903270054019E-15,-2.44831525830773E-31,
-1.));
#2373=DIRECTION('ref_axis',(1.,-1.22464679914735E-16,4.08903270054019E-15));
#2374=DIRECTION('',(1.,-1.22464679914735E-16,4.08903270054019E-15));
#2375=DIRECTION('',(1.,-1.22464679914735E-16,4.08903270054019E-15));
#2376=DIRECTION('',(-1.22464679914735E-16,-1.,-2.55930555001768E-31));
#2377=DIRECTION('center_axis',(1.,-1.22464679914735E-16,4.29968726230029E-15));
#2378=DIRECTION('ref_axis',(-4.29968726230029E-15,2.70629269309302E-31,
1.));
#2379=DIRECTION('',(-4.29968726230029E-15,2.70629269309302E-31,1.));
#2380=DIRECTION('',(-4.29968726230029E-15,2.70629269309302E-31,1.));
#2381=DIRECTION('center_axis',(-1.22464679914735E-16,-1.,-2.55930555001768E-31));
#2382=DIRECTION('ref_axis',(-4.17966315153E-15,2.55930555001768E-31,1.));
#2383=DIRECTION('',(-1.,1.22464679914735E-16,-3.8313578889025E-15));
#2384=DIRECTION('',(-1.73236038517362E-14,2.37746015567432E-30,-1.));
#2385=DIRECTION('',(1.,-1.22464679914735E-16,3.39597631061815E-15));
#2386=DIRECTION('',(-3.71220082537204E-15,1.98682930856635E-31,1.));
#2387=DIRECTION('center_axis',(3.39597631061815E-15,-1.59956596876108E-31,
-1.));
#2388=DIRECTION('ref_axis',(1.,-1.22464679914735E-16,3.39597631061815E-15));
#2389=DIRECTION('',(-1.22464679914735E-16,-1.,-2.55930555001768E-31));
#2390=DIRECTION('',(1.,-1.22464679914735E-16,3.39597631061815E-15));
#2391=DIRECTION('',(-1.22464679914735E-16,-1.,-2.55930555001768E-31));
#2392=DIRECTION('center_axis',(-1.,1.22464679914735E-16,1.73236038517362E-14));
#2393=DIRECTION('ref_axis',(-1.73236038517362E-14,2.37746015567432E-30,
-1.));
#2394=DIRECTION('',(-1.22464679914735E-16,-1.,-2.55930555001768E-31));
#2395=DIRECTION('',(-1.73236038517362E-14,2.37746015567432E-30,-1.));
#2396=DIRECTION('center_axis',(1.,-1.22464679914735E-16,3.71220082537204E-15));
#2397=DIRECTION('ref_axis',(-3.71220082537204E-15,1.98682930856635E-31,
1.));
#2398=DIRECTION('',(-3.71220082537204E-15,1.98682930856635E-31,1.));
#2399=DIRECTION('',(-1.22464679914735E-16,-1.,-2.55930555001768E-31));
#2400=DIRECTION('center_axis',(-3.8313578889025E-15,2.13275462501473E-31,
1.));
#2401=DIRECTION('ref_axis',(-1.,1.22464679914735E-16,-3.8313578889025E-15));
#2402=DIRECTION('',(-1.,1.22464679914735E-16,-3.8313578889025E-15));
#2403=DIRECTION('center_axis',(-1.,1.22464679914735E-16,-2.40330631212975E-15));
#2404=DIRECTION('ref_axis',(2.40330631212975E-15,-3.83895832502652E-32,
-1.));
#2405=DIRECTION('',(2.40330631212975E-15,-3.83895832502652E-32,-1.));
#2406=DIRECTION('',(-1.22464679914735E-16,-1.,-2.55930555001768E-31));
#2407=DIRECTION('',(2.40330631212975E-15,-3.83895832502652E-32,-1.));
#2408=DIRECTION('',(-1.22464679914735E-16,-1.,-2.55930555001768E-31));
#2409=DIRECTION('center_axis',(-2.84739552197982E-15,9.27748261881414E-32,
1.));
#2410=DIRECTION('ref_axis',(-1.,1.22464679914735E-16,-2.84739552197982E-15));
#2411=DIRECTION('',(-1.,1.22464679914735E-16,-2.84739552197982E-15));
#2412=DIRECTION('',(-1.,1.22464679914735E-16,-2.84739552197982E-15));
#2413=DIRECTION('',(-1.22464679914735E-16,-1.,-2.55930555001768E-31));
#2414=DIRECTION('center_axis',(1.,-1.22464679914735E-16,2.03758578637087E-15));
#2415=DIRECTION('ref_axis',(-2.03758578637087E-15,-6.39826387504417E-33,
1.));
#2416=DIRECTION('',(-2.03758578637087E-15,-6.39826387504417E-33,1.));
#2417=DIRECTION('',(-2.03758578637087E-15,-6.39826387504417E-33,1.));
#2418=DIRECTION('',(-1.22464679914735E-16,-1.,-2.55930555001768E-31));
#2419=DIRECTION('center_axis',(3.14345499521319E-15,-1.29031654813392E-31,
-1.));
#2420=DIRECTION('ref_axis',(1.,-1.22464679914735E-16,3.14345499521319E-15));
#2421=DIRECTION('',(1.,-1.22464679914735E-16,3.14345499521319E-15));
#2422=DIRECTION('',(1.,-1.22464679914735E-16,3.14345499521319E-15));
#2423=DIRECTION('center_axis',(-1.22464679914735E-16,-1.,-2.55930555001768E-31));
#2424=DIRECTION('ref_axis',(-4.17966315153E-15,2.55930555001768E-31,1.));
#2425=DIRECTION('center_axis',(-1.22464679914735E-16,-1.,-2.55930555001768E-31));
#2426=DIRECTION('ref_axis',(-1.,1.22464679914735E-16,-4.17966315153E-15));
#2427=DIRECTION('axis',(0.,0.,1.));
#2428=DIRECTION('refdir',(1.,0.,0.));
#2429=DIRECTION('center_axis',(1.,0.,4.48592583926202E-15));
#2430=DIRECTION('ref_axis',(-4.48592583926202E-15,0.,1.));
#2431=DIRECTION('',(4.48592583926202E-15,0.,-1.));
#2432=DIRECTION('',(0.,-1.,0.));
#2433=DIRECTION('',(-4.48592583926202E-15,0.,1.));
#2434=DIRECTION('',(0.,-1.,0.));
#2435=DIRECTION('center_axis',(7.9019966842625E-15,0.,-1.));
#2436=DIRECTION('ref_axis',(1.,0.,7.9019966842625E-15));
#2437=DIRECTION('',(-1.,0.,-7.9019966842625E-15));
#2438=DIRECTION('',(1.,0.,7.9019966842625E-15));
#2439=DIRECTION('',(0.,-1.,0.));
#2440=DIRECTION('center_axis',(-1.,0.,-4.48592583926202E-15));
#2441=DIRECTION('ref_axis',(4.48592583926202E-15,0.,-1.));
#2442=DIRECTION('',(-4.48592583926202E-15,0.,1.));
#2443=DIRECTION('',(4.48592583926202E-15,0.,-1.));
#2444=DIRECTION('',(0.,-1.,0.));
#2445=DIRECTION('center_axis',(-7.9019966842625E-15,0.,1.));
#2446=DIRECTION('ref_axis',(-1.,0.,-7.9019966842625E-15));
#2447=DIRECTION('',(1.,0.,7.9019966842625E-15));
#2448=DIRECTION('',(-1.,0.,-7.9019966842625E-15));
#2449=DIRECTION('center_axis',(-1.,0.,2.34621585073896E-15));
#2450=DIRECTION('ref_axis',(-2.34621585073896E-15,0.,-1.));
#2451=DIRECTION('',(2.34621585073896E-15,0.,1.));
#2452=DIRECTION('',(0.,-1.,0.));
#2453=DIRECTION('',(-2.34621585073896E-15,0.,-1.));
#2454=DIRECTION('',(0.,-1.,0.));
#2455=DIRECTION('center_axis',(2.34621585073895E-15,0.,1.));
#2456=DIRECTION('ref_axis',(-1.,0.,2.34621585073895E-15));
#2457=DIRECTION('',(1.,0.,-2.34621585073895E-15));
#2458=DIRECTION('',(-1.,0.,2.34621585073895E-15));
#2459=DIRECTION('',(0.,-1.,0.));
#2460=DIRECTION('center_axis',(1.,0.,-2.34621585073896E-15));
#2461=DIRECTION('ref_axis',(2.34621585073896E-15,0.,1.));
#2462=DIRECTION('',(-2.34621585073896E-15,0.,-1.));
#2463=DIRECTION('',(2.34621585073896E-15,0.,1.));
#2464=DIRECTION('',(0.,-1.,0.));
#2465=DIRECTION('center_axis',(-2.34621585073895E-15,0.,-1.));
#2466=DIRECTION('ref_axis',(1.,0.,-2.34621585073895E-15));
#2467=DIRECTION('',(-1.,0.,2.34621585073895E-15));
#2468=DIRECTION('',(1.,0.,-2.34621585073895E-15));
#2469=DIRECTION('center_axis',(1.,0.,-7.47032211823968E-15));
#2470=DIRECTION('ref_axis',(7.47032211823968E-15,0.,1.));
#2471=DIRECTION('',(-7.47032211823968E-15,0.,-1.));
#2472=DIRECTION('',(0.,-1.,0.));
#2473=DIRECTION('',(7.47032211823968E-15,0.,1.));
#2474=DIRECTION('',(0.,-1.,0.));
#2475=DIRECTION('center_axis',(1.06985499426153E-15,0.,-1.));
#2476=DIRECTION('ref_axis',(1.,0.,1.06985499426153E-15));
#2477=DIRECTION('',(-1.,0.,-1.06985499426153E-15));
#2478=DIRECTION('',(1.,0.,1.06985499426153E-15));
#2479=DIRECTION('',(0.,-1.,0.));
#2480=DIRECTION('center_axis',(-1.,0.,-1.06985499426153E-15));
#2481=DIRECTION('ref_axis',(1.06985499426153E-15,0.,-1.));
#2482=DIRECTION('',(-1.06985499426153E-15,0.,1.));
#2483=DIRECTION('',(1.06985499426153E-15,0.,-1.));
#2484=DIRECTION('',(0.,-1.,0.));
#2485=DIRECTION('center_axis',(-1.06985499426153E-15,0.,1.));
#2486=DIRECTION('ref_axis',(-1.,0.,-1.06985499426153E-15));
#2487=DIRECTION('',(1.,0.,1.06985499426153E-15));
#2488=DIRECTION('',(-1.,0.,-1.06985499426153E-15));
#2489=DIRECTION('center_axis',(-1.06985499426153E-15,0.,1.));
#2490=DIRECTION('ref_axis',(-1.,0.,-1.06985499426153E-15));
#2491=DIRECTION('',(1.,0.,1.06985499426153E-15));
#2492=DIRECTION('',(0.,-1.,0.));
#2493=DIRECTION('',(-1.,0.,-1.06985499426153E-15));
#2494=DIRECTION('',(0.,-1.,0.));
#2495=DIRECTION('center_axis',(1.,0.,2.15837283011413E-16));
#2496=DIRECTION('ref_axis',(-2.15837283011413E-16,0.,1.));
#2497=DIRECTION('',(2.15837283011413E-16,0.,-1.));
#2498=DIRECTION('',(-2.15837283011413E-16,0.,1.));
#2499=DIRECTION('',(0.,-1.,0.));
#2500=DIRECTION('center_axis',(1.06985499426153E-15,0.,-1.));
#2501=DIRECTION('ref_axis',(1.,0.,1.06985499426153E-15));
#2502=DIRECTION('',(-1.,0.,-1.06985499426153E-15));
#2503=DIRECTION('',(1.,0.,1.06985499426153E-15));
#2504=DIRECTION('',(0.,-1.,0.));
#2505=DIRECTION('center_axis',(-1.,0.,-1.06985499426153E-15));
#2506=DIRECTION('ref_axis',(1.06985499426153E-15,0.,-1.));
#2507=DIRECTION('',(-1.06985499426153E-15,0.,1.));
#2508=DIRECTION('',(1.06985499426153E-15,0.,-1.));
#2509=DIRECTION('center_axis',(-1.,0.,0.));
#2510=DIRECTION('ref_axis',(0.,0.,1.));
#2511=DIRECTION('',(0.,0.,1.));
#2512=DIRECTION('',(0.,1.,0.));
#2513=DIRECTION('',(0.,0.,1.));
#2514=DIRECTION('',(0.,1.,0.));
#2515=DIRECTION('center_axis',(0.,0.,1.));
#2516=DIRECTION('ref_axis',(1.,0.,0.));
#2517=DIRECTION('',(1.,0.,0.));
#2518=DIRECTION('',(1.,0.,0.));
#2519=DIRECTION('',(0.,1.,0.));
#2520=DIRECTION('center_axis',(1.,0.,0.));
#2521=DIRECTION('ref_axis',(0.,0.,-1.));
#2522=DIRECTION('',(0.,0.,-1.));
#2523=DIRECTION('',(0.,0.,-1.));
#2524=DIRECTION('',(0.,1.,0.));
#2525=DIRECTION('center_axis',(0.,0.,-1.));
#2526=DIRECTION('ref_axis',(-1.,0.,0.));
#2527=DIRECTION('',(-1.,0.,0.));
#2528=DIRECTION('',(-1.,0.,0.));
#2529=DIRECTION('center_axis',(0.,1.,0.));
#2530=DIRECTION('ref_axis',(0.,0.,1.));
#2531=DIRECTION('',(0.,0.,-1.));
#2532=DIRECTION('',(-1.,0.,0.));
#2533=DIRECTION('',(0.,0.,1.));
#2534=DIRECTION('',(1.,0.,0.));
#2535=DIRECTION('center_axis',(-1.,0.,0.));
#2536=DIRECTION('ref_axis',(0.,0.,1.));
#2537=DIRECTION('',(0.,1.,0.));
#2538=DIRECTION('',(0.,0.,1.));
#2539=DIRECTION('',(0.,1.,0.));
#2540=DIRECTION('center_axis',(0.,0.,-1.));
#2541=DIRECTION('ref_axis',(-1.,0.,0.));
#2542=DIRECTION('',(0.,1.,0.));
#2543=DIRECTION('',(-1.,0.,0.));
#2544=DIRECTION('center_axis',(0.,0.,1.));
#2545=DIRECTION('ref_axis',(1.,0.,0.));
#2546=DIRECTION('',(1.,0.,0.));
#2547=DIRECTION('',(0.,1.,0.));
#2548=DIRECTION('center_axis',(1.,0.,0.));
#2549=DIRECTION('ref_axis',(0.,0.,-1.));
#2550=DIRECTION('',(0.,0.,-1.));
#2551=DIRECTION('center_axis',(1.,0.,0.));
#2552=DIRECTION('ref_axis',(0.,0.,-1.));
#2553=DIRECTION('',(0.,0.,1.));
#2554=DIRECTION('',(0.,1.,0.));
#2555=DIRECTION('',(0.,0.,-1.));
#2556=DIRECTION('',(0.,1.,0.));
#2557=DIRECTION('center_axis',(0.,0.,1.));
#2558=DIRECTION('ref_axis',(1.,0.,0.));
#2559=DIRECTION('',(-1.,0.,0.));
#2560=DIRECTION('',(1.,0.,0.));
#2561=DIRECTION('',(0.,1.,0.));
#2562=DIRECTION('center_axis',(-1.,0.,0.));
#2563=DIRECTION('ref_axis',(0.,0.,1.));
#2564=DIRECTION('',(0.,0.,-1.));
#2565=DIRECTION('',(0.,0.,1.));
#2566=DIRECTION('',(0.,1.,0.));
#2567=DIRECTION('center_axis',(0.,0.,-1.));
#2568=DIRECTION('ref_axis',(-1.,0.,0.));
#2569=DIRECTION('',(1.,0.,0.));
#2570=DIRECTION('',(-1.,0.,0.));
#2571=DIRECTION('center_axis',(0.,1.,0.));
#2572=DIRECTION('ref_axis',(0.,0.,1.));
#2573=DIRECTION('center_axis',(0.,1.,0.));
#2574=DIRECTION('ref_axis',(1.,0.,0.));
#2575=DIRECTION('center_axis',(0.,0.,1.));
#2576=DIRECTION('ref_axis',(1.,0.,0.));
#2577=DIRECTION('',(1.,0.,0.));
#2578=DIRECTION('',(0.,1.,0.));
#2579=DIRECTION('',(1.,0.,0.));
#2580=DIRECTION('',(0.,1.,0.));
#2581=DIRECTION('center_axis',(-1.,0.,0.));
#2582=DIRECTION('ref_axis',(0.,0.,1.));
#2583=DIRECTION('',(0.,0.,1.));
#2584=DIRECTION('',(0.,0.,1.));
#2585=DIRECTION('',(0.,1.,0.));
#2586=DIRECTION('center_axis',(0.,0.,-1.));
#2587=DIRECTION('ref_axis',(-1.,0.,0.));
#2588=DIRECTION('',(-1.,0.,0.));
#2589=DIRECTION('',(-1.,0.,0.));
#2590=DIRECTION('',(0.,1.,0.));
#2591=DIRECTION('center_axis',(0.573576436351046,0.,-0.819152044288992));
#2592=DIRECTION('ref_axis',(-0.819152044288992,0.,-0.573576436351046));
#2593=DIRECTION('',(0.819152044288992,0.,0.573576436351046));
#2594=DIRECTION('',(-0.819152044288992,0.,-0.573576436351046));
#2595=DIRECTION('',(0.,1.,0.));
#2596=DIRECTION('center_axis',(0.342020143325669,0.,0.939692620785908));
#2597=DIRECTION('ref_axis',(0.939692620785908,0.,-0.342020143325669));
#2598=DIRECTION('',(0.939692620785908,0.,-0.342020143325669));
#2599=DIRECTION('',(0.939692620785908,0.,-0.342020143325669));
#2600=DIRECTION('center_axis',(0.,1.,0.));
#2601=DIRECTION('ref_axis',(0.,0.,1.));
#2602=DIRECTION('center_axis',(0.,1.,0.));
#2603=DIRECTION('ref_axis',(1.,0.,0.));
#2604=DIRECTION('center_axis',(-1.,0.,0.));
#2605=DIRECTION('ref_axis',(0.,0.,1.));
#2606=DIRECTION('',(0.,0.,-1.));
#2607=DIRECTION('',(0.,1.,0.));
#2608=DIRECTION('',(0.,0.,1.));
#2609=DIRECTION('',(0.,1.,0.));
#2610=DIRECTION('center_axis',(0.,0.,-1.));
#2611=DIRECTION('ref_axis',(-1.,0.,0.));
#2612=DIRECTION('',(1.,0.,0.));
#2613=DIRECTION('',(-1.,0.,0.));
#2614=DIRECTION('',(0.,1.,0.));
#2615=DIRECTION('center_axis',(1.,0.,0.));
#2616=DIRECTION('ref_axis',(0.,0.,-1.));
#2617=DIRECTION('',(0.,0.,1.));
#2618=DIRECTION('',(0.,0.,-1.));
#2619=DIRECTION('',(0.,1.,0.));
#2620=DIRECTION('center_axis',(0.,0.,1.));
#2621=DIRECTION('ref_axis',(1.,0.,0.));
#2622=DIRECTION('',(-1.,0.,0.));
#2623=DIRECTION('',(1.,0.,0.));
#2624=DIRECTION('center_axis',(0.,1.,0.));
#2625=DIRECTION('ref_axis',(0.,0.,1.));
#2626=DIRECTION('center_axis',(0.,1.,0.));
#2627=DIRECTION('ref_axis',(1.,0.,0.));
#2628=DIRECTION('center_axis',(2.22044604925031E-16,1.,0.));
#2629=DIRECTION('ref_axis',(0.,0.,1.));
#2630=DIRECTION('',(0.,0.,-1.));
#2631=DIRECTION('',(1.,-2.22044604925031E-16,0.));
#2632=DIRECTION('',(0.,0.,1.));
#2633=DIRECTION('',(1.,-2.22044604925031E-16,0.));
#2634=DIRECTION('center_axis',(0.,0.,-1.));
#2635=DIRECTION('ref_axis',(2.22044604925031E-16,1.,0.));
#2636=DIRECTION('',(-2.22044604925031E-16,-1.,0.));
#2637=DIRECTION('',(2.22044604925031E-16,1.,0.));
#2638=DIRECTION('',(1.,-2.22044604925031E-16,0.));
#2639=DIRECTION('center_axis',(-2.22044604925031E-16,-1.,0.));
#2640=DIRECTION('ref_axis',(0.,0.,-1.));
#2641=DIRECTION('',(0.,0.,1.));
#2642=DIRECTION('',(0.,0.,-1.));
#2643=DIRECTION('',(1.,-2.22044604925031E-16,0.));
#2644=DIRECTION('center_axis',(0.,0.,1.));
#2645=DIRECTION('ref_axis',(-2.22044604925031E-16,-1.,0.));
#2646=DIRECTION('',(2.22044604925031E-16,1.,0.));
#2647=DIRECTION('',(-2.22044604925031E-16,-1.,0.));
#2648=DIRECTION('center_axis',(1.,-2.22044604925031E-16,0.));
#2649=DIRECTION('ref_axis',(0.,0.,1.));
#2650=DIRECTION('center_axis',(1.,-2.22044604925031E-16,0.));
#2651=DIRECTION('ref_axis',(-2.22044604925031E-16,-1.,0.));
#2652=DIRECTION('',(0.,0.,1.));
#2653=DIRECTION('',(1.,0.,0.));
#2654=DIRECTION('',(1.60276204608161E-15,0.,-1.));
#2655=DIRECTION('',(1.,0.,1.60276204608161E-15));
#2656=CARTESIAN_POINT('',(0.,0.,0.));
#2657=CARTESIAN_POINT('',(0.,0.,0.));
#2658=CARTESIAN_POINT('Origin',(-61.5000000000002,20.,-80.7499999999991));
#2659=CARTESIAN_POINT('',(-61.5000000000002,20.,-80.7499999999991));
#2660=CARTESIAN_POINT('',(-61.5000000000002,20.,-78.2499999999991));
#2661=CARTESIAN_POINT('',(-61.5000000000002,20.,-40.3749999999995));
#2662=CARTESIAN_POINT('',(-61.5000000000002,14.9,-80.7499999999991));
#2663=CARTESIAN_POINT('',(-61.5000000000002,20.,-80.7499999999991));
#2664=CARTESIAN_POINT('',(-61.5000000000002,14.9,-78.2499999999991));
#2665=CARTESIAN_POINT('',(-61.5000000000002,14.9,-78.2499999999991));
#2666=CARTESIAN_POINT('',(-61.5000000000002,20.,-78.2499999999991));
#2667=CARTESIAN_POINT('Origin',(-64.2500000000001,20.,-80.7499999999991));
#2668=CARTESIAN_POINT('',(-64.2500000000001,20.,-80.7499999999991));
#2669=CARTESIAN_POINT('',(-92.1250000000002,20.,-80.7499999999991));
#2670=CARTESIAN_POINT('',(-64.2500000000001,14.9,-80.7499999999991));
#2671=CARTESIAN_POINT('',(-64.2500000000001,20.,-80.7499999999991));
#2672=CARTESIAN_POINT('',(-61.5000000000002,14.9,-80.7499999999991));
#2673=CARTESIAN_POINT('Origin',(-64.2500000000001,20.,-83.4999999999998));
#2674=CARTESIAN_POINT('',(-64.2500000000001,20.,-83.4999999999998));
#2675=CARTESIAN_POINT('',(-64.2500000000001,20.,-41.7499999999998));
#2676=CARTESIAN_POINT('',(-64.2500000000001,14.9,-83.4999999999998));
#2677=CARTESIAN_POINT('',(-64.2500000000001,20.,-83.4999999999998));
#2678=CARTESIAN_POINT('',(-64.2500000000001,14.9,-83.4999999999998));
#2679=CARTESIAN_POINT('Origin',(-66.7500000000001,20.,-83.4999999999997));
#2680=CARTESIAN_POINT('',(-66.7500000000001,20.,-83.4999999999997));
#2681=CARTESIAN_POINT('',(-93.3750000000005,20.,-83.4999999999995));
#2682=CARTESIAN_POINT('',(-66.7500000000001,14.9,-83.4999999999997));
#2683=CARTESIAN_POINT('',(-66.7500000000001,20.,-83.4999999999997));
#2684=CARTESIAN_POINT('',(-66.7500000000001,14.9,-83.4999999999997));
#2685=CARTESIAN_POINT('Origin',(-66.7500000000001,20.,-80.7499999999991));
#2686=CARTESIAN_POINT('',(-66.7500000000001,20.,-80.7499999999991));
#2687=CARTESIAN_POINT('',(-66.7500000000001,20.,-40.3749999999995));
#2688=CARTESIAN_POINT('',(-66.7500000000001,14.9,-80.7499999999991));
#2689=CARTESIAN_POINT('',(-66.7500000000001,20.,-80.7499999999991));
#2690=CARTESIAN_POINT('',(-66.7500000000001,14.9,-3.39999999999977));
#2691=CARTESIAN_POINT('Origin',(-141.6,20.,-80.7499999999991));
#2692=CARTESIAN_POINT('',(-141.6,20.,-80.7499999999991));
#2693=CARTESIAN_POINT('',(-130.8,20.,-80.7499999999991));
#2694=CARTESIAN_POINT('',(-141.6,14.9,-80.7499999999991));
#2695=CARTESIAN_POINT('',(-141.6,20.,-80.7499999999991));
#2696=CARTESIAN_POINT('',(-61.5000000000002,14.9,-80.7499999999991));
#2697=CARTESIAN_POINT('Origin',(-141.6,20.,-78.2499999999991));
#2698=CARTESIAN_POINT('',(-141.6,20.,-78.2499999999991));
#2699=CARTESIAN_POINT('',(-141.6,20.,-39.1249999999995));
#2700=CARTESIAN_POINT('',(-141.6,14.9,-78.2499999999991));
#2701=CARTESIAN_POINT('',(-141.6,20.,-78.2499999999991));
#2702=CARTESIAN_POINT('',(-141.6,14.9,-80.7499999999991));
#2703=CARTESIAN_POINT('Origin',(-66.7500000000001,20.,-78.2499999999991));
#2704=CARTESIAN_POINT('',(-66.7500000000001,20.,-78.2499999999991));
#2705=CARTESIAN_POINT('',(-93.3750000000002,20.,-78.2499999999991));
#2706=CARTESIAN_POINT('',(-66.7500000000001,14.9,-78.2499999999991));
#2707=CARTESIAN_POINT('',(-66.7500000000001,20.,-78.2499999999991));
#2708=CARTESIAN_POINT('',(-141.6,14.9,-78.2499999999991));
#2709=CARTESIAN_POINT('Origin',(-66.7500000000001,20.,-3.39999999999978));
#2710=CARTESIAN_POINT('',(-66.7500000000001,20.,-3.39999999999978));
#2711=CARTESIAN_POINT('',(-66.7500000000001,20.,-1.69999999999983));
#2712=CARTESIAN_POINT('',(-66.7500000000001,14.9,-3.39999999999978));
#2713=CARTESIAN_POINT('',(-66.7500000000001,20.,-3.39999999999978));
#2714=CARTESIAN_POINT('',(-66.7500000000001,14.9,-3.39999999999977));
#2715=CARTESIAN_POINT('Origin',(-64.2500000000001,20.,-3.39999999999978));
#2716=CARTESIAN_POINT('',(-64.2500000000001,20.,-3.39999999999978));
#2717=CARTESIAN_POINT('',(-92.1250000000002,20.,-3.39999999999976));
#2718=CARTESIAN_POINT('',(-64.2500000000001,14.9,-3.39999999999978));
#2719=CARTESIAN_POINT('',(-64.2500000000001,20.,-3.39999999999978));
#2720=CARTESIAN_POINT('',(-60.,14.9,-3.39999999999978));
#2721=CARTESIAN_POINT('Origin',(-64.2500000000001,20.,-78.2499999999991));
#2722=CARTESIAN_POINT('',(-64.2500000000001,20.,-78.2499999999991));
#2723=CARTESIAN_POINT('',(-64.2500000000001,20.,-39.1249999999995));
#2724=CARTESIAN_POINT('',(-64.2500000000001,14.9,-78.2499999999991));
#2725=CARTESIAN_POINT('',(-64.2500000000001,20.,-78.2499999999991));
#2726=CARTESIAN_POINT('',(-64.2500000000001,14.9,-83.4999999999998));
#2727=CARTESIAN_POINT('Origin',(-61.5000000000002,20.,-78.2499999999991));
#2728=CARTESIAN_POINT('',(-90.7500000000002,20.,-78.2499999999991));
#2729=CARTESIAN_POINT('',(-141.6,14.9,-78.2499999999991));
#2730=CARTESIAN_POINT('Origin',(-101.55,14.9,-43.4499999999998));
#2731=CARTESIAN_POINT('Origin',(-175.750000000001,20.,-3.3999999999995));
#2732=CARTESIAN_POINT('',(-175.750000000001,20.,-3.3999999999995));
#2733=CARTESIAN_POINT('',(-175.750000000002,20.,-83.4999999999995));
#2734=CARTESIAN_POINT('',(-175.750000000001,20.,-1.69999999999959));
#2735=CARTESIAN_POINT('',(-175.750000000001,14.9,-3.3999999999995));
#2736=CARTESIAN_POINT('',(-175.750000000001,20.,-3.3999999999995));
#2737=CARTESIAN_POINT('',(-175.750000000002,14.9,-83.4999999999995));
#2738=CARTESIAN_POINT('',(-175.750000000002,14.9,-83.4999999999995));
#2739=CARTESIAN_POINT('',(-175.750000000002,20.,-83.4999999999995));
#2740=CARTESIAN_POINT('Origin',(-173.250000000001,20.,-3.39999999999952));
#2741=CARTESIAN_POINT('',(-173.250000000001,20.,-3.39999999999952));
#2742=CARTESIAN_POINT('',(-146.625000000001,20.,-3.39999999999971));
#2743=CARTESIAN_POINT('',(-173.250000000001,14.9,-3.39999999999952));
#2744=CARTESIAN_POINT('',(-173.250000000001,20.,-3.39999999999952));
#2745=CARTESIAN_POINT('',(-175.750000000001,14.9,-3.3999999999995));
#2746=CARTESIAN_POINT('Origin',(-173.250000000002,20.,-83.4999999999995));
#2747=CARTESIAN_POINT('',(-173.250000000002,20.,-83.4999999999995));
#2748=CARTESIAN_POINT('',(-173.250000000001,20.,-41.7499999999996));
#2749=CARTESIAN_POINT('',(-173.250000000002,14.9,-83.4999999999995));
#2750=CARTESIAN_POINT('',(-173.250000000002,20.,-83.4999999999995));
#2751=CARTESIAN_POINT('',(-173.250000000001,14.9,-3.39999999999952));
#2752=CARTESIAN_POINT('Origin',(-175.750000000002,20.,-83.4999999999995));
#2753=CARTESIAN_POINT('',(-147.875000000001,20.,-83.4999999999993));
#2754=CARTESIAN_POINT('',(-173.250000000002,14.9,-83.4999999999995));
#2755=CARTESIAN_POINT('Origin',(-174.500000000001,14.9,-43.4499999999995));
#2756=CARTESIAN_POINT('Origin',(-141.6,20.,80.7499999999997));
#2757=CARTESIAN_POINT('',(-141.6,20.,80.7499999999997));
#2758=CARTESIAN_POINT('',(-141.6,20.,78.2499999999997));
#2759=CARTESIAN_POINT('',(-141.6,20.,40.3749999999999));
#2760=CARTESIAN_POINT('',(-141.6,14.9,80.7499999999997));
#2761=CARTESIAN_POINT('',(-141.6,20.,80.7499999999997));
#2762=CARTESIAN_POINT('',(-141.6,14.9,78.2499999999997));
#2763=CARTESIAN_POINT('',(-141.6,14.9,80.7499999999997));
#2764=CARTESIAN_POINT('',(-141.6,20.,78.2499999999997));
#2765=CARTESIAN_POINT('Origin',(-61.5000000000002,20.,80.7499999999997));
#2766=CARTESIAN_POINT('',(-61.5000000000002,20.,80.7499999999997));
#2767=CARTESIAN_POINT('',(-90.7500000000002,20.,80.7499999999997));
#2768=CARTESIAN_POINT('',(-61.5000000000002,14.9,80.7499999999997));
#2769=CARTESIAN_POINT('',(-61.5000000000002,20.,80.7499999999997));
#2770=CARTESIAN_POINT('',(-61.5000000000002,14.9,80.7499999999997));
#2771=CARTESIAN_POINT('Origin',(-61.5000000000002,20.,78.2499999999997));
#2772=CARTESIAN_POINT('',(-61.5000000000002,20.,78.2499999999997));
#2773=CARTESIAN_POINT('',(-61.5000000000002,20.,39.1249999999999));
#2774=CARTESIAN_POINT('',(-61.5000000000002,14.9,78.2499999999997));
#2775=CARTESIAN_POINT('',(-61.5000000000002,20.,78.2499999999997));
#2776=CARTESIAN_POINT('',(-61.5000000000002,14.9,78.2499999999997));
#2777=CARTESIAN_POINT('Origin',(-141.6,20.,78.2499999999997));
#2778=CARTESIAN_POINT('',(-130.8,20.,78.2499999999997));
#2779=CARTESIAN_POINT('',(-141.6,14.9,78.2499999999997));
#2780=CARTESIAN_POINT('Origin',(-101.55,14.9,79.4999999999997));
#2781=CARTESIAN_POINT('Origin',(-172.899999999998,10.,-83.1000000000037));
#2782=CARTESIAN_POINT('',(-172.899999999998,10.,-83.1000000000037));
#2783=CARTESIAN_POINT('',(-178.099999999998,10.,-83.1000000000037));
#2784=CARTESIAN_POINT('',(-146.449999999999,10.,-83.1000000000036));
#2785=CARTESIAN_POINT('',(-172.899999999998,14.1,-83.1000000000037));
#2786=CARTESIAN_POINT('',(-172.899999999998,10.,-83.1000000000037));
#2787=CARTESIAN_POINT('',(-178.099999999998,14.1,-83.1000000000037));
#2788=CARTESIAN_POINT('',(-172.899999999998,14.1,-83.1000000000037));
#2789=CARTESIAN_POINT('',(-178.099999999998,10.,-83.1000000000037));
#2790=CARTESIAN_POINT('Origin',(-172.899999999998,10.,-77.9000000000037));
#2791=CARTESIAN_POINT('',(-172.899999999998,10.,-77.9000000000037));
#2792=CARTESIAN_POINT('',(-172.899999999998,10.,-38.9500000000019));
#2793=CARTESIAN_POINT('',(-172.899999999998,14.1,-77.9000000000037));
#2794=CARTESIAN_POINT('',(-172.899999999998,10.,-77.9000000000037));
#2795=CARTESIAN_POINT('',(-172.899999999998,14.1,-77.9000000000037));
#2796=CARTESIAN_POINT('Origin',(-178.099999999998,10.,-77.9000000000038));
#2797=CARTESIAN_POINT('',(-178.099999999998,10.,-77.9000000000038));
#2798=CARTESIAN_POINT('',(-149.049999999999,10.,-77.9000000000036));
#2799=CARTESIAN_POINT('',(-178.099999999998,14.1,-77.9000000000038));
#2800=CARTESIAN_POINT('',(-178.099999999998,10.,-77.9000000000038));
#2801=CARTESIAN_POINT('',(-178.099999999998,14.1,-77.9000000000038));
#2802=CARTESIAN_POINT('Origin',(-178.099999999998,10.,-83.1000000000037));
#2803=CARTESIAN_POINT('',(-178.099999999997,10.,-41.5500000000014));
#2804=CARTESIAN_POINT('',(-178.099999999998,14.1,-83.1000000000037));
#2805=CARTESIAN_POINT('Origin',(-175.499999999998,14.1,-80.5000000000038));
#2806=CARTESIAN_POINT('Origin',(-172.899999999999,10.,83.1000000000032));
#2807=CARTESIAN_POINT('',(-172.899999999999,10.,83.1000000000032));
#2808=CARTESIAN_POINT('',(-172.899999999999,10.,77.9000000000032));
#2809=CARTESIAN_POINT('',(-172.899999999998,10.,41.5500000000014));
#2810=CARTESIAN_POINT('',(-172.899999999999,14.1,83.1000000000032));
#2811=CARTESIAN_POINT('',(-172.899999999999,10.,83.1000000000032));
#2812=CARTESIAN_POINT('',(-172.899999999999,14.1,77.9000000000032));
#2813=CARTESIAN_POINT('',(-172.899999999999,14.1,77.9000000000032));
#2814=CARTESIAN_POINT('',(-172.899999999999,10.,77.9000000000032));
#2815=CARTESIAN_POINT('Origin',(-178.099999999999,10.,83.1000000000031));
#2816=CARTESIAN_POINT('',(-178.099999999999,10.,83.1000000000031));
#2817=CARTESIAN_POINT('',(-149.05,10.,83.1000000000033));
#2818=CARTESIAN_POINT('',(-178.099999999999,14.1,83.1000000000031));
#2819=CARTESIAN_POINT('',(-178.099999999999,10.,83.1000000000031));
#2820=CARTESIAN_POINT('',(-172.899999999999,14.1,83.1000000000032));
#2821=CARTESIAN_POINT('Origin',(-178.099999999999,10.,77.9000000000032));
#2822=CARTESIAN_POINT('',(-178.099999999999,10.,77.9000000000032));
#2823=CARTESIAN_POINT('',(-178.099999999998,10.,38.950000000001));
#2824=CARTESIAN_POINT('',(-178.099999999999,14.1,77.9000000000032));
#2825=CARTESIAN_POINT('',(-178.099999999999,10.,77.9000000000032));
#2826=CARTESIAN_POINT('',(-178.099999999999,14.1,83.1000000000031));
#2827=CARTESIAN_POINT('Origin',(-172.899999999999,10.,77.9000000000032));
#2828=CARTESIAN_POINT('',(-146.45,10.,77.9000000000033));
#2829=CARTESIAN_POINT('',(-178.099999999999,14.1,77.9000000000032));
#2830=CARTESIAN_POINT('Origin',(-175.499999999999,14.1,80.5000000000032));
#2831=CARTESIAN_POINT('Origin',(-61.9000000000027,10.,-83.1000000000031));
#2832=CARTESIAN_POINT('',(-61.9000000000027,10.,-83.1000000000031));
#2833=CARTESIAN_POINT('',(-67.1000000000022,10.,-83.1000000000032));
#2834=CARTESIAN_POINT('',(-90.9500000000013,10.,-83.1000000000033));
#2835=CARTESIAN_POINT('',(-61.9000000000027,14.1,-83.1000000000031));
#2836=CARTESIAN_POINT('',(-61.9000000000027,10.,-83.1000000000031));
#2837=CARTESIAN_POINT('',(-67.1000000000022,14.1,-83.1000000000032));
#2838=CARTESIAN_POINT('',(-67.1000000000022,14.1,-83.1000000000032));
#2839=CARTESIAN_POINT('',(-67.1000000000022,10.,-83.1000000000032));
#2840=CARTESIAN_POINT('Origin',(-61.9000000000028,10.,-77.9000000000032));
#2841=CARTESIAN_POINT('',(-61.9000000000028,10.,-77.9000000000032));
#2842=CARTESIAN_POINT('',(-61.9000000000036,10.,-38.9500000000009));
#2843=CARTESIAN_POINT('',(-61.9000000000028,14.1,-77.9000000000032));
#2844=CARTESIAN_POINT('',(-61.9000000000028,10.,-77.9000000000032));
#2845=CARTESIAN_POINT('',(-61.9000000000027,14.1,-83.1000000000031));
#2846=CARTESIAN_POINT('Origin',(-67.1000000000022,10.,-77.9000000000032));
#2847=CARTESIAN_POINT('',(-67.1000000000022,10.,-77.9000000000032));
#2848=CARTESIAN_POINT('',(-93.550000000001,10.,-77.9000000000033));
#2849=CARTESIAN_POINT('',(-67.1000000000022,14.1,-77.9000000000032));
#2850=CARTESIAN_POINT('',(-67.1000000000022,10.,-77.9000000000032));
#2851=CARTESIAN_POINT('',(-61.9000000000028,14.1,-77.9000000000032));
#2852=CARTESIAN_POINT('Origin',(-67.1000000000022,10.,-83.1000000000032));
#2853=CARTESIAN_POINT('',(-67.1000000000023,10.,-41.5500000000014));
#2854=CARTESIAN_POINT('',(-67.1000000000022,14.1,-77.9000000000032));
#2855=CARTESIAN_POINT('Origin',(-64.5000000000024,14.1,-80.5000000000032));
#2856=CARTESIAN_POINT('Origin',(-61.900000000003,10.,83.1000000000038));
#2857=CARTESIAN_POINT('',(-61.900000000003,10.,83.1000000000038));
#2858=CARTESIAN_POINT('',(-61.9000000000031,10.,77.9000000000038));
#2859=CARTESIAN_POINT('',(-61.9000000000036,10.,41.5500000000016));
#2860=CARTESIAN_POINT('',(-61.900000000003,14.1,83.1000000000038));
#2861=CARTESIAN_POINT('',(-61.900000000003,10.,83.1000000000038));
#2862=CARTESIAN_POINT('',(-61.9000000000031,14.1,77.9000000000038));
#2863=CARTESIAN_POINT('',(-61.900000000003,14.1,83.1000000000038));
#2864=CARTESIAN_POINT('',(-61.9000000000031,10.,77.9000000000038));
#2865=CARTESIAN_POINT('Origin',(-67.100000000003,10.,83.1000000000037));
#2866=CARTESIAN_POINT('',(-67.100000000003,10.,83.1000000000037));
#2867=CARTESIAN_POINT('',(-93.5500000000021,10.,83.1000000000034));
#2868=CARTESIAN_POINT('',(-67.100000000003,14.1,83.1000000000037));
#2869=CARTESIAN_POINT('',(-67.100000000003,10.,83.1000000000037));
#2870=CARTESIAN_POINT('',(-67.100000000003,14.1,83.1000000000037));
#2871=CARTESIAN_POINT('Origin',(-67.100000000003,10.,77.9000000000037));
#2872=CARTESIAN_POINT('',(-67.100000000003,10.,77.9000000000037));
#2873=CARTESIAN_POINT('',(-67.1000000000027,10.,38.9500000000021));
#2874=CARTESIAN_POINT('',(-67.100000000003,14.1,77.9000000000037));
#2875=CARTESIAN_POINT('',(-67.100000000003,10.,77.9000000000037));
#2876=CARTESIAN_POINT('',(-67.100000000003,14.1,77.9000000000037));
#2877=CARTESIAN_POINT('Origin',(-61.9000000000031,10.,77.9000000000038));
#2878=CARTESIAN_POINT('',(-90.9500000000021,10.,77.9000000000035));
#2879=CARTESIAN_POINT('',(-61.9000000000031,14.1,77.9000000000038));
#2880=CARTESIAN_POINT('Origin',(-64.500000000003,14.1,80.5000000000038));
#2881=CARTESIAN_POINT('Origin',(-71.,20.,-73.9999999999997));
#2882=CARTESIAN_POINT('',(-71.,20.,-73.9999999999997));
#2883=CARTESIAN_POINT('',(-169.,20.,-74.0000000000001));
#2884=CARTESIAN_POINT('',(-169.,20.,-74.0000000000001));
#2885=CARTESIAN_POINT('',(-169.,12.5,-74.0000000000001));
#2886=CARTESIAN_POINT('',(-169.,20.,-74.0000000000001));
#2887=CARTESIAN_POINT('',(-71.,12.5,-73.9999999999997));
#2888=CARTESIAN_POINT('',(-169.,12.5,-74.0000000000001));
#2889=CARTESIAN_POINT('',(-71.,20.,-73.9999999999997));
#2890=CARTESIAN_POINT('Origin',(-71.0000000000006,20.,74.0000000000003));
#2891=CARTESIAN_POINT('',(-71.0000000000006,20.,74.0000000000003));
#2892=CARTESIAN_POINT('',(-71.,20.,-73.9999999999997));
#2893=CARTESIAN_POINT('',(-71.0000000000006,12.5,74.0000000000003));
#2894=CARTESIAN_POINT('',(-71.,12.5,-73.9999999999997));
#2895=CARTESIAN_POINT('',(-71.0000000000006,20.,74.0000000000003));
#2896=CARTESIAN_POINT('Origin',(-169.000000000001,20.,73.9999999999999));
#2897=CARTESIAN_POINT('',(-169.000000000001,20.,73.9999999999999));
#2898=CARTESIAN_POINT('',(-71.0000000000006,20.,74.0000000000003));
#2899=CARTESIAN_POINT('',(-169.000000000001,12.5,73.9999999999999));
#2900=CARTESIAN_POINT('',(-71.0000000000006,12.5,74.0000000000003));
#2901=CARTESIAN_POINT('',(-169.000000000001,20.,73.9999999999999));
#2902=CARTESIAN_POINT('Origin',(-169.,20.,-74.0000000000001));
#2903=CARTESIAN_POINT('',(-169.000000000001,20.,73.9999999999999));
#2904=CARTESIAN_POINT('',(-169.000000000001,12.5,73.9999999999999));
#2905=CARTESIAN_POINT('Origin',(-119.999999999998,12.5,1.59872115546029E-13));
#2906=CARTESIAN_POINT('',(-68.9999999999993,12.5,-75.9999999999997));
#2907=CARTESIAN_POINT('',(-171.,12.5,-76.0000000000001));
#2908=CARTESIAN_POINT('',(-94.4999999999987,12.5,-75.9999999999998));
#2909=CARTESIAN_POINT('',(-68.9999999999967,12.5,76.0000000000003));
#2910=CARTESIAN_POINT('',(-68.9999999999974,12.5,37.9999999999998));
#2911=CARTESIAN_POINT('',(-171.000000000001,12.5,76.));
#2912=CARTESIAN_POINT('',(-145.5,12.5,76.0000000000001));
#2913=CARTESIAN_POINT('',(-171.,12.5,-38.));
#2914=CARTESIAN_POINT('Origin',(-171.000000000001,20.,76.));
#2915=CARTESIAN_POINT('',(-68.9999999999967,10.,76.0000000000003));
#2916=CARTESIAN_POINT('',(-68.9999999999967,20.,76.0000000000003));
#2917=CARTESIAN_POINT('',(-171.000000000001,10.,76.));
#2918=CARTESIAN_POINT('',(-68.9999999999967,10.,76.0000000000003));
#2919=CARTESIAN_POINT('',(-171.000000000001,20.,76.));
#2920=CARTESIAN_POINT('Origin',(-68.9999999999967,20.,76.0000000000003));
#2921=CARTESIAN_POINT('',(-68.9999999999993,10.,-75.9999999999997));
#2922=CARTESIAN_POINT('',(-68.9999999999993,20.,-75.9999999999997));
#2923=CARTESIAN_POINT('',(-68.9999999999993,10.,-75.9999999999997));
#2924=CARTESIAN_POINT('Origin',(-171.,20.,-76.0000000000001));
#2925=CARTESIAN_POINT('',(-171.,10.,-76.0000000000001));
#2926=CARTESIAN_POINT('',(-171.000000000001,10.,76.));
#2927=CARTESIAN_POINT('',(-171.,20.,-76.0000000000001));
#2928=CARTESIAN_POINT('Origin',(-68.9999999999993,20.,-75.9999999999997));
#2929=CARTESIAN_POINT('',(-171.,10.,-76.0000000000001));
#2930=CARTESIAN_POINT('Origin',(-180.000000000001,20.,85.));
#2931=CARTESIAN_POINT('',(-180.000000000001,20.,85.));
#2932=CARTESIAN_POINT('',(-180.,20.,-85.0000000000001));
#2933=CARTESIAN_POINT('',(-180.000000000001,20.,85.));
#2934=CARTESIAN_POINT('',(-180.,10.,-85.0000000000001));
#2935=CARTESIAN_POINT('',(-180.,20.,-85.0000000000001));
#2936=CARTESIAN_POINT('',(-180.000000000001,10.,85.));
#2937=CARTESIAN_POINT('',(-180.000000000001,10.,85.));
#2938=CARTESIAN_POINT('',(-180.000000000001,20.,85.));
#2939=CARTESIAN_POINT('Origin',(-60.0000000000002,20.,85.0000000000003));
#2940=CARTESIAN_POINT('',(-60.0000000000002,20.,85.0000000000003));
#2941=CARTESIAN_POINT('',(-60.0000000000002,20.,85.0000000000003));
#2942=CARTESIAN_POINT('',(-60.0000000000002,10.,85.0000000000003));
#2943=CARTESIAN_POINT('',(-60.0000000000002,10.,85.0000000000003));
#2944=CARTESIAN_POINT('',(-60.0000000000002,20.,85.0000000000003));
#2945=CARTESIAN_POINT('Origin',(-59.9999999999999,20.,-84.9999999999997));
#2946=CARTESIAN_POINT('',(-59.9999999999999,20.,-84.9999999999997));
#2947=CARTESIAN_POINT('',(-59.9999999999999,20.,-84.9999999999997));
#2948=CARTESIAN_POINT('',(-59.9999999999999,10.,-84.9999999999997));
#2949=CARTESIAN_POINT('',(-59.9999999999999,10.,-84.9999999999997));
#2950=CARTESIAN_POINT('',(-59.9999999999999,20.,-84.9999999999997));
#2951=CARTESIAN_POINT('Origin',(-180.,20.,-85.0000000000001));
#2952=CARTESIAN_POINT('',(-180.,20.,-85.0000000000001));
#2953=CARTESIAN_POINT('',(-180.,10.,-85.0000000000001));
#2954=CARTESIAN_POINT('Origin',(-120.,10.,1.24344978758017E-13));
#2955=CARTESIAN_POINT('Origin',(-120.,20.,1.24344978758017E-13));
#2956=CARTESIAN_POINT('',(0.,0.,0.));
#2957=CARTESIAN_POINT('Origin',(283.720393887749,2.,-97.7399885589647));
#2958=CARTESIAN_POINT('',(283.720393887749,0.,-92.5399885589647));
#2959=CARTESIAN_POINT('',(283.720393887749,0.,-97.7399885589647));
#2960=CARTESIAN_POINT('',(283.720393887749,0.,-56.1899885589647));
#2961=CARTESIAN_POINT('',(283.720393887749,2.,-92.5399885589647));
#2962=CARTESIAN_POINT('',(283.720393887749,2.,-92.5399885589647));
#2963=CARTESIAN_POINT('',(283.720393887749,2.,-97.7399885589647));
#2964=CARTESIAN_POINT('',(283.720393887749,2.,-56.1899885589647));
#2965=CARTESIAN_POINT('',(283.720393887749,2.,-97.7399885589647));
#2966=CARTESIAN_POINT('Origin',(278.520393887749,2.,-97.7399885589648));
#2967=CARTESIAN_POINT('',(278.520393887749,0.,-97.7399885589647));
#2968=CARTESIAN_POINT('',(252.070393887749,0.,-97.739988558965));
#2969=CARTESIAN_POINT('',(278.520393887749,2.,-97.7399885589647));
#2970=CARTESIAN_POINT('',(252.070393887749,2.,-97.739988558965));
#2971=CARTESIAN_POINT('',(278.520393887749,2.,-97.7399885589647));
#2972=CARTESIAN_POINT('Origin',(278.520393887749,2.,-92.5399885589647));
#2973=CARTESIAN_POINT('',(278.520393887749,0.,-92.5399885589647));
#2974=CARTESIAN_POINT('',(278.520393887749,0.,-53.5899885589647));
#2975=CARTESIAN_POINT('',(278.520393887749,2.,-92.5399885589647));
#2976=CARTESIAN_POINT('',(278.520393887749,2.,-53.5899885589647));
#2977=CARTESIAN_POINT('',(278.520393887749,2.,-92.5399885589647));
#2978=CARTESIAN_POINT('Origin',(283.720393887749,2.,-92.5399885589647));
#2979=CARTESIAN_POINT('',(254.670393887749,0.,-92.5399885589649));
#2980=CARTESIAN_POINT('',(254.670393887749,2.,-92.5399885589649));
#2981=CARTESIAN_POINT('Origin',(278.520393887749,2.,68.4600114410349));
#2982=CARTESIAN_POINT('',(278.520393887749,0.,63.2600114410349));
#2983=CARTESIAN_POINT('',(278.520393887749,0.,68.4600114410349));
#2984=CARTESIAN_POINT('',(278.520393887749,0.,26.9100114410349));
#2985=CARTESIAN_POINT('',(278.520393887749,2.,63.2600114410349));
#2986=CARTESIAN_POINT('',(278.520393887749,2.,63.2600114410349));
#2987=CARTESIAN_POINT('',(278.520393887749,2.,68.4600114410349));
#2988=CARTESIAN_POINT('',(278.520393887749,2.,26.9100114410349));
#2989=CARTESIAN_POINT('',(278.520393887749,2.,68.4600114410349));
#2990=CARTESIAN_POINT('Origin',(283.720393887749,2.,68.4600114410349));
#2991=CARTESIAN_POINT('',(283.720393887749,0.,68.4600114410349));
#2992=CARTESIAN_POINT('',(254.670393887749,0.,68.460011441035));
#2993=CARTESIAN_POINT('',(283.720393887749,2.,68.4600114410349));
#2994=CARTESIAN_POINT('',(254.670393887749,2.,68.460011441035));
#2995=CARTESIAN_POINT('',(283.720393887749,2.,68.4600114410349));
#2996=CARTESIAN_POINT('Origin',(283.720393887749,2.,63.2600114410349));
#2997=CARTESIAN_POINT('',(283.720393887749,0.,63.2600114410349));
#2998=CARTESIAN_POINT('',(283.720393887749,0.,24.3100114410349));
#2999=CARTESIAN_POINT('',(283.720393887749,2.,63.2600114410349));
#3000=CARTESIAN_POINT('',(283.720393887749,2.,24.3100114410349));
#3001=CARTESIAN_POINT('',(283.720393887749,2.,63.2600114410349));
#3002=CARTESIAN_POINT('Origin',(278.520393887749,2.,63.2600114410349));
#3003=CARTESIAN_POINT('',(252.070393887749,0.,63.260011441035));
#3004=CARTESIAN_POINT('',(252.070393887749,2.,63.260011441035));
#3005=CARTESIAN_POINT('Origin',(172.720393887749,2.,-97.739988558965));
#3006=CARTESIAN_POINT('',(172.720393887749,0.,-92.539988558965));
#3007=CARTESIAN_POINT('',(172.720393887749,0.,-97.739988558965));
#3008=CARTESIAN_POINT('',(172.720393887749,0.,-56.1899885589648));
#3009=CARTESIAN_POINT('',(172.720393887749,2.,-92.539988558965));
#3010=CARTESIAN_POINT('',(172.720393887749,2.,-92.539988558965));
#3011=CARTESIAN_POINT('',(172.720393887749,2.,-97.739988558965));
#3012=CARTESIAN_POINT('',(172.720393887749,2.,-56.1899885589648));
#3013=CARTESIAN_POINT('',(172.720393887749,2.,-97.739988558965));
#3014=CARTESIAN_POINT('Origin',(167.520393887749,2.,-97.739988558965));
#3015=CARTESIAN_POINT('',(167.520393887749,0.,-97.739988558965));
#3016=CARTESIAN_POINT('',(196.570393887749,0.,-97.739988558965));
#3017=CARTESIAN_POINT('',(167.520393887749,2.,-97.739988558965));
#3018=CARTESIAN_POINT('',(196.570393887749,2.,-97.739988558965));
#3019=CARTESIAN_POINT('',(167.520393887749,2.,-97.739988558965));
#3020=CARTESIAN_POINT('Origin',(167.520393887749,2.,-92.539988558965));
#3021=CARTESIAN_POINT('',(167.520393887749,0.,-92.539988558965));
#3022=CARTESIAN_POINT('',(167.520393887749,0.,-53.589988558965));
#3023=CARTESIAN_POINT('',(167.520393887749,2.,-92.539988558965));
#3024=CARTESIAN_POINT('',(167.520393887749,2.,-53.589988558965));
#3025=CARTESIAN_POINT('',(167.520393887749,2.,-92.539988558965));
#3026=CARTESIAN_POINT('Origin',(172.720393887749,2.,-92.539988558965));
#3027=CARTESIAN_POINT('',(199.170393887749,0.,-92.539988558965));
#3028=CARTESIAN_POINT('',(199.170393887749,2.,-92.539988558965));
#3029=CARTESIAN_POINT('Origin',(172.720393887749,2.,68.460011441035));
#3030=CARTESIAN_POINT('',(167.520393887749,0.,68.460011441035));
#3031=CARTESIAN_POINT('',(172.720393887749,0.,68.460011441035));
#3032=CARTESIAN_POINT('',(199.170393887749,0.,68.460011441035));
#3033=CARTESIAN_POINT('',(167.520393887749,2.,68.460011441035));
#3034=CARTESIAN_POINT('',(167.520393887749,2.,68.460011441035));
#3035=CARTESIAN_POINT('',(172.720393887749,2.,68.460011441035));
#3036=CARTESIAN_POINT('',(199.170393887749,2.,68.460011441035));
#3037=CARTESIAN_POINT('',(172.720393887749,2.,68.460011441035));
#3038=CARTESIAN_POINT('Origin',(172.720393887749,2.,63.260011441035));
#3039=CARTESIAN_POINT('',(172.720393887749,0.,63.260011441035));
#3040=CARTESIAN_POINT('',(172.720393887749,0.,24.310011441035));
#3041=CARTESIAN_POINT('',(172.720393887749,2.,63.260011441035));
#3042=CARTESIAN_POINT('',(172.720393887749,2.,24.310011441035));
#3043=CARTESIAN_POINT('',(172.720393887749,2.,63.260011441035));
#3044=CARTESIAN_POINT('Origin',(167.520393887749,2.,63.260011441035));
#3045=CARTESIAN_POINT('',(167.520393887749,0.,63.260011441035));
#3046=CARTESIAN_POINT('',(196.570393887749,0.,63.260011441035));
#3047=CARTESIAN_POINT('',(167.520393887749,2.,63.260011441035));
#3048=CARTESIAN_POINT('',(196.570393887749,2.,63.260011441035));
#3049=CARTESIAN_POINT('',(167.520393887749,2.,63.260011441035));
#3050=CARTESIAN_POINT('Origin',(167.520393887749,2.,68.460011441035));
#3051=CARTESIAN_POINT('',(167.520393887749,0.,26.910011441035));
#3052=CARTESIAN_POINT('',(167.520393887749,2.,26.910011441035));
#3053=CARTESIAN_POINT('Origin',(271.620393887749,0.,-85.639988558965));
#3054=CARTESIAN_POINT('',(271.620393887749,0.,-85.639988558965));
#3055=CARTESIAN_POINT('',(271.620393887749,0.,56.360011441035));
#3056=CARTESIAN_POINT('',(271.620393887749,0.,-85.639988558965));
#3057=CARTESIAN_POINT('',(271.620393887749,2.,56.360011441035));
#3058=CARTESIAN_POINT('',(271.620393887749,0.,56.360011441035));
#3059=CARTESIAN_POINT('',(271.620393887749,2.,-85.639988558965));
#3060=CARTESIAN_POINT('',(271.620393887749,2.,-85.639988558965));
#3061=CARTESIAN_POINT('',(271.620393887749,0.,-85.639988558965));
#3062=CARTESIAN_POINT('Origin',(179.620393887749,0.,-85.639988558965));
#3063=CARTESIAN_POINT('',(179.620393887749,0.,-85.639988558965));
#3064=CARTESIAN_POINT('',(179.620393887749,0.,-85.639988558965));
#3065=CARTESIAN_POINT('',(179.620393887749,2.,-85.639988558965));
#3066=CARTESIAN_POINT('',(179.620393887749,2.,-85.639988558965));
#3067=CARTESIAN_POINT('',(179.620393887749,0.,-85.639988558965));
#3068=CARTESIAN_POINT('Origin',(179.620393887749,0.,56.360011441035));
#3069=CARTESIAN_POINT('',(179.620393887749,0.,56.360011441035));
#3070=CARTESIAN_POINT('',(179.620393887749,0.,56.360011441035));
#3071=CARTESIAN_POINT('',(179.620393887749,2.,56.360011441035));
#3072=CARTESIAN_POINT('',(179.620393887749,2.,56.360011441035));
#3073=CARTESIAN_POINT('',(179.620393887749,0.,56.360011441035));
#3074=CARTESIAN_POINT('Origin',(271.620393887749,0.,56.360011441035));
#3075=CARTESIAN_POINT('',(271.620393887749,0.,56.360011441035));
#3076=CARTESIAN_POINT('',(271.620393887749,2.,56.360011441035));
#3077=CARTESIAN_POINT('Origin',(225.620393887749,2.,-14.639988558965));
#3078=CARTESIAN_POINT('',(165.520393887749,2.,70.460011441035));
#3079=CARTESIAN_POINT('',(165.520393887749,2.,-99.739988558965));
#3080=CARTESIAN_POINT('',(165.520393887749,2.,27.910011441035));
#3081=CARTESIAN_POINT('',(285.720393887749,2.,70.460011441035));
#3082=CARTESIAN_POINT('',(255.670393887749,2.,70.460011441035));
#3083=CARTESIAN_POINT('',(285.720393887749,2.,-99.739988558965));
#3084=CARTESIAN_POINT('',(285.720393887749,2.,-57.189988558965));
#3085=CARTESIAN_POINT('',(195.570393887749,2.,-99.739988558965));
#3086=CARTESIAN_POINT('Origin',(285.720393887749,0.,-99.739988558965));
#3087=CARTESIAN_POINT('',(285.720393887749,12.,70.460011441035));
#3088=CARTESIAN_POINT('',(285.720393887749,0.,70.460011441035));
#3089=CARTESIAN_POINT('',(285.720393887749,12.,-99.739988558965));
#3090=CARTESIAN_POINT('',(285.720393887749,12.,-99.739988558965));
#3091=CARTESIAN_POINT('',(285.720393887749,0.,-99.739988558965));
#3092=CARTESIAN_POINT('Origin',(285.720393887749,0.,70.460011441035));
#3093=CARTESIAN_POINT('',(165.520393887749,12.,70.460011441035));
#3094=CARTESIAN_POINT('',(165.520393887749,0.,70.460011441035));
#3095=CARTESIAN_POINT('',(285.720393887749,12.,70.460011441035));
#3096=CARTESIAN_POINT('Origin',(165.520393887749,0.,-99.739988558965));
#3097=CARTESIAN_POINT('',(165.520393887749,12.,-99.739988558965));
#3098=CARTESIAN_POINT('',(165.520393887749,12.,-99.739988558965));
#3099=CARTESIAN_POINT('',(165.520393887749,0.,-99.739988558965));
#3100=CARTESIAN_POINT('Origin',(165.520393887749,0.,70.460011441035));
#3101=CARTESIAN_POINT('',(165.520393887749,12.,70.460011441035));
#3102=CARTESIAN_POINT('Origin',(290.720393887749,0.,75.460011441035));
#3103=CARTESIAN_POINT('',(290.720393887749,0.,-104.739988558965));
#3104=CARTESIAN_POINT('',(290.720393887749,0.,75.460011441035));
#3105=CARTESIAN_POINT('',(290.720393887749,0.,-104.739988558965));
#3106=CARTESIAN_POINT('',(290.720393887749,12.,-104.739988558965));
#3107=CARTESIAN_POINT('',(290.720393887749,0.,-104.739988558965));
#3108=CARTESIAN_POINT('',(290.720393887749,12.,75.460011441035));
#3109=CARTESIAN_POINT('',(290.720393887749,12.,-104.739988558965));
#3110=CARTESIAN_POINT('',(290.720393887749,0.,75.460011441035));
#3111=CARTESIAN_POINT('Origin',(160.520393887749,0.,75.460011441035));
#3112=CARTESIAN_POINT('',(160.520393887749,0.,75.460011441035));
#3113=CARTESIAN_POINT('',(290.720393887749,0.,75.460011441035));
#3114=CARTESIAN_POINT('',(160.520393887749,12.,75.460011441035));
#3115=CARTESIAN_POINT('',(290.720393887749,12.,75.460011441035));
#3116=CARTESIAN_POINT('',(160.520393887749,0.,75.460011441035));
#3117=CARTESIAN_POINT('Origin',(160.520393887749,0.,-104.739988558965));
#3118=CARTESIAN_POINT('',(160.520393887749,0.,-104.739988558965));
#3119=CARTESIAN_POINT('',(160.520393887749,0.,75.460011441035));
#3120=CARTESIAN_POINT('',(160.520393887749,12.,-104.739988558965));
#3121=CARTESIAN_POINT('',(160.520393887749,12.,75.460011441035));
#3122=CARTESIAN_POINT('',(160.520393887749,0.,-104.739988558965));
#3123=CARTESIAN_POINT('Origin',(290.720393887749,0.,-104.739988558965));
#3124=CARTESIAN_POINT('',(160.520393887749,0.,-104.739988558965));
#3125=CARTESIAN_POINT('',(160.520393887749,12.,-104.739988558965));
#3126=CARTESIAN_POINT('Origin',(225.620393887749,12.,-14.639988558965));
#3127=CARTESIAN_POINT('Origin',(225.620393887749,0.,-14.639988558965));
#3128=CARTESIAN_POINT('Origin',(116.967798974588,0.,8.88178419700125E-15));
#3129=CARTESIAN_POINT('',(116.967798974588,0.,8.88178419700125E-15));
#3130=CARTESIAN_POINT('',(121.967798974588,0.,8.88178419700125E-15));
#3131=CARTESIAN_POINT('',(116.967798974588,0.,8.88178419700125E-15));
#3132=CARTESIAN_POINT('',(121.967798974588,2.4,8.88178419700125E-15));
#3133=CARTESIAN_POINT('',(121.967798974588,0.,8.88178419700125E-15));
#3134=CARTESIAN_POINT('',(116.967798974588,2.4,8.88178419700125E-15));
#3135=CARTESIAN_POINT('',(116.967798974588,2.4,8.88178419700125E-15));
#3136=CARTESIAN_POINT('',(116.967798974588,0.,8.88178419700125E-15));
#3137=CARTESIAN_POINT('Origin',(116.967798974588,0.,-80.));
#3138=CARTESIAN_POINT('',(116.967798974588,0.,-80.));
#3139=CARTESIAN_POINT('',(116.967798974588,0.,-80.));
#3140=CARTESIAN_POINT('',(116.967798974588,2.4,-80.));
#3141=CARTESIAN_POINT('',(116.967798974588,2.4,-80.));
#3142=CARTESIAN_POINT('',(116.967798974588,0.,-80.));
#3143=CARTESIAN_POINT('Origin',(121.967798974588,0.,-80.));
#3144=CARTESIAN_POINT('',(121.967798974588,0.,-80.));
#3145=CARTESIAN_POINT('',(121.967798974588,0.,-80.));
#3146=CARTESIAN_POINT('',(121.967798974588,2.4,-80.));
#3147=CARTESIAN_POINT('',(121.967798974588,2.4,-80.));
#3148=CARTESIAN_POINT('',(121.967798974588,0.,-80.));
#3149=CARTESIAN_POINT('Origin',(197.14320863746,0.,-27.3616114660535));
#3150=CARTESIAN_POINT('',(197.14320863746,0.,-27.3616114660535));
#3151=CARTESIAN_POINT('',(121.967798974588,0.,-80.));
#3152=CARTESIAN_POINT('',(197.14320863746,2.4,-27.3616114660535));
#3153=CARTESIAN_POINT('',(121.967798974588,2.4,-80.));
#3154=CARTESIAN_POINT('',(197.14320863746,0.,-27.3616114660535));
#3155=CARTESIAN_POINT('Origin',(121.967798974588,0.,0.));
#3156=CARTESIAN_POINT('',(121.967798974588,0.,0.));
#3157=CARTESIAN_POINT('',(121.967798974588,2.4,0.));
#3158=CARTESIAN_POINT('Origin',(159.555503806024,2.4,-40.));
#3159=CARTESIAN_POINT('Origin',(159.555503806024,0.,-40.));
#3160=CARTESIAN_POINT('Origin',(167.584120122252,0.,53.6022737155733));
#3161=CARTESIAN_POINT('',(167.584120122252,0.,155.102273715573));
#3162=CARTESIAN_POINT('',(167.584120122252,0.,53.6022737155733));
#3163=CARTESIAN_POINT('',(167.584120122252,0.,155.102273715573));
#3164=CARTESIAN_POINT('',(167.584120122252,1.6,155.102273715573));
#3165=CARTESIAN_POINT('',(167.584120122252,0.,155.102273715573));
#3166=CARTESIAN_POINT('',(167.584120122252,1.6,53.6022737155733));
#3167=CARTESIAN_POINT('',(167.584120122252,1.6,155.102273715573));
#3168=CARTESIAN_POINT('',(167.584120122252,0.,53.6022737155733));
#3169=CARTESIAN_POINT('Origin',(319.084120122252,0.,53.6022737155733));
#3170=CARTESIAN_POINT('',(319.084120122252,0.,53.6022737155733));
#3171=CARTESIAN_POINT('',(167.584120122252,0.,53.6022737155733));
#3172=CARTESIAN_POINT('',(319.084120122252,1.6,53.6022737155733));
#3173=CARTESIAN_POINT('',(167.584120122252,1.6,53.6022737155733));
#3174=CARTESIAN_POINT('',(319.084120122252,0.,53.6022737155733));
#3175=CARTESIAN_POINT('Origin',(319.084120122252,0.,155.102273715573));
#3176=CARTESIAN_POINT('',(319.084120122252,0.,155.102273715573));
#3177=CARTESIAN_POINT('',(319.084120122252,0.,53.6022737155733));
#3178=CARTESIAN_POINT('',(319.084120122252,1.6,155.102273715573));
#3179=CARTESIAN_POINT('',(319.084120122252,1.6,53.6022737155733));
#3180=CARTESIAN_POINT('',(319.084120122252,0.,155.102273715573));
#3181=CARTESIAN_POINT('Origin',(167.584120122252,0.,155.102273715573));
#3182=CARTESIAN_POINT('',(319.084120122252,0.,155.102273715573));
#3183=CARTESIAN_POINT('',(319.084120122252,1.6,155.102273715573));
#3184=CARTESIAN_POINT('Origin',(243.334120122252,1.6,104.352273715573));
#3185=CARTESIAN_POINT('Origin',(243.334120122252,0.,104.352273715573));
#3186=CARTESIAN_POINT('Origin',(387.484120122252,153.1,53.6022737155733));
#3187=CARTESIAN_POINT('',(387.484120122252,153.1,155.102273715573));
#3188=CARTESIAN_POINT('',(387.484120122252,153.1,53.6022737155733));
#3189=CARTESIAN_POINT('',(387.484120122252,153.1,155.102273715573));
#3190=CARTESIAN_POINT('',(389.084120122252,153.1,155.102273715573));
#3191=CARTESIAN_POINT('',(387.484120122252,153.1,155.102273715573));
#3192=CARTESIAN_POINT('',(389.084120122252,153.1,53.6022737155733));
#3193=CARTESIAN_POINT('',(389.084120122252,153.1,155.102273715573));
#3194=CARTESIAN_POINT('',(387.484120122252,153.1,53.6022737155733));
#3195=CARTESIAN_POINT('Origin',(387.484120122252,1.60000000000004,53.6022737155733));
#3196=CARTESIAN_POINT('',(387.484120122252,1.60000000000004,53.6022737155733));
#3197=CARTESIAN_POINT('',(387.484120122252,153.1,53.6022737155733));
#3198=CARTESIAN_POINT('',(389.084120122252,1.60000000000004,53.6022737155733));
#3199=CARTESIAN_POINT('',(389.084120122252,153.1,53.6022737155733));
#3200=CARTESIAN_POINT('',(387.484120122252,1.60000000000004,53.6022737155733));
#3201=CARTESIAN_POINT('Origin',(387.484120122252,1.60000000000004,155.102273715573));
#3202=CARTESIAN_POINT('',(387.484120122252,1.60000000000004,155.102273715573));
#3203=CARTESIAN_POINT('',(387.484120122252,1.60000000000004,53.6022737155733));
#3204=CARTESIAN_POINT('',(389.084120122252,1.60000000000004,155.102273715573));
#3205=CARTESIAN_POINT('',(389.084120122252,1.60000000000004,53.6022737155733));
#3206=CARTESIAN_POINT('',(387.484120122252,1.60000000000004,155.102273715573));
#3207=CARTESIAN_POINT('Origin',(387.484120122252,153.1,155.102273715573));
#3208=CARTESIAN_POINT('',(387.484120122252,1.60000000000004,155.102273715573));
#3209=CARTESIAN_POINT('',(389.084120122252,1.60000000000004,155.102273715573));
#3210=CARTESIAN_POINT('Origin',(389.084120122252,77.35,104.352273715573));
#3211=CARTESIAN_POINT('Origin',(387.484120122252,77.35,104.352273715573));
#3212=CARTESIAN_POINT('',(0.,0.,0.));
#3213=CARTESIAN_POINT('',(-182.90897284825,42.,-1.25920759826741));
#3214=UNCERTAINTY_MEASURE_WITH_UNIT(LENGTH_MEASURE(0.01),#3222,
'DISTANCE_ACCURACY_VALUE',
'Maximum model space distance between geometric entities at asserted c
onnectivities');
#3215=UNCERTAINTY_MEASURE_WITH_UNIT(LENGTH_MEASURE(0.01),#3222,
'DISTANCE_ACCURACY_VALUE',
'Maximum model space distance between geometric entities at asserted c
onnectivities');
#3216=UNCERTAINTY_MEASURE_WITH_UNIT(LENGTH_MEASURE(0.01),#3222,
'DISTANCE_ACCURACY_VALUE',
'Maximum model space distance between geometric entities at asserted c
onnectivities');
#3217=UNCERTAINTY_MEASURE_WITH_UNIT(LENGTH_MEASURE(0.01),#3222,
'DISTANCE_ACCURACY_VALUE',
'Maximum model space distance between geometric entities at asserted c
onnectivities');
#3218=(
GEOMETRIC_REPRESENTATION_CONTEXT(3)
GLOBAL_UNCERTAINTY_ASSIGNED_CONTEXT((#3214))
GLOBAL_UNIT_ASSIGNED_CONTEXT((#3222,#3224,#3225))
REPRESENTATION_CONTEXT('','3D')
);
#3219=(
GEOMETRIC_REPRESENTATION_CONTEXT(3)
GLOBAL_UNCERTAINTY_ASSIGNED_CONTEXT((#3215))
GLOBAL_UNIT_ASSIGNED_CONTEXT((#3222,#3224,#3225))
REPRESENTATION_CONTEXT('','3D')
);
#3220=(
GEOMETRIC_REPRESENTATION_CONTEXT(3)
GLOBAL_UNCERTAINTY_ASSIGNED_CONTEXT((#3216))
GLOBAL_UNIT_ASSIGNED_CONTEXT((#3222,#3224,#3225))
REPRESENTATION_CONTEXT('','3D')
);
#3221=(
GEOMETRIC_REPRESENTATION_CONTEXT(3)
GLOBAL_UNCERTAINTY_ASSIGNED_CONTEXT((#3217))
GLOBAL_UNIT_ASSIGNED_CONTEXT((#3222,#3224,#3225))
REPRESENTATION_CONTEXT('','3D')
);
#3222=(
LENGTH_UNIT()
NAMED_UNIT(*)
SI_UNIT(.MILLI.,.METRE.)
);
#3223=(
LENGTH_UNIT()
NAMED_UNIT(*)
SI_UNIT($,.METRE.)
);
#3224=(
NAMED_UNIT(*)
PLANE_ANGLE_UNIT()
SI_UNIT($,.RADIAN.)
);
#3225=(
NAMED_UNIT(*)
SI_UNIT($,.STERADIAN.)
SOLID_ANGLE_UNIT()
);
#3226=SHAPE_DEFINITION_REPRESENTATION(#3229,#3234);
#3227=SHAPE_DEFINITION_REPRESENTATION(#3230,#3235);
#3228=SHAPE_DEFINITION_REPRESENTATION(#3231,#3236);
#3229=PRODUCT_DEFINITION_SHAPE('',$,#3238);
#3230=PRODUCT_DEFINITION_SHAPE('',$,#3239);
#3231=PRODUCT_DEFINITION_SHAPE('',$,#3240);
#3232=PRODUCT_DEFINITION_SHAPE($,$,#17);
#3233=PRODUCT_DEFINITION_SHAPE($,$,#18);
#3234=SHAPE_REPRESENTATION('',(#2050,#2161,#2162),#3218);
#3235=SHAPE_REPRESENTATION('',(#2051),#3219);
#3236=SHAPE_REPRESENTATION('',(#2110),#3220);
#3237=PRODUCT_DEFINITION_CONTEXT('part definition',#3248,'design');
#3238=PRODUCT_DEFINITION('Foto 10x15','ramecekpokusdruhy v2',#3241,#3237);
#3239=PRODUCT_DEFINITION('Component1','Component1',#3242,#3237);
#3240=PRODUCT_DEFINITION('Component2','Component2',#3243,#3237);
#3241=PRODUCT_DEFINITION_FORMATION('',$,#3250);
#3242=PRODUCT_DEFINITION_FORMATION('',$,#3251);
#3243=PRODUCT_DEFINITION_FORMATION('',$,#3252);
#3244=PRODUCT_RELATED_PRODUCT_CATEGORY('ramecekpokusdruhy v2',
'ramecekpokusdruhy v2',(#3250));
#3245=PRODUCT_RELATED_PRODUCT_CATEGORY('Component1','Component1',(#3251));
#3246=PRODUCT_RELATED_PRODUCT_CATEGORY('Component2','Component2',(#3252));
#3247=APPLICATION_PROTOCOL_DEFINITION('international standard',
'automotive_design',2009,#3248);
#3248=APPLICATION_CONTEXT(
'Core Data for Automotive Mechanical Design Process');
#3249=PRODUCT_CONTEXT('part definition',#3248,'mechanical');
#3250=PRODUCT('Foto 10x15','ramecekpokusdruhy v2',$,(#3249));
#3251=PRODUCT('Component1','Component1',$,(#3249));
#3252=PRODUCT('Component2','Component2',$,(#3249));
#3253=PRESENTATION_STYLE_ASSIGNMENT((#3254));
#3254=SURFACE_STYLE_USAGE(.BOTH.,#3255);
#3255=SURFACE_SIDE_STYLE('',(#3256));
#3256=SURFACE_STYLE_FILL_AREA(#3257);
#3257=FILL_AREA_STYLE('Steel - Satin',(#3258));
#3258=FILL_AREA_STYLE_COLOUR('Steel - Satin',#3259);
#3259=COLOUR_RGB('Steel - Satin',0.627450980392157,0.627450980392157,0.627450980392157);
ENDSEC;
END-ISO-10303-21;
