ISO-10303-21;
HEADER;
/* Generated by software containing ST-Developer
 * from STEP Tools, Inc. (www.steptools.com) 
 */

FILE_DESCRIPTION(
/* description */ (''),
/* implementation_level */ '2;1');

FILE_NAME(
/* name */ 'PIN1.step',
/* time_stamp */ '2026-01-22T18:45:52+01:00',
/* author */ (''),
/* organization */ (''),
/* preprocessor_version */ 'ST-DEVELOPER v20.1',
/* originating_system */ 'Autodesk Translation Framework v14.21.0.0',
/* authorisation */ '');

FILE_SCHEMA (('AUTOMOTIVE_DESIGN { 1 0 10303 214 3 1 1 }'));
ENDSEC;

DATA;
#10=MECHANICAL_DESIGN_GEOMETRIC_PRESENTATION_REPRESENTATION('',(#13),#7350);
#11=SHAPE_REPRESENTATION_RELATIONSHIP('SRR','None',#7357,#12);
#12=ADVANCED_BREP_SHAPE_REPRESENTATION('',(#14),#7349);
#13=STYLED_ITEM('',(#7366),#14);
#14=MANIFOLD_SOLID_BREP('Body3',#2942);
#15=(
BOUNDED_SURFACE()
B_SPLINE_SURFACE(2,2,((#7312,#7313,#7314,#7315,#7316,#7317,#7318,#7319,
#7320),(#7321,#7322,#7323,#7324,#7325,#7326,#7327,#7328,#7329),(#7330,#7331,
#7332,#7333,#7334,#7335,#7336,#7337,#7338)),.UNSPECIFIED.,.F.,.T.,.F.)
B_SPLINE_SURFACE_WITH_KNOTS((3,3),(3,2,2,2,3),(0.339836909454122,1.5707963267949),
(-3.14159265358979,-1.5707963267949,0.,1.5707963267949,3.14159265358979),
 .UNSPECIFIED.)
GEOMETRIC_REPRESENTATION_ITEM()
RATIONAL_B_SPLINE_SURFACE(((1.,0.707106781186548,1.,0.707106781186548,1.,
0.707106781186548,1.,0.707106781186548,1.),(0.816496580927728,0.577350269189627,
0.816496580927728,0.577350269189627,0.816496580927728,0.577350269189627,
0.816496580927728,0.577350269189627,0.816496580927728),(1.,0.707106781186548,
1.,0.707106781186548,1.,0.707106781186548,1.,0.707106781186548,1.)))
REPRESENTATION_ITEM('')
SURFACE()
);
#16=B_SPLINE_SURFACE_WITH_KNOTS('',3,3,((#5442,#5443,#5444,#5445,#5446),
(#5447,#5448,#5449,#5450,#5451),(#5452,#5453,#5454,#5455,#5456),(#5457,
#5458,#5459,#5460,#5461),(#5462,#5463,#5464,#5465,#5466)),.UNSPECIFIED.,
 .F.,.F.,.F.,(4,1,4),(4,1,4),(0.,0.5,1.),(5.55337097133862E-18,0.157299253593741,
0.367031591718728),.UNSPECIFIED.);
#17=B_SPLINE_SURFACE_WITH_KNOTS('',3,3,((#5494,#5495,#5496,#5497,#5498),
(#5499,#5500,#5501,#5502,#5503),(#5504,#5505,#5506,#5507,#5508),(#5509,
#5510,#5511,#5512,#5513),(#5514,#5515,#5516,#5517,#5518)),.UNSPECIFIED.,
 .F.,.F.,.F.,(4,1,4),(4,1,4),(0.,0.5,1.),(2.1876181140593E-16,0.209732338184399,
0.367031591822698),.UNSPECIFIED.);
#18=B_SPLINE_SURFACE_WITH_KNOTS('',3,3,((#5560,#5561,#5562,#5563,#5564),
(#5565,#5566,#5567,#5568,#5569),(#5570,#5571,#5572,#5573,#5574),(#5575,
#5576,#5577,#5578,#5579),(#5580,#5581,#5582,#5583,#5584)),.UNSPECIFIED.,
 .F.,.F.,.F.,(4,1,4),(4,1,4),(0.,0.5,1.),(0.,0.15729925351879,0.367031591543843),
 .UNSPECIFIED.);
#19=B_SPLINE_SURFACE_WITH_KNOTS('',3,3,((#5612,#5613,#5614,#5615,#5616),
(#5617,#5618,#5619,#5620,#5621),(#5622,#5623,#5624,#5625,#5626),(#5627,
#5628,#5629,#5630,#5631),(#5632,#5633,#5634,#5635,#5636)),.UNSPECIFIED.,
 .F.,.F.,.F.,(4,1,4),(4,1,4),(0.,0.5,1.),(-2.45995238226797E-16,0.209732337991176,
0.367031591484557),.UNSPECIFIED.);
#20=B_SPLINE_SURFACE_WITH_KNOTS('',3,3,((#5678,#5679,#5680,#5681,#5682),
(#5683,#5684,#5685,#5686,#5687),(#5688,#5689,#5690,#5691,#5692),(#5693,
#5694,#5695,#5696,#5697),(#5698,#5699,#5700,#5701,#5702)),.UNSPECIFIED.,
 .F.,.F.,.F.,(4,1,4),(4,1,4),(0.,0.5,1.),(2.60341207776203E-16,0.20973233866262,
0.367031592659585),.UNSPECIFIED.);
#21=B_SPLINE_SURFACE_WITH_KNOTS('',3,3,((#5730,#5731,#5732,#5733,#5734),
(#5735,#5736,#5737,#5738,#5739),(#5740,#5741,#5742,#5743,#5744),(#5745,
#5746,#5747,#5748,#5749),(#5750,#5751,#5752,#5753,#5754)),.UNSPECIFIED.,
 .F.,.F.,.F.,(4,1,4),(4,1,4),(0.,0.5,1.),(-4.2517695495993E-16,0.157299253908067,
0.367031592452157),.UNSPECIFIED.);
#22=B_SPLINE_SURFACE_WITH_KNOTS('',3,3,((#5796,#5797,#5798,#5799,#5800),
(#5801,#5802,#5803,#5804,#5805),(#5806,#5807,#5808,#5809,#5810),(#5811,
#5812,#5813,#5814,#5815),(#5816,#5817,#5818,#5819,#5820)),.UNSPECIFIED.,
 .F.,.F.,.F.,(4,1,4),(4,1,4),(0.,0.5,1.),(1.99067211410315E-16,0.209732338544081,
0.367031592452141),.UNSPECIFIED.);
#23=B_SPLINE_SURFACE_WITH_KNOTS('',3,3,((#5848,#5849,#5850,#5851,#5852),
(#5853,#5854,#5855,#5856,#5857),(#5858,#5859,#5860,#5861,#5862),(#5863,
#5864,#5865,#5866,#5867),(#5868,#5869,#5870,#5871,#5872)),.UNSPECIFIED.,
 .F.,.F.,.F.,(4,1,4),(4,1,4),(0.,0.5,1.),(-2.94586890222249E-16,0.209732338662629,
0.367031592659602),.UNSPECIFIED.);
#24=B_SPLINE_SURFACE_WITH_KNOTS('',3,3,((#5914,#5915,#5916,#5917,#5918),
(#5919,#5920,#5921,#5922,#5923),(#5924,#5925,#5926,#5927,#5928),(#5929,
#5930,#5931,#5932,#5933),(#5934,#5935,#5936,#5937,#5938)),.UNSPECIFIED.,
 .F.,.F.,.F.,(4,1,4),(4,1,4),(0.,0.5,1.),(2.87035682410053E-16,0.157299253493376,
0.367031591484544),.UNSPECIFIED.);
#25=B_SPLINE_SURFACE_WITH_KNOTS('',3,3,((#5966,#5967,#5968,#5969,#5970),
(#5971,#5972,#5973,#5974,#5975),(#5976,#5977,#5978,#5979,#5980),(#5981,
#5982,#5983,#5984,#5985),(#5986,#5987,#5988,#5989,#5990)),.UNSPECIFIED.,
 .F.,.F.,.F.,(4,1,4),(4,1,4),(0.,0.5,1.),(-2.63677968348475E-16,0.157299253518796,
0.367031591543858),.UNSPECIFIED.);
#26=B_SPLINE_SURFACE_WITH_KNOTS('',3,3,((#6032,#6033,#6034,#6035,#6036),
(#6037,#6038,#6039,#6040,#6041),(#6042,#6043,#6044,#6045,#6046),(#6047,
#6048,#6049,#6050,#6051),(#6052,#6053,#6054,#6055,#6056)),.UNSPECIFIED.,
 .F.,.F.,.F.,(4,1,4),(4,1,4),(0.,0.5,1.),(0.,0.157299253638293,0.367031591822683),
 .UNSPECIFIED.);
#27=B_SPLINE_SURFACE_WITH_KNOTS('',3,3,((#6084,#6085,#6086,#6087,#6088),
(#6089,#6090,#6091,#6092,#6093),(#6094,#6095,#6096,#6097,#6098),(#6099,
#6100,#6101,#6102,#6103),(#6104,#6105,#6106,#6107,#6108)),.UNSPECIFIED.,
 .F.,.F.,.F.,(4,1,4),(4,1,4),(0.,0.5,1.),(1.09746165699114E-17,0.157299253593747,
0.367031591718743),.UNSPECIFIED.);
#28=B_SPLINE_SURFACE_WITH_KNOTS('',3,3,((#6150,#6151,#6152,#6153,#6154),
(#6155,#6156,#6157,#6158,#6159),(#6160,#6161,#6162,#6163,#6164),(#6165,
#6166,#6167,#6168,#6169),(#6170,#6171,#6172,#6173,#6174)),.UNSPECIFIED.,
 .F.,.F.,.F.,(4,1,4),(4,1,4),(0.,0.5,1.),(1.28201981741144E-16,0.157299253799922,
0.367031592199817),.UNSPECIFIED.);
#29=B_SPLINE_SURFACE_WITH_KNOTS('',3,3,((#6244,#6245,#6246,#6247,#6248),
(#6249,#6250,#6251,#6252,#6253),(#6254,#6255,#6256,#6257,#6258),(#6259,
#6260,#6261,#6262,#6263),(#6264,#6265,#6266,#6267,#6268)),.UNSPECIFIED.,
 .F.,.F.,.F.,(4,1,4),(4,1,4),(0.,0.5,1.),(-3.46944695195361E-16,0.209732338332069,
0.367031592081121),.UNSPECIFIED.);
#30=B_SPLINE_SURFACE_WITH_KNOTS('',3,3,((#6313,#6314,#6315,#6316,#6317),
(#6318,#6319,#6320,#6321,#6322),(#6323,#6324,#6325,#6326,#6327),(#6328,
#6329,#6330,#6331,#6332),(#6333,#6334,#6335,#6336,#6337)),.UNSPECIFIED.,
 .F.,.F.,.F.,(4,1,4),(4,1,4),(0.,0.5,1.),(0.,0.157299253957922,0.367031592568486),
 .UNSPECIFIED.);
#31=B_SPLINE_SURFACE_WITH_KNOTS('',3,3,((#6365,#6366,#6367,#6368,#6369),
(#6370,#6371,#6372,#6373,#6374),(#6375,#6376,#6377,#6378,#6379),(#6380,
#6381,#6382,#6383,#6384),(#6385,#6386,#6387,#6388,#6389)),.UNSPECIFIED.,
 .F.,.F.,.F.,(4,1,4),(4,1,4),(0.,0.5,1.),(-1.03964748569383E-16,0.157299254047642,
0.367031592777832),.UNSPECIFIED.);
#32=B_SPLINE_SURFACE_WITH_KNOTS('',3,3,((#6463,#6464,#6465,#6466,#6467),
(#6468,#6469,#6470,#6471,#6472),(#6473,#6474,#6475,#6476,#6477),(#6478,
#6479,#6480,#6481,#6482),(#6483,#6484,#6485,#6486,#6487)),.UNSPECIFIED.,
 .F.,.F.,.F.,(4,1,4),(4,1,4),(0.,0.5,1.),(9.3270713170282E-17,0.209732337946131,
0.367031591405729),.UNSPECIFIED.);
#33=B_SPLINE_SURFACE_WITH_KNOTS('',3,3,((#6504,#6505,#6506,#6507,#6508),
(#6509,#6510,#6511,#6512,#6513),(#6514,#6515,#6516,#6517,#6518),(#6519,
#6520,#6521,#6522,#6523),(#6524,#6525,#6526,#6527,#6528)),.UNSPECIFIED.,
 .F.,.F.,.F.,(4,1,4),(4,1,4),(0.,0.5,1.),(3.62262729760764E-17,0.209732337935102,
0.367031591386429),.UNSPECIFIED.);
#34=B_SPLINE_SURFACE_WITH_KNOTS('',3,3,((#6581,#6582,#6583,#6584,#6585),
(#6586,#6587,#6588,#6589,#6590),(#6591,#6592,#6593,#6594,#6595),(#6596,
#6597,#6598,#6599,#6600),(#6601,#6602,#6603,#6604,#6605)),.UNSPECIFIED.,
 .F.,.F.,.F.,(4,1,4),(4,1,4),(0.,0.5,1.),(8.32667268468867E-17,0.209732338363049,
0.367031592135336),.UNSPECIFIED.);
#35=B_SPLINE_SURFACE_WITH_KNOTS('',3,3,((#6622,#6623,#6624,#6625,#6626),
(#6627,#6628,#6629,#6630,#6631),(#6632,#6633,#6634,#6635,#6636),(#6637,
#6638,#6639,#6640,#6641),(#6642,#6643,#6644,#6645,#6646)),.UNSPECIFIED.,
 .F.,.F.,.F.,(4,1,4),(4,1,4),(0.,0.5,1.),(0.,0.209732338453074,0.36703159229288),
 .UNSPECIFIED.);
#36=B_SPLINE_SURFACE_WITH_KNOTS('',3,3,((#6699,#6700,#6701,#6702,#6703),
(#6704,#6705,#6706,#6707,#6708),(#6709,#6710,#6711,#6712,#6713),(#6714,
#6715,#6716,#6717,#6718),(#6719,#6720,#6721,#6722,#6723)),.UNSPECIFIED.,
 .F.,.F.,.F.,(4,1,4),(4,1,4),(0.,0.5,1.),(-1.06717010108175E-16,0.157299253698495,
0.367031591963154),.UNSPECIFIED.);
#37=B_SPLINE_SURFACE_WITH_KNOTS('',3,3,((#6740,#6741,#6742,#6743,#6744),
(#6745,#6746,#6747,#6748,#6749),(#6750,#6751,#6752,#6753,#6754),(#6755,
#6756,#6757,#6758,#6759),(#6760,#6761,#6762,#6763,#6764)),.UNSPECIFIED.,
 .F.,.F.,.F.,(4,1,4),(4,1,4),(0.,0.5,1.),(0.,0.157299253698488,0.367031591963139),
 .UNSPECIFIED.);
#38=B_SPLINE_SURFACE_WITH_KNOTS('',3,3,((#6817,#6818,#6819,#6820,#6821),
(#6822,#6823,#6824,#6825,#6826),(#6827,#6828,#6829,#6830,#6831),(#6832,
#6833,#6834,#6835,#6836),(#6837,#6838,#6839,#6840,#6841)),.UNSPECIFIED.,
 .F.,.F.,.F.,(4,1,4),(4,1,4),(0.,0.5,1.),(1.80411241501588E-16,0.157299253799929,
0.367031592199833),.UNSPECIFIED.);
#39=B_SPLINE_SURFACE_WITH_KNOTS('',3,3,((#6858,#6859,#6860,#6861,#6862),
(#6863,#6864,#6865,#6866,#6867),(#6868,#6869,#6870,#6871,#6872),(#6873,
#6874,#6875,#6876,#6877),(#6878,#6879,#6880,#6881,#6882)),.UNSPECIFIED.,
 .F.,.F.,.F.,(4,1,4),(4,1,4),(0.,0.5,1.),(0.,0.157299253749045,0.367031592081105),
 .UNSPECIFIED.);
#40=B_SPLINE_SURFACE_WITH_KNOTS('',3,3,((#6935,#6936,#6937,#6938,#6939),
(#6940,#6941,#6942,#6943,#6944),(#6945,#6946,#6947,#6948,#6949),(#6950,
#6951,#6952,#6953,#6954),(#6955,#6956,#6957,#6958,#6959)),.UNSPECIFIED.,
 .F.,.F.,.F.,(4,1,4),(4,1,4),(0.,0.5,1.),(-3.88353593682139E-16,0.209732338610573,
0.367031592568503),.UNSPECIFIED.);
#41=B_SPLINE_SURFACE_WITH_KNOTS('',3,3,((#6976,#6977,#6978,#6979,#6980),
(#6981,#6982,#6983,#6984,#6985),(#6986,#6987,#6988,#6989,#6990),(#6991,
#6992,#6993,#6994,#6995),(#6996,#6997,#6998,#6999,#7000)),.UNSPECIFIED.,
 .F.,.F.,.F.,(4,1,4),(4,1,4),(0.,0.5,1.),(2.04295984184511E-16,0.20973233873018,
0.367031592777815),.UNSPECIFIED.);
#42=B_SPLINE_SURFACE_WITH_KNOTS('',3,3,((#7053,#7054,#7055,#7056,#7057),
(#7058,#7059,#7060,#7061,#7062),(#7063,#7064,#7065,#7066,#7067),(#7068,
#7069,#7070,#7071,#7072),(#7073,#7074,#7075,#7076,#7077)),.UNSPECIFIED.,
 .F.,.F.,.F.,(4,1,4),(4,1,4),(0.,0.5,1.),(-1.38777878078145E-16,0.20973233793511,
0.367031591386443),.UNSPECIFIED.);
#43=B_SPLINE_SURFACE_WITH_KNOTS('',3,3,((#7094,#7095,#7096,#7097,#7098),
(#7099,#7100,#7101,#7102,#7103),(#7104,#7105,#7106,#7107,#7108),(#7109,
#7110,#7111,#7112,#7113),(#7114,#7115,#7116,#7117,#7118)),.UNSPECIFIED.,
 .F.,.F.,.F.,(4,1,4),(4,1,4),(0.,0.5,1.),(7.89982551697951E-17,0.157299253459593,
0.367031591405716),.UNSPECIFIED.);
#44=B_SPLINE_SURFACE_WITH_KNOTS('',3,3,((#7210,#7211,#7212,#7213,#7214),
(#7215,#7216,#7217,#7218,#7219),(#7220,#7221,#7222,#7223,#7224),(#7225,
#7226,#7227,#7228,#7229),(#7230,#7231,#7232,#7233,#7234)),.UNSPECIFIED.,
 .F.,.F.,.F.,(4,1,4),(4,1,4),(0.,0.5,1.),(1.05646895723496E-16,0.15729925377228,
0.367031592135321),.UNSPECIFIED.);
#45=B_SPLINE_SURFACE_WITH_KNOTS('',3,3,((#7262,#7263,#7264,#7265,#7266),
(#7267,#7268,#7269,#7270,#7271),(#7272,#7273,#7274,#7275,#7276),(#7277,
#7278,#7279,#7280,#7281),(#7282,#7283,#7284,#7285,#7286)),.UNSPECIFIED.,
 .F.,.F.,.F.,(4,1,4),(4,1,4),(0.,0.5,1.),(-2.77555756156289E-17,0.209732338453083,
0.367031592292896),.UNSPECIFIED.);
#46=B_SPLINE_CURVE_WITH_KNOTS('',3,(#4133,#4134,#4135,#4136,#4137,#4138,
#4139,#4140,#4141,#4142,#4143,#4144,#4145,#4146,#4147,#4148,#4149,#4150,
#4151,#4152,#4153,#4154,#4155,#4156,#4157),.UNSPECIFIED.,.F.,.F.,(4,2,2,
2,2,3,2,2,2,2,2,4),(1.17490834761778,1.22738331202257,1.28653218045659,
1.30443939972545,1.31299687551439,1.31779575400979,1.32466736441838,1.33458159995399,
1.36040768587637,1.39838396827257,1.44741865336569,1.45568551078565),
 .UNSPECIFIED.);
#47=B_SPLINE_CURVE_WITH_KNOTS('',3,(#4161,#4162,#4163,#4164,#4165,#4166,
#4167,#4168,#4169,#4170,#4171,#4172,#4173,#4174,#4175,#4176,#4177,#4178,
#4179,#4180,#4181,#4182,#4183,#4184,#4185),.UNSPECIFIED.,.F.,.F.,(4,2,2,
2,2,3,2,2,2,2,2,4),(1.17490834761368,1.22738331201841,1.28653218045239,
1.30443939972127,1.31299687551024,1.31779575400566,1.32466736441423,1.33458159994977,
1.36040768587201,1.39838396826796,1.44741865336077,1.45568551078067),
 .UNSPECIFIED.);
#48=B_SPLINE_CURVE_WITH_KNOTS('',3,(#4189,#4190,#4191,#4192,#4193,#4194,
#4195,#4196,#4197,#4198,#4199,#4200,#4201,#4202,#4203,#4204,#4205,#4206,
#4207,#4208,#4209,#4210,#4211,#4212,#4213),.UNSPECIFIED.,.F.,.F.,(4,2,2,
2,2,3,2,2,2,2,2,4),(1.17490834758813,1.22738331199122,1.28653218042319,
1.30443939969137,1.31299687547996,1.31779575397527,1.32466736438382,1.33458159991926,
1.36040768584114,1.39838396823655,1.44741865332861,1.45568551074838),
 .UNSPECIFIED.);
#49=B_SPLINE_CURVE_WITH_KNOTS('',3,(#4217,#4218,#4219,#4220,#4221,#4222,
#4223,#4224,#4225,#4226,#4227,#4228,#4229,#4230,#4231,#4232,#4233,#4234,
#4235,#4236,#4237,#4238,#4239,#4240,#4241),.UNSPECIFIED.,.F.,.F.,(4,2,2,
2,2,3,2,2,2,2,2,4),(1.17490834761003,1.22738331201445,1.28653218044803,
1.30443939971676,1.31299687550563,1.31779575400101,1.32466736440958,1.33458159994509,
1.3604076858672,1.39838396826298,1.44741865335555,1.45568551077541),
 .UNSPECIFIED.);
#50=B_SPLINE_CURVE_WITH_KNOTS('',3,(#4245,#4246,#4247,#4248,#4249,#4250,
#4251,#4252,#4253,#4254,#4255,#4256,#4257,#4258,#4259,#4260,#4261,#4262,
#4263,#4264,#4265,#4266,#4267,#4268,#4269),.UNSPECIFIED.,.F.,.F.,(4,2,2,
2,2,3,2,2,2,2,2,4),(1.1749083476096,1.22738331201422,1.28653218044792,1.30443939971656,
1.31299687550543,1.31779575400078,1.32466736440935,1.33458159994487,1.36040768586698,
1.39838396826277,1.44741865335536,1.45568551077521),.UNSPECIFIED.);
#51=B_SPLINE_CURVE_WITH_KNOTS('',3,(#4273,#4274,#4275,#4276,#4277,#4278,
#4279,#4280,#4281,#4282,#4283,#4284,#4285,#4286,#4287,#4288,#4289,#4290,
#4291,#4292,#4293,#4294,#4295,#4296,#4297),.UNSPECIFIED.,.F.,.F.,(4,2,2,
2,2,3,2,2,2,2,2,4),(1.1749083476044,1.22738331200855,1.28653218044181,1.30443939971041,
1.31299687549923,1.3177957539946,1.32466736440316,1.33458159993865,1.36040768586075,
1.39838396825651,1.44741865334906,1.45568551076892),.UNSPECIFIED.);
#52=B_SPLINE_CURVE_WITH_KNOTS('',3,(#4301,#4302,#4303,#4304,#4305,#4306,
#4307,#4308,#4309,#4310,#4311,#4312,#4313,#4314,#4315,#4316,#4317,#4318,
#4319,#4320,#4321,#4322,#4323,#4324,#4325),.UNSPECIFIED.,.F.,.F.,(4,2,2,
2,2,3,2,2,2,2,2,4),(1.17490834763062,1.2273833120622,1.28653218050704,1.30443939975489,
1.31299687553969,1.31779575402789,1.32466736443649,1.33458159997214,1.36040768589513,
1.39838396829262,1.44741865338564,1.45568551080271),.UNSPECIFIED.);
#53=B_SPLINE_CURVE_WITH_KNOTS('',3,(#4329,#4330,#4331,#4332,#4333,#4334,
#4335,#4336,#4337,#4338,#4339,#4340,#4341,#4342,#4343,#4344,#4345,#4346,
#4347,#4348,#4349,#4350,#4351,#4352,#4353),.UNSPECIFIED.,.F.,.F.,(4,2,2,
2,2,3,2,2,2,2,2,4),(1.17490834760754,1.22738331201179,1.28653218044518,
1.30443939971385,1.31299687550269,1.31779575399807,1.32466736440664,1.33458159994218,
1.36040768586433,1.39838396826017,1.44741865335283,1.45568551077271),
 .UNSPECIFIED.);
#54=B_SPLINE_CURVE_WITH_KNOTS('',3,(#4357,#4358,#4359,#4360,#4361,#4362,
#4363,#4364,#4365,#4366,#4367,#4368,#4369,#4370,#4371,#4372,#4373,#4374,
#4375,#4376,#4377,#4378,#4379,#4380,#4381),.UNSPECIFIED.,.F.,.F.,(4,2,2,
2,2,3,2,2,2,2,2,4),(1.17490834759895,1.22738331200273,1.28653218043555,
1.30443939970402,1.31299687549277,1.31779575398813,1.32466736439668,1.33458159993215,
1.36040768585414,1.39838396824974,1.44741865334207,1.45568551076188),
 .UNSPECIFIED.);
#55=B_SPLINE_CURVE_WITH_KNOTS('',3,(#4385,#4386,#4387,#4388,#4389,#4390,
#4391,#4392,#4393,#4394,#4395,#4396,#4397,#4398,#4399,#4400,#4401,#4402,
#4403,#4404,#4405,#4406,#4407,#4408,#4409),.UNSPECIFIED.,.F.,.F.,(4,2,2,
2,2,3,2,2,2,2,2,4),(1.1749083476147,1.22738331201959,1.28653218045364,1.30443939972244,
1.31299687551138,1.31779575400676,1.32466736441533,1.33458159995087,1.36040768587311,
1.39838396826908,1.4474186533619,1.4556855107818),.UNSPECIFIED.);
#56=B_SPLINE_CURVE_WITH_KNOTS('',3,(#4413,#4414,#4415,#4416,#4417,#4418,
#4419,#4420,#4421,#4422,#4423,#4424,#4425,#4426,#4427,#4428,#4429,#4430,
#4431,#4432,#4433,#4434,#4435,#4436,#4437),.UNSPECIFIED.,.F.,.F.,(4,2,2,
2,2,3,2,2,2,2,2,4),(1.17490834761546,1.22738331202046,1.28653218045466,
1.30443939972352,1.31299687551248,1.31779575400787,1.32466736441644,1.33458159995196,
1.36040768587413,1.39838396827001,1.44741865336271,1.4556855107826),
 .UNSPECIFIED.);
#57=B_SPLINE_CURVE_WITH_KNOTS('',3,(#4441,#4442,#4443,#4444,#4445,#4446,
#4447,#4448,#4449,#4450,#4451,#4452,#4453,#4454,#4455,#4456,#4457,#4458,
#4459,#4460,#4461,#4462,#4463,#4464,#4465),.UNSPECIFIED.,.F.,.F.,(4,2,2,
2,2,3,2,2,2,2,2,4),(1.17490834760879,1.22738331201328,1.28653218044684,
1.30443939971542,1.31299687550426,1.3177957539996,1.32466736440817,1.3345815999437,
1.36040768586586,1.39838396826171,1.44741865335437,1.45568551077423),
 .UNSPECIFIED.);
#58=B_SPLINE_CURVE_WITH_KNOTS('',3,(#4469,#4470,#4471,#4472,#4473,#4474,
#4475,#4476,#4477,#4478,#4479,#4480,#4481,#4482,#4483,#4484,#4485,#4486,
#4487,#4488,#4489,#4490,#4491,#4492,#4493),.UNSPECIFIED.,.F.,.F.,(4,2,2,
2,2,3,2,2,2,2,2,4),(1.17490834760404,1.22738331200824,1.28653218044155,
1.30443939971025,1.3129968754991,1.31779575399449,1.32466736440305,1.33458159993852,
1.36040768586052,1.39838396825615,1.44741865334853,1.45568551076836),
 .UNSPECIFIED.);
#59=B_SPLINE_CURVE_WITH_KNOTS('',3,(#4500,#4501,#4502,#4503,#4504,#4505,
#4506,#4507,#4508,#4509,#4510,#4511,#4512,#4513,#4514,#4515,#4516,#4517,
#4518,#4519,#4520,#4521,#4522,#4523,#4524),.UNSPECIFIED.,.F.,.F.,(4,2,2,
2,2,3,2,2,2,2,2,4),(1.17490834760851,1.22738331201282,1.28653218044613,
1.30443939971468,1.31299687550347,1.3177957539988,1.32466736440739,1.33458159994295,
1.36040768586511,1.39838396826099,1.44741865335367,1.45568551077354),
 .UNSPECIFIED.);
#60=B_SPLINE_CURVE_WITH_KNOTS('',3,(#4528,#4529,#4530,#4531,#4532,#4533,
#4534,#4535,#4536,#4537,#4538,#4539,#4540,#4541,#4542,#4543,#4544,#4545,
#4546,#4547,#4548,#4549,#4550,#4551,#4552),.UNSPECIFIED.,.F.,.F.,(4,2,2,
2,2,3,2,2,2,2,2,4),(1.17490834761019,1.22738331201479,1.28653218044847,
1.30443939971713,1.31299687550598,1.31779575400133,1.32466736440991,1.33458159994545,
1.36040768586762,1.3983839682635,1.44741865335622,1.45568551077609),
 .UNSPECIFIED.);
#61=B_SPLINE_CURVE_WITH_KNOTS('',3,(#4560,#4561,#4562,#4563,#4564,#4565,
#4566,#4567,#4568,#4569),.UNSPECIFIED.,.F.,.F.,(4,2,2,2,4),(0.,0.0274108118723121,
0.0502351909031312,0.0668496179839015,0.0829320874828546),.UNSPECIFIED.);
#62=B_SPLINE_CURVE_WITH_KNOTS('',3,(#4573,#4574,#4575,#4576,#4577,#4578,
#4579,#4580,#4581,#4582,#4583,#4584,#4585,#4586,#4587,#4588,#4589,#4590,
#4591,#4592,#4593,#4594,#4595,#4596,#4597,#4598,#4599,#4600,#4601,#4602,
#4603,#4604,#4605,#4606,#4607,#4608,#4609,#4610,#4611,#4612),
 .UNSPECIFIED.,.F.,.F.,(4,3,3,3,3,3,3,3,3,3,3,3,3,4),(0.,0.00731114368316769,
0.0150156501651475,0.017126038306174,0.0245975087610727,0.0325645956319162,
0.0357060818914312,0.0388721899252144,0.0464775837420611,0.0545694976096587,
0.0572749374037359,0.0659810418839004,0.0751161120293765,0.0823159322128539),
 .UNSPECIFIED.);
#63=B_SPLINE_CURVE_WITH_KNOTS('',3,(#4622,#4623,#4624,#4625,#4626,#4627,
#4628,#4629,#4630,#4631),.UNSPECIFIED.,.F.,.F.,(4,2,2,2,4),(0.,0.0274108118722985,
0.0502351909031141,0.0668496179838847,0.0829320874828687),.UNSPECIFIED.);
#64=B_SPLINE_CURVE_WITH_KNOTS('',3,(#4635,#4636,#4637,#4638,#4639,#4640,
#4641,#4642,#4643,#4644,#4645,#4646,#4647,#4648,#4649,#4650,#4651,#4652,
#4653,#4654,#4655,#4656,#4657,#4658,#4659,#4660,#4661,#4662,#4663,#4664,
#4665,#4666,#4667,#4668,#4669,#4670,#4671,#4672,#4673,#4674),
 .UNSPECIFIED.,.F.,.F.,(4,3,3,3,3,3,3,3,3,3,3,3,3,4),(0.,0.00730824907609528,
0.0150097869695195,0.0171261042565164,0.0245969493192177,0.0325648611668278,
0.0357063863445836,0.0388721918321668,0.0464801626940764,0.054575401752282,
0.057275757265768,0.0659850095424813,0.0751216412214971,0.0823159305018839),
 .UNSPECIFIED.);
#65=B_SPLINE_CURVE_WITH_KNOTS('',3,(#4684,#4685,#4686,#4687,#4688,#4689,
#4690,#4691,#4692,#4693),.UNSPECIFIED.,.F.,.F.,(4,2,2,2,4),(0.,0.0274109607976785,
0.0502354426917628,0.0668501154625054,0.0829320910074845),.UNSPECIFIED.);
#66=B_SPLINE_CURVE_WITH_KNOTS('',3,(#4697,#4698,#4699,#4700,#4701,#4702,
#4703,#4704,#4705,#4706,#4707,#4708,#4709,#4710,#4711,#4712,#4713,#4714,
#4715,#4716,#4717,#4718,#4719,#4720,#4721,#4722,#4723,#4724,#4725,#4726,
#4727,#4728,#4729,#4730,#4731,#4732,#4733,#4734,#4735,#4736),
 .UNSPECIFIED.,.F.,.F.,(4,3,3,3,3,3,3,3,3,3,3,3,3,4),(0.,0.00730886132603568,
0.0150110469350159,0.0171261600623244,0.0245977305957385,0.0325664456954727,
0.0357066439839202,0.0388721934459624,0.0464784504835514,0.0545719330322024,
0.0572764511303306,0.0659840389034159,0.0751197454695031,0.0823159290537542),
 .UNSPECIFIED.);
#67=B_SPLINE_CURVE_WITH_KNOTS('',3,(#4746,#4747,#4748,#4749,#4750,#4751,
#4752,#4753,#4754,#4755),.UNSPECIFIED.,.F.,.F.,(4,2,2,2,4),(0.,0.0274109988058686,
0.0502355069531902,0.0668502424623281,0.0829320919071788),.UNSPECIFIED.);
#68=B_SPLINE_CURVE_WITH_KNOTS('',3,(#4759,#4760,#4761,#4762,#4763,#4764,
#4765,#4766,#4767,#4768,#4769,#4770,#4771,#4772,#4773,#4774,#4775,#4776,
#4777,#4778,#4779,#4780,#4781,#4782,#4783,#4784,#4785,#4786,#4787,#4788,
#4789,#4790,#4791,#4792,#4793,#4794,#4795,#4796,#4797,#4798),
 .UNSPECIFIED.,.F.,.F.,(4,3,3,3,3,3,3,3,3,3,3,3,3,4),(0.,0.0073081467573069,
0.0150095814948131,0.017126227938345,0.0245969554734003,0.0325647330047044,
0.0357069573694766,0.0388721954089971,0.0464804628915776,0.0545760354089483,
0.0572772952119884,0.0659869266925937,0.0751237877370934,0.0823159272919269),
 .UNSPECIFIED.);
#69=B_SPLINE_CURVE_WITH_KNOTS('',3,(#4808,#4809,#4810,#4811,#4812,#4813,
#4814,#4815,#4816,#4817),.UNSPECIFIED.,.F.,.F.,(4,2,2,2,4),(0.,0.0274109757674874,
0.0502354680015769,0.0668501654806824,0.0829320913618283),.UNSPECIFIED.);
#70=B_SPLINE_CURVE_WITH_KNOTS('',3,(#4821,#4822,#4823,#4824,#4825,#4826,
#4827,#4828,#4829,#4830,#4831,#4832,#4833,#4834,#4835,#4836,#4837,#4838,
#4839,#4840,#4841,#4842,#4843,#4844,#4845,#4846,#4847,#4848,#4849,#4850,
#4851,#4852,#4853,#4854,#4855,#4856,#4857,#4858,#4859,#4860),
 .UNSPECIFIED.,.F.,.F.,(4,3,3,3,3,3,3,3,3,3,3,3,3,4),(0.,0.00730910655313513,
0.0150115518868429,0.0171262153655945,0.0245980776897404,0.0325671188735107,
0.0357068993189433,0.0388721950453742,0.0464777657437404,0.0545705500662706,
0.0572771388501202,0.0659840735488486,0.0751194134130088,0.0823159276183331),
 .UNSPECIFIED.);
#71=B_SPLINE_CURVE_WITH_KNOTS('',3,(#4870,#4871,#4872,#4873,#4874,#4875,
#4876,#4877,#4878,#4879),.UNSPECIFIED.,.F.,.F.,(4,2,2,2,4),(0.,0.0274109130915231,
0.0502353620342392,0.0668499560783999,0.0829320898783154),.UNSPECIFIED.);
#72=B_SPLINE_CURVE_WITH_KNOTS('',3,(#4883,#4884,#4885,#4886,#4887,#4888,
#4889,#4890,#4891,#4892,#4893,#4894,#4895,#4896,#4897,#4898,#4899,#4900,
#4901,#4902,#4903,#4904,#4905,#4906,#4907,#4908,#4909,#4910,#4911,#4912,
#4913,#4914,#4915,#4916,#4917,#4918,#4919,#4920,#4921,#4922),
 .UNSPECIFIED.,.F.,.F.,(4,3,3,3,3,3,3,3,3,3,3,3,3,4),(0.,0.00730816679820177,
0.0150096198979401,0.0171261035117953,0.0245968506559874,0.0325646467544772,
0.0357063829065258,0.0388721918106297,0.0464803973870742,0.0545758827097753,
0.0572757480069169,0.0659852506340829,0.0751220383148013,0.0823159305212051),
 .UNSPECIFIED.);
#73=B_SPLINE_CURVE_WITH_KNOTS('',3,(#4932,#4933,#4934,#4935,#4936,#4937,
#4938,#4939,#4940,#4941),.UNSPECIFIED.,.F.,.F.,(4,2,2,2,4),(0.,0.0274108118723161,
0.0502351909031358,0.0668496179839075,0.082932087482857),.UNSPECIFIED.);
#74=B_SPLINE_CURVE_WITH_KNOTS('',3,(#4945,#4946,#4947,#4948,#4949,#4950,
#4951,#4952,#4953,#4954,#4955,#4956,#4957,#4958,#4959,#4960,#4961,#4962,
#4963,#4964,#4965,#4966,#4967,#4968,#4969,#4970,#4971,#4972,#4973,#4974,
#4975,#4976,#4977,#4978,#4979,#4980,#4981,#4982,#4983,#4984),
 .UNSPECIFIED.,.F.,.F.,(4,3,3,3,3,3,3,3,3,3,3,3,3,4),(0.,0.00730933013262591,
0.0150120045947685,0.0171260460075192,0.0245981680285488,0.0325675045520929,
0.0357061174427656,0.0388721901478785,0.0464771194698005,0.0545692037693928,
0.0572750331354571,0.0659812117478314,0.0751161015021217,0.0823159320130549),
 .UNSPECIFIED.);
#75=B_SPLINE_CURVE_WITH_KNOTS('',3,(#4994,#4995,#4996,#4997,#4998,#4999,
#5000,#5001,#5002,#5003),.UNSPECIFIED.,.F.,.F.,(4,2,2,2,4),(0.,0.0274108118723329,
0.0502351909031577,0.0668496179839349,0.0829320874828675),.UNSPECIFIED.);
#76=B_SPLINE_CURVE_WITH_KNOTS('',3,(#5007,#5008,#5009,#5010,#5011,#5012,
#5013,#5014,#5015,#5016,#5017,#5018,#5019,#5020,#5021,#5022,#5023,#5024,
#5025,#5026,#5027,#5028,#5029,#5030,#5031,#5032,#5033,#5034,#5035,#5036,
#5037,#5038,#5039,#5040,#5041,#5042,#5043,#5044,#5045,#5046),
 .UNSPECIFIED.,.F.,.F.,(4,3,3,3,3,3,3,3,3,3,3,3,3,4),(0.,0.00731097437071644,
0.015015300848825,0.01712603830617,0.0245973099140208,0.0325641813846475,
0.0357060818914142,0.0388721899252048,0.046478053972821,0.0545704496583646,
0.0572749374036934,0.065981496824234,0.0751168075357252,0.0823159322128322),
 .UNSPECIFIED.);
#77=B_SPLINE_CURVE_WITH_KNOTS('',3,(#5056,#5057,#5058,#5059,#5060,#5061,
#5062,#5063,#5064,#5065),.UNSPECIFIED.,.F.,.F.,(4,2,2,2,4),(0.,0.0274108196779645,
0.0502352041000513,0.0668496440529372,0.0829320876675745),.UNSPECIFIED.);
#78=B_SPLINE_CURVE_WITH_KNOTS('',3,(#5069,#5070,#5071,#5072,#5073,#5074,
#5075,#5076,#5077,#5078,#5079,#5080,#5081,#5082,#5083,#5084,#5085,#5086,
#5087,#5088,#5089,#5090,#5091,#5092,#5093,#5094,#5095,#5096,#5097,#5098,
#5099,#5100,#5101,#5102,#5103,#5104,#5105,#5106,#5107,#5108),
 .UNSPECIFIED.,.F.,.F.,(4,3,3,3,3,3,3,3,3,3,3,3,3,4),(0.,0.00731247180186588,
0.0150183890863527,0.0171260383061659,0.0245990693408812,0.0325678556410435,
0.0357060818913915,0.0388721899252071,0.0464738867482997,0.0545620097508703,
0.0572749374036125,0.0659774522477948,0.0751106060968025,0.0823159322128395),
 .UNSPECIFIED.);
#79=B_SPLINE_CURVE_WITH_KNOTS('',3,(#5118,#5119,#5120,#5121,#5122,#5123,
#5124,#5125,#5126,#5127),.UNSPECIFIED.,.F.,.F.,(4,2,2,2,4),(0.,0.0274108779529542,
0.0502353026252807,0.0668498386964626,0.0829320890466768),.UNSPECIFIED.);
#80=B_SPLINE_CURVE_WITH_KNOTS('',3,(#5131,#5132,#5133,#5134,#5135,#5136,
#5137,#5138,#5139,#5140,#5141,#5142,#5143,#5144,#5145,#5146,#5147,#5148,
#5149,#5150,#5151,#5152,#5153,#5154,#5155,#5156,#5157,#5158,#5159,#5160,
#5161,#5162,#5163,#5164,#5165,#5166,#5167,#5168,#5169,#5170),
 .UNSPECIFIED.,.F.,.F.,(4,3,3,3,3,3,3,3,3,3,3,3,3,4),(0.,0.00731126919368926,
0.0150159122727967,0.0171261381924197,0.0245977587818143,0.0325650078920659,
0.0357065430149752,0.0388721928135063,0.0464772447747928,0.0545688288648883,
0.0572761791972338,0.0659820134180875,0.0751169496646108,0.0823159296212939),
 .UNSPECIFIED.);
#81=B_SPLINE_CURVE_WITH_KNOTS('',3,(#5180,#5181,#5182,#5183,#5184,#5185,
#5186,#5187,#5188,#5189),.UNSPECIFIED.,.F.,.F.,(4,2,2,2,4),(0.,0.0274109912650107,
0.0502354942036336,0.0668502172642822,0.0829320917286748),.UNSPECIFIED.);
#82=B_SPLINE_CURVE_WITH_KNOTS('',3,(#5193,#5194,#5195,#5196,#5197,#5198,
#5199,#5200,#5201,#5202,#5203,#5204,#5205,#5206,#5207,#5208,#5209,#5210,
#5211,#5212,#5213,#5214,#5215,#5216,#5217,#5218,#5219,#5220,#5221,#5222,
#5223,#5224,#5225,#5226,#5227,#5228,#5229,#5230,#5231,#5232),
 .UNSPECIFIED.,.F.,.F.,(4,3,3,3,3,3,3,3,3,3,3,3,3,4),(0.,0.00731244574171197,
0.0150183426963074,0.0171262000643775,0.0245992038519502,0.032567951743158,
0.0357068286716993,0.0388721946028302,0.0464739798640169,0.0545622313741677,
0.0572769485626067,0.06597966507074,0.0751129576283404,0.0823159280154958),
 .UNSPECIFIED.);
#83=B_SPLINE_CURVE_WITH_KNOTS('',3,(#5242,#5243,#5244,#5245,#5246,#5247,
#5248,#5249,#5250,#5251),.UNSPECIFIED.,.F.,.F.,(4,2,2,2,4),(0.,0.0274110039982796,
0.0502355157321548,0.0668502598132266,0.0829320920300953),.UNSPECIFIED.);
#84=B_SPLINE_CURVE_WITH_KNOTS('',3,(#5255,#5256,#5257,#5258,#5259,#5260,
#5261,#5262,#5263,#5264,#5265,#5266,#5267,#5268,#5269,#5270,#5271,#5272,
#5273,#5274,#5275,#5276,#5277,#5278,#5279,#5280,#5281,#5282,#5283,#5284,
#5285,#5286,#5287,#5288,#5289,#5290,#5291,#5292,#5293,#5294),
 .UNSPECIFIED.,.F.,.F.,(4,3,3,3,3,3,3,3,3,3,3,3,3,4),(0.,0.00730854726980898,
0.0150104033184656,0.0171262228113244,0.0245974240118452,0.0325657298532525,
0.0357069336970443,0.0388721952607283,0.0464793371237494,0.0545737451051927,
0.0572772314487588,0.0659857342940857,0.0751219561895906,0.0823159274250665),
 .UNSPECIFIED.);
#85=B_SPLINE_CURVE_WITH_KNOTS('',3,(#5304,#5305,#5306,#5307,#5308,#5309,
#5310,#5311,#5312,#5313),.UNSPECIFIED.,.F.,.F.,(4,2,2,2,4),(0.,0.0274109352474921,
0.0502353994936251,0.0668500300977793,0.0829320904027187),.UNSPECIFIED.);
#86=B_SPLINE_CURVE_WITH_KNOTS('',3,(#5317,#5318,#5319,#5320,#5321,#5322,
#5323,#5324,#5325,#5326,#5327,#5328,#5329,#5330,#5331,#5332,#5333,#5334,
#5335,#5336,#5337,#5338,#5339,#5340,#5341,#5342,#5343,#5344,#5345,#5346,
#5347,#5348,#5349,#5350,#5351,#5352,#5353,#5354,#5355,#5356),
 .UNSPECIFIED.,.F.,.F.,(4,3,3,3,3,3,3,3,3,3,3,3,3,4),(0.,0.00730927469208089,
0.0150118965700481,0.0171261852850854,0.0245982454490653,0.0325675063101855,
0.035706760435392,0.0388721941753792,0.0464772909990053,0.054569580357658,
0.0572767647734428,0.0659832111227469,0.0751182756594018,0.0823159283990603),
 .UNSPECIFIED.);
#87=B_SPLINE_CURVE_WITH_KNOTS('',3,(#5366,#5367,#5368,#5369,#5370,#5371,
#5372,#5373,#5374,#5375),.UNSPECIFIED.,.F.,.F.,(4,2,2,2,4),(0.,0.0274108787075782,
0.0502353039011149,0.0668498412171473,0.0829320890645379),.UNSPECIFIED.);
#88=B_SPLINE_CURVE_WITH_KNOTS('',3,(#5379,#5380,#5381,#5382,#5383,#5384,
#5385,#5386,#5387,#5388,#5389,#5390,#5391,#5392,#5393,#5394,#5395,#5396,
#5397,#5398,#5399,#5400,#5401,#5402,#5403,#5404,#5405,#5406,#5407,#5408,
#5409,#5410,#5411,#5412,#5413,#5414,#5415,#5416,#5417,#5418),
 .UNSPECIFIED.,.F.,.F.,(4,3,3,3,3,3,3,3,3,3,3,3,3,4),(0.,0.0073086131405683,
0.0150105338423379,0.0171260383061563,0.0245973115498129,0.0325656952547404,
0.0357060818913456,0.0388721899251919,0.0464791371205191,0.0545733081144711,
0.0572749374034786,0.0659831405097203,0.0751191868633933,0.0823159322128022),
 .UNSPECIFIED.);
#89=B_SPLINE_CURVE_WITH_KNOTS('',3,(#5430,#5431,#5432,#5433,#5434,#5435,
#5436,#5437,#5438,#5439,#5440,#5441),.UNSPECIFIED.,.F.,.F.,(4,2,2,2,2,4),
(-0.000446283421933272,0.,0.0203587022918092,0.0400003194251859,0.0594579364436145,
0.0788323742950363),.UNSPECIFIED.);
#90=B_SPLINE_CURVE_WITH_KNOTS('',3,(#5467,#5468,#5469,#5470,#5471),
 .UNSPECIFIED.,.F.,.F.,(4,1,4),(-0.367031591718728,-0.157299253593741,-5.55337097133862E-18),
 .UNSPECIFIED.);
#91=B_SPLINE_CURVE_WITH_KNOTS('',3,(#5472,#5473,#5474,#5475,#5476),
 .UNSPECIFIED.,.F.,.F.,(4,1,4),(5.55337097133862E-18,0.157299253593741,
0.337369851346394),.UNSPECIFIED.);
#92=B_SPLINE_CURVE_WITH_KNOTS('',3,(#5482,#5483,#5484,#5485,#5486,#5487,
#5488,#5489,#5490,#5491,#5492,#5493),.UNSPECIFIED.,.F.,.F.,(4,2,2,2,2,4),
(-0.158111032010925,-0.157664748588995,-0.137306046297308,-0.117664429164073,
-0.0982068121457833,-0.0788323742944995),.UNSPECIFIED.);
#93=B_SPLINE_CURVE_WITH_KNOTS('',3,(#5520,#5521,#5522,#5523,#5524),
 .UNSPECIFIED.,.F.,.F.,(4,1,4),(0.0296617445656917,0.209732338184399,0.367031591822698),
 .UNSPECIFIED.);
#94=B_SPLINE_CURVE_WITH_KNOTS('',3,(#5527,#5528,#5529,#5530,#5531),
 .UNSPECIFIED.,.F.,.F.,(4,1,4),(-0.367031591822698,-0.209732338184399,-2.1876181140593E-16),
 .UNSPECIFIED.);
#95=B_SPLINE_CURVE_WITH_KNOTS('',3,(#5548,#5549,#5550,#5551,#5552,#5553,
#5554,#5555,#5556,#5557,#5558,#5559),.UNSPECIFIED.,.F.,.F.,(4,2,2,2,2,4),
(-0.0004462834219623,0.,0.0203587022910927,0.0400003194236998,0.0594579364413674,
0.078832374292033),.UNSPECIFIED.);
#96=B_SPLINE_CURVE_WITH_KNOTS('',3,(#5585,#5586,#5587,#5588,#5589),
 .UNSPECIFIED.,.F.,.F.,(4,1,4),(-0.367031591543843,-0.15729925351879,0.),
 .UNSPECIFIED.);
#97=B_SPLINE_CURVE_WITH_KNOTS('',3,(#5590,#5591,#5592,#5593,#5594),
 .UNSPECIFIED.,.F.,.F.,(4,1,4),(0.,0.15729925351879,0.337369848740767),
 .UNSPECIFIED.);
#98=B_SPLINE_CURVE_WITH_KNOTS('',3,(#5600,#5601,#5602,#5603,#5604,#5605,
#5606,#5607,#5608,#5609,#5610,#5611),.UNSPECIFIED.,.F.,.F.,(4,2,2,2,2,4),
(-0.158111032009054,-0.157664748587178,-0.137306046295686,-0.117664429162682,
-0.098206812144618,-0.0788323742935572),.UNSPECIFIED.);
#99=B_SPLINE_CURVE_WITH_KNOTS('',3,(#5638,#5639,#5640,#5641,#5642),
 .UNSPECIFIED.,.F.,.F.,(4,1,4),(0.0296617402896819,0.209732337991176,0.367031591484557),
 .UNSPECIFIED.);
#100=B_SPLINE_CURVE_WITH_KNOTS('',3,(#5645,#5646,#5647,#5648,#5649),
 .UNSPECIFIED.,.F.,.F.,(4,1,4),(-0.367031591484557,-0.209732337991176,2.45995238226797E-16),
 .UNSPECIFIED.);
#101=B_SPLINE_CURVE_WITH_KNOTS('',3,(#5666,#5667,#5668,#5669,#5670,#5671,
#5672,#5673,#5674,#5675,#5676,#5677),.UNSPECIFIED.,.F.,.F.,(4,2,2,2,2,4),
(-0.000446283421776375,0.,0.0203587022917226,0.0400003194249422,0.0594579364432171,
0.0788323742944868),.UNSPECIFIED.);
#102=B_SPLINE_CURVE_WITH_KNOTS('',3,(#5703,#5704,#5705,#5706,#5707),
 .UNSPECIFIED.,.F.,.F.,(4,1,4),(-0.367031592659585,-0.20973233866262,-2.60341207776203E-16),
 .UNSPECIFIED.);
#103=B_SPLINE_CURVE_WITH_KNOTS('',3,(#5708,#5709,#5710,#5711,#5712),
 .UNSPECIFIED.,.F.,.F.,(4,1,4),(2.60341207776203E-16,0.20973233866262,0.337377749063685),
 .UNSPECIFIED.);
#104=B_SPLINE_CURVE_WITH_KNOTS('',3,(#5718,#5719,#5720,#5721,#5722,#5723,
#5724,#5725,#5726,#5727,#5728,#5729),.UNSPECIFIED.,.F.,.F.,(4,2,2,2,2,4),
(-0.158111032011828,-0.157664748589844,-0.137306046298031,-0.117664429164698,
-0.0982068121463118,-0.0788323742949303),.UNSPECIFIED.);
#105=B_SPLINE_CURVE_WITH_KNOTS('',3,(#5756,#5757,#5758,#5759,#5760),
 .UNSPECIFIED.,.F.,.F.,(4,1,4),(0.0296538352800264,0.157299253908067,0.367031592452157),
 .UNSPECIFIED.);
#106=B_SPLINE_CURVE_WITH_KNOTS('',3,(#5763,#5764,#5765,#5766,#5767),
 .UNSPECIFIED.,.F.,.F.,(4,1,4),(-0.367031592452157,-0.157299253908067,4.2517695495993E-16),
 .UNSPECIFIED.);
#107=B_SPLINE_CURVE_WITH_KNOTS('',3,(#5784,#5785,#5786,#5787,#5788,#5789,
#5790,#5791,#5792,#5793,#5794,#5795),.UNSPECIFIED.,.F.,.F.,(4,2,2,2,2,4),
(-0.000446283421880238,0.,0.0203587022916945,0.0400003194248827,0.0594579364431278,
0.0788323742943686),.UNSPECIFIED.);
#108=B_SPLINE_CURVE_WITH_KNOTS('',3,(#5821,#5822,#5823,#5824,#5825),
 .UNSPECIFIED.,.F.,.F.,(4,1,4),(-0.367031592452141,-0.209732338544081,-1.99067211410315E-16),
 .UNSPECIFIED.);
#109=B_SPLINE_CURVE_WITH_KNOTS('',3,(#5826,#5827,#5828,#5829,#5830),
 .UNSPECIFIED.,.F.,.F.,(4,1,4),(1.99067211410315E-16,0.209732338544081,
0.337377783870653),.UNSPECIFIED.);
#110=B_SPLINE_CURVE_WITH_KNOTS('',3,(#5836,#5837,#5838,#5839,#5840,#5841,
#5842,#5843,#5844,#5845,#5846,#5847),.UNSPECIFIED.,.F.,.F.,(4,2,2,2,2,4),
(-0.158111032003739,-0.157664748581876,-0.137306046291034,-0.117664429158716,
-0.0982068121413332,-0.0788323742909505),.UNSPECIFIED.);
#111=B_SPLINE_CURVE_WITH_KNOTS('',3,(#5874,#5875,#5876,#5877,#5878),
 .UNSPECIFIED.,.F.,.F.,(4,1,4),(0.0296617458275664,0.209732338662629,0.367031592659602),
 .UNSPECIFIED.);
#112=B_SPLINE_CURVE_WITH_KNOTS('',3,(#5881,#5882,#5883,#5884,#5885),
 .UNSPECIFIED.,.F.,.F.,(4,1,4),(-0.367031592659602,-0.209732338662629,2.94586890222249E-16),
 .UNSPECIFIED.);
#113=B_SPLINE_CURVE_WITH_KNOTS('',3,(#5902,#5903,#5904,#5905,#5906,#5907,
#5908,#5909,#5910,#5911,#5912,#5913),.UNSPECIFIED.,.F.,.F.,(4,2,2,2,2,4),
(-0.000446283421929441,0.,0.0203587022917667,0.0400003194250954,0.0594579364434787,
0.078832374294858),.UNSPECIFIED.);
#114=B_SPLINE_CURVE_WITH_KNOTS('',3,(#5939,#5940,#5941,#5942,#5943),
 .UNSPECIFIED.,.F.,.F.,(4,1,4),(-0.367031591484544,-0.157299253493376,-2.87035682410053E-16),
 .UNSPECIFIED.);
#115=B_SPLINE_CURVE_WITH_KNOTS('',3,(#5944,#5945,#5946,#5947,#5948),
 .UNSPECIFIED.,.F.,.F.,(4,1,4),(2.87035682410053E-16,0.157299253493376,
0.337369878004966),.UNSPECIFIED.);
#116=B_SPLINE_CURVE_WITH_KNOTS('',3,(#5954,#5955,#5956,#5957,#5958,#5959,
#5960,#5961,#5962,#5963,#5964,#5965),.UNSPECIFIED.,.F.,.F.,(4,2,2,2,2,4),
(-0.158111032013844,-0.157664748591901,-0.137306046299906,-0.117664429166288,
-0.0982068121476192,-0.0788323742959576),.UNSPECIFIED.);
#117=B_SPLINE_CURVE_WITH_KNOTS('',3,(#5992,#5993,#5994,#5995,#5996),
 .UNSPECIFIED.,.F.,.F.,(4,1,4),(0.029653806099371,0.157299253518796,0.367031591543858),
 .UNSPECIFIED.);
#118=B_SPLINE_CURVE_WITH_KNOTS('',3,(#5999,#6000,#6001,#6002,#6003),
 .UNSPECIFIED.,.F.,.F.,(4,1,4),(-0.367031591543858,-0.157299253518796,2.63677968348475E-16),
 .UNSPECIFIED.);
#119=B_SPLINE_CURVE_WITH_KNOTS('',3,(#6020,#6021,#6022,#6023,#6024,#6025,
#6026,#6027,#6028,#6029,#6030,#6031),.UNSPECIFIED.,.F.,.F.,(4,2,2,2,2,4),
(-0.000446283421934791,0.,0.0203587022918753,0.0400003194253263,0.0594579364438305,
0.0788323742953282),.UNSPECIFIED.);
#120=B_SPLINE_CURVE_WITH_KNOTS('',3,(#6057,#6058,#6059,#6060,#6061),
 .UNSPECIFIED.,.F.,.F.,(4,1,4),(-0.367031591822683,-0.157299253638293,0.),
 .UNSPECIFIED.);
#121=B_SPLINE_CURVE_WITH_KNOTS('',3,(#6062,#6063,#6064,#6065,#6066),
 .UNSPECIFIED.,.F.,.F.,(4,1,4),(0.,0.157299253638293,0.337369874145032),
 .UNSPECIFIED.);
#122=B_SPLINE_CURVE_WITH_KNOTS('',3,(#6072,#6073,#6074,#6075,#6076,#6077,
#6078,#6079,#6080,#6081,#6082,#6083),.UNSPECIFIED.,.F.,.F.,(4,2,2,2,2,4),
(-0.158111032011871,-0.157664748589941,-0.137306046298148,-0.117664429164791,
-0.0982068121463781,-0.0788323742949718),.UNSPECIFIED.);
#123=B_SPLINE_CURVE_WITH_KNOTS('',3,(#6110,#6111,#6112,#6113,#6114),
 .UNSPECIFIED.,.F.,.F.,(4,1,4),(0.0296538034798784,0.157299253593747,0.367031591718743),
 .UNSPECIFIED.);
#124=B_SPLINE_CURVE_WITH_KNOTS('',3,(#6117,#6118,#6119,#6120,#6121),
 .UNSPECIFIED.,.F.,.F.,(4,1,4),(-0.367031591718743,-0.157299253593747,-1.09746165699114E-17),
 .UNSPECIFIED.);
#125=B_SPLINE_CURVE_WITH_KNOTS('',3,(#6138,#6139,#6140,#6141,#6142,#6143,
#6144,#6145,#6146,#6147,#6148,#6149),.UNSPECIFIED.,.F.,.F.,(4,2,2,2,2,4),
(-0.000446283421888596,0.,0.020358702291847,0.0400003194252095,0.059457936443625,
0.078832374295035),.UNSPECIFIED.);
#126=B_SPLINE_CURVE_WITH_KNOTS('',3,(#6177,#6178,#6179,#6180,#6181,#6182,
#6183,#6184,#6185,#6186,#6187,#6188,#6189,#6190,#6191,#6192,#6193,#6194,
#6195,#6196,#6197,#6198,#6199,#6200,#6201,#6202,#6203,#6204,#6205,#6206,
#6207,#6208,#6209,#6210,#6211,#6212,#6213,#6214,#6215,#6216),
 .UNSPECIFIED.,.F.,.F.,(4,3,3,3,3,3,3,3,3,3,3,3,3,4),(0.,0.00730884569986983,
0.0150110074924764,0.0171260383061643,0.0245975878135267,0.0325662935195426,
0.0357060818913837,0.0388721899252058,0.0464784761354418,0.0545719560596159,
0.0572749374035889,0.0659824461448897,0.0751180694261658,0.082315932212836),
 .UNSPECIFIED.);
#127=B_SPLINE_CURVE_WITH_KNOTS('',3,(#6217,#6218,#6219,#6220,#6221),
 .UNSPECIFIED.,.F.,.F.,(4,1,4),(-0.367031592199817,-0.157299253799922,-1.28201981741144E-16),
 .UNSPECIFIED.);
#128=B_SPLINE_CURVE_WITH_KNOTS('',3,(#6222,#6223,#6224,#6225,#6226),
 .UNSPECIFIED.,.F.,.F.,(4,1,4),(1.28201981741144E-16,0.157299253799922,
0.33736987254085),.UNSPECIFIED.);
#129=B_SPLINE_CURVE_WITH_KNOTS('',3,(#6232,#6233,#6234,#6235,#6236,#6237,
#6238,#6239,#6240,#6241,#6242,#6243),.UNSPECIFIED.,.F.,.F.,(4,2,2,2,2,4),
(-0.158111032006891,-0.157664748585019,-0.137306046293811,-0.117664429161083,
-0.0982068121432945,-0.0788323742925081),.UNSPECIFIED.);
#130=B_SPLINE_CURVE_WITH_KNOTS('',3,(#6270,#6271,#6272,#6273,#6274),
 .UNSPECIFIED.,.F.,.F.,(4,1,4),(0.0296617179979716,0.209732338332069,0.367031592081121),
 .UNSPECIFIED.);
#131=B_SPLINE_CURVE_WITH_KNOTS('',3,(#6277,#6278,#6279,#6280,#6281),
 .UNSPECIFIED.,.F.,.F.,(4,1,4),(-0.367031592081121,-0.209732338332069,3.46944695195361E-16),
 .UNSPECIFIED.);
#132=B_SPLINE_CURVE_WITH_KNOTS('',3,(#6301,#6302,#6303,#6304,#6305,#6306,
#6307,#6308,#6309,#6310,#6311,#6312),.UNSPECIFIED.,.F.,.F.,(4,2,2,2,2,4),
(-0.000446283421886666,0.,0.0203587022918367,0.0400003194251876,0.0594579364435931,
0.0788323742949924),.UNSPECIFIED.);
#133=B_SPLINE_CURVE_WITH_KNOTS('',3,(#6338,#6339,#6340,#6341,#6342),
 .UNSPECIFIED.,.F.,.F.,(4,1,4),(-0.367031592568486,-0.157299253957922,0.),
 .UNSPECIFIED.);
#134=B_SPLINE_CURVE_WITH_KNOTS('',3,(#6343,#6344,#6345,#6346,#6347),
 .UNSPECIFIED.,.F.,.F.,(4,1,4),(0.,0.157299253957922,0.337369928871395),
 .UNSPECIFIED.);
#135=B_SPLINE_CURVE_WITH_KNOTS('',3,(#6353,#6354,#6355,#6356,#6357,#6358,
#6359,#6360,#6361,#6362,#6363,#6364),.UNSPECIFIED.,.F.,.F.,(4,2,2,2,2,4),
(-0.158111032012027,-0.157664748590093,-0.137306046298287,-0.117664429164908,
-0.098206812146475,-0.0788323742950481),.UNSPECIFIED.);
#136=B_SPLINE_CURVE_WITH_KNOTS('',3,(#6392,#6393,#6394,#6395,#6396,#6397,
#6398,#6399,#6400,#6401),.UNSPECIFIED.,.F.,.F.,(4,2,2,2,4),(0.,0.0274108118723373,
0.0502351909031638,0.066849617983939,0.0829320874828609),.UNSPECIFIED.);
#137=B_SPLINE_CURVE_WITH_KNOTS('',3,(#6403,#6404,#6405,#6406,#6407),
 .UNSPECIFIED.,.F.,.F.,(4,1,4),(0.0296537914891216,0.157299254047642,0.367031592777832),
 .UNSPECIFIED.);
#138=B_SPLINE_CURVE_WITH_KNOTS('',3,(#6410,#6411,#6412,#6413,#6414),
 .UNSPECIFIED.,.F.,.F.,(4,1,4),(-0.367031592777832,-0.157299254047642,1.03964748569383E-16),
 .UNSPECIFIED.);
#139=B_SPLINE_CURVE_WITH_KNOTS('',3,(#6434,#6435,#6436,#6437,#6438,#6439,
#6440,#6441,#6442,#6443,#6444,#6445),.UNSPECIFIED.,.F.,.F.,(4,2,2,2,2,4),
(-0.000446283421973376,0.,0.020358702291265,0.0400003194240722,0.0594579364419403,
0.0788323742928031),.UNSPECIFIED.);
#140=B_SPLINE_CURVE_WITH_KNOTS('',3,(#6450,#6451,#6452,#6453,#6454,#6455,
#6456,#6457,#6458,#6459,#6460,#6461),.UNSPECIFIED.,.F.,.F.,(4,2,2,2,2,4),
(-0.158111032011504,-0.157664748589574,-0.137306046297829,-0.117664429164518,
-0.0982068121461529,-0.0788323742947933),.UNSPECIFIED.);
#141=B_SPLINE_CURVE_WITH_KNOTS('',3,(#6489,#6490,#6491,#6492,#6493),
 .UNSPECIFIED.,.F.,.F.,(4,1,4),(0.0296616412077791,0.209732337946131,0.367031591405729),
 .UNSPECIFIED.);
#142=B_SPLINE_CURVE_WITH_KNOTS('',3,(#6496,#6497,#6498,#6499,#6500),
 .UNSPECIFIED.,.F.,.F.,(4,1,4),(-0.367031591405729,-0.209732337946131,-9.3270713170282E-17),
 .UNSPECIFIED.);
#143=B_SPLINE_CURVE_WITH_KNOTS('',3,(#6529,#6530,#6531,#6532,#6533),
 .UNSPECIFIED.,.F.,.F.,(4,1,4),(-0.367031591386429,-0.209732337935102,-3.62262729760764E-17),
 .UNSPECIFIED.);
#144=B_SPLINE_CURVE_WITH_KNOTS('',3,(#6534,#6535,#6536,#6537,#6538),
 .UNSPECIFIED.,.F.,.F.,(4,1,4),(3.62262729760764E-17,0.209732337935102,
0.337377895879778),.UNSPECIFIED.);
#145=B_SPLINE_CURVE_WITH_KNOTS('',3,(#6552,#6553,#6554,#6555,#6556,#6557,
#6558,#6559,#6560,#6561,#6562,#6563),.UNSPECIFIED.,.F.,.F.,(4,2,2,2,2,4),
(-0.000446283421931955,0.,0.0203587022918359,0.040000319425242,0.0594579364437027,
0.078832374295156),.UNSPECIFIED.);
#146=B_SPLINE_CURVE_WITH_KNOTS('',3,(#6568,#6569,#6570,#6571,#6572,#6573,
#6574,#6575,#6576,#6577,#6578,#6579),.UNSPECIFIED.,.F.,.F.,(4,2,2,2,2,4),
(-0.158111032012115,-0.157664748590183,-0.137306046298364,-0.117664429164974,
-0.0982068121465299,-0.0788323742950925),.UNSPECIFIED.);
#147=B_SPLINE_CURVE_WITH_KNOTS('',3,(#6607,#6608,#6609,#6610,#6611),
 .UNSPECIFIED.,.F.,.F.,(4,1,4),(0.0296616094985946,0.209732338363049,0.367031592135336),
 .UNSPECIFIED.);
#148=B_SPLINE_CURVE_WITH_KNOTS('',3,(#6614,#6615,#6616,#6617,#6618),
 .UNSPECIFIED.,.F.,.F.,(4,1,4),(-0.367031592135336,-0.209732338363049,-8.32667268468867E-17),
 .UNSPECIFIED.);
#149=B_SPLINE_CURVE_WITH_KNOTS('',3,(#6647,#6648,#6649,#6650,#6651),
 .UNSPECIFIED.,.F.,.F.,(4,1,4),(-0.36703159229288,-0.209732338453074,0.),
 .UNSPECIFIED.);
#150=B_SPLINE_CURVE_WITH_KNOTS('',3,(#6652,#6653,#6654,#6655,#6656),
 .UNSPECIFIED.,.F.,.F.,(4,1,4),(0.,0.209732338453074,0.337377880145113),
 .UNSPECIFIED.);
#151=B_SPLINE_CURVE_WITH_KNOTS('',3,(#6670,#6671,#6672,#6673,#6674,#6675,
#6676,#6677,#6678,#6679,#6680,#6681),.UNSPECIFIED.,.F.,.F.,(4,2,2,2,2,4),
(-0.000446283421858252,0.,0.0203587022918505,0.0400003194252743,0.0594579364437511,
0.0788323742952216),.UNSPECIFIED.);
#152=B_SPLINE_CURVE_WITH_KNOTS('',3,(#6686,#6687,#6688,#6689,#6690,#6691,
#6692,#6693,#6694,#6695,#6696,#6697),.UNSPECIFIED.,.F.,.F.,(4,2,2,2,2,4),
(-0.158111032008014,-0.15766474858613,-0.137306046294789,-0.117664429161916,
-0.0982068121439837,-0.0788323742930554),.UNSPECIFIED.);
#153=B_SPLINE_CURVE_WITH_KNOTS('',3,(#6725,#6726,#6727,#6728,#6729),
 .UNSPECIFIED.,.F.,.F.,(4,1,4),(0.0296537423737749,0.157299253698495,0.367031591963154),
 .UNSPECIFIED.);
#154=B_SPLINE_CURVE_WITH_KNOTS('',3,(#6732,#6733,#6734,#6735,#6736),
 .UNSPECIFIED.,.F.,.F.,(4,1,4),(-0.367031591963154,-0.157299253698495,1.06717010108175E-16),
 .UNSPECIFIED.);
#155=B_SPLINE_CURVE_WITH_KNOTS('',3,(#6765,#6766,#6767,#6768,#6769),
 .UNSPECIFIED.,.F.,.F.,(4,1,4),(-0.367031591963139,-0.157299253698488,0.),
 .UNSPECIFIED.);
#156=B_SPLINE_CURVE_WITH_KNOTS('',3,(#6770,#6771,#6772,#6773,#6774),
 .UNSPECIFIED.,.F.,.F.,(4,1,4),(0.,0.157299253698488,0.337369914910889),
 .UNSPECIFIED.);
#157=B_SPLINE_CURVE_WITH_KNOTS('',3,(#6788,#6789,#6790,#6791,#6792,#6793,
#6794,#6795,#6796,#6797,#6798,#6799),.UNSPECIFIED.,.F.,.F.,(4,2,2,2,2,4),
(-0.000446283421933055,0.,0.0203587022918189,0.040000319425207,0.0594579364436473,
0.0788323742950809),.UNSPECIFIED.);
#158=B_SPLINE_CURVE_WITH_KNOTS('',3,(#6804,#6805,#6806,#6807,#6808,#6809,
#6810,#6811,#6812,#6813,#6814,#6815),.UNSPECIFIED.,.F.,.F.,(4,2,2,2,2,4),
(-0.158111032012777,-0.157664748590842,-0.137306046298937,-0.117664429165464,
-0.0982068121469354,-0.0788323742954148),.UNSPECIFIED.);
#159=B_SPLINE_CURVE_WITH_KNOTS('',3,(#6843,#6844,#6845,#6846,#6847),
 .UNSPECIFIED.,.F.,.F.,(4,1,4),(0.0296538408817238,0.157299253799929,0.367031592199833),
 .UNSPECIFIED.);
#160=B_SPLINE_CURVE_WITH_KNOTS('',3,(#6850,#6851,#6852,#6853,#6854),
 .UNSPECIFIED.,.F.,.F.,(4,1,4),(-0.367031592199833,-0.157299253799929,-1.80411241501588E-16),
 .UNSPECIFIED.);
#161=B_SPLINE_CURVE_WITH_KNOTS('',3,(#6883,#6884,#6885,#6886,#6887),
 .UNSPECIFIED.,.F.,.F.,(4,1,4),(-0.367031592081105,-0.157299253749045,0.),
 .UNSPECIFIED.);
#162=B_SPLINE_CURVE_WITH_KNOTS('',3,(#6888,#6889,#6890,#6891,#6892),
 .UNSPECIFIED.,.F.,.F.,(4,1,4),(0.,0.157299253749045,0.337369846450011),
 .UNSPECIFIED.);
#163=B_SPLINE_CURVE_WITH_KNOTS('',3,(#6906,#6907,#6908,#6909,#6910,#6911,
#6912,#6913,#6914,#6915,#6916,#6917),.UNSPECIFIED.,.F.,.F.,(4,2,2,2,2,4),
(-0.00044628342188746,0.,0.0203587022918541,0.0400003194252245,0.0594579364436497,
0.0788323742950668),.UNSPECIFIED.);
#164=B_SPLINE_CURVE_WITH_KNOTS('',3,(#6922,#6923,#6924,#6925,#6926,#6927,
#6928,#6929,#6930,#6931,#6932,#6933),.UNSPECIFIED.,.F.,.F.,(4,2,2,2,2,4),
(-0.158111032012373,-0.157664748590388,-0.13730604629851,-0.117664429165106,
-0.0982068121466475,-0.0788323742951966),.UNSPECIFIED.);
#165=B_SPLINE_CURVE_WITH_KNOTS('',3,(#6961,#6962,#6963,#6964,#6965),
 .UNSPECIFIED.,.F.,.F.,(4,1,4),(0.0296617078733027,0.209732338610573,0.367031592568503),
 .UNSPECIFIED.);
#166=B_SPLINE_CURVE_WITH_KNOTS('',3,(#6968,#6969,#6970,#6971,#6972),
 .UNSPECIFIED.,.F.,.F.,(4,1,4),(-0.367031592568503,-0.209732338610573,3.88353593682139E-16),
 .UNSPECIFIED.);
#167=B_SPLINE_CURVE_WITH_KNOTS('',3,(#7001,#7002,#7003,#7004,#7005),
 .UNSPECIFIED.,.F.,.F.,(4,1,4),(-0.367031592777815,-0.20973233873018,-2.04295984184511E-16),
 .UNSPECIFIED.);
#168=B_SPLINE_CURVE_WITH_KNOTS('',3,(#7006,#7007,#7008,#7009,#7010),
 .UNSPECIFIED.,.F.,.F.,(4,1,4),(2.04295984184511E-16,0.20973233873018,0.337377765698424),
 .UNSPECIFIED.);
#169=B_SPLINE_CURVE_WITH_KNOTS('',3,(#7024,#7025,#7026,#7027,#7028,#7029,
#7030,#7031,#7032,#7033,#7034,#7035),.UNSPECIFIED.,.F.,.F.,(4,2,2,2,2,4),
(-0.000446283421931188,0.,0.0203587022918023,0.04000031942517,0.0594579364435924,
0.0788323742950089),.UNSPECIFIED.);
#170=B_SPLINE_CURVE_WITH_KNOTS('',3,(#7040,#7041,#7042,#7043,#7044,#7045,
#7046,#7047,#7048,#7049,#7050,#7051),.UNSPECIFIED.,.F.,.F.,(4,2,2,2,2,4),
(-0.15811103201165,-0.157664748589721,-0.137306046297952,-0.117664429164623,
-0.0982068121462387,-0.0788323742948621),.UNSPECIFIED.);
#171=B_SPLINE_CURVE_WITH_KNOTS('',3,(#7079,#7080,#7081,#7082,#7083),
 .UNSPECIFIED.,.F.,.F.,(4,1,4),(0.0296616746624861,0.20973233793511,0.367031591386443),
 .UNSPECIFIED.);
#172=B_SPLINE_CURVE_WITH_KNOTS('',3,(#7086,#7087,#7088,#7089,#7090),
 .UNSPECIFIED.,.F.,.F.,(4,1,4),(-0.367031591386443,-0.20973233793511,1.38777878078145E-16),
 .UNSPECIFIED.);
#173=B_SPLINE_CURVE_WITH_KNOTS('',3,(#7119,#7120,#7121,#7122,#7123),
 .UNSPECIFIED.,.F.,.F.,(4,1,4),(-0.367031591405716,-0.157299253459593,-7.89982551697951E-17),
 .UNSPECIFIED.);
#174=B_SPLINE_CURVE_WITH_KNOTS('',3,(#7124,#7125,#7126,#7127,#7128),
 .UNSPECIFIED.,.F.,.F.,(4,1,4),(7.89982551697951E-17,0.157299253459593,
0.337369898394905),.UNSPECIFIED.);
#175=B_SPLINE_CURVE_WITH_KNOTS('',3,(#7198,#7199,#7200,#7201,#7202,#7203,
#7204,#7205,#7206,#7207,#7208,#7209),.UNSPECIFIED.,.F.,.F.,(4,2,2,2,2,4),
(-0.000446283421972324,0.,0.0203587022912506,0.0400003194240426,0.0594579364418951,
0.0788323742927433),.UNSPECIFIED.);
#176=B_SPLINE_CURVE_WITH_KNOTS('',3,(#7235,#7236,#7237,#7238,#7239),
 .UNSPECIFIED.,.F.,.F.,(4,1,4),(-0.367031592135321,-0.15729925377228,-1.05646895723496E-16),
 .UNSPECIFIED.);
#177=B_SPLINE_CURVE_WITH_KNOTS('',3,(#7240,#7241,#7242,#7243,#7244),
 .UNSPECIFIED.,.F.,.F.,(4,1,4),(1.05646895723496E-16,0.15729925377228,0.337369918050214),
 .UNSPECIFIED.);
#178=B_SPLINE_CURVE_WITH_KNOTS('',3,(#7250,#7251,#7252,#7253,#7254,#7255,
#7256,#7257,#7258,#7259,#7260,#7261),.UNSPECIFIED.,.F.,.F.,(4,2,2,2,2,4),
(-0.15811103201237,-0.157664748590437,-0.137306046298583,-0.11766442916516,
-0.0982068121466846,-0.0788323742952163),.UNSPECIFIED.);
#179=B_SPLINE_CURVE_WITH_KNOTS('',3,(#7288,#7289,#7290,#7291,#7292),
 .UNSPECIFIED.,.F.,.F.,(4,1,4),(0.0296616789162835,0.209732338453083,0.367031592292896),
 .UNSPECIFIED.);
#180=B_SPLINE_CURVE_WITH_KNOTS('',3,(#7295,#7296,#7297,#7298,#7299),
 .UNSPECIFIED.,.F.,.F.,(4,1,4),(-0.367031592292896,-0.209732338453083,2.77555756156289E-17),
 .UNSPECIFIED.);
#181=TOROIDAL_SURFACE('',#2975,8.,2.);
#182=TOROIDAL_SURFACE('',#2982,9.,1.);
#183=TOROIDAL_SURFACE('',#3058,1.,0.5);
#184=TOROIDAL_SURFACE('',#3068,1.,0.5);
#185=TOROIDAL_SURFACE('',#3078,1.,0.5);
#186=TOROIDAL_SURFACE('',#3088,1.,0.5);
#187=TOROIDAL_SURFACE('',#3098,1.,0.5);
#188=TOROIDAL_SURFACE('',#3108,1.,0.5);
#189=TOROIDAL_SURFACE('',#3118,1.,0.5);
#190=TOROIDAL_SURFACE('',#3129,1.,0.5);
#191=TOROIDAL_SURFACE('',#3140,1.,0.5);
#192=TOROIDAL_SURFACE('',#3150,1.,0.5);
#193=TOROIDAL_SURFACE('',#3160,1.,0.5);
#194=TOROIDAL_SURFACE('',#3170,1.,0.5);
#195=TOROIDAL_SURFACE('',#3180,1.,0.5);
#196=TOROIDAL_SURFACE('',#3190,1.,0.5);
#197=TOROIDAL_SURFACE('',#3198,7.21410161513775,4.);
#198=TOROIDAL_SURFACE('',#3202,7.21410161513775,4.);
#199=TOROIDAL_SURFACE('',#3206,7.21410161513775,4.);
#200=TOROIDAL_SURFACE('',#3210,7.21410161513775,4.);
#201=TOROIDAL_SURFACE('',#3214,7.21410161513775,4.);
#202=TOROIDAL_SURFACE('',#3218,7.21410161513775,4.);
#203=TOROIDAL_SURFACE('',#3222,7.21410161513775,4.);
#204=TOROIDAL_SURFACE('',#3226,7.21410161513775,4.);
#205=TOROIDAL_SURFACE('',#3230,7.21410161513775,4.);
#206=TOROIDAL_SURFACE('',#3234,7.21410161513775,4.);
#207=TOROIDAL_SURFACE('',#3238,7.21410161513775,4.);
#208=TOROIDAL_SURFACE('',#3242,7.21410161513775,4.);
#209=TOROIDAL_SURFACE('',#3246,7.21410161513775,4.);
#210=TOROIDAL_SURFACE('',#3250,7.21410161513775,4.);
#211=TOROIDAL_SURFACE('',#3256,1.,0.5);
#212=TOROIDAL_SURFACE('',#3264,7.21410161513775,4.);
#213=FACE_BOUND('',#637,.T.);
#214=CIRCLE('',#2967,8.);
#215=CIRCLE('',#2976,10.);
#216=CIRCLE('',#2977,2.);
#217=CIRCLE('',#2978,10.);
#218=CIRCLE('',#2980,10.);
#219=CIRCLE('',#2981,10.);
#220=CIRCLE('',#2983,9.);
#221=CIRCLE('',#2984,9.);
#222=CIRCLE('',#2985,9.);
#223=CIRCLE('',#2986,9.);
#224=CIRCLE('',#2987,9.);
#225=CIRCLE('',#2988,9.);
#226=CIRCLE('',#2989,9.);
#227=CIRCLE('',#2990,9.);
#228=CIRCLE('',#2991,9.);
#229=CIRCLE('',#2992,9.);
#230=CIRCLE('',#2993,9.);
#231=CIRCLE('',#2994,9.);
#232=CIRCLE('',#2995,9.);
#233=CIRCLE('',#2996,1.);
#234=CIRCLE('',#2997,9.);
#235=CIRCLE('',#2998,9.);
#236=CIRCLE('',#2999,9.);
#237=CIRCLE('',#3001,1.5);
#238=CIRCLE('',#3002,3.75);
#239=CIRCLE('',#3003,1.5);
#240=CIRCLE('',#3005,1.5);
#241=CIRCLE('',#3006,3.75);
#242=CIRCLE('',#3007,1.5);
#243=CIRCLE('',#3009,1.5);
#244=CIRCLE('',#3010,3.75);
#245=CIRCLE('',#3011,1.5);
#246=CIRCLE('',#3013,1.5);
#247=CIRCLE('',#3014,3.75);
#248=CIRCLE('',#3015,1.5);
#249=CIRCLE('',#3017,1.5);
#250=CIRCLE('',#3018,3.75);
#251=CIRCLE('',#3019,1.5);
#252=CIRCLE('',#3021,1.5);
#253=CIRCLE('',#3022,3.75);
#254=CIRCLE('',#3023,1.5);
#255=CIRCLE('',#3025,1.5);
#256=CIRCLE('',#3026,3.75);
#257=CIRCLE('',#3027,1.5);
#258=CIRCLE('',#3029,1.5);
#259=CIRCLE('',#3030,3.75);
#260=CIRCLE('',#3031,1.5);
#261=CIRCLE('',#3033,1.5);
#262=CIRCLE('',#3034,3.75);
#263=CIRCLE('',#3035,1.5);
#264=CIRCLE('',#3037,1.5);
#265=CIRCLE('',#3038,3.75);
#266=CIRCLE('',#3039,1.5);
#267=CIRCLE('',#3041,1.5);
#268=CIRCLE('',#3042,3.75);
#269=CIRCLE('',#3043,1.5);
#270=CIRCLE('',#3045,1.5);
#271=CIRCLE('',#3046,3.75);
#272=CIRCLE('',#3047,1.5);
#273=CIRCLE('',#3049,1.5);
#274=CIRCLE('',#3050,3.75);
#275=CIRCLE('',#3051,1.5);
#276=CIRCLE('',#3053,1.5);
#277=CIRCLE('',#3054,3.75);
#278=CIRCLE('',#3055,1.5);
#279=CIRCLE('',#3057,0.5);
#280=CIRCLE('',#3059,1.5);
#281=CIRCLE('',#3060,1.);
#282=CIRCLE('',#3061,0.5);
#283=CIRCLE('',#3067,0.5);
#284=CIRCLE('',#3069,1.5);
#285=CIRCLE('',#3070,1.);
#286=CIRCLE('',#3071,0.5);
#287=CIRCLE('',#3077,0.5);
#288=CIRCLE('',#3079,1.5);
#289=CIRCLE('',#3080,1.);
#290=CIRCLE('',#3081,0.499999999999999);
#291=CIRCLE('',#3087,0.5);
#292=CIRCLE('',#3089,1.5);
#293=CIRCLE('',#3090,1.);
#294=CIRCLE('',#3091,0.5);
#295=CIRCLE('',#3097,0.500000000000001);
#296=CIRCLE('',#3099,1.5);
#297=CIRCLE('',#3100,1.);
#298=CIRCLE('',#3101,0.5);
#299=CIRCLE('',#3107,0.5);
#300=CIRCLE('',#3109,1.5);
#301=CIRCLE('',#3110,1.);
#302=CIRCLE('',#3111,0.5);
#303=CIRCLE('',#3117,0.500000000000001);
#304=CIRCLE('',#3119,1.5);
#305=CIRCLE('',#3120,1.);
#306=CIRCLE('',#3121,0.5);
#307=CIRCLE('',#3125,1.5);
#308=CIRCLE('',#3128,0.5);
#309=CIRCLE('',#3130,1.5);
#310=CIRCLE('',#3131,1.);
#311=CIRCLE('',#3132,0.5);
#312=CIRCLE('',#3136,1.5);
#313=CIRCLE('',#3139,0.5);
#314=CIRCLE('',#3141,1.);
#315=CIRCLE('',#3142,1.5);
#316=CIRCLE('',#3143,0.5);
#317=CIRCLE('',#3149,0.5);
#318=CIRCLE('',#3151,1.);
#319=CIRCLE('',#3152,1.5);
#320=CIRCLE('',#3153,0.5);
#321=CIRCLE('',#3159,0.5);
#322=CIRCLE('',#3161,1.);
#323=CIRCLE('',#3162,1.5);
#324=CIRCLE('',#3163,0.5);
#325=CIRCLE('',#3169,0.5);
#326=CIRCLE('',#3171,1.);
#327=CIRCLE('',#3172,1.5);
#328=CIRCLE('',#3173,0.5);
#329=CIRCLE('',#3179,0.5);
#330=CIRCLE('',#3181,1.);
#331=CIRCLE('',#3182,1.5);
#332=CIRCLE('',#3183,0.5);
#333=CIRCLE('',#3189,0.5);
#334=CIRCLE('',#3191,1.);
#335=CIRCLE('',#3192,1.5);
#336=CIRCLE('',#3193,0.500000000000001);
#337=CIRCLE('',#3199,3.75);
#338=CIRCLE('',#3200,7.21410161513776);
#339=CIRCLE('',#3203,3.75);
#340=CIRCLE('',#3204,7.21410161513776);
#341=CIRCLE('',#3207,3.75);
#342=CIRCLE('',#3208,7.21410161513775);
#343=CIRCLE('',#3211,3.75);
#344=CIRCLE('',#3212,7.21410161513775);
#345=CIRCLE('',#3215,3.75);
#346=CIRCLE('',#3216,7.21410161513776);
#347=CIRCLE('',#3219,3.75);
#348=CIRCLE('',#3220,7.21410161513776);
#349=CIRCLE('',#3223,3.75);
#350=CIRCLE('',#3224,7.21410161513776);
#351=CIRCLE('',#3227,3.75);
#352=CIRCLE('',#3228,7.21410161513776);
#353=CIRCLE('',#3231,3.75);
#354=CIRCLE('',#3232,7.21410161513775);
#355=CIRCLE('',#3235,3.75);
#356=CIRCLE('',#3236,7.21410161513775);
#357=CIRCLE('',#3239,3.75);
#358=CIRCLE('',#3240,7.21410161513775);
#359=CIRCLE('',#3243,3.75);
#360=CIRCLE('',#3244,7.21410161513776);
#361=CIRCLE('',#3247,3.75);
#362=CIRCLE('',#3248,7.21410161513775);
#363=CIRCLE('',#3251,3.75);
#364=CIRCLE('',#3252,7.21410161513775);
#365=CIRCLE('',#3255,0.5);
#366=CIRCLE('',#3257,1.5);
#367=CIRCLE('',#3258,1.);
#368=CIRCLE('',#3259,0.5);
#369=CIRCLE('',#3265,3.75);
#370=CIRCLE('',#3266,7.21410161513775);
#371=CIRCLE('',#3268,0.921572875253809);
#372=CIRCLE('',#3269,3.);
#373=CIRCLE('',#3270,3.75);
#374=CIRCLE('',#3271,3.75);
#375=PLANE('',#2964);
#376=PLANE('',#2965);
#377=PLANE('',#2966);
#378=PLANE('',#2968);
#379=PLANE('',#2969);
#380=PLANE('',#2970);
#381=PLANE('',#2971);
#382=PLANE('',#2972);
#383=PLANE('',#2973);
#384=PLANE('',#2974);
#385=PLANE('',#3000);
#386=PLANE('',#3004);
#387=PLANE('',#3008);
#388=PLANE('',#3012);
#389=PLANE('',#3016);
#390=PLANE('',#3020);
#391=PLANE('',#3024);
#392=PLANE('',#3028);
#393=PLANE('',#3032);
#394=PLANE('',#3036);
#395=PLANE('',#3040);
#396=PLANE('',#3044);
#397=PLANE('',#3048);
#398=PLANE('',#3052);
#399=PLANE('',#3063);
#400=PLANE('',#3065);
#401=PLANE('',#3073);
#402=PLANE('',#3075);
#403=PLANE('',#3083);
#404=PLANE('',#3085);
#405=PLANE('',#3093);
#406=PLANE('',#3095);
#407=PLANE('',#3103);
#408=PLANE('',#3105);
#409=PLANE('',#3113);
#410=PLANE('',#3115);
#411=PLANE('',#3123);
#412=PLANE('',#3126);
#413=PLANE('',#3134);
#414=PLANE('',#3137);
#415=PLANE('',#3145);
#416=PLANE('',#3147);
#417=PLANE('',#3155);
#418=PLANE('',#3157);
#419=PLANE('',#3165);
#420=PLANE('',#3167);
#421=PLANE('',#3175);
#422=PLANE('',#3177);
#423=PLANE('',#3185);
#424=PLANE('',#3187);
#425=PLANE('',#3195);
#426=PLANE('',#3197);
#427=PLANE('',#3201);
#428=PLANE('',#3205);
#429=PLANE('',#3209);
#430=PLANE('',#3213);
#431=PLANE('',#3217);
#432=PLANE('',#3221);
#433=PLANE('',#3225);
#434=PLANE('',#3229);
#435=PLANE('',#3233);
#436=PLANE('',#3237);
#437=PLANE('',#3241);
#438=PLANE('',#3245);
#439=PLANE('',#3249);
#440=PLANE('',#3253);
#441=PLANE('',#3261);
#442=PLANE('',#3263);
#443=PLANE('',#3267);
#444=PLANE('',#3272);
#445=PLANE('',#3273);
#446=FACE_OUTER_BOUND('',#630,.T.);
#447=FACE_OUTER_BOUND('',#631,.T.);
#448=FACE_OUTER_BOUND('',#632,.T.);
#449=FACE_OUTER_BOUND('',#633,.T.);
#450=FACE_OUTER_BOUND('',#634,.T.);
#451=FACE_OUTER_BOUND('',#635,.T.);
#452=FACE_OUTER_BOUND('',#636,.T.);
#453=FACE_OUTER_BOUND('',#638,.T.);
#454=FACE_OUTER_BOUND('',#639,.T.);
#455=FACE_OUTER_BOUND('',#640,.T.);
#456=FACE_OUTER_BOUND('',#641,.T.);
#457=FACE_OUTER_BOUND('',#642,.T.);
#458=FACE_OUTER_BOUND('',#643,.T.);
#459=FACE_OUTER_BOUND('',#644,.T.);
#460=FACE_OUTER_BOUND('',#645,.T.);
#461=FACE_OUTER_BOUND('',#646,.T.);
#462=FACE_OUTER_BOUND('',#647,.T.);
#463=FACE_OUTER_BOUND('',#648,.T.);
#464=FACE_OUTER_BOUND('',#649,.T.);
#465=FACE_OUTER_BOUND('',#650,.T.);
#466=FACE_OUTER_BOUND('',#651,.T.);
#467=FACE_OUTER_BOUND('',#652,.T.);
#468=FACE_OUTER_BOUND('',#653,.T.);
#469=FACE_OUTER_BOUND('',#654,.T.);
#470=FACE_OUTER_BOUND('',#655,.T.);
#471=FACE_OUTER_BOUND('',#656,.T.);
#472=FACE_OUTER_BOUND('',#657,.T.);
#473=FACE_OUTER_BOUND('',#658,.T.);
#474=FACE_OUTER_BOUND('',#659,.T.);
#475=FACE_OUTER_BOUND('',#660,.T.);
#476=FACE_OUTER_BOUND('',#661,.T.);
#477=FACE_OUTER_BOUND('',#662,.T.);
#478=FACE_OUTER_BOUND('',#663,.T.);
#479=FACE_OUTER_BOUND('',#664,.T.);
#480=FACE_OUTER_BOUND('',#665,.T.);
#481=FACE_OUTER_BOUND('',#666,.T.);
#482=FACE_OUTER_BOUND('',#667,.T.);
#483=FACE_OUTER_BOUND('',#668,.T.);
#484=FACE_OUTER_BOUND('',#669,.T.);
#485=FACE_OUTER_BOUND('',#670,.T.);
#486=FACE_OUTER_BOUND('',#671,.T.);
#487=FACE_OUTER_BOUND('',#672,.T.);
#488=FACE_OUTER_BOUND('',#673,.T.);
#489=FACE_OUTER_BOUND('',#674,.T.);
#490=FACE_OUTER_BOUND('',#675,.T.);
#491=FACE_OUTER_BOUND('',#676,.T.);
#492=FACE_OUTER_BOUND('',#677,.T.);
#493=FACE_OUTER_BOUND('',#678,.T.);
#494=FACE_OUTER_BOUND('',#679,.T.);
#495=FACE_OUTER_BOUND('',#680,.T.);
#496=FACE_OUTER_BOUND('',#681,.T.);
#497=FACE_OUTER_BOUND('',#682,.T.);
#498=FACE_OUTER_BOUND('',#683,.T.);
#499=FACE_OUTER_BOUND('',#684,.T.);
#500=FACE_OUTER_BOUND('',#685,.T.);
#501=FACE_OUTER_BOUND('',#686,.T.);
#502=FACE_OUTER_BOUND('',#687,.T.);
#503=FACE_OUTER_BOUND('',#688,.T.);
#504=FACE_OUTER_BOUND('',#689,.T.);
#505=FACE_OUTER_BOUND('',#690,.T.);
#506=FACE_OUTER_BOUND('',#691,.T.);
#507=FACE_OUTER_BOUND('',#692,.T.);
#508=FACE_OUTER_BOUND('',#693,.T.);
#509=FACE_OUTER_BOUND('',#694,.T.);
#510=FACE_OUTER_BOUND('',#695,.T.);
#511=FACE_OUTER_BOUND('',#696,.T.);
#512=FACE_OUTER_BOUND('',#697,.T.);
#513=FACE_OUTER_BOUND('',#698,.T.);
#514=FACE_OUTER_BOUND('',#699,.T.);
#515=FACE_OUTER_BOUND('',#700,.T.);
#516=FACE_OUTER_BOUND('',#701,.T.);
#517=FACE_OUTER_BOUND('',#702,.T.);
#518=FACE_OUTER_BOUND('',#703,.T.);
#519=FACE_OUTER_BOUND('',#704,.T.);
#520=FACE_OUTER_BOUND('',#705,.T.);
#521=FACE_OUTER_BOUND('',#706,.T.);
#522=FACE_OUTER_BOUND('',#707,.T.);
#523=FACE_OUTER_BOUND('',#708,.T.);
#524=FACE_OUTER_BOUND('',#709,.T.);
#525=FACE_OUTER_BOUND('',#710,.T.);
#526=FACE_OUTER_BOUND('',#711,.T.);
#527=FACE_OUTER_BOUND('',#712,.T.);
#528=FACE_OUTER_BOUND('',#713,.T.);
#529=FACE_OUTER_BOUND('',#714,.T.);
#530=FACE_OUTER_BOUND('',#715,.T.);
#531=FACE_OUTER_BOUND('',#716,.T.);
#532=FACE_OUTER_BOUND('',#717,.T.);
#533=FACE_OUTER_BOUND('',#718,.T.);
#534=FACE_OUTER_BOUND('',#719,.T.);
#535=FACE_OUTER_BOUND('',#720,.T.);
#536=FACE_OUTER_BOUND('',#721,.T.);
#537=FACE_OUTER_BOUND('',#722,.T.);
#538=FACE_OUTER_BOUND('',#723,.T.);
#539=FACE_OUTER_BOUND('',#724,.T.);
#540=FACE_OUTER_BOUND('',#725,.T.);
#541=FACE_OUTER_BOUND('',#726,.T.);
#542=FACE_OUTER_BOUND('',#727,.T.);
#543=FACE_OUTER_BOUND('',#728,.T.);
#544=FACE_OUTER_BOUND('',#729,.T.);
#545=FACE_OUTER_BOUND('',#730,.T.);
#546=FACE_OUTER_BOUND('',#731,.T.);
#547=FACE_OUTER_BOUND('',#732,.T.);
#548=FACE_OUTER_BOUND('',#733,.T.);
#549=FACE_OUTER_BOUND('',#734,.T.);
#550=FACE_OUTER_BOUND('',#735,.T.);
#551=FACE_OUTER_BOUND('',#736,.T.);
#552=FACE_OUTER_BOUND('',#737,.T.);
#553=FACE_OUTER_BOUND('',#738,.T.);
#554=FACE_OUTER_BOUND('',#739,.T.);
#555=FACE_OUTER_BOUND('',#740,.T.);
#556=FACE_OUTER_BOUND('',#741,.T.);
#557=FACE_OUTER_BOUND('',#742,.T.);
#558=FACE_OUTER_BOUND('',#743,.T.);
#559=FACE_OUTER_BOUND('',#744,.T.);
#560=FACE_OUTER_BOUND('',#745,.T.);
#561=FACE_OUTER_BOUND('',#746,.T.);
#562=FACE_OUTER_BOUND('',#747,.T.);
#563=FACE_OUTER_BOUND('',#748,.T.);
#564=FACE_OUTER_BOUND('',#749,.T.);
#565=FACE_OUTER_BOUND('',#750,.T.);
#566=FACE_OUTER_BOUND('',#751,.T.);
#567=FACE_OUTER_BOUND('',#752,.T.);
#568=FACE_OUTER_BOUND('',#753,.T.);
#569=FACE_OUTER_BOUND('',#754,.T.);
#570=FACE_OUTER_BOUND('',#755,.T.);
#571=FACE_OUTER_BOUND('',#756,.T.);
#572=FACE_OUTER_BOUND('',#757,.T.);
#573=FACE_OUTER_BOUND('',#758,.T.);
#574=FACE_OUTER_BOUND('',#759,.T.);
#575=FACE_OUTER_BOUND('',#760,.T.);
#576=FACE_OUTER_BOUND('',#761,.T.);
#577=FACE_OUTER_BOUND('',#762,.T.);
#578=FACE_OUTER_BOUND('',#763,.T.);
#579=FACE_OUTER_BOUND('',#764,.T.);
#580=FACE_OUTER_BOUND('',#765,.T.);
#581=FACE_OUTER_BOUND('',#766,.T.);
#582=FACE_OUTER_BOUND('',#767,.T.);
#583=FACE_OUTER_BOUND('',#768,.T.);
#584=FACE_OUTER_BOUND('',#769,.T.);
#585=FACE_OUTER_BOUND('',#770,.T.);
#586=FACE_OUTER_BOUND('',#771,.T.);
#587=FACE_OUTER_BOUND('',#772,.T.);
#588=FACE_OUTER_BOUND('',#773,.T.);
#589=FACE_OUTER_BOUND('',#774,.T.);
#590=FACE_OUTER_BOUND('',#775,.T.);
#591=FACE_OUTER_BOUND('',#776,.T.);
#592=FACE_OUTER_BOUND('',#777,.T.);
#593=FACE_OUTER_BOUND('',#778,.T.);
#594=FACE_OUTER_BOUND('',#779,.T.);
#595=FACE_OUTER_BOUND('',#780,.T.);
#596=FACE_OUTER_BOUND('',#781,.T.);
#597=FACE_OUTER_BOUND('',#782,.T.);
#598=FACE_OUTER_BOUND('',#783,.T.);
#599=FACE_OUTER_BOUND('',#784,.T.);
#600=FACE_OUTER_BOUND('',#785,.T.);
#601=FACE_OUTER_BOUND('',#786,.T.);
#602=FACE_OUTER_BOUND('',#787,.T.);
#603=FACE_OUTER_BOUND('',#788,.T.);
#604=FACE_OUTER_BOUND('',#789,.T.);
#605=FACE_OUTER_BOUND('',#790,.T.);
#606=FACE_OUTER_BOUND('',#791,.T.);
#607=FACE_OUTER_BOUND('',#792,.T.);
#608=FACE_OUTER_BOUND('',#793,.T.);
#609=FACE_OUTER_BOUND('',#794,.T.);
#610=FACE_OUTER_BOUND('',#795,.T.);
#611=FACE_OUTER_BOUND('',#796,.T.);
#612=FACE_OUTER_BOUND('',#797,.T.);
#613=FACE_OUTER_BOUND('',#798,.T.);
#614=FACE_OUTER_BOUND('',#799,.T.);
#615=FACE_OUTER_BOUND('',#800,.T.);
#616=FACE_OUTER_BOUND('',#801,.T.);
#617=FACE_OUTER_BOUND('',#802,.T.);
#618=FACE_OUTER_BOUND('',#803,.T.);
#619=FACE_OUTER_BOUND('',#804,.T.);
#620=FACE_OUTER_BOUND('',#805,.T.);
#621=FACE_OUTER_BOUND('',#806,.T.);
#622=FACE_OUTER_BOUND('',#807,.T.);
#623=FACE_OUTER_BOUND('',#808,.T.);
#624=FACE_OUTER_BOUND('',#809,.T.);
#625=FACE_OUTER_BOUND('',#810,.T.);
#626=FACE_OUTER_BOUND('',#811,.T.);
#627=FACE_OUTER_BOUND('',#812,.T.);
#628=FACE_OUTER_BOUND('',#813,.T.);
#629=FACE_OUTER_BOUND('',#814,.T.);
#630=EDGE_LOOP('',(#1818,#1819,#1820,#1821));
#631=EDGE_LOOP('',(#1822,#1823,#1824,#1825));
#632=EDGE_LOOP('',(#1826,#1827,#1828,#1829));
#633=EDGE_LOOP('',(#1830,#1831,#1832,#1833));
#634=EDGE_LOOP('',(#1834,#1835,#1836,#1837));
#635=EDGE_LOOP('',(#1838,#1839,#1840,#1841));
#636=EDGE_LOOP('',(#1842));
#637=EDGE_LOOP('',(#1843,#1844,#1845,#1846));
#638=EDGE_LOOP('',(#1847,#1848,#1849,#1850));
#639=EDGE_LOOP('',(#1851,#1852,#1853,#1854));
#640=EDGE_LOOP('',(#1855,#1856,#1857,#1858));
#641=EDGE_LOOP('',(#1859,#1860,#1861,#1862));
#642=EDGE_LOOP('',(#1863,#1864,#1865,#1866));
#643=EDGE_LOOP('',(#1867,#1868,#1869,#1870));
#644=EDGE_LOOP('',(#1871,#1872,#1873,#1874));
#645=EDGE_LOOP('',(#1875,#1876,#1877,#1878,#1879));
#646=EDGE_LOOP('',(#1880,#1881,#1882,#1883,#1884,#1885));
#647=EDGE_LOOP('',(#1886,#1887,#1888,#1889,#1890,#1891,#1892,#1893,#1894,
#1895,#1896,#1897,#1898,#1899,#1900,#1901,#1902,#1903,#1904,#1905,#1906,
#1907,#1908,#1909,#1910,#1911,#1912,#1913,#1914,#1915,#1916,#1917,#1918,
#1919,#1920));
#648=EDGE_LOOP('',(#1921,#1922,#1923,#1924,#1925,#1926,#1927,#1928));
#649=EDGE_LOOP('',(#1929,#1930,#1931,#1932,#1933,#1934,#1935,#1936));
#650=EDGE_LOOP('',(#1937,#1938,#1939,#1940,#1941,#1942,#1943,#1944));
#651=EDGE_LOOP('',(#1945,#1946,#1947,#1948,#1949,#1950,#1951,#1952));
#652=EDGE_LOOP('',(#1953,#1954,#1955,#1956,#1957,#1958,#1959,#1960));
#653=EDGE_LOOP('',(#1961,#1962,#1963,#1964,#1965,#1966,#1967,#1968));
#654=EDGE_LOOP('',(#1969,#1970,#1971,#1972,#1973,#1974,#1975,#1976));
#655=EDGE_LOOP('',(#1977,#1978,#1979,#1980,#1981,#1982,#1983,#1984,#1985));
#656=EDGE_LOOP('',(#1986,#1987,#1988,#1989,#1990,#1991,#1992,#1993));
#657=EDGE_LOOP('',(#1994,#1995,#1996,#1997,#1998,#1999,#2000,#2001));
#658=EDGE_LOOP('',(#2002,#2003,#2004,#2005,#2006,#2007,#2008,#2009));
#659=EDGE_LOOP('',(#2010,#2011,#2012,#2013,#2014,#2015,#2016,#2017));
#660=EDGE_LOOP('',(#2018,#2019,#2020,#2021,#2022,#2023,#2024,#2025));
#661=EDGE_LOOP('',(#2026,#2027,#2028,#2029,#2030,#2031,#2032,#2033));
#662=EDGE_LOOP('',(#2034,#2035,#2036,#2037));
#663=EDGE_LOOP('',(#2038,#2039,#2040,#2041));
#664=EDGE_LOOP('',(#2042,#2043,#2044,#2045));
#665=EDGE_LOOP('',(#2046,#2047,#2048,#2049));
#666=EDGE_LOOP('',(#2050,#2051,#2052,#2053));
#667=EDGE_LOOP('',(#2054,#2055,#2056,#2057));
#668=EDGE_LOOP('',(#2058,#2059,#2060,#2061,#2062,#2063));
#669=EDGE_LOOP('',(#2064,#2065,#2066,#2067));
#670=EDGE_LOOP('',(#2068,#2069,#2070,#2071));
#671=EDGE_LOOP('',(#2072,#2073,#2074,#2075));
#672=EDGE_LOOP('',(#2076,#2077,#2078,#2079));
#673=EDGE_LOOP('',(#2080,#2081,#2082,#2083));
#674=EDGE_LOOP('',(#2084,#2085,#2086,#2087));
#675=EDGE_LOOP('',(#2088,#2089,#2090,#2091));
#676=EDGE_LOOP('',(#2092,#2093,#2094,#2095,#2096,#2097));
#677=EDGE_LOOP('',(#2098,#2099,#2100,#2101));
#678=EDGE_LOOP('',(#2102,#2103,#2104,#2105));
#679=EDGE_LOOP('',(#2106,#2107,#2108,#2109));
#680=EDGE_LOOP('',(#2110,#2111,#2112,#2113));
#681=EDGE_LOOP('',(#2114,#2115,#2116,#2117));
#682=EDGE_LOOP('',(#2118,#2119,#2120,#2121));
#683=EDGE_LOOP('',(#2122,#2123,#2124,#2125));
#684=EDGE_LOOP('',(#2126,#2127,#2128,#2129,#2130,#2131));
#685=EDGE_LOOP('',(#2132,#2133,#2134,#2135));
#686=EDGE_LOOP('',(#2136,#2137,#2138,#2139));
#687=EDGE_LOOP('',(#2140,#2141,#2142,#2143));
#688=EDGE_LOOP('',(#2144,#2145,#2146,#2147));
#689=EDGE_LOOP('',(#2148,#2149,#2150,#2151));
#690=EDGE_LOOP('',(#2152,#2153,#2154,#2155));
#691=EDGE_LOOP('',(#2156,#2157,#2158,#2159));
#692=EDGE_LOOP('',(#2160,#2161,#2162,#2163,#2164,#2165));
#693=EDGE_LOOP('',(#2166,#2167,#2168,#2169));
#694=EDGE_LOOP('',(#2170,#2171,#2172,#2173));
#695=EDGE_LOOP('',(#2174,#2175,#2176,#2177));
#696=EDGE_LOOP('',(#2178,#2179,#2180,#2181));
#697=EDGE_LOOP('',(#2182,#2183,#2184,#2185));
#698=EDGE_LOOP('',(#2186,#2187,#2188,#2189));
#699=EDGE_LOOP('',(#2190,#2191,#2192,#2193));
#700=EDGE_LOOP('',(#2194,#2195,#2196,#2197,#2198,#2199));
#701=EDGE_LOOP('',(#2200,#2201,#2202,#2203));
#702=EDGE_LOOP('',(#2204,#2205,#2206,#2207));
#703=EDGE_LOOP('',(#2208,#2209,#2210,#2211));
#704=EDGE_LOOP('',(#2212,#2213,#2214,#2215));
#705=EDGE_LOOP('',(#2216,#2217,#2218,#2219));
#706=EDGE_LOOP('',(#2220,#2221,#2222,#2223));
#707=EDGE_LOOP('',(#2224,#2225,#2226,#2227));
#708=EDGE_LOOP('',(#2228,#2229,#2230,#2231,#2232,#2233));
#709=EDGE_LOOP('',(#2234,#2235,#2236,#2237));
#710=EDGE_LOOP('',(#2238,#2239,#2240,#2241));
#711=EDGE_LOOP('',(#2242,#2243,#2244,#2245));
#712=EDGE_LOOP('',(#2246,#2247,#2248,#2249));
#713=EDGE_LOOP('',(#2250,#2251,#2252,#2253));
#714=EDGE_LOOP('',(#2254,#2255,#2256,#2257));
#715=EDGE_LOOP('',(#2258,#2259,#2260,#2261));
#716=EDGE_LOOP('',(#2262,#2263,#2264,#2265,#2266,#2267));
#717=EDGE_LOOP('',(#2268,#2269,#2270,#2271));
#718=EDGE_LOOP('',(#2272,#2273,#2274,#2275));
#719=EDGE_LOOP('',(#2276,#2277,#2278,#2279));
#720=EDGE_LOOP('',(#2280,#2281,#2282,#2283));
#721=EDGE_LOOP('',(#2284,#2285,#2286,#2287));
#722=EDGE_LOOP('',(#2288,#2289,#2290,#2291));
#723=EDGE_LOOP('',(#2292,#2293,#2294,#2295));
#724=EDGE_LOOP('',(#2296,#2297,#2298,#2299,#2300,#2301));
#725=EDGE_LOOP('',(#2302,#2303,#2304,#2305));
#726=EDGE_LOOP('',(#2306,#2307,#2308,#2309));
#727=EDGE_LOOP('',(#2310,#2311,#2312,#2313));
#728=EDGE_LOOP('',(#2314,#2315,#2316,#2317));
#729=EDGE_LOOP('',(#2318,#2319,#2320,#2321));
#730=EDGE_LOOP('',(#2322,#2323,#2324,#2325));
#731=EDGE_LOOP('',(#2326,#2327,#2328,#2329));
#732=EDGE_LOOP('',(#2330,#2331,#2332,#2333,#2334,#2335));
#733=EDGE_LOOP('',(#2336,#2337,#2338,#2339));
#734=EDGE_LOOP('',(#2340,#2341,#2342,#2343));
#735=EDGE_LOOP('',(#2344,#2345,#2346,#2347));
#736=EDGE_LOOP('',(#2348,#2349,#2350,#2351));
#737=EDGE_LOOP('',(#2352,#2353,#2354,#2355));
#738=EDGE_LOOP('',(#2356,#2357,#2358,#2359));
#739=EDGE_LOOP('',(#2360,#2361,#2362,#2363));
#740=EDGE_LOOP('',(#2364,#2365,#2366,#2367,#2368,#2369));
#741=EDGE_LOOP('',(#2370,#2371,#2372,#2373));
#742=EDGE_LOOP('',(#2374,#2375,#2376,#2377));
#743=EDGE_LOOP('',(#2378,#2379,#2380,#2381));
#744=EDGE_LOOP('',(#2382,#2383,#2384,#2385));
#745=EDGE_LOOP('',(#2386,#2387,#2388,#2389));
#746=EDGE_LOOP('',(#2390,#2391,#2392,#2393));
#747=EDGE_LOOP('',(#2394,#2395,#2396,#2397));
#748=EDGE_LOOP('',(#2398,#2399,#2400,#2401,#2402,#2403));
#749=EDGE_LOOP('',(#2404,#2405,#2406,#2407));
#750=EDGE_LOOP('',(#2408,#2409,#2410,#2411));
#751=EDGE_LOOP('',(#2412,#2413,#2414,#2415));
#752=EDGE_LOOP('',(#2416,#2417,#2418,#2419));
#753=EDGE_LOOP('',(#2420,#2421,#2422,#2423));
#754=EDGE_LOOP('',(#2424,#2425,#2426,#2427));
#755=EDGE_LOOP('',(#2428,#2429,#2430,#2431));
#756=EDGE_LOOP('',(#2432,#2433,#2434,#2435,#2436,#2437));
#757=EDGE_LOOP('',(#2438,#2439,#2440,#2441));
#758=EDGE_LOOP('',(#2442,#2443,#2444,#2445));
#759=EDGE_LOOP('',(#2446,#2447,#2448,#2449));
#760=EDGE_LOOP('',(#2450,#2451,#2452,#2453));
#761=EDGE_LOOP('',(#2454,#2455,#2456,#2457));
#762=EDGE_LOOP('',(#2458,#2459,#2460,#2461));
#763=EDGE_LOOP('',(#2462,#2463,#2464,#2465));
#764=EDGE_LOOP('',(#2466,#2467,#2468,#2469,#2470,#2471));
#765=EDGE_LOOP('',(#2472,#2473,#2474,#2475));
#766=EDGE_LOOP('',(#2476,#2477,#2478,#2479));
#767=EDGE_LOOP('',(#2480,#2481,#2482,#2483));
#768=EDGE_LOOP('',(#2484,#2485,#2486,#2487));
#769=EDGE_LOOP('',(#2488,#2489,#2490,#2491));
#770=EDGE_LOOP('',(#2492,#2493,#2494,#2495));
#771=EDGE_LOOP('',(#2496,#2497,#2498,#2499));
#772=EDGE_LOOP('',(#2500,#2501,#2502,#2503,#2504,#2505));
#773=EDGE_LOOP('',(#2506,#2507,#2508,#2509));
#774=EDGE_LOOP('',(#2510,#2511,#2512,#2513));
#775=EDGE_LOOP('',(#2514,#2515,#2516,#2517));
#776=EDGE_LOOP('',(#2518,#2519,#2520,#2521));
#777=EDGE_LOOP('',(#2522,#2523,#2524,#2525));
#778=EDGE_LOOP('',(#2526,#2527,#2528,#2529));
#779=EDGE_LOOP('',(#2530,#2531,#2532,#2533));
#780=EDGE_LOOP('',(#2534,#2535,#2536,#2537));
#781=EDGE_LOOP('',(#2538,#2539,#2540,#2541));
#782=EDGE_LOOP('',(#2542,#2543,#2544,#2545));
#783=EDGE_LOOP('',(#2546,#2547,#2548,#2549));
#784=EDGE_LOOP('',(#2550,#2551,#2552,#2553));
#785=EDGE_LOOP('',(#2554,#2555,#2556,#2557));
#786=EDGE_LOOP('',(#2558,#2559,#2560,#2561));
#787=EDGE_LOOP('',(#2562,#2563,#2564,#2565));
#788=EDGE_LOOP('',(#2566,#2567,#2568,#2569));
#789=EDGE_LOOP('',(#2570,#2571,#2572,#2573));
#790=EDGE_LOOP('',(#2574,#2575,#2576,#2577));
#791=EDGE_LOOP('',(#2578,#2579,#2580,#2581));
#792=EDGE_LOOP('',(#2582,#2583,#2584,#2585));
#793=EDGE_LOOP('',(#2586,#2587,#2588,#2589));
#794=EDGE_LOOP('',(#2590,#2591,#2592,#2593));
#795=EDGE_LOOP('',(#2594,#2595,#2596,#2597));
#796=EDGE_LOOP('',(#2598,#2599,#2600,#2601));
#797=EDGE_LOOP('',(#2602,#2603,#2604,#2605));
#798=EDGE_LOOP('',(#2606,#2607,#2608,#2609));
#799=EDGE_LOOP('',(#2610,#2611,#2612,#2613));
#800=EDGE_LOOP('',(#2614,#2615,#2616,#2617));
#801=EDGE_LOOP('',(#2618,#2619,#2620,#2621));
#802=EDGE_LOOP('',(#2622,#2623,#2624,#2625));
#803=EDGE_LOOP('',(#2626,#2627,#2628,#2629));
#804=EDGE_LOOP('',(#2630,#2631,#2632,#2633));
#805=EDGE_LOOP('',(#2634,#2635,#2636,#2637));
#806=EDGE_LOOP('',(#2638,#2639,#2640,#2641));
#807=EDGE_LOOP('',(#2642,#2643,#2644,#2645));
#808=EDGE_LOOP('',(#2646,#2647,#2648,#2649,#2650,#2651));
#809=EDGE_LOOP('',(#2652,#2653,#2654,#2655));
#810=EDGE_LOOP('',(#2656,#2657,#2658,#2659));
#811=EDGE_LOOP('',(#2660,#2661,#2662,#2663));
#812=EDGE_LOOP('',(#2664,#2665,#2666,#2667,#2668,#2669,#2670,#2671,#2672,
#2673,#2674,#2675,#2676,#2677,#2678,#2679,#2680,#2681,#2682,#2683,#2684,
#2685,#2686,#2687,#2688,#2689,#2690,#2691,#2692,#2693,#2694,#2695,#2696,
#2697));
#813=EDGE_LOOP('',(#2698));
#814=EDGE_LOOP('',(#2699,#2700,#2701,#2702,#2703,#2704,#2705,#2706,#2707));
#815=ELLIPSE('',#2957,2.12132034355964,1.5);
#816=ELLIPSE('',#2958,2.12132034355964,1.5);
#817=ELLIPSE('',#2960,2.12132034355964,1.5);
#818=ELLIPSE('',#2962,2.12132034355964,1.5);
#819=LINE('',#4061,#964);
#820=LINE('',#4065,#965);
#821=LINE('',#4069,#966);
#822=LINE('',#4072,#967);
#823=LINE('',#4075,#968);
#824=LINE('',#4078,#969);
#825=LINE('',#4080,#970);
#826=LINE('',#4081,#971);
#827=LINE('',#4084,#972);
#828=LINE('',#4086,#973);
#829=LINE('',#4087,#974);
#830=LINE('',#4090,#975);
#831=LINE('',#4091,#976);
#832=LINE('',#4097,#977);
#833=LINE('',#4099,#978);
#834=LINE('',#4100,#979);
#835=LINE('',#4104,#980);
#836=LINE('',#4105,#981);
#837=LINE('',#4107,#982);
#838=LINE('',#4108,#983);
#839=LINE('',#4110,#984);
#840=LINE('',#4112,#985);
#841=LINE('',#4113,#986);
#842=LINE('',#4115,#987);
#843=LINE('',#4128,#988);
#844=LINE('',#4558,#989);
#845=LINE('',#4614,#990);
#846=LINE('',#4620,#991);
#847=LINE('',#4676,#992);
#848=LINE('',#4682,#993);
#849=LINE('',#4738,#994);
#850=LINE('',#4744,#995);
#851=LINE('',#4800,#996);
#852=LINE('',#4806,#997);
#853=LINE('',#4862,#998);
#854=LINE('',#4868,#999);
#855=LINE('',#4924,#1000);
#856=LINE('',#4930,#1001);
#857=LINE('',#4986,#1002);
#858=LINE('',#4992,#1003);
#859=LINE('',#5048,#1004);
#860=LINE('',#5054,#1005);
#861=LINE('',#5110,#1006);
#862=LINE('',#5116,#1007);
#863=LINE('',#5172,#1008);
#864=LINE('',#5178,#1009);
#865=LINE('',#5234,#1010);
#866=LINE('',#5240,#1011);
#867=LINE('',#5296,#1012);
#868=LINE('',#5302,#1013);
#869=LINE('',#5358,#1014);
#870=LINE('',#5364,#1015);
#871=LINE('',#5420,#1016);
#872=LINE('',#5425,#1017);
#873=LINE('',#5429,#1018);
#874=LINE('',#5533,#1019);
#875=LINE('',#5534,#1020);
#876=LINE('',#5536,#1021);
#877=LINE('',#5538,#1022);
#878=LINE('',#5543,#1023);
#879=LINE('',#5547,#1024);
#880=LINE('',#5651,#1025);
#881=LINE('',#5652,#1026);
#882=LINE('',#5654,#1027);
#883=LINE('',#5656,#1028);
#884=LINE('',#5661,#1029);
#885=LINE('',#5665,#1030);
#886=LINE('',#5769,#1031);
#887=LINE('',#5770,#1032);
#888=LINE('',#5772,#1033);
#889=LINE('',#5774,#1034);
#890=LINE('',#5779,#1035);
#891=LINE('',#5783,#1036);
#892=LINE('',#5887,#1037);
#893=LINE('',#5888,#1038);
#894=LINE('',#5890,#1039);
#895=LINE('',#5892,#1040);
#896=LINE('',#5897,#1041);
#897=LINE('',#5901,#1042);
#898=LINE('',#6005,#1043);
#899=LINE('',#6006,#1044);
#900=LINE('',#6008,#1045);
#901=LINE('',#6010,#1046);
#902=LINE('',#6015,#1047);
#903=LINE('',#6019,#1048);
#904=LINE('',#6123,#1049);
#905=LINE('',#6124,#1050);
#906=LINE('',#6126,#1051);
#907=LINE('',#6128,#1052);
#908=LINE('',#6133,#1053);
#909=LINE('',#6137,#1054);
#910=LINE('',#6283,#1055);
#911=LINE('',#6284,#1056);
#912=LINE('',#6287,#1057);
#913=LINE('',#6288,#1058);
#914=LINE('',#6290,#1059);
#915=LINE('',#6296,#1060);
#916=LINE('',#6300,#1061);
#917=LINE('',#6416,#1062);
#918=LINE('',#6417,#1063);
#919=LINE('',#6419,#1064);
#920=LINE('',#6422,#1065);
#921=LINE('',#6425,#1066);
#922=LINE('',#6429,#1067);
#923=LINE('',#6433,#1068);
#924=LINE('',#6502,#1069);
#925=LINE('',#6503,#1070);
#926=LINE('',#6540,#1071);
#927=LINE('',#6542,#1072);
#928=LINE('',#6547,#1073);
#929=LINE('',#6551,#1074);
#930=LINE('',#6620,#1075);
#931=LINE('',#6621,#1076);
#932=LINE('',#6658,#1077);
#933=LINE('',#6660,#1078);
#934=LINE('',#6665,#1079);
#935=LINE('',#6669,#1080);
#936=LINE('',#6738,#1081);
#937=LINE('',#6739,#1082);
#938=LINE('',#6776,#1083);
#939=LINE('',#6778,#1084);
#940=LINE('',#6783,#1085);
#941=LINE('',#6787,#1086);
#942=LINE('',#6856,#1087);
#943=LINE('',#6857,#1088);
#944=LINE('',#6894,#1089);
#945=LINE('',#6896,#1090);
#946=LINE('',#6901,#1091);
#947=LINE('',#6905,#1092);
#948=LINE('',#6974,#1093);
#949=LINE('',#6975,#1094);
#950=LINE('',#7012,#1095);
#951=LINE('',#7014,#1096);
#952=LINE('',#7019,#1097);
#953=LINE('',#7023,#1098);
#954=LINE('',#7092,#1099);
#955=LINE('',#7093,#1100);
#956=LINE('',#7130,#1101);
#957=LINE('',#7132,#1102);
#958=LINE('',#7193,#1103);
#959=LINE('',#7197,#1104);
#960=LINE('',#7301,#1105);
#961=LINE('',#7302,#1106);
#962=LINE('',#7304,#1107);
#963=LINE('',#7306,#1108);
#964=VECTOR('',#3278,10.);
#965=VECTOR('',#3281,10.);
#966=VECTOR('',#3286,10.);
#967=VECTOR('',#3289,10.);
#968=VECTOR('',#3292,10.);
#969=VECTOR('',#3295,10.);
#970=VECTOR('',#3298,10.);
#971=VECTOR('',#3299,10.);
#972=VECTOR('',#3302,10.);
#973=VECTOR('',#3303,10.);
#974=VECTOR('',#3304,10.);
#975=VECTOR('',#3307,10.);
#976=VECTOR('',#3308,10.);
#977=VECTOR('',#3315,10.);
#978=VECTOR('',#3316,10.);
#979=VECTOR('',#3317,10.);
#980=VECTOR('',#3320,10.);
#981=VECTOR('',#3321,10.);
#982=VECTOR('',#3322,10.);
#983=VECTOR('',#3323,10.);
#984=VECTOR('',#3326,10.);
#985=VECTOR('',#3329,10.);
#986=VECTOR('',#3330,10.);
#987=VECTOR('',#3333,10.);
#988=VECTOR('',#3350,10.);
#989=VECTOR('',#3393,10.);
#990=VECTOR('',#3396,10.);
#991=VECTOR('',#3403,10.);
#992=VECTOR('',#3406,10.);
#993=VECTOR('',#3413,10.);
#994=VECTOR('',#3416,10.);
#995=VECTOR('',#3423,10.);
#996=VECTOR('',#3426,10.);
#997=VECTOR('',#3433,10.);
#998=VECTOR('',#3436,10.);
#999=VECTOR('',#3443,10.);
#1000=VECTOR('',#3446,10.);
#1001=VECTOR('',#3453,10.);
#1002=VECTOR('',#3456,10.);
#1003=VECTOR('',#3463,10.);
#1004=VECTOR('',#3466,10.);
#1005=VECTOR('',#3473,10.);
#1006=VECTOR('',#3476,10.);
#1007=VECTOR('',#3483,10.);
#1008=VECTOR('',#3486,10.);
#1009=VECTOR('',#3493,10.);
#1010=VECTOR('',#3496,10.);
#1011=VECTOR('',#3503,10.);
#1012=VECTOR('',#3506,10.);
#1013=VECTOR('',#3513,10.);
#1014=VECTOR('',#3516,10.);
#1015=VECTOR('',#3523,10.);
#1016=VECTOR('',#3526,10.);
#1017=VECTOR('',#3531,10.);
#1018=VECTOR('',#3534,10.);
#1019=VECTOR('',#3545,10.);
#1020=VECTOR('',#3546,10.);
#1021=VECTOR('',#3549,10.);
#1022=VECTOR('',#3552,10.);
#1023=VECTOR('',#3557,10.);
#1024=VECTOR('',#3560,10.);
#1025=VECTOR('',#3571,10.);
#1026=VECTOR('',#3572,10.);
#1027=VECTOR('',#3575,10.);
#1028=VECTOR('',#3578,10.);
#1029=VECTOR('',#3583,10.);
#1030=VECTOR('',#3586,10.);
#1031=VECTOR('',#3597,10.);
#1032=VECTOR('',#3598,10.);
#1033=VECTOR('',#3601,10.);
#1034=VECTOR('',#3604,10.);
#1035=VECTOR('',#3609,10.);
#1036=VECTOR('',#3612,10.);
#1037=VECTOR('',#3623,10.);
#1038=VECTOR('',#3624,10.);
#1039=VECTOR('',#3627,10.);
#1040=VECTOR('',#3630,10.);
#1041=VECTOR('',#3635,10.);
#1042=VECTOR('',#3638,10.);
#1043=VECTOR('',#3649,10.);
#1044=VECTOR('',#3650,10.);
#1045=VECTOR('',#3653,10.);
#1046=VECTOR('',#3656,10.);
#1047=VECTOR('',#3661,10.);
#1048=VECTOR('',#3664,10.);
#1049=VECTOR('',#3675,10.);
#1050=VECTOR('',#3676,10.);
#1051=VECTOR('',#3679,10.);
#1052=VECTOR('',#3682,10.);
#1053=VECTOR('',#3687,10.);
#1054=VECTOR('',#3690,10.);
#1055=VECTOR('',#3701,10.);
#1056=VECTOR('',#3702,10.);
#1057=VECTOR('',#3705,10.);
#1058=VECTOR('',#3706,10.);
#1059=VECTOR('',#3709,10.);
#1060=VECTOR('',#3716,10.);
#1061=VECTOR('',#3719,10.);
#1062=VECTOR('',#3730,10.);
#1063=VECTOR('',#3731,10.);
#1064=VECTOR('',#3734,10.);
#1065=VECTOR('',#3737,10.);
#1066=VECTOR('',#3742,10.);
#1067=VECTOR('',#3745,10.);
#1068=VECTOR('',#3748,10.);
#1069=VECTOR('',#3759,10.);
#1070=VECTOR('',#3760,10.);
#1071=VECTOR('',#3763,10.);
#1072=VECTOR('',#3766,10.);
#1073=VECTOR('',#3771,10.);
#1074=VECTOR('',#3774,10.);
#1075=VECTOR('',#3785,10.);
#1076=VECTOR('',#3786,10.);
#1077=VECTOR('',#3789,10.);
#1078=VECTOR('',#3792,10.);
#1079=VECTOR('',#3797,10.);
#1080=VECTOR('',#3800,10.);
#1081=VECTOR('',#3811,10.);
#1082=VECTOR('',#3812,10.);
#1083=VECTOR('',#3815,10.);
#1084=VECTOR('',#3818,10.);
#1085=VECTOR('',#3823,10.);
#1086=VECTOR('',#3826,10.);
#1087=VECTOR('',#3837,10.);
#1088=VECTOR('',#3838,10.);
#1089=VECTOR('',#3841,10.);
#1090=VECTOR('',#3844,10.);
#1091=VECTOR('',#3849,10.);
#1092=VECTOR('',#3852,10.);
#1093=VECTOR('',#3863,10.);
#1094=VECTOR('',#3864,10.);
#1095=VECTOR('',#3867,10.);
#1096=VECTOR('',#3870,10.);
#1097=VECTOR('',#3875,10.);
#1098=VECTOR('',#3878,10.);
#1099=VECTOR('',#3889,10.);
#1100=VECTOR('',#3890,10.);
#1101=VECTOR('',#3893,10.);
#1102=VECTOR('',#3896,10.);
#1103=VECTOR('',#4013,10.);
#1104=VECTOR('',#4016,10.);
#1105=VECTOR('',#4027,10.);
#1106=VECTOR('',#4028,10.);
#1107=VECTOR('',#4031,10.);
#1108=VECTOR('',#4034,10.);
#1109=VERTEX_POINT('',#4059);
#1110=VERTEX_POINT('',#4060);
#1111=VERTEX_POINT('',#4062);
#1112=VERTEX_POINT('',#4064);
#1113=VERTEX_POINT('',#4068);
#1114=VERTEX_POINT('',#4070);
#1115=VERTEX_POINT('',#4074);
#1116=VERTEX_POINT('',#4076);
#1117=VERTEX_POINT('',#4083);
#1118=VERTEX_POINT('',#4085);
#1119=VERTEX_POINT('',#4089);
#1120=VERTEX_POINT('',#4093);
#1121=VERTEX_POINT('',#4096);
#1122=VERTEX_POINT('',#4098);
#1123=VERTEX_POINT('',#4102);
#1124=VERTEX_POINT('',#4103);
#1125=VERTEX_POINT('',#4106);
#1126=VERTEX_POINT('',#4119);
#1127=VERTEX_POINT('',#4120);
#1128=VERTEX_POINT('',#4125);
#1129=VERTEX_POINT('',#4126);
#1130=VERTEX_POINT('',#4131);
#1131=VERTEX_POINT('',#4132);
#1132=VERTEX_POINT('',#4158);
#1133=VERTEX_POINT('',#4160);
#1134=VERTEX_POINT('',#4186);
#1135=VERTEX_POINT('',#4188);
#1136=VERTEX_POINT('',#4214);
#1137=VERTEX_POINT('',#4216);
#1138=VERTEX_POINT('',#4242);
#1139=VERTEX_POINT('',#4244);
#1140=VERTEX_POINT('',#4270);
#1141=VERTEX_POINT('',#4272);
#1142=VERTEX_POINT('',#4298);
#1143=VERTEX_POINT('',#4300);
#1144=VERTEX_POINT('',#4326);
#1145=VERTEX_POINT('',#4328);
#1146=VERTEX_POINT('',#4354);
#1147=VERTEX_POINT('',#4356);
#1148=VERTEX_POINT('',#4382);
#1149=VERTEX_POINT('',#4384);
#1150=VERTEX_POINT('',#4410);
#1151=VERTEX_POINT('',#4412);
#1152=VERTEX_POINT('',#4438);
#1153=VERTEX_POINT('',#4440);
#1154=VERTEX_POINT('',#4466);
#1155=VERTEX_POINT('',#4468);
#1156=VERTEX_POINT('',#4494);
#1157=VERTEX_POINT('',#4497);
#1158=VERTEX_POINT('',#4499);
#1159=VERTEX_POINT('',#4525);
#1160=VERTEX_POINT('',#4527);
#1161=VERTEX_POINT('',#4555);
#1162=VERTEX_POINT('',#4557);
#1163=VERTEX_POINT('',#4559);
#1164=VERTEX_POINT('',#4570);
#1165=VERTEX_POINT('',#4572);
#1166=VERTEX_POINT('',#4613);
#1167=VERTEX_POINT('',#4617);
#1168=VERTEX_POINT('',#4619);
#1169=VERTEX_POINT('',#4621);
#1170=VERTEX_POINT('',#4632);
#1171=VERTEX_POINT('',#4634);
#1172=VERTEX_POINT('',#4675);
#1173=VERTEX_POINT('',#4679);
#1174=VERTEX_POINT('',#4681);
#1175=VERTEX_POINT('',#4683);
#1176=VERTEX_POINT('',#4694);
#1177=VERTEX_POINT('',#4696);
#1178=VERTEX_POINT('',#4737);
#1179=VERTEX_POINT('',#4741);
#1180=VERTEX_POINT('',#4743);
#1181=VERTEX_POINT('',#4745);
#1182=VERTEX_POINT('',#4756);
#1183=VERTEX_POINT('',#4758);
#1184=VERTEX_POINT('',#4799);
#1185=VERTEX_POINT('',#4803);
#1186=VERTEX_POINT('',#4805);
#1187=VERTEX_POINT('',#4807);
#1188=VERTEX_POINT('',#4818);
#1189=VERTEX_POINT('',#4820);
#1190=VERTEX_POINT('',#4861);
#1191=VERTEX_POINT('',#4865);
#1192=VERTEX_POINT('',#4867);
#1193=VERTEX_POINT('',#4869);
#1194=VERTEX_POINT('',#4880);
#1195=VERTEX_POINT('',#4882);
#1196=VERTEX_POINT('',#4923);
#1197=VERTEX_POINT('',#4927);
#1198=VERTEX_POINT('',#4929);
#1199=VERTEX_POINT('',#4931);
#1200=VERTEX_POINT('',#4942);
#1201=VERTEX_POINT('',#4944);
#1202=VERTEX_POINT('',#4985);
#1203=VERTEX_POINT('',#4989);
#1204=VERTEX_POINT('',#4991);
#1205=VERTEX_POINT('',#4993);
#1206=VERTEX_POINT('',#5004);
#1207=VERTEX_POINT('',#5006);
#1208=VERTEX_POINT('',#5047);
#1209=VERTEX_POINT('',#5051);
#1210=VERTEX_POINT('',#5053);
#1211=VERTEX_POINT('',#5055);
#1212=VERTEX_POINT('',#5066);
#1213=VERTEX_POINT('',#5068);
#1214=VERTEX_POINT('',#5109);
#1215=VERTEX_POINT('',#5113);
#1216=VERTEX_POINT('',#5115);
#1217=VERTEX_POINT('',#5117);
#1218=VERTEX_POINT('',#5128);
#1219=VERTEX_POINT('',#5130);
#1220=VERTEX_POINT('',#5171);
#1221=VERTEX_POINT('',#5175);
#1222=VERTEX_POINT('',#5177);
#1223=VERTEX_POINT('',#5179);
#1224=VERTEX_POINT('',#5190);
#1225=VERTEX_POINT('',#5192);
#1226=VERTEX_POINT('',#5233);
#1227=VERTEX_POINT('',#5237);
#1228=VERTEX_POINT('',#5239);
#1229=VERTEX_POINT('',#5241);
#1230=VERTEX_POINT('',#5252);
#1231=VERTEX_POINT('',#5254);
#1232=VERTEX_POINT('',#5295);
#1233=VERTEX_POINT('',#5299);
#1234=VERTEX_POINT('',#5301);
#1235=VERTEX_POINT('',#5303);
#1236=VERTEX_POINT('',#5314);
#1237=VERTEX_POINT('',#5316);
#1238=VERTEX_POINT('',#5357);
#1239=VERTEX_POINT('',#5361);
#1240=VERTEX_POINT('',#5363);
#1241=VERTEX_POINT('',#5365);
#1242=VERTEX_POINT('',#5376);
#1243=VERTEX_POINT('',#5378);
#1244=VERTEX_POINT('',#5419);
#1245=VERTEX_POINT('',#5423);
#1246=VERTEX_POINT('',#5424);
#1247=VERTEX_POINT('',#5426);
#1248=VERTEX_POINT('',#5428);
#1249=VERTEX_POINT('',#5478);
#1250=VERTEX_POINT('',#5480);
#1251=VERTEX_POINT('',#5519);
#1252=VERTEX_POINT('',#5525);
#1253=VERTEX_POINT('',#5541);
#1254=VERTEX_POINT('',#5542);
#1255=VERTEX_POINT('',#5544);
#1256=VERTEX_POINT('',#5546);
#1257=VERTEX_POINT('',#5596);
#1258=VERTEX_POINT('',#5598);
#1259=VERTEX_POINT('',#5637);
#1260=VERTEX_POINT('',#5643);
#1261=VERTEX_POINT('',#5659);
#1262=VERTEX_POINT('',#5660);
#1263=VERTEX_POINT('',#5662);
#1264=VERTEX_POINT('',#5664);
#1265=VERTEX_POINT('',#5714);
#1266=VERTEX_POINT('',#5716);
#1267=VERTEX_POINT('',#5755);
#1268=VERTEX_POINT('',#5761);
#1269=VERTEX_POINT('',#5777);
#1270=VERTEX_POINT('',#5778);
#1271=VERTEX_POINT('',#5780);
#1272=VERTEX_POINT('',#5782);
#1273=VERTEX_POINT('',#5832);
#1274=VERTEX_POINT('',#5834);
#1275=VERTEX_POINT('',#5873);
#1276=VERTEX_POINT('',#5879);
#1277=VERTEX_POINT('',#5895);
#1278=VERTEX_POINT('',#5896);
#1279=VERTEX_POINT('',#5898);
#1280=VERTEX_POINT('',#5900);
#1281=VERTEX_POINT('',#5950);
#1282=VERTEX_POINT('',#5952);
#1283=VERTEX_POINT('',#5991);
#1284=VERTEX_POINT('',#5997);
#1285=VERTEX_POINT('',#6013);
#1286=VERTEX_POINT('',#6014);
#1287=VERTEX_POINT('',#6016);
#1288=VERTEX_POINT('',#6018);
#1289=VERTEX_POINT('',#6068);
#1290=VERTEX_POINT('',#6070);
#1291=VERTEX_POINT('',#6109);
#1292=VERTEX_POINT('',#6115);
#1293=VERTEX_POINT('',#6131);
#1294=VERTEX_POINT('',#6132);
#1295=VERTEX_POINT('',#6134);
#1296=VERTEX_POINT('',#6136);
#1297=VERTEX_POINT('',#6175);
#1298=VERTEX_POINT('',#6176);
#1299=VERTEX_POINT('',#6228);
#1300=VERTEX_POINT('',#6230);
#1301=VERTEX_POINT('',#6269);
#1302=VERTEX_POINT('',#6275);
#1303=VERTEX_POINT('',#6286);
#1304=VERTEX_POINT('',#6294);
#1305=VERTEX_POINT('',#6295);
#1306=VERTEX_POINT('',#6297);
#1307=VERTEX_POINT('',#6299);
#1308=VERTEX_POINT('',#6349);
#1309=VERTEX_POINT('',#6351);
#1310=VERTEX_POINT('',#6390);
#1311=VERTEX_POINT('',#6391);
#1312=VERTEX_POINT('',#6402);
#1313=VERTEX_POINT('',#6408);
#1314=VERTEX_POINT('',#6421);
#1315=VERTEX_POINT('',#6427);
#1316=VERTEX_POINT('',#6428);
#1317=VERTEX_POINT('',#6430);
#1318=VERTEX_POINT('',#6432);
#1319=VERTEX_POINT('',#6447);
#1320=VERTEX_POINT('',#6449);
#1321=VERTEX_POINT('',#6488);
#1322=VERTEX_POINT('',#6494);
#1323=VERTEX_POINT('',#6545);
#1324=VERTEX_POINT('',#6546);
#1325=VERTEX_POINT('',#6548);
#1326=VERTEX_POINT('',#6550);
#1327=VERTEX_POINT('',#6565);
#1328=VERTEX_POINT('',#6567);
#1329=VERTEX_POINT('',#6606);
#1330=VERTEX_POINT('',#6612);
#1331=VERTEX_POINT('',#6663);
#1332=VERTEX_POINT('',#6664);
#1333=VERTEX_POINT('',#6666);
#1334=VERTEX_POINT('',#6668);
#1335=VERTEX_POINT('',#6683);
#1336=VERTEX_POINT('',#6685);
#1337=VERTEX_POINT('',#6724);
#1338=VERTEX_POINT('',#6730);
#1339=VERTEX_POINT('',#6781);
#1340=VERTEX_POINT('',#6782);
#1341=VERTEX_POINT('',#6784);
#1342=VERTEX_POINT('',#6786);
#1343=VERTEX_POINT('',#6801);
#1344=VERTEX_POINT('',#6803);
#1345=VERTEX_POINT('',#6842);
#1346=VERTEX_POINT('',#6848);
#1347=VERTEX_POINT('',#6899);
#1348=VERTEX_POINT('',#6900);
#1349=VERTEX_POINT('',#6902);
#1350=VERTEX_POINT('',#6904);
#1351=VERTEX_POINT('',#6919);
#1352=VERTEX_POINT('',#6921);
#1353=VERTEX_POINT('',#6960);
#1354=VERTEX_POINT('',#6966);
#1355=VERTEX_POINT('',#7017);
#1356=VERTEX_POINT('',#7018);
#1357=VERTEX_POINT('',#7020);
#1358=VERTEX_POINT('',#7022);
#1359=VERTEX_POINT('',#7037);
#1360=VERTEX_POINT('',#7039);
#1361=VERTEX_POINT('',#7078);
#1362=VERTEX_POINT('',#7084);
#1363=VERTEX_POINT('',#7191);
#1364=VERTEX_POINT('',#7192);
#1365=VERTEX_POINT('',#7194);
#1366=VERTEX_POINT('',#7196);
#1367=VERTEX_POINT('',#7246);
#1368=VERTEX_POINT('',#7248);
#1369=VERTEX_POINT('',#7287);
#1370=VERTEX_POINT('',#7293);
#1371=VERTEX_POINT('',#7339);
#1372=VERTEX_POINT('',#7341);
#1373=EDGE_CURVE('',#1109,#1110,#819,.T.);
#1374=EDGE_CURVE('',#1110,#1111,#815,.T.);
#1375=EDGE_CURVE('',#1111,#1112,#820,.T.);
#1376=EDGE_CURVE('',#1112,#1109,#816,.T.);
#1377=EDGE_CURVE('',#1110,#1113,#821,.T.);
#1378=EDGE_CURVE('',#1113,#1114,#817,.T.);
#1379=EDGE_CURVE('',#1114,#1111,#822,.T.);
#1380=EDGE_CURVE('',#1113,#1115,#823,.T.);
#1381=EDGE_CURVE('',#1115,#1116,#818,.T.);
#1382=EDGE_CURVE('',#1116,#1114,#824,.T.);
#1383=EDGE_CURVE('',#1112,#1116,#825,.T.);
#1384=EDGE_CURVE('',#1115,#1109,#826,.T.);
#1385=EDGE_CURVE('',#1117,#1112,#827,.T.);
#1386=EDGE_CURVE('',#1118,#1117,#828,.T.);
#1387=EDGE_CURVE('',#1118,#1116,#829,.T.);
#1388=EDGE_CURVE('',#1119,#1111,#830,.T.);
#1389=EDGE_CURVE('',#1117,#1119,#831,.T.);
#1390=EDGE_CURVE('',#1120,#1120,#214,.T.);
#1391=EDGE_CURVE('',#1117,#1121,#832,.T.);
#1392=EDGE_CURVE('',#1121,#1122,#833,.T.);
#1393=EDGE_CURVE('',#1122,#1118,#834,.T.);
#1394=EDGE_CURVE('',#1123,#1124,#835,.T.);
#1395=EDGE_CURVE('',#1124,#1119,#836,.T.);
#1396=EDGE_CURVE('',#1119,#1125,#837,.T.);
#1397=EDGE_CURVE('',#1123,#1125,#838,.T.);
#1398=EDGE_CURVE('',#1124,#1121,#839,.T.);
#1399=EDGE_CURVE('',#1125,#1118,#840,.T.);
#1400=EDGE_CURVE('',#1122,#1123,#841,.T.);
#1401=EDGE_CURVE('',#1125,#1114,#842,.T.);
#1402=EDGE_CURVE('',#1126,#1127,#215,.T.);
#1403=EDGE_CURVE('',#1127,#1120,#216,.T.);
#1404=EDGE_CURVE('',#1127,#1126,#217,.T.);
#1405=EDGE_CURVE('',#1128,#1129,#218,.T.);
#1406=EDGE_CURVE('',#1128,#1126,#843,.T.);
#1407=EDGE_CURVE('',#1129,#1128,#219,.T.);
#1408=EDGE_CURVE('',#1130,#1131,#46,.T.);
#1409=EDGE_CURVE('',#1130,#1132,#220,.T.);
#1410=EDGE_CURVE('',#1133,#1132,#47,.T.);
#1411=EDGE_CURVE('',#1133,#1134,#221,.T.);
#1412=EDGE_CURVE('',#1135,#1134,#48,.T.);
#1413=EDGE_CURVE('',#1135,#1136,#222,.T.);
#1414=EDGE_CURVE('',#1137,#1136,#49,.T.);
#1415=EDGE_CURVE('',#1137,#1138,#223,.T.);
#1416=EDGE_CURVE('',#1139,#1138,#50,.T.);
#1417=EDGE_CURVE('',#1139,#1140,#224,.T.);
#1418=EDGE_CURVE('',#1141,#1140,#51,.T.);
#1419=EDGE_CURVE('',#1141,#1142,#225,.T.);
#1420=EDGE_CURVE('',#1143,#1142,#52,.T.);
#1421=EDGE_CURVE('',#1143,#1144,#226,.T.);
#1422=EDGE_CURVE('',#1145,#1144,#53,.T.);
#1423=EDGE_CURVE('',#1145,#1146,#227,.T.);
#1424=EDGE_CURVE('',#1147,#1146,#54,.T.);
#1425=EDGE_CURVE('',#1147,#1148,#228,.T.);
#1426=EDGE_CURVE('',#1149,#1148,#55,.T.);
#1427=EDGE_CURVE('',#1149,#1150,#229,.T.);
#1428=EDGE_CURVE('',#1151,#1150,#56,.T.);
#1429=EDGE_CURVE('',#1151,#1152,#230,.T.);
#1430=EDGE_CURVE('',#1153,#1152,#57,.T.);
#1431=EDGE_CURVE('',#1153,#1154,#231,.T.);
#1432=EDGE_CURVE('',#1155,#1154,#58,.T.);
#1433=EDGE_CURVE('',#1155,#1156,#232,.T.);
#1434=EDGE_CURVE('',#1156,#1129,#233,.T.);
#1435=EDGE_CURVE('',#1156,#1157,#234,.T.);
#1436=EDGE_CURVE('',#1158,#1157,#59,.T.);
#1437=EDGE_CURVE('',#1158,#1159,#235,.T.);
#1438=EDGE_CURVE('',#1160,#1159,#60,.T.);
#1439=EDGE_CURVE('',#1160,#1131,#236,.T.);
#1440=EDGE_CURVE('',#1133,#1161,#237,.T.);
#1441=EDGE_CURVE('',#1161,#1162,#844,.T.);
#1442=EDGE_CURVE('',#1163,#1162,#61,.F.);
#1443=EDGE_CURVE('',#1163,#1164,#238,.T.);
#1444=EDGE_CURVE('',#1164,#1165,#62,.T.);
#1445=EDGE_CURVE('',#1165,#1166,#845,.T.);
#1446=EDGE_CURVE('',#1166,#1134,#239,.T.);
#1447=EDGE_CURVE('',#1130,#1167,#240,.T.);
#1448=EDGE_CURVE('',#1167,#1168,#846,.T.);
#1449=EDGE_CURVE('',#1169,#1168,#63,.F.);
#1450=EDGE_CURVE('',#1169,#1170,#241,.T.);
#1451=EDGE_CURVE('',#1170,#1171,#64,.T.);
#1452=EDGE_CURVE('',#1171,#1172,#847,.T.);
#1453=EDGE_CURVE('',#1172,#1132,#242,.T.);
#1454=EDGE_CURVE('',#1135,#1173,#243,.T.);
#1455=EDGE_CURVE('',#1173,#1174,#848,.T.);
#1456=EDGE_CURVE('',#1175,#1174,#65,.F.);
#1457=EDGE_CURVE('',#1175,#1176,#244,.T.);
#1458=EDGE_CURVE('',#1176,#1177,#66,.T.);
#1459=EDGE_CURVE('',#1177,#1178,#849,.T.);
#1460=EDGE_CURVE('',#1178,#1136,#245,.T.);
#1461=EDGE_CURVE('',#1160,#1179,#246,.T.);
#1462=EDGE_CURVE('',#1179,#1180,#850,.T.);
#1463=EDGE_CURVE('',#1181,#1180,#67,.F.);
#1464=EDGE_CURVE('',#1181,#1182,#247,.T.);
#1465=EDGE_CURVE('',#1182,#1183,#68,.T.);
#1466=EDGE_CURVE('',#1183,#1184,#851,.T.);
#1467=EDGE_CURVE('',#1184,#1131,#248,.T.);
#1468=EDGE_CURVE('',#1137,#1185,#249,.T.);
#1469=EDGE_CURVE('',#1185,#1186,#852,.T.);
#1470=EDGE_CURVE('',#1187,#1186,#69,.F.);
#1471=EDGE_CURVE('',#1187,#1188,#250,.T.);
#1472=EDGE_CURVE('',#1188,#1189,#70,.T.);
#1473=EDGE_CURVE('',#1189,#1190,#853,.T.);
#1474=EDGE_CURVE('',#1190,#1138,#251,.T.);
#1475=EDGE_CURVE('',#1158,#1191,#252,.T.);
#1476=EDGE_CURVE('',#1191,#1192,#854,.T.);
#1477=EDGE_CURVE('',#1193,#1192,#71,.F.);
#1478=EDGE_CURVE('',#1193,#1194,#253,.T.);
#1479=EDGE_CURVE('',#1194,#1195,#72,.T.);
#1480=EDGE_CURVE('',#1195,#1196,#855,.T.);
#1481=EDGE_CURVE('',#1196,#1159,#254,.T.);
#1482=EDGE_CURVE('',#1139,#1197,#255,.T.);
#1483=EDGE_CURVE('',#1197,#1198,#856,.T.);
#1484=EDGE_CURVE('',#1199,#1198,#73,.F.);
#1485=EDGE_CURVE('',#1199,#1200,#256,.T.);
#1486=EDGE_CURVE('',#1200,#1201,#74,.T.);
#1487=EDGE_CURVE('',#1201,#1202,#857,.T.);
#1488=EDGE_CURVE('',#1202,#1140,#257,.T.);
#1489=EDGE_CURVE('',#1155,#1203,#258,.T.);
#1490=EDGE_CURVE('',#1203,#1204,#858,.T.);
#1491=EDGE_CURVE('',#1205,#1204,#75,.F.);
#1492=EDGE_CURVE('',#1205,#1206,#259,.T.);
#1493=EDGE_CURVE('',#1206,#1207,#76,.T.);
#1494=EDGE_CURVE('',#1207,#1208,#859,.T.);
#1495=EDGE_CURVE('',#1208,#1157,#260,.T.);
#1496=EDGE_CURVE('',#1141,#1209,#261,.T.);
#1497=EDGE_CURVE('',#1209,#1210,#860,.T.);
#1498=EDGE_CURVE('',#1211,#1210,#77,.F.);
#1499=EDGE_CURVE('',#1211,#1212,#262,.T.);
#1500=EDGE_CURVE('',#1212,#1213,#78,.T.);
#1501=EDGE_CURVE('',#1213,#1214,#861,.T.);
#1502=EDGE_CURVE('',#1214,#1142,#263,.T.);
#1503=EDGE_CURVE('',#1153,#1215,#264,.T.);
#1504=EDGE_CURVE('',#1215,#1216,#862,.T.);
#1505=EDGE_CURVE('',#1217,#1216,#79,.F.);
#1506=EDGE_CURVE('',#1217,#1218,#265,.T.);
#1507=EDGE_CURVE('',#1218,#1219,#80,.T.);
#1508=EDGE_CURVE('',#1219,#1220,#863,.T.);
#1509=EDGE_CURVE('',#1220,#1154,#266,.T.);
#1510=EDGE_CURVE('',#1143,#1221,#267,.T.);
#1511=EDGE_CURVE('',#1221,#1222,#864,.T.);
#1512=EDGE_CURVE('',#1223,#1222,#81,.F.);
#1513=EDGE_CURVE('',#1223,#1224,#268,.T.);
#1514=EDGE_CURVE('',#1224,#1225,#82,.T.);
#1515=EDGE_CURVE('',#1225,#1226,#865,.T.);
#1516=EDGE_CURVE('',#1226,#1144,#269,.T.);
#1517=EDGE_CURVE('',#1151,#1227,#270,.T.);
#1518=EDGE_CURVE('',#1227,#1228,#866,.T.);
#1519=EDGE_CURVE('',#1229,#1228,#83,.F.);
#1520=EDGE_CURVE('',#1229,#1230,#271,.T.);
#1521=EDGE_CURVE('',#1230,#1231,#84,.T.);
#1522=EDGE_CURVE('',#1231,#1232,#867,.T.);
#1523=EDGE_CURVE('',#1232,#1152,#272,.T.);
#1524=EDGE_CURVE('',#1145,#1233,#273,.T.);
#1525=EDGE_CURVE('',#1233,#1234,#868,.T.);
#1526=EDGE_CURVE('',#1235,#1234,#85,.F.);
#1527=EDGE_CURVE('',#1235,#1236,#274,.T.);
#1528=EDGE_CURVE('',#1236,#1237,#86,.T.);
#1529=EDGE_CURVE('',#1237,#1238,#869,.T.);
#1530=EDGE_CURVE('',#1238,#1146,#275,.T.);
#1531=EDGE_CURVE('',#1149,#1239,#276,.T.);
#1532=EDGE_CURVE('',#1239,#1240,#870,.T.);
#1533=EDGE_CURVE('',#1241,#1240,#87,.F.);
#1534=EDGE_CURVE('',#1241,#1242,#277,.T.);
#1535=EDGE_CURVE('',#1242,#1243,#88,.T.);
#1536=EDGE_CURVE('',#1243,#1244,#871,.T.);
#1537=EDGE_CURVE('',#1244,#1150,#278,.T.);
#1538=EDGE_CURVE('',#1245,#1246,#872,.T.);
#1539=EDGE_CURVE('',#1246,#1247,#279,.T.);
#1540=EDGE_CURVE('',#1247,#1248,#873,.T.);
#1541=EDGE_CURVE('',#1248,#1245,#89,.T.);
#1542=EDGE_CURVE('',#1182,#1247,#90,.T.);
#1543=EDGE_CURVE('',#1246,#1183,#91,.T.);
#1544=EDGE_CURVE('',#1249,#1245,#280,.T.);
#1545=EDGE_CURVE('',#1248,#1250,#281,.T.);
#1546=EDGE_CURVE('',#1250,#1249,#92,.T.);
#1547=EDGE_CURVE('',#1168,#1251,#93,.T.);
#1548=EDGE_CURVE('',#1251,#1252,#282,.T.);
#1549=EDGE_CURVE('',#1252,#1169,#94,.T.);
#1550=EDGE_CURVE('',#1250,#1252,#874,.T.);
#1551=EDGE_CURVE('',#1251,#1249,#875,.T.);
#1552=EDGE_CURVE('',#1184,#1245,#876,.T.);
#1553=EDGE_CURVE('',#1167,#1249,#877,.T.);
#1554=EDGE_CURVE('',#1253,#1254,#878,.T.);
#1555=EDGE_CURVE('',#1254,#1255,#283,.T.);
#1556=EDGE_CURVE('',#1255,#1256,#879,.T.);
#1557=EDGE_CURVE('',#1256,#1253,#95,.T.);
#1558=EDGE_CURVE('',#1194,#1255,#96,.T.);
#1559=EDGE_CURVE('',#1254,#1195,#97,.T.);
#1560=EDGE_CURVE('',#1257,#1253,#284,.T.);
#1561=EDGE_CURVE('',#1256,#1258,#285,.T.);
#1562=EDGE_CURVE('',#1258,#1257,#98,.T.);
#1563=EDGE_CURVE('',#1180,#1259,#99,.T.);
#1564=EDGE_CURVE('',#1259,#1260,#286,.T.);
#1565=EDGE_CURVE('',#1260,#1181,#100,.T.);
#1566=EDGE_CURVE('',#1258,#1260,#880,.T.);
#1567=EDGE_CURVE('',#1259,#1257,#881,.T.);
#1568=EDGE_CURVE('',#1196,#1253,#882,.T.);
#1569=EDGE_CURVE('',#1179,#1257,#883,.T.);
#1570=EDGE_CURVE('',#1261,#1262,#884,.T.);
#1571=EDGE_CURVE('',#1262,#1263,#287,.T.);
#1572=EDGE_CURVE('',#1263,#1264,#885,.T.);
#1573=EDGE_CURVE('',#1264,#1261,#101,.T.);
#1574=EDGE_CURVE('',#1206,#1263,#102,.T.);
#1575=EDGE_CURVE('',#1262,#1207,#103,.T.);
#1576=EDGE_CURVE('',#1265,#1261,#288,.T.);
#1577=EDGE_CURVE('',#1264,#1266,#289,.T.);
#1578=EDGE_CURVE('',#1266,#1265,#104,.T.);
#1579=EDGE_CURVE('',#1192,#1267,#105,.T.);
#1580=EDGE_CURVE('',#1267,#1268,#290,.T.);
#1581=EDGE_CURVE('',#1268,#1193,#106,.T.);
#1582=EDGE_CURVE('',#1266,#1268,#886,.T.);
#1583=EDGE_CURVE('',#1267,#1265,#887,.T.);
#1584=EDGE_CURVE('',#1208,#1261,#888,.T.);
#1585=EDGE_CURVE('',#1191,#1265,#889,.T.);
#1586=EDGE_CURVE('',#1269,#1270,#890,.T.);
#1587=EDGE_CURVE('',#1270,#1271,#291,.T.);
#1588=EDGE_CURVE('',#1271,#1272,#891,.T.);
#1589=EDGE_CURVE('',#1272,#1269,#107,.T.);
#1590=EDGE_CURVE('',#1218,#1271,#108,.T.);
#1591=EDGE_CURVE('',#1270,#1219,#109,.T.);
#1592=EDGE_CURVE('',#1273,#1269,#292,.T.);
#1593=EDGE_CURVE('',#1272,#1274,#293,.T.);
#1594=EDGE_CURVE('',#1274,#1273,#110,.T.);
#1595=EDGE_CURVE('',#1204,#1275,#111,.T.);
#1596=EDGE_CURVE('',#1275,#1276,#294,.T.);
#1597=EDGE_CURVE('',#1276,#1205,#112,.T.);
#1598=EDGE_CURVE('',#1274,#1276,#892,.T.);
#1599=EDGE_CURVE('',#1275,#1273,#893,.T.);
#1600=EDGE_CURVE('',#1220,#1269,#894,.T.);
#1601=EDGE_CURVE('',#1203,#1273,#895,.T.);
#1602=EDGE_CURVE('',#1277,#1278,#896,.T.);
#1603=EDGE_CURVE('',#1278,#1279,#295,.T.);
#1604=EDGE_CURVE('',#1279,#1280,#897,.T.);
#1605=EDGE_CURVE('',#1280,#1277,#113,.T.);
#1606=EDGE_CURVE('',#1230,#1279,#114,.T.);
#1607=EDGE_CURVE('',#1278,#1231,#115,.T.);
#1608=EDGE_CURVE('',#1281,#1277,#296,.T.);
#1609=EDGE_CURVE('',#1280,#1282,#297,.T.);
#1610=EDGE_CURVE('',#1282,#1281,#116,.T.);
#1611=EDGE_CURVE('',#1216,#1283,#117,.T.);
#1612=EDGE_CURVE('',#1283,#1284,#298,.T.);
#1613=EDGE_CURVE('',#1284,#1217,#118,.T.);
#1614=EDGE_CURVE('',#1282,#1284,#898,.T.);
#1615=EDGE_CURVE('',#1283,#1281,#899,.T.);
#1616=EDGE_CURVE('',#1232,#1277,#900,.T.);
#1617=EDGE_CURVE('',#1215,#1281,#901,.T.);
#1618=EDGE_CURVE('',#1285,#1286,#902,.T.);
#1619=EDGE_CURVE('',#1286,#1287,#299,.T.);
#1620=EDGE_CURVE('',#1287,#1288,#903,.T.);
#1621=EDGE_CURVE('',#1288,#1285,#119,.T.);
#1622=EDGE_CURVE('',#1242,#1287,#120,.T.);
#1623=EDGE_CURVE('',#1286,#1243,#121,.T.);
#1624=EDGE_CURVE('',#1289,#1285,#300,.T.);
#1625=EDGE_CURVE('',#1288,#1290,#301,.T.);
#1626=EDGE_CURVE('',#1290,#1289,#122,.T.);
#1627=EDGE_CURVE('',#1228,#1291,#123,.T.);
#1628=EDGE_CURVE('',#1291,#1292,#302,.T.);
#1629=EDGE_CURVE('',#1292,#1229,#124,.T.);
#1630=EDGE_CURVE('',#1290,#1292,#904,.T.);
#1631=EDGE_CURVE('',#1291,#1289,#905,.T.);
#1632=EDGE_CURVE('',#1244,#1285,#906,.T.);
#1633=EDGE_CURVE('',#1227,#1289,#907,.T.);
#1634=EDGE_CURVE('',#1293,#1294,#908,.T.);
#1635=EDGE_CURVE('',#1294,#1295,#303,.T.);
#1636=EDGE_CURVE('',#1295,#1296,#909,.T.);
#1637=EDGE_CURVE('',#1296,#1293,#125,.T.);
#1638=EDGE_CURVE('',#1297,#1298,#126,.T.);
#1639=EDGE_CURVE('',#1297,#1295,#127,.T.);
#1640=EDGE_CURVE('',#1294,#1298,#128,.T.);
#1641=EDGE_CURVE('',#1299,#1293,#304,.T.);
#1642=EDGE_CURVE('',#1296,#1300,#305,.T.);
#1643=EDGE_CURVE('',#1300,#1299,#129,.T.);
#1644=EDGE_CURVE('',#1240,#1301,#130,.T.);
#1645=EDGE_CURVE('',#1301,#1302,#306,.T.);
#1646=EDGE_CURVE('',#1302,#1241,#131,.T.);
#1647=EDGE_CURVE('',#1300,#1302,#910,.T.);
#1648=EDGE_CURVE('',#1301,#1299,#911,.T.);
#1649=EDGE_CURVE('',#1303,#1293,#912,.T.);
#1650=EDGE_CURVE('',#1298,#1303,#913,.T.);
#1651=EDGE_CURVE('',#1239,#1299,#914,.T.);
#1652=EDGE_CURVE('',#1303,#1148,#307,.T.);
#1653=EDGE_CURVE('',#1304,#1305,#915,.T.);
#1654=EDGE_CURVE('',#1305,#1306,#308,.T.);
#1655=EDGE_CURVE('',#1306,#1307,#916,.T.);
#1656=EDGE_CURVE('',#1307,#1304,#132,.T.);
#1657=EDGE_CURVE('',#1236,#1306,#133,.T.);
#1658=EDGE_CURVE('',#1305,#1237,#134,.T.);
#1659=EDGE_CURVE('',#1308,#1304,#309,.T.);
#1660=EDGE_CURVE('',#1307,#1309,#310,.T.);
#1661=EDGE_CURVE('',#1309,#1308,#135,.T.);
#1662=EDGE_CURVE('',#1310,#1311,#136,.F.);
#1663=EDGE_CURVE('',#1311,#1312,#137,.T.);
#1664=EDGE_CURVE('',#1312,#1313,#311,.T.);
#1665=EDGE_CURVE('',#1313,#1310,#138,.T.);
#1666=EDGE_CURVE('',#1309,#1313,#917,.T.);
#1667=EDGE_CURVE('',#1312,#1308,#918,.T.);
#1668=EDGE_CURVE('',#1238,#1304,#919,.T.);
#1669=EDGE_CURVE('',#1314,#1308,#920,.T.);
#1670=EDGE_CURVE('',#1147,#1314,#312,.T.);
#1671=EDGE_CURVE('',#1314,#1311,#921,.T.);
#1672=EDGE_CURVE('',#1315,#1316,#922,.T.);
#1673=EDGE_CURVE('',#1316,#1317,#313,.T.);
#1674=EDGE_CURVE('',#1317,#1318,#923,.T.);
#1675=EDGE_CURVE('',#1318,#1315,#139,.T.);
#1676=EDGE_CURVE('',#1318,#1319,#314,.T.);
#1677=EDGE_CURVE('',#1319,#1320,#140,.T.);
#1678=EDGE_CURVE('',#1320,#1315,#315,.T.);
#1679=EDGE_CURVE('',#1234,#1321,#141,.T.);
#1680=EDGE_CURVE('',#1321,#1322,#316,.T.);
#1681=EDGE_CURVE('',#1322,#1235,#142,.T.);
#1682=EDGE_CURVE('',#1319,#1322,#924,.T.);
#1683=EDGE_CURVE('',#1321,#1320,#925,.T.);
#1684=EDGE_CURVE('',#1224,#1317,#143,.T.);
#1685=EDGE_CURVE('',#1316,#1225,#144,.T.);
#1686=EDGE_CURVE('',#1226,#1315,#926,.T.);
#1687=EDGE_CURVE('',#1233,#1320,#927,.T.);
#1688=EDGE_CURVE('',#1323,#1324,#928,.T.);
#1689=EDGE_CURVE('',#1324,#1325,#317,.T.);
#1690=EDGE_CURVE('',#1325,#1326,#929,.T.);
#1691=EDGE_CURVE('',#1326,#1323,#145,.T.);
#1692=EDGE_CURVE('',#1326,#1327,#318,.T.);
#1693=EDGE_CURVE('',#1327,#1328,#146,.T.);
#1694=EDGE_CURVE('',#1328,#1323,#319,.T.);
#1695=EDGE_CURVE('',#1222,#1329,#147,.T.);
#1696=EDGE_CURVE('',#1329,#1330,#320,.T.);
#1697=EDGE_CURVE('',#1330,#1223,#148,.T.);
#1698=EDGE_CURVE('',#1327,#1330,#930,.T.);
#1699=EDGE_CURVE('',#1329,#1328,#931,.T.);
#1700=EDGE_CURVE('',#1212,#1325,#149,.T.);
#1701=EDGE_CURVE('',#1324,#1213,#150,.T.);
#1702=EDGE_CURVE('',#1214,#1323,#932,.T.);
#1703=EDGE_CURVE('',#1221,#1328,#933,.T.);
#1704=EDGE_CURVE('',#1331,#1332,#934,.T.);
#1705=EDGE_CURVE('',#1332,#1333,#321,.T.);
#1706=EDGE_CURVE('',#1333,#1334,#935,.T.);
#1707=EDGE_CURVE('',#1334,#1331,#151,.T.);
#1708=EDGE_CURVE('',#1334,#1335,#322,.T.);
#1709=EDGE_CURVE('',#1335,#1336,#152,.T.);
#1710=EDGE_CURVE('',#1336,#1331,#323,.T.);
#1711=EDGE_CURVE('',#1210,#1337,#153,.T.);
#1712=EDGE_CURVE('',#1337,#1338,#324,.T.);
#1713=EDGE_CURVE('',#1338,#1211,#154,.T.);
#1714=EDGE_CURVE('',#1335,#1338,#936,.T.);
#1715=EDGE_CURVE('',#1337,#1336,#937,.T.);
#1716=EDGE_CURVE('',#1200,#1333,#155,.T.);
#1717=EDGE_CURVE('',#1332,#1201,#156,.T.);
#1718=EDGE_CURVE('',#1202,#1331,#938,.T.);
#1719=EDGE_CURVE('',#1209,#1336,#939,.T.);
#1720=EDGE_CURVE('',#1339,#1340,#940,.T.);
#1721=EDGE_CURVE('',#1340,#1341,#325,.T.);
#1722=EDGE_CURVE('',#1341,#1342,#941,.T.);
#1723=EDGE_CURVE('',#1342,#1339,#157,.T.);
#1724=EDGE_CURVE('',#1342,#1343,#326,.T.);
#1725=EDGE_CURVE('',#1343,#1344,#158,.T.);
#1726=EDGE_CURVE('',#1344,#1339,#327,.T.);
#1727=EDGE_CURVE('',#1162,#1345,#159,.T.);
#1728=EDGE_CURVE('',#1345,#1346,#328,.T.);
#1729=EDGE_CURVE('',#1346,#1163,#160,.T.);
#1730=EDGE_CURVE('',#1343,#1346,#942,.T.);
#1731=EDGE_CURVE('',#1345,#1344,#943,.T.);
#1732=EDGE_CURVE('',#1170,#1341,#161,.T.);
#1733=EDGE_CURVE('',#1340,#1171,#162,.T.);
#1734=EDGE_CURVE('',#1172,#1339,#944,.T.);
#1735=EDGE_CURVE('',#1161,#1344,#945,.T.);
#1736=EDGE_CURVE('',#1347,#1348,#946,.T.);
#1737=EDGE_CURVE('',#1348,#1349,#329,.T.);
#1738=EDGE_CURVE('',#1349,#1350,#947,.T.);
#1739=EDGE_CURVE('',#1350,#1347,#163,.T.);
#1740=EDGE_CURVE('',#1350,#1351,#330,.T.);
#1741=EDGE_CURVE('',#1351,#1352,#164,.T.);
#1742=EDGE_CURVE('',#1352,#1347,#331,.T.);
#1743=EDGE_CURVE('',#1174,#1353,#165,.T.);
#1744=EDGE_CURVE('',#1353,#1354,#332,.T.);
#1745=EDGE_CURVE('',#1354,#1175,#166,.T.);
#1746=EDGE_CURVE('',#1351,#1354,#948,.T.);
#1747=EDGE_CURVE('',#1353,#1352,#949,.T.);
#1748=EDGE_CURVE('',#1164,#1349,#167,.T.);
#1749=EDGE_CURVE('',#1348,#1165,#168,.T.);
#1750=EDGE_CURVE('',#1166,#1347,#950,.T.);
#1751=EDGE_CURVE('',#1173,#1352,#951,.T.);
#1752=EDGE_CURVE('',#1355,#1356,#952,.T.);
#1753=EDGE_CURVE('',#1356,#1357,#333,.T.);
#1754=EDGE_CURVE('',#1357,#1358,#953,.T.);
#1755=EDGE_CURVE('',#1358,#1355,#169,.T.);
#1756=EDGE_CURVE('',#1358,#1359,#334,.T.);
#1757=EDGE_CURVE('',#1359,#1360,#170,.T.);
#1758=EDGE_CURVE('',#1360,#1355,#335,.T.);
#1759=EDGE_CURVE('',#1186,#1361,#171,.T.);
#1760=EDGE_CURVE('',#1361,#1362,#336,.T.);
#1761=EDGE_CURVE('',#1362,#1187,#172,.T.);
#1762=EDGE_CURVE('',#1359,#1362,#954,.T.);
#1763=EDGE_CURVE('',#1361,#1360,#955,.T.);
#1764=EDGE_CURVE('',#1176,#1357,#173,.T.);
#1765=EDGE_CURVE('',#1356,#1177,#174,.T.);
#1766=EDGE_CURVE('',#1178,#1355,#956,.T.);
#1767=EDGE_CURVE('',#1185,#1360,#957,.T.);
#1768=EDGE_CURVE('',#1176,#1187,#337,.T.);
#1769=EDGE_CURVE('',#1362,#1357,#338,.T.);
#1770=EDGE_CURVE('',#1164,#1175,#339,.T.);
#1771=EDGE_CURVE('',#1354,#1349,#340,.T.);
#1772=EDGE_CURVE('',#1170,#1163,#341,.T.);
#1773=EDGE_CURVE('',#1346,#1341,#342,.T.);
#1774=EDGE_CURVE('',#1182,#1169,#343,.T.);
#1775=EDGE_CURVE('',#1252,#1247,#344,.T.);
#1776=EDGE_CURVE('',#1194,#1181,#345,.T.);
#1777=EDGE_CURVE('',#1260,#1255,#346,.T.);
#1778=EDGE_CURVE('',#1206,#1193,#347,.T.);
#1779=EDGE_CURVE('',#1268,#1263,#348,.T.);
#1780=EDGE_CURVE('',#1218,#1205,#349,.T.);
#1781=EDGE_CURVE('',#1276,#1271,#350,.T.);
#1782=EDGE_CURVE('',#1230,#1217,#351,.T.);
#1783=EDGE_CURVE('',#1284,#1279,#352,.T.);
#1784=EDGE_CURVE('',#1242,#1229,#353,.T.);
#1785=EDGE_CURVE('',#1292,#1287,#354,.T.);
#1786=EDGE_CURVE('',#1297,#1241,#355,.T.);
#1787=EDGE_CURVE('',#1302,#1295,#356,.T.);
#1788=EDGE_CURVE('',#1236,#1310,#357,.T.);
#1789=EDGE_CURVE('',#1313,#1306,#358,.T.);
#1790=EDGE_CURVE('',#1224,#1235,#359,.T.);
#1791=EDGE_CURVE('',#1322,#1317,#360,.T.);
#1792=EDGE_CURVE('',#1212,#1223,#361,.T.);
#1793=EDGE_CURVE('',#1330,#1325,#362,.T.);
#1794=EDGE_CURVE('',#1200,#1211,#363,.T.);
#1795=EDGE_CURVE('',#1338,#1333,#364,.T.);
#1796=EDGE_CURVE('',#1363,#1364,#958,.T.);
#1797=EDGE_CURVE('',#1364,#1365,#365,.T.);
#1798=EDGE_CURVE('',#1365,#1366,#959,.T.);
#1799=EDGE_CURVE('',#1366,#1363,#175,.T.);
#1800=EDGE_CURVE('',#1188,#1365,#176,.T.);
#1801=EDGE_CURVE('',#1364,#1189,#177,.T.);
#1802=EDGE_CURVE('',#1367,#1363,#366,.T.);
#1803=EDGE_CURVE('',#1366,#1368,#367,.T.);
#1804=EDGE_CURVE('',#1368,#1367,#178,.T.);
#1805=EDGE_CURVE('',#1198,#1369,#179,.T.);
#1806=EDGE_CURVE('',#1369,#1370,#368,.T.);
#1807=EDGE_CURVE('',#1370,#1199,#180,.T.);
#1808=EDGE_CURVE('',#1368,#1370,#960,.T.);
#1809=EDGE_CURVE('',#1369,#1367,#961,.T.);
#1810=EDGE_CURVE('',#1190,#1363,#962,.T.);
#1811=EDGE_CURVE('',#1197,#1367,#963,.T.);
#1812=EDGE_CURVE('',#1188,#1199,#369,.T.);
#1813=EDGE_CURVE('',#1370,#1365,#370,.T.);
#1814=EDGE_CURVE('',#1371,#1371,#371,.T.);
#1815=EDGE_CURVE('',#1371,#1372,#372,.T.);
#1816=EDGE_CURVE('',#1310,#1372,#373,.T.);
#1817=EDGE_CURVE('',#1372,#1297,#374,.T.);
#1818=ORIENTED_EDGE('',*,*,#1373,.T.);
#1819=ORIENTED_EDGE('',*,*,#1374,.T.);
#1820=ORIENTED_EDGE('',*,*,#1375,.T.);
#1821=ORIENTED_EDGE('',*,*,#1376,.T.);
#1822=ORIENTED_EDGE('',*,*,#1377,.T.);
#1823=ORIENTED_EDGE('',*,*,#1378,.T.);
#1824=ORIENTED_EDGE('',*,*,#1379,.T.);
#1825=ORIENTED_EDGE('',*,*,#1374,.F.);
#1826=ORIENTED_EDGE('',*,*,#1380,.T.);
#1827=ORIENTED_EDGE('',*,*,#1381,.T.);
#1828=ORIENTED_EDGE('',*,*,#1382,.T.);
#1829=ORIENTED_EDGE('',*,*,#1378,.F.);
#1830=ORIENTED_EDGE('',*,*,#1383,.T.);
#1831=ORIENTED_EDGE('',*,*,#1381,.F.);
#1832=ORIENTED_EDGE('',*,*,#1384,.T.);
#1833=ORIENTED_EDGE('',*,*,#1376,.F.);
#1834=ORIENTED_EDGE('',*,*,#1383,.F.);
#1835=ORIENTED_EDGE('',*,*,#1385,.F.);
#1836=ORIENTED_EDGE('',*,*,#1386,.F.);
#1837=ORIENTED_EDGE('',*,*,#1387,.T.);
#1838=ORIENTED_EDGE('',*,*,#1375,.F.);
#1839=ORIENTED_EDGE('',*,*,#1388,.F.);
#1840=ORIENTED_EDGE('',*,*,#1389,.F.);
#1841=ORIENTED_EDGE('',*,*,#1385,.T.);
#1842=ORIENTED_EDGE('',*,*,#1390,.F.);
#1843=ORIENTED_EDGE('',*,*,#1373,.F.);
#1844=ORIENTED_EDGE('',*,*,#1384,.F.);
#1845=ORIENTED_EDGE('',*,*,#1380,.F.);
#1846=ORIENTED_EDGE('',*,*,#1377,.F.);
#1847=ORIENTED_EDGE('',*,*,#1386,.T.);
#1848=ORIENTED_EDGE('',*,*,#1391,.T.);
#1849=ORIENTED_EDGE('',*,*,#1392,.T.);
#1850=ORIENTED_EDGE('',*,*,#1393,.T.);
#1851=ORIENTED_EDGE('',*,*,#1394,.T.);
#1852=ORIENTED_EDGE('',*,*,#1395,.T.);
#1853=ORIENTED_EDGE('',*,*,#1396,.T.);
#1854=ORIENTED_EDGE('',*,*,#1397,.F.);
#1855=ORIENTED_EDGE('',*,*,#1389,.T.);
#1856=ORIENTED_EDGE('',*,*,#1395,.F.);
#1857=ORIENTED_EDGE('',*,*,#1398,.T.);
#1858=ORIENTED_EDGE('',*,*,#1391,.F.);
#1859=ORIENTED_EDGE('',*,*,#1399,.T.);
#1860=ORIENTED_EDGE('',*,*,#1393,.F.);
#1861=ORIENTED_EDGE('',*,*,#1400,.T.);
#1862=ORIENTED_EDGE('',*,*,#1397,.T.);
#1863=ORIENTED_EDGE('',*,*,#1382,.F.);
#1864=ORIENTED_EDGE('',*,*,#1387,.F.);
#1865=ORIENTED_EDGE('',*,*,#1399,.F.);
#1866=ORIENTED_EDGE('',*,*,#1401,.T.);
#1867=ORIENTED_EDGE('',*,*,#1379,.F.);
#1868=ORIENTED_EDGE('',*,*,#1401,.F.);
#1869=ORIENTED_EDGE('',*,*,#1396,.F.);
#1870=ORIENTED_EDGE('',*,*,#1388,.T.);
#1871=ORIENTED_EDGE('',*,*,#1394,.F.);
#1872=ORIENTED_EDGE('',*,*,#1400,.F.);
#1873=ORIENTED_EDGE('',*,*,#1392,.F.);
#1874=ORIENTED_EDGE('',*,*,#1398,.F.);
#1875=ORIENTED_EDGE('',*,*,#1402,.T.);
#1876=ORIENTED_EDGE('',*,*,#1403,.T.);
#1877=ORIENTED_EDGE('',*,*,#1390,.T.);
#1878=ORIENTED_EDGE('',*,*,#1403,.F.);
#1879=ORIENTED_EDGE('',*,*,#1404,.T.);
#1880=ORIENTED_EDGE('',*,*,#1405,.F.);
#1881=ORIENTED_EDGE('',*,*,#1406,.T.);
#1882=ORIENTED_EDGE('',*,*,#1404,.F.);
#1883=ORIENTED_EDGE('',*,*,#1402,.F.);
#1884=ORIENTED_EDGE('',*,*,#1406,.F.);
#1885=ORIENTED_EDGE('',*,*,#1407,.F.);
#1886=ORIENTED_EDGE('',*,*,#1408,.F.);
#1887=ORIENTED_EDGE('',*,*,#1409,.T.);
#1888=ORIENTED_EDGE('',*,*,#1410,.F.);
#1889=ORIENTED_EDGE('',*,*,#1411,.T.);
#1890=ORIENTED_EDGE('',*,*,#1412,.F.);
#1891=ORIENTED_EDGE('',*,*,#1413,.T.);
#1892=ORIENTED_EDGE('',*,*,#1414,.F.);
#1893=ORIENTED_EDGE('',*,*,#1415,.T.);
#1894=ORIENTED_EDGE('',*,*,#1416,.F.);
#1895=ORIENTED_EDGE('',*,*,#1417,.T.);
#1896=ORIENTED_EDGE('',*,*,#1418,.F.);
#1897=ORIENTED_EDGE('',*,*,#1419,.T.);
#1898=ORIENTED_EDGE('',*,*,#1420,.F.);
#1899=ORIENTED_EDGE('',*,*,#1421,.T.);
#1900=ORIENTED_EDGE('',*,*,#1422,.F.);
#1901=ORIENTED_EDGE('',*,*,#1423,.T.);
#1902=ORIENTED_EDGE('',*,*,#1424,.F.);
#1903=ORIENTED_EDGE('',*,*,#1425,.T.);
#1904=ORIENTED_EDGE('',*,*,#1426,.F.);
#1905=ORIENTED_EDGE('',*,*,#1427,.T.);
#1906=ORIENTED_EDGE('',*,*,#1428,.F.);
#1907=ORIENTED_EDGE('',*,*,#1429,.T.);
#1908=ORIENTED_EDGE('',*,*,#1430,.F.);
#1909=ORIENTED_EDGE('',*,*,#1431,.T.);
#1910=ORIENTED_EDGE('',*,*,#1432,.F.);
#1911=ORIENTED_EDGE('',*,*,#1433,.T.);
#1912=ORIENTED_EDGE('',*,*,#1434,.T.);
#1913=ORIENTED_EDGE('',*,*,#1407,.T.);
#1914=ORIENTED_EDGE('',*,*,#1405,.T.);
#1915=ORIENTED_EDGE('',*,*,#1434,.F.);
#1916=ORIENTED_EDGE('',*,*,#1435,.T.);
#1917=ORIENTED_EDGE('',*,*,#1436,.F.);
#1918=ORIENTED_EDGE('',*,*,#1437,.T.);
#1919=ORIENTED_EDGE('',*,*,#1438,.F.);
#1920=ORIENTED_EDGE('',*,*,#1439,.T.);
#1921=ORIENTED_EDGE('',*,*,#1411,.F.);
#1922=ORIENTED_EDGE('',*,*,#1440,.T.);
#1923=ORIENTED_EDGE('',*,*,#1441,.T.);
#1924=ORIENTED_EDGE('',*,*,#1442,.F.);
#1925=ORIENTED_EDGE('',*,*,#1443,.T.);
#1926=ORIENTED_EDGE('',*,*,#1444,.T.);
#1927=ORIENTED_EDGE('',*,*,#1445,.T.);
#1928=ORIENTED_EDGE('',*,*,#1446,.T.);
#1929=ORIENTED_EDGE('',*,*,#1409,.F.);
#1930=ORIENTED_EDGE('',*,*,#1447,.T.);
#1931=ORIENTED_EDGE('',*,*,#1448,.T.);
#1932=ORIENTED_EDGE('',*,*,#1449,.F.);
#1933=ORIENTED_EDGE('',*,*,#1450,.T.);
#1934=ORIENTED_EDGE('',*,*,#1451,.T.);
#1935=ORIENTED_EDGE('',*,*,#1452,.T.);
#1936=ORIENTED_EDGE('',*,*,#1453,.T.);
#1937=ORIENTED_EDGE('',*,*,#1413,.F.);
#1938=ORIENTED_EDGE('',*,*,#1454,.T.);
#1939=ORIENTED_EDGE('',*,*,#1455,.T.);
#1940=ORIENTED_EDGE('',*,*,#1456,.F.);
#1941=ORIENTED_EDGE('',*,*,#1457,.T.);
#1942=ORIENTED_EDGE('',*,*,#1458,.T.);
#1943=ORIENTED_EDGE('',*,*,#1459,.T.);
#1944=ORIENTED_EDGE('',*,*,#1460,.T.);
#1945=ORIENTED_EDGE('',*,*,#1439,.F.);
#1946=ORIENTED_EDGE('',*,*,#1461,.T.);
#1947=ORIENTED_EDGE('',*,*,#1462,.T.);
#1948=ORIENTED_EDGE('',*,*,#1463,.F.);
#1949=ORIENTED_EDGE('',*,*,#1464,.T.);
#1950=ORIENTED_EDGE('',*,*,#1465,.T.);
#1951=ORIENTED_EDGE('',*,*,#1466,.T.);
#1952=ORIENTED_EDGE('',*,*,#1467,.T.);
#1953=ORIENTED_EDGE('',*,*,#1415,.F.);
#1954=ORIENTED_EDGE('',*,*,#1468,.T.);
#1955=ORIENTED_EDGE('',*,*,#1469,.T.);
#1956=ORIENTED_EDGE('',*,*,#1470,.F.);
#1957=ORIENTED_EDGE('',*,*,#1471,.T.);
#1958=ORIENTED_EDGE('',*,*,#1472,.T.);
#1959=ORIENTED_EDGE('',*,*,#1473,.T.);
#1960=ORIENTED_EDGE('',*,*,#1474,.T.);
#1961=ORIENTED_EDGE('',*,*,#1437,.F.);
#1962=ORIENTED_EDGE('',*,*,#1475,.T.);
#1963=ORIENTED_EDGE('',*,*,#1476,.T.);
#1964=ORIENTED_EDGE('',*,*,#1477,.F.);
#1965=ORIENTED_EDGE('',*,*,#1478,.T.);
#1966=ORIENTED_EDGE('',*,*,#1479,.T.);
#1967=ORIENTED_EDGE('',*,*,#1480,.T.);
#1968=ORIENTED_EDGE('',*,*,#1481,.T.);
#1969=ORIENTED_EDGE('',*,*,#1417,.F.);
#1970=ORIENTED_EDGE('',*,*,#1482,.T.);
#1971=ORIENTED_EDGE('',*,*,#1483,.T.);
#1972=ORIENTED_EDGE('',*,*,#1484,.F.);
#1973=ORIENTED_EDGE('',*,*,#1485,.T.);
#1974=ORIENTED_EDGE('',*,*,#1486,.T.);
#1975=ORIENTED_EDGE('',*,*,#1487,.T.);
#1976=ORIENTED_EDGE('',*,*,#1488,.T.);
#1977=ORIENTED_EDGE('',*,*,#1433,.F.);
#1978=ORIENTED_EDGE('',*,*,#1489,.T.);
#1979=ORIENTED_EDGE('',*,*,#1490,.T.);
#1980=ORIENTED_EDGE('',*,*,#1491,.F.);
#1981=ORIENTED_EDGE('',*,*,#1492,.T.);
#1982=ORIENTED_EDGE('',*,*,#1493,.T.);
#1983=ORIENTED_EDGE('',*,*,#1494,.T.);
#1984=ORIENTED_EDGE('',*,*,#1495,.T.);
#1985=ORIENTED_EDGE('',*,*,#1435,.F.);
#1986=ORIENTED_EDGE('',*,*,#1419,.F.);
#1987=ORIENTED_EDGE('',*,*,#1496,.T.);
#1988=ORIENTED_EDGE('',*,*,#1497,.T.);
#1989=ORIENTED_EDGE('',*,*,#1498,.F.);
#1990=ORIENTED_EDGE('',*,*,#1499,.T.);
#1991=ORIENTED_EDGE('',*,*,#1500,.T.);
#1992=ORIENTED_EDGE('',*,*,#1501,.T.);
#1993=ORIENTED_EDGE('',*,*,#1502,.T.);
#1994=ORIENTED_EDGE('',*,*,#1431,.F.);
#1995=ORIENTED_EDGE('',*,*,#1503,.T.);
#1996=ORIENTED_EDGE('',*,*,#1504,.T.);
#1997=ORIENTED_EDGE('',*,*,#1505,.F.);
#1998=ORIENTED_EDGE('',*,*,#1506,.T.);
#1999=ORIENTED_EDGE('',*,*,#1507,.T.);
#2000=ORIENTED_EDGE('',*,*,#1508,.T.);
#2001=ORIENTED_EDGE('',*,*,#1509,.T.);
#2002=ORIENTED_EDGE('',*,*,#1421,.F.);
#2003=ORIENTED_EDGE('',*,*,#1510,.T.);
#2004=ORIENTED_EDGE('',*,*,#1511,.T.);
#2005=ORIENTED_EDGE('',*,*,#1512,.F.);
#2006=ORIENTED_EDGE('',*,*,#1513,.T.);
#2007=ORIENTED_EDGE('',*,*,#1514,.T.);
#2008=ORIENTED_EDGE('',*,*,#1515,.T.);
#2009=ORIENTED_EDGE('',*,*,#1516,.T.);
#2010=ORIENTED_EDGE('',*,*,#1429,.F.);
#2011=ORIENTED_EDGE('',*,*,#1517,.T.);
#2012=ORIENTED_EDGE('',*,*,#1518,.T.);
#2013=ORIENTED_EDGE('',*,*,#1519,.F.);
#2014=ORIENTED_EDGE('',*,*,#1520,.T.);
#2015=ORIENTED_EDGE('',*,*,#1521,.T.);
#2016=ORIENTED_EDGE('',*,*,#1522,.T.);
#2017=ORIENTED_EDGE('',*,*,#1523,.T.);
#2018=ORIENTED_EDGE('',*,*,#1423,.F.);
#2019=ORIENTED_EDGE('',*,*,#1524,.T.);
#2020=ORIENTED_EDGE('',*,*,#1525,.T.);
#2021=ORIENTED_EDGE('',*,*,#1526,.F.);
#2022=ORIENTED_EDGE('',*,*,#1527,.T.);
#2023=ORIENTED_EDGE('',*,*,#1528,.T.);
#2024=ORIENTED_EDGE('',*,*,#1529,.T.);
#2025=ORIENTED_EDGE('',*,*,#1530,.T.);
#2026=ORIENTED_EDGE('',*,*,#1427,.F.);
#2027=ORIENTED_EDGE('',*,*,#1531,.T.);
#2028=ORIENTED_EDGE('',*,*,#1532,.T.);
#2029=ORIENTED_EDGE('',*,*,#1533,.F.);
#2030=ORIENTED_EDGE('',*,*,#1534,.T.);
#2031=ORIENTED_EDGE('',*,*,#1535,.T.);
#2032=ORIENTED_EDGE('',*,*,#1536,.T.);
#2033=ORIENTED_EDGE('',*,*,#1537,.T.);
#2034=ORIENTED_EDGE('',*,*,#1538,.T.);
#2035=ORIENTED_EDGE('',*,*,#1539,.T.);
#2036=ORIENTED_EDGE('',*,*,#1540,.T.);
#2037=ORIENTED_EDGE('',*,*,#1541,.T.);
#2038=ORIENTED_EDGE('',*,*,#1465,.F.);
#2039=ORIENTED_EDGE('',*,*,#1542,.T.);
#2040=ORIENTED_EDGE('',*,*,#1539,.F.);
#2041=ORIENTED_EDGE('',*,*,#1543,.T.);
#2042=ORIENTED_EDGE('',*,*,#1544,.T.);
#2043=ORIENTED_EDGE('',*,*,#1541,.F.);
#2044=ORIENTED_EDGE('',*,*,#1545,.T.);
#2045=ORIENTED_EDGE('',*,*,#1546,.T.);
#2046=ORIENTED_EDGE('',*,*,#1449,.T.);
#2047=ORIENTED_EDGE('',*,*,#1547,.T.);
#2048=ORIENTED_EDGE('',*,*,#1548,.T.);
#2049=ORIENTED_EDGE('',*,*,#1549,.T.);
#2050=ORIENTED_EDGE('',*,*,#1550,.T.);
#2051=ORIENTED_EDGE('',*,*,#1548,.F.);
#2052=ORIENTED_EDGE('',*,*,#1551,.T.);
#2053=ORIENTED_EDGE('',*,*,#1546,.F.);
#2054=ORIENTED_EDGE('',*,*,#1543,.F.);
#2055=ORIENTED_EDGE('',*,*,#1538,.F.);
#2056=ORIENTED_EDGE('',*,*,#1552,.F.);
#2057=ORIENTED_EDGE('',*,*,#1466,.F.);
#2058=ORIENTED_EDGE('',*,*,#1544,.F.);
#2059=ORIENTED_EDGE('',*,*,#1553,.F.);
#2060=ORIENTED_EDGE('',*,*,#1447,.F.);
#2061=ORIENTED_EDGE('',*,*,#1408,.T.);
#2062=ORIENTED_EDGE('',*,*,#1467,.F.);
#2063=ORIENTED_EDGE('',*,*,#1552,.T.);
#2064=ORIENTED_EDGE('',*,*,#1551,.F.);
#2065=ORIENTED_EDGE('',*,*,#1547,.F.);
#2066=ORIENTED_EDGE('',*,*,#1448,.F.);
#2067=ORIENTED_EDGE('',*,*,#1553,.T.);
#2068=ORIENTED_EDGE('',*,*,#1554,.T.);
#2069=ORIENTED_EDGE('',*,*,#1555,.T.);
#2070=ORIENTED_EDGE('',*,*,#1556,.T.);
#2071=ORIENTED_EDGE('',*,*,#1557,.T.);
#2072=ORIENTED_EDGE('',*,*,#1479,.F.);
#2073=ORIENTED_EDGE('',*,*,#1558,.T.);
#2074=ORIENTED_EDGE('',*,*,#1555,.F.);
#2075=ORIENTED_EDGE('',*,*,#1559,.T.);
#2076=ORIENTED_EDGE('',*,*,#1560,.T.);
#2077=ORIENTED_EDGE('',*,*,#1557,.F.);
#2078=ORIENTED_EDGE('',*,*,#1561,.T.);
#2079=ORIENTED_EDGE('',*,*,#1562,.T.);
#2080=ORIENTED_EDGE('',*,*,#1463,.T.);
#2081=ORIENTED_EDGE('',*,*,#1563,.T.);
#2082=ORIENTED_EDGE('',*,*,#1564,.T.);
#2083=ORIENTED_EDGE('',*,*,#1565,.T.);
#2084=ORIENTED_EDGE('',*,*,#1566,.T.);
#2085=ORIENTED_EDGE('',*,*,#1564,.F.);
#2086=ORIENTED_EDGE('',*,*,#1567,.T.);
#2087=ORIENTED_EDGE('',*,*,#1562,.F.);
#2088=ORIENTED_EDGE('',*,*,#1559,.F.);
#2089=ORIENTED_EDGE('',*,*,#1554,.F.);
#2090=ORIENTED_EDGE('',*,*,#1568,.F.);
#2091=ORIENTED_EDGE('',*,*,#1480,.F.);
#2092=ORIENTED_EDGE('',*,*,#1560,.F.);
#2093=ORIENTED_EDGE('',*,*,#1569,.F.);
#2094=ORIENTED_EDGE('',*,*,#1461,.F.);
#2095=ORIENTED_EDGE('',*,*,#1438,.T.);
#2096=ORIENTED_EDGE('',*,*,#1481,.F.);
#2097=ORIENTED_EDGE('',*,*,#1568,.T.);
#2098=ORIENTED_EDGE('',*,*,#1567,.F.);
#2099=ORIENTED_EDGE('',*,*,#1563,.F.);
#2100=ORIENTED_EDGE('',*,*,#1462,.F.);
#2101=ORIENTED_EDGE('',*,*,#1569,.T.);
#2102=ORIENTED_EDGE('',*,*,#1570,.T.);
#2103=ORIENTED_EDGE('',*,*,#1571,.T.);
#2104=ORIENTED_EDGE('',*,*,#1572,.T.);
#2105=ORIENTED_EDGE('',*,*,#1573,.T.);
#2106=ORIENTED_EDGE('',*,*,#1493,.F.);
#2107=ORIENTED_EDGE('',*,*,#1574,.T.);
#2108=ORIENTED_EDGE('',*,*,#1571,.F.);
#2109=ORIENTED_EDGE('',*,*,#1575,.T.);
#2110=ORIENTED_EDGE('',*,*,#1576,.T.);
#2111=ORIENTED_EDGE('',*,*,#1573,.F.);
#2112=ORIENTED_EDGE('',*,*,#1577,.T.);
#2113=ORIENTED_EDGE('',*,*,#1578,.T.);
#2114=ORIENTED_EDGE('',*,*,#1477,.T.);
#2115=ORIENTED_EDGE('',*,*,#1579,.T.);
#2116=ORIENTED_EDGE('',*,*,#1580,.T.);
#2117=ORIENTED_EDGE('',*,*,#1581,.T.);
#2118=ORIENTED_EDGE('',*,*,#1582,.T.);
#2119=ORIENTED_EDGE('',*,*,#1580,.F.);
#2120=ORIENTED_EDGE('',*,*,#1583,.T.);
#2121=ORIENTED_EDGE('',*,*,#1578,.F.);
#2122=ORIENTED_EDGE('',*,*,#1575,.F.);
#2123=ORIENTED_EDGE('',*,*,#1570,.F.);
#2124=ORIENTED_EDGE('',*,*,#1584,.F.);
#2125=ORIENTED_EDGE('',*,*,#1494,.F.);
#2126=ORIENTED_EDGE('',*,*,#1576,.F.);
#2127=ORIENTED_EDGE('',*,*,#1585,.F.);
#2128=ORIENTED_EDGE('',*,*,#1475,.F.);
#2129=ORIENTED_EDGE('',*,*,#1436,.T.);
#2130=ORIENTED_EDGE('',*,*,#1495,.F.);
#2131=ORIENTED_EDGE('',*,*,#1584,.T.);
#2132=ORIENTED_EDGE('',*,*,#1583,.F.);
#2133=ORIENTED_EDGE('',*,*,#1579,.F.);
#2134=ORIENTED_EDGE('',*,*,#1476,.F.);
#2135=ORIENTED_EDGE('',*,*,#1585,.T.);
#2136=ORIENTED_EDGE('',*,*,#1586,.T.);
#2137=ORIENTED_EDGE('',*,*,#1587,.T.);
#2138=ORIENTED_EDGE('',*,*,#1588,.T.);
#2139=ORIENTED_EDGE('',*,*,#1589,.T.);
#2140=ORIENTED_EDGE('',*,*,#1507,.F.);
#2141=ORIENTED_EDGE('',*,*,#1590,.T.);
#2142=ORIENTED_EDGE('',*,*,#1587,.F.);
#2143=ORIENTED_EDGE('',*,*,#1591,.T.);
#2144=ORIENTED_EDGE('',*,*,#1592,.T.);
#2145=ORIENTED_EDGE('',*,*,#1589,.F.);
#2146=ORIENTED_EDGE('',*,*,#1593,.T.);
#2147=ORIENTED_EDGE('',*,*,#1594,.T.);
#2148=ORIENTED_EDGE('',*,*,#1491,.T.);
#2149=ORIENTED_EDGE('',*,*,#1595,.T.);
#2150=ORIENTED_EDGE('',*,*,#1596,.T.);
#2151=ORIENTED_EDGE('',*,*,#1597,.T.);
#2152=ORIENTED_EDGE('',*,*,#1598,.T.);
#2153=ORIENTED_EDGE('',*,*,#1596,.F.);
#2154=ORIENTED_EDGE('',*,*,#1599,.T.);
#2155=ORIENTED_EDGE('',*,*,#1594,.F.);
#2156=ORIENTED_EDGE('',*,*,#1591,.F.);
#2157=ORIENTED_EDGE('',*,*,#1586,.F.);
#2158=ORIENTED_EDGE('',*,*,#1600,.F.);
#2159=ORIENTED_EDGE('',*,*,#1508,.F.);
#2160=ORIENTED_EDGE('',*,*,#1592,.F.);
#2161=ORIENTED_EDGE('',*,*,#1601,.F.);
#2162=ORIENTED_EDGE('',*,*,#1489,.F.);
#2163=ORIENTED_EDGE('',*,*,#1432,.T.);
#2164=ORIENTED_EDGE('',*,*,#1509,.F.);
#2165=ORIENTED_EDGE('',*,*,#1600,.T.);
#2166=ORIENTED_EDGE('',*,*,#1599,.F.);
#2167=ORIENTED_EDGE('',*,*,#1595,.F.);
#2168=ORIENTED_EDGE('',*,*,#1490,.F.);
#2169=ORIENTED_EDGE('',*,*,#1601,.T.);
#2170=ORIENTED_EDGE('',*,*,#1602,.T.);
#2171=ORIENTED_EDGE('',*,*,#1603,.T.);
#2172=ORIENTED_EDGE('',*,*,#1604,.T.);
#2173=ORIENTED_EDGE('',*,*,#1605,.T.);
#2174=ORIENTED_EDGE('',*,*,#1521,.F.);
#2175=ORIENTED_EDGE('',*,*,#1606,.T.);
#2176=ORIENTED_EDGE('',*,*,#1603,.F.);
#2177=ORIENTED_EDGE('',*,*,#1607,.T.);
#2178=ORIENTED_EDGE('',*,*,#1608,.T.);
#2179=ORIENTED_EDGE('',*,*,#1605,.F.);
#2180=ORIENTED_EDGE('',*,*,#1609,.T.);
#2181=ORIENTED_EDGE('',*,*,#1610,.T.);
#2182=ORIENTED_EDGE('',*,*,#1505,.T.);
#2183=ORIENTED_EDGE('',*,*,#1611,.T.);
#2184=ORIENTED_EDGE('',*,*,#1612,.T.);
#2185=ORIENTED_EDGE('',*,*,#1613,.T.);
#2186=ORIENTED_EDGE('',*,*,#1614,.T.);
#2187=ORIENTED_EDGE('',*,*,#1612,.F.);
#2188=ORIENTED_EDGE('',*,*,#1615,.T.);
#2189=ORIENTED_EDGE('',*,*,#1610,.F.);
#2190=ORIENTED_EDGE('',*,*,#1607,.F.);
#2191=ORIENTED_EDGE('',*,*,#1602,.F.);
#2192=ORIENTED_EDGE('',*,*,#1616,.F.);
#2193=ORIENTED_EDGE('',*,*,#1522,.F.);
#2194=ORIENTED_EDGE('',*,*,#1608,.F.);
#2195=ORIENTED_EDGE('',*,*,#1617,.F.);
#2196=ORIENTED_EDGE('',*,*,#1503,.F.);
#2197=ORIENTED_EDGE('',*,*,#1430,.T.);
#2198=ORIENTED_EDGE('',*,*,#1523,.F.);
#2199=ORIENTED_EDGE('',*,*,#1616,.T.);
#2200=ORIENTED_EDGE('',*,*,#1615,.F.);
#2201=ORIENTED_EDGE('',*,*,#1611,.F.);
#2202=ORIENTED_EDGE('',*,*,#1504,.F.);
#2203=ORIENTED_EDGE('',*,*,#1617,.T.);
#2204=ORIENTED_EDGE('',*,*,#1618,.T.);
#2205=ORIENTED_EDGE('',*,*,#1619,.T.);
#2206=ORIENTED_EDGE('',*,*,#1620,.T.);
#2207=ORIENTED_EDGE('',*,*,#1621,.T.);
#2208=ORIENTED_EDGE('',*,*,#1535,.F.);
#2209=ORIENTED_EDGE('',*,*,#1622,.T.);
#2210=ORIENTED_EDGE('',*,*,#1619,.F.);
#2211=ORIENTED_EDGE('',*,*,#1623,.T.);
#2212=ORIENTED_EDGE('',*,*,#1624,.T.);
#2213=ORIENTED_EDGE('',*,*,#1621,.F.);
#2214=ORIENTED_EDGE('',*,*,#1625,.T.);
#2215=ORIENTED_EDGE('',*,*,#1626,.T.);
#2216=ORIENTED_EDGE('',*,*,#1519,.T.);
#2217=ORIENTED_EDGE('',*,*,#1627,.T.);
#2218=ORIENTED_EDGE('',*,*,#1628,.T.);
#2219=ORIENTED_EDGE('',*,*,#1629,.T.);
#2220=ORIENTED_EDGE('',*,*,#1630,.T.);
#2221=ORIENTED_EDGE('',*,*,#1628,.F.);
#2222=ORIENTED_EDGE('',*,*,#1631,.T.);
#2223=ORIENTED_EDGE('',*,*,#1626,.F.);
#2224=ORIENTED_EDGE('',*,*,#1623,.F.);
#2225=ORIENTED_EDGE('',*,*,#1618,.F.);
#2226=ORIENTED_EDGE('',*,*,#1632,.F.);
#2227=ORIENTED_EDGE('',*,*,#1536,.F.);
#2228=ORIENTED_EDGE('',*,*,#1624,.F.);
#2229=ORIENTED_EDGE('',*,*,#1633,.F.);
#2230=ORIENTED_EDGE('',*,*,#1517,.F.);
#2231=ORIENTED_EDGE('',*,*,#1428,.T.);
#2232=ORIENTED_EDGE('',*,*,#1537,.F.);
#2233=ORIENTED_EDGE('',*,*,#1632,.T.);
#2234=ORIENTED_EDGE('',*,*,#1631,.F.);
#2235=ORIENTED_EDGE('',*,*,#1627,.F.);
#2236=ORIENTED_EDGE('',*,*,#1518,.F.);
#2237=ORIENTED_EDGE('',*,*,#1633,.T.);
#2238=ORIENTED_EDGE('',*,*,#1634,.T.);
#2239=ORIENTED_EDGE('',*,*,#1635,.T.);
#2240=ORIENTED_EDGE('',*,*,#1636,.T.);
#2241=ORIENTED_EDGE('',*,*,#1637,.T.);
#2242=ORIENTED_EDGE('',*,*,#1638,.F.);
#2243=ORIENTED_EDGE('',*,*,#1639,.T.);
#2244=ORIENTED_EDGE('',*,*,#1635,.F.);
#2245=ORIENTED_EDGE('',*,*,#1640,.T.);
#2246=ORIENTED_EDGE('',*,*,#1641,.T.);
#2247=ORIENTED_EDGE('',*,*,#1637,.F.);
#2248=ORIENTED_EDGE('',*,*,#1642,.T.);
#2249=ORIENTED_EDGE('',*,*,#1643,.T.);
#2250=ORIENTED_EDGE('',*,*,#1533,.T.);
#2251=ORIENTED_EDGE('',*,*,#1644,.T.);
#2252=ORIENTED_EDGE('',*,*,#1645,.T.);
#2253=ORIENTED_EDGE('',*,*,#1646,.T.);
#2254=ORIENTED_EDGE('',*,*,#1647,.T.);
#2255=ORIENTED_EDGE('',*,*,#1645,.F.);
#2256=ORIENTED_EDGE('',*,*,#1648,.T.);
#2257=ORIENTED_EDGE('',*,*,#1643,.F.);
#2258=ORIENTED_EDGE('',*,*,#1640,.F.);
#2259=ORIENTED_EDGE('',*,*,#1634,.F.);
#2260=ORIENTED_EDGE('',*,*,#1649,.F.);
#2261=ORIENTED_EDGE('',*,*,#1650,.F.);
#2262=ORIENTED_EDGE('',*,*,#1641,.F.);
#2263=ORIENTED_EDGE('',*,*,#1651,.F.);
#2264=ORIENTED_EDGE('',*,*,#1531,.F.);
#2265=ORIENTED_EDGE('',*,*,#1426,.T.);
#2266=ORIENTED_EDGE('',*,*,#1652,.F.);
#2267=ORIENTED_EDGE('',*,*,#1649,.T.);
#2268=ORIENTED_EDGE('',*,*,#1648,.F.);
#2269=ORIENTED_EDGE('',*,*,#1644,.F.);
#2270=ORIENTED_EDGE('',*,*,#1532,.F.);
#2271=ORIENTED_EDGE('',*,*,#1651,.T.);
#2272=ORIENTED_EDGE('',*,*,#1653,.T.);
#2273=ORIENTED_EDGE('',*,*,#1654,.T.);
#2274=ORIENTED_EDGE('',*,*,#1655,.T.);
#2275=ORIENTED_EDGE('',*,*,#1656,.T.);
#2276=ORIENTED_EDGE('',*,*,#1528,.F.);
#2277=ORIENTED_EDGE('',*,*,#1657,.T.);
#2278=ORIENTED_EDGE('',*,*,#1654,.F.);
#2279=ORIENTED_EDGE('',*,*,#1658,.T.);
#2280=ORIENTED_EDGE('',*,*,#1659,.T.);
#2281=ORIENTED_EDGE('',*,*,#1656,.F.);
#2282=ORIENTED_EDGE('',*,*,#1660,.T.);
#2283=ORIENTED_EDGE('',*,*,#1661,.T.);
#2284=ORIENTED_EDGE('',*,*,#1662,.T.);
#2285=ORIENTED_EDGE('',*,*,#1663,.T.);
#2286=ORIENTED_EDGE('',*,*,#1664,.T.);
#2287=ORIENTED_EDGE('',*,*,#1665,.T.);
#2288=ORIENTED_EDGE('',*,*,#1666,.T.);
#2289=ORIENTED_EDGE('',*,*,#1664,.F.);
#2290=ORIENTED_EDGE('',*,*,#1667,.T.);
#2291=ORIENTED_EDGE('',*,*,#1661,.F.);
#2292=ORIENTED_EDGE('',*,*,#1658,.F.);
#2293=ORIENTED_EDGE('',*,*,#1653,.F.);
#2294=ORIENTED_EDGE('',*,*,#1668,.F.);
#2295=ORIENTED_EDGE('',*,*,#1529,.F.);
#2296=ORIENTED_EDGE('',*,*,#1659,.F.);
#2297=ORIENTED_EDGE('',*,*,#1669,.F.);
#2298=ORIENTED_EDGE('',*,*,#1670,.F.);
#2299=ORIENTED_EDGE('',*,*,#1424,.T.);
#2300=ORIENTED_EDGE('',*,*,#1530,.F.);
#2301=ORIENTED_EDGE('',*,*,#1668,.T.);
#2302=ORIENTED_EDGE('',*,*,#1667,.F.);
#2303=ORIENTED_EDGE('',*,*,#1663,.F.);
#2304=ORIENTED_EDGE('',*,*,#1671,.F.);
#2305=ORIENTED_EDGE('',*,*,#1669,.T.);
#2306=ORIENTED_EDGE('',*,*,#1672,.T.);
#2307=ORIENTED_EDGE('',*,*,#1673,.T.);
#2308=ORIENTED_EDGE('',*,*,#1674,.T.);
#2309=ORIENTED_EDGE('',*,*,#1675,.T.);
#2310=ORIENTED_EDGE('',*,*,#1676,.T.);
#2311=ORIENTED_EDGE('',*,*,#1677,.T.);
#2312=ORIENTED_EDGE('',*,*,#1678,.T.);
#2313=ORIENTED_EDGE('',*,*,#1675,.F.);
#2314=ORIENTED_EDGE('',*,*,#1526,.T.);
#2315=ORIENTED_EDGE('',*,*,#1679,.T.);
#2316=ORIENTED_EDGE('',*,*,#1680,.T.);
#2317=ORIENTED_EDGE('',*,*,#1681,.T.);
#2318=ORIENTED_EDGE('',*,*,#1682,.T.);
#2319=ORIENTED_EDGE('',*,*,#1680,.F.);
#2320=ORIENTED_EDGE('',*,*,#1683,.T.);
#2321=ORIENTED_EDGE('',*,*,#1677,.F.);
#2322=ORIENTED_EDGE('',*,*,#1514,.F.);
#2323=ORIENTED_EDGE('',*,*,#1684,.T.);
#2324=ORIENTED_EDGE('',*,*,#1673,.F.);
#2325=ORIENTED_EDGE('',*,*,#1685,.T.);
#2326=ORIENTED_EDGE('',*,*,#1685,.F.);
#2327=ORIENTED_EDGE('',*,*,#1672,.F.);
#2328=ORIENTED_EDGE('',*,*,#1686,.F.);
#2329=ORIENTED_EDGE('',*,*,#1515,.F.);
#2330=ORIENTED_EDGE('',*,*,#1678,.F.);
#2331=ORIENTED_EDGE('',*,*,#1687,.F.);
#2332=ORIENTED_EDGE('',*,*,#1524,.F.);
#2333=ORIENTED_EDGE('',*,*,#1422,.T.);
#2334=ORIENTED_EDGE('',*,*,#1516,.F.);
#2335=ORIENTED_EDGE('',*,*,#1686,.T.);
#2336=ORIENTED_EDGE('',*,*,#1683,.F.);
#2337=ORIENTED_EDGE('',*,*,#1679,.F.);
#2338=ORIENTED_EDGE('',*,*,#1525,.F.);
#2339=ORIENTED_EDGE('',*,*,#1687,.T.);
#2340=ORIENTED_EDGE('',*,*,#1688,.T.);
#2341=ORIENTED_EDGE('',*,*,#1689,.T.);
#2342=ORIENTED_EDGE('',*,*,#1690,.T.);
#2343=ORIENTED_EDGE('',*,*,#1691,.T.);
#2344=ORIENTED_EDGE('',*,*,#1692,.T.);
#2345=ORIENTED_EDGE('',*,*,#1693,.T.);
#2346=ORIENTED_EDGE('',*,*,#1694,.T.);
#2347=ORIENTED_EDGE('',*,*,#1691,.F.);
#2348=ORIENTED_EDGE('',*,*,#1512,.T.);
#2349=ORIENTED_EDGE('',*,*,#1695,.T.);
#2350=ORIENTED_EDGE('',*,*,#1696,.T.);
#2351=ORIENTED_EDGE('',*,*,#1697,.T.);
#2352=ORIENTED_EDGE('',*,*,#1698,.T.);
#2353=ORIENTED_EDGE('',*,*,#1696,.F.);
#2354=ORIENTED_EDGE('',*,*,#1699,.T.);
#2355=ORIENTED_EDGE('',*,*,#1693,.F.);
#2356=ORIENTED_EDGE('',*,*,#1500,.F.);
#2357=ORIENTED_EDGE('',*,*,#1700,.T.);
#2358=ORIENTED_EDGE('',*,*,#1689,.F.);
#2359=ORIENTED_EDGE('',*,*,#1701,.T.);
#2360=ORIENTED_EDGE('',*,*,#1701,.F.);
#2361=ORIENTED_EDGE('',*,*,#1688,.F.);
#2362=ORIENTED_EDGE('',*,*,#1702,.F.);
#2363=ORIENTED_EDGE('',*,*,#1501,.F.);
#2364=ORIENTED_EDGE('',*,*,#1694,.F.);
#2365=ORIENTED_EDGE('',*,*,#1703,.F.);
#2366=ORIENTED_EDGE('',*,*,#1510,.F.);
#2367=ORIENTED_EDGE('',*,*,#1420,.T.);
#2368=ORIENTED_EDGE('',*,*,#1502,.F.);
#2369=ORIENTED_EDGE('',*,*,#1702,.T.);
#2370=ORIENTED_EDGE('',*,*,#1699,.F.);
#2371=ORIENTED_EDGE('',*,*,#1695,.F.);
#2372=ORIENTED_EDGE('',*,*,#1511,.F.);
#2373=ORIENTED_EDGE('',*,*,#1703,.T.);
#2374=ORIENTED_EDGE('',*,*,#1704,.T.);
#2375=ORIENTED_EDGE('',*,*,#1705,.T.);
#2376=ORIENTED_EDGE('',*,*,#1706,.T.);
#2377=ORIENTED_EDGE('',*,*,#1707,.T.);
#2378=ORIENTED_EDGE('',*,*,#1708,.T.);
#2379=ORIENTED_EDGE('',*,*,#1709,.T.);
#2380=ORIENTED_EDGE('',*,*,#1710,.T.);
#2381=ORIENTED_EDGE('',*,*,#1707,.F.);
#2382=ORIENTED_EDGE('',*,*,#1498,.T.);
#2383=ORIENTED_EDGE('',*,*,#1711,.T.);
#2384=ORIENTED_EDGE('',*,*,#1712,.T.);
#2385=ORIENTED_EDGE('',*,*,#1713,.T.);
#2386=ORIENTED_EDGE('',*,*,#1714,.T.);
#2387=ORIENTED_EDGE('',*,*,#1712,.F.);
#2388=ORIENTED_EDGE('',*,*,#1715,.T.);
#2389=ORIENTED_EDGE('',*,*,#1709,.F.);
#2390=ORIENTED_EDGE('',*,*,#1486,.F.);
#2391=ORIENTED_EDGE('',*,*,#1716,.T.);
#2392=ORIENTED_EDGE('',*,*,#1705,.F.);
#2393=ORIENTED_EDGE('',*,*,#1717,.T.);
#2394=ORIENTED_EDGE('',*,*,#1717,.F.);
#2395=ORIENTED_EDGE('',*,*,#1704,.F.);
#2396=ORIENTED_EDGE('',*,*,#1718,.F.);
#2397=ORIENTED_EDGE('',*,*,#1487,.F.);
#2398=ORIENTED_EDGE('',*,*,#1710,.F.);
#2399=ORIENTED_EDGE('',*,*,#1719,.F.);
#2400=ORIENTED_EDGE('',*,*,#1496,.F.);
#2401=ORIENTED_EDGE('',*,*,#1418,.T.);
#2402=ORIENTED_EDGE('',*,*,#1488,.F.);
#2403=ORIENTED_EDGE('',*,*,#1718,.T.);
#2404=ORIENTED_EDGE('',*,*,#1715,.F.);
#2405=ORIENTED_EDGE('',*,*,#1711,.F.);
#2406=ORIENTED_EDGE('',*,*,#1497,.F.);
#2407=ORIENTED_EDGE('',*,*,#1719,.T.);
#2408=ORIENTED_EDGE('',*,*,#1720,.T.);
#2409=ORIENTED_EDGE('',*,*,#1721,.T.);
#2410=ORIENTED_EDGE('',*,*,#1722,.T.);
#2411=ORIENTED_EDGE('',*,*,#1723,.T.);
#2412=ORIENTED_EDGE('',*,*,#1724,.T.);
#2413=ORIENTED_EDGE('',*,*,#1725,.T.);
#2414=ORIENTED_EDGE('',*,*,#1726,.T.);
#2415=ORIENTED_EDGE('',*,*,#1723,.F.);
#2416=ORIENTED_EDGE('',*,*,#1442,.T.);
#2417=ORIENTED_EDGE('',*,*,#1727,.T.);
#2418=ORIENTED_EDGE('',*,*,#1728,.T.);
#2419=ORIENTED_EDGE('',*,*,#1729,.T.);
#2420=ORIENTED_EDGE('',*,*,#1730,.T.);
#2421=ORIENTED_EDGE('',*,*,#1728,.F.);
#2422=ORIENTED_EDGE('',*,*,#1731,.T.);
#2423=ORIENTED_EDGE('',*,*,#1725,.F.);
#2424=ORIENTED_EDGE('',*,*,#1451,.F.);
#2425=ORIENTED_EDGE('',*,*,#1732,.T.);
#2426=ORIENTED_EDGE('',*,*,#1721,.F.);
#2427=ORIENTED_EDGE('',*,*,#1733,.T.);
#2428=ORIENTED_EDGE('',*,*,#1733,.F.);
#2429=ORIENTED_EDGE('',*,*,#1720,.F.);
#2430=ORIENTED_EDGE('',*,*,#1734,.F.);
#2431=ORIENTED_EDGE('',*,*,#1452,.F.);
#2432=ORIENTED_EDGE('',*,*,#1726,.F.);
#2433=ORIENTED_EDGE('',*,*,#1735,.F.);
#2434=ORIENTED_EDGE('',*,*,#1440,.F.);
#2435=ORIENTED_EDGE('',*,*,#1410,.T.);
#2436=ORIENTED_EDGE('',*,*,#1453,.F.);
#2437=ORIENTED_EDGE('',*,*,#1734,.T.);
#2438=ORIENTED_EDGE('',*,*,#1731,.F.);
#2439=ORIENTED_EDGE('',*,*,#1727,.F.);
#2440=ORIENTED_EDGE('',*,*,#1441,.F.);
#2441=ORIENTED_EDGE('',*,*,#1735,.T.);
#2442=ORIENTED_EDGE('',*,*,#1736,.T.);
#2443=ORIENTED_EDGE('',*,*,#1737,.T.);
#2444=ORIENTED_EDGE('',*,*,#1738,.T.);
#2445=ORIENTED_EDGE('',*,*,#1739,.T.);
#2446=ORIENTED_EDGE('',*,*,#1740,.T.);
#2447=ORIENTED_EDGE('',*,*,#1741,.T.);
#2448=ORIENTED_EDGE('',*,*,#1742,.T.);
#2449=ORIENTED_EDGE('',*,*,#1739,.F.);
#2450=ORIENTED_EDGE('',*,*,#1456,.T.);
#2451=ORIENTED_EDGE('',*,*,#1743,.T.);
#2452=ORIENTED_EDGE('',*,*,#1744,.T.);
#2453=ORIENTED_EDGE('',*,*,#1745,.T.);
#2454=ORIENTED_EDGE('',*,*,#1746,.T.);
#2455=ORIENTED_EDGE('',*,*,#1744,.F.);
#2456=ORIENTED_EDGE('',*,*,#1747,.T.);
#2457=ORIENTED_EDGE('',*,*,#1741,.F.);
#2458=ORIENTED_EDGE('',*,*,#1444,.F.);
#2459=ORIENTED_EDGE('',*,*,#1748,.T.);
#2460=ORIENTED_EDGE('',*,*,#1737,.F.);
#2461=ORIENTED_EDGE('',*,*,#1749,.T.);
#2462=ORIENTED_EDGE('',*,*,#1749,.F.);
#2463=ORIENTED_EDGE('',*,*,#1736,.F.);
#2464=ORIENTED_EDGE('',*,*,#1750,.F.);
#2465=ORIENTED_EDGE('',*,*,#1445,.F.);
#2466=ORIENTED_EDGE('',*,*,#1742,.F.);
#2467=ORIENTED_EDGE('',*,*,#1751,.F.);
#2468=ORIENTED_EDGE('',*,*,#1454,.F.);
#2469=ORIENTED_EDGE('',*,*,#1412,.T.);
#2470=ORIENTED_EDGE('',*,*,#1446,.F.);
#2471=ORIENTED_EDGE('',*,*,#1750,.T.);
#2472=ORIENTED_EDGE('',*,*,#1747,.F.);
#2473=ORIENTED_EDGE('',*,*,#1743,.F.);
#2474=ORIENTED_EDGE('',*,*,#1455,.F.);
#2475=ORIENTED_EDGE('',*,*,#1751,.T.);
#2476=ORIENTED_EDGE('',*,*,#1752,.T.);
#2477=ORIENTED_EDGE('',*,*,#1753,.T.);
#2478=ORIENTED_EDGE('',*,*,#1754,.T.);
#2479=ORIENTED_EDGE('',*,*,#1755,.T.);
#2480=ORIENTED_EDGE('',*,*,#1756,.T.);
#2481=ORIENTED_EDGE('',*,*,#1757,.T.);
#2482=ORIENTED_EDGE('',*,*,#1758,.T.);
#2483=ORIENTED_EDGE('',*,*,#1755,.F.);
#2484=ORIENTED_EDGE('',*,*,#1470,.T.);
#2485=ORIENTED_EDGE('',*,*,#1759,.T.);
#2486=ORIENTED_EDGE('',*,*,#1760,.T.);
#2487=ORIENTED_EDGE('',*,*,#1761,.T.);
#2488=ORIENTED_EDGE('',*,*,#1762,.T.);
#2489=ORIENTED_EDGE('',*,*,#1760,.F.);
#2490=ORIENTED_EDGE('',*,*,#1763,.T.);
#2491=ORIENTED_EDGE('',*,*,#1757,.F.);
#2492=ORIENTED_EDGE('',*,*,#1458,.F.);
#2493=ORIENTED_EDGE('',*,*,#1764,.T.);
#2494=ORIENTED_EDGE('',*,*,#1753,.F.);
#2495=ORIENTED_EDGE('',*,*,#1765,.T.);
#2496=ORIENTED_EDGE('',*,*,#1765,.F.);
#2497=ORIENTED_EDGE('',*,*,#1752,.F.);
#2498=ORIENTED_EDGE('',*,*,#1766,.F.);
#2499=ORIENTED_EDGE('',*,*,#1459,.F.);
#2500=ORIENTED_EDGE('',*,*,#1758,.F.);
#2501=ORIENTED_EDGE('',*,*,#1767,.F.);
#2502=ORIENTED_EDGE('',*,*,#1468,.F.);
#2503=ORIENTED_EDGE('',*,*,#1414,.T.);
#2504=ORIENTED_EDGE('',*,*,#1460,.F.);
#2505=ORIENTED_EDGE('',*,*,#1766,.T.);
#2506=ORIENTED_EDGE('',*,*,#1763,.F.);
#2507=ORIENTED_EDGE('',*,*,#1759,.F.);
#2508=ORIENTED_EDGE('',*,*,#1469,.F.);
#2509=ORIENTED_EDGE('',*,*,#1767,.T.);
#2510=ORIENTED_EDGE('',*,*,#1764,.F.);
#2511=ORIENTED_EDGE('',*,*,#1768,.T.);
#2512=ORIENTED_EDGE('',*,*,#1761,.F.);
#2513=ORIENTED_EDGE('',*,*,#1769,.T.);
#2514=ORIENTED_EDGE('',*,*,#1754,.F.);
#2515=ORIENTED_EDGE('',*,*,#1769,.F.);
#2516=ORIENTED_EDGE('',*,*,#1762,.F.);
#2517=ORIENTED_EDGE('',*,*,#1756,.F.);
#2518=ORIENTED_EDGE('',*,*,#1748,.F.);
#2519=ORIENTED_EDGE('',*,*,#1770,.T.);
#2520=ORIENTED_EDGE('',*,*,#1745,.F.);
#2521=ORIENTED_EDGE('',*,*,#1771,.T.);
#2522=ORIENTED_EDGE('',*,*,#1738,.F.);
#2523=ORIENTED_EDGE('',*,*,#1771,.F.);
#2524=ORIENTED_EDGE('',*,*,#1746,.F.);
#2525=ORIENTED_EDGE('',*,*,#1740,.F.);
#2526=ORIENTED_EDGE('',*,*,#1732,.F.);
#2527=ORIENTED_EDGE('',*,*,#1772,.T.);
#2528=ORIENTED_EDGE('',*,*,#1729,.F.);
#2529=ORIENTED_EDGE('',*,*,#1773,.T.);
#2530=ORIENTED_EDGE('',*,*,#1722,.F.);
#2531=ORIENTED_EDGE('',*,*,#1773,.F.);
#2532=ORIENTED_EDGE('',*,*,#1730,.F.);
#2533=ORIENTED_EDGE('',*,*,#1724,.F.);
#2534=ORIENTED_EDGE('',*,*,#1542,.F.);
#2535=ORIENTED_EDGE('',*,*,#1774,.T.);
#2536=ORIENTED_EDGE('',*,*,#1549,.F.);
#2537=ORIENTED_EDGE('',*,*,#1775,.T.);
#2538=ORIENTED_EDGE('',*,*,#1540,.F.);
#2539=ORIENTED_EDGE('',*,*,#1775,.F.);
#2540=ORIENTED_EDGE('',*,*,#1550,.F.);
#2541=ORIENTED_EDGE('',*,*,#1545,.F.);
#2542=ORIENTED_EDGE('',*,*,#1558,.F.);
#2543=ORIENTED_EDGE('',*,*,#1776,.T.);
#2544=ORIENTED_EDGE('',*,*,#1565,.F.);
#2545=ORIENTED_EDGE('',*,*,#1777,.T.);
#2546=ORIENTED_EDGE('',*,*,#1556,.F.);
#2547=ORIENTED_EDGE('',*,*,#1777,.F.);
#2548=ORIENTED_EDGE('',*,*,#1566,.F.);
#2549=ORIENTED_EDGE('',*,*,#1561,.F.);
#2550=ORIENTED_EDGE('',*,*,#1574,.F.);
#2551=ORIENTED_EDGE('',*,*,#1778,.T.);
#2552=ORIENTED_EDGE('',*,*,#1581,.F.);
#2553=ORIENTED_EDGE('',*,*,#1779,.T.);
#2554=ORIENTED_EDGE('',*,*,#1572,.F.);
#2555=ORIENTED_EDGE('',*,*,#1779,.F.);
#2556=ORIENTED_EDGE('',*,*,#1582,.F.);
#2557=ORIENTED_EDGE('',*,*,#1577,.F.);
#2558=ORIENTED_EDGE('',*,*,#1590,.F.);
#2559=ORIENTED_EDGE('',*,*,#1780,.T.);
#2560=ORIENTED_EDGE('',*,*,#1597,.F.);
#2561=ORIENTED_EDGE('',*,*,#1781,.T.);
#2562=ORIENTED_EDGE('',*,*,#1588,.F.);
#2563=ORIENTED_EDGE('',*,*,#1781,.F.);
#2564=ORIENTED_EDGE('',*,*,#1598,.F.);
#2565=ORIENTED_EDGE('',*,*,#1593,.F.);
#2566=ORIENTED_EDGE('',*,*,#1606,.F.);
#2567=ORIENTED_EDGE('',*,*,#1782,.T.);
#2568=ORIENTED_EDGE('',*,*,#1613,.F.);
#2569=ORIENTED_EDGE('',*,*,#1783,.T.);
#2570=ORIENTED_EDGE('',*,*,#1604,.F.);
#2571=ORIENTED_EDGE('',*,*,#1783,.F.);
#2572=ORIENTED_EDGE('',*,*,#1614,.F.);
#2573=ORIENTED_EDGE('',*,*,#1609,.F.);
#2574=ORIENTED_EDGE('',*,*,#1622,.F.);
#2575=ORIENTED_EDGE('',*,*,#1784,.T.);
#2576=ORIENTED_EDGE('',*,*,#1629,.F.);
#2577=ORIENTED_EDGE('',*,*,#1785,.T.);
#2578=ORIENTED_EDGE('',*,*,#1620,.F.);
#2579=ORIENTED_EDGE('',*,*,#1785,.F.);
#2580=ORIENTED_EDGE('',*,*,#1630,.F.);
#2581=ORIENTED_EDGE('',*,*,#1625,.F.);
#2582=ORIENTED_EDGE('',*,*,#1639,.F.);
#2583=ORIENTED_EDGE('',*,*,#1786,.T.);
#2584=ORIENTED_EDGE('',*,*,#1646,.F.);
#2585=ORIENTED_EDGE('',*,*,#1787,.T.);
#2586=ORIENTED_EDGE('',*,*,#1636,.F.);
#2587=ORIENTED_EDGE('',*,*,#1787,.F.);
#2588=ORIENTED_EDGE('',*,*,#1647,.F.);
#2589=ORIENTED_EDGE('',*,*,#1642,.F.);
#2590=ORIENTED_EDGE('',*,*,#1657,.F.);
#2591=ORIENTED_EDGE('',*,*,#1788,.T.);
#2592=ORIENTED_EDGE('',*,*,#1665,.F.);
#2593=ORIENTED_EDGE('',*,*,#1789,.T.);
#2594=ORIENTED_EDGE('',*,*,#1655,.F.);
#2595=ORIENTED_EDGE('',*,*,#1789,.F.);
#2596=ORIENTED_EDGE('',*,*,#1666,.F.);
#2597=ORIENTED_EDGE('',*,*,#1660,.F.);
#2598=ORIENTED_EDGE('',*,*,#1684,.F.);
#2599=ORIENTED_EDGE('',*,*,#1790,.T.);
#2600=ORIENTED_EDGE('',*,*,#1681,.F.);
#2601=ORIENTED_EDGE('',*,*,#1791,.T.);
#2602=ORIENTED_EDGE('',*,*,#1674,.F.);
#2603=ORIENTED_EDGE('',*,*,#1791,.F.);
#2604=ORIENTED_EDGE('',*,*,#1682,.F.);
#2605=ORIENTED_EDGE('',*,*,#1676,.F.);
#2606=ORIENTED_EDGE('',*,*,#1700,.F.);
#2607=ORIENTED_EDGE('',*,*,#1792,.T.);
#2608=ORIENTED_EDGE('',*,*,#1697,.F.);
#2609=ORIENTED_EDGE('',*,*,#1793,.T.);
#2610=ORIENTED_EDGE('',*,*,#1690,.F.);
#2611=ORIENTED_EDGE('',*,*,#1793,.F.);
#2612=ORIENTED_EDGE('',*,*,#1698,.F.);
#2613=ORIENTED_EDGE('',*,*,#1692,.F.);
#2614=ORIENTED_EDGE('',*,*,#1716,.F.);
#2615=ORIENTED_EDGE('',*,*,#1794,.T.);
#2616=ORIENTED_EDGE('',*,*,#1713,.F.);
#2617=ORIENTED_EDGE('',*,*,#1795,.T.);
#2618=ORIENTED_EDGE('',*,*,#1706,.F.);
#2619=ORIENTED_EDGE('',*,*,#1795,.F.);
#2620=ORIENTED_EDGE('',*,*,#1714,.F.);
#2621=ORIENTED_EDGE('',*,*,#1708,.F.);
#2622=ORIENTED_EDGE('',*,*,#1796,.T.);
#2623=ORIENTED_EDGE('',*,*,#1797,.T.);
#2624=ORIENTED_EDGE('',*,*,#1798,.T.);
#2625=ORIENTED_EDGE('',*,*,#1799,.T.);
#2626=ORIENTED_EDGE('',*,*,#1472,.F.);
#2627=ORIENTED_EDGE('',*,*,#1800,.T.);
#2628=ORIENTED_EDGE('',*,*,#1797,.F.);
#2629=ORIENTED_EDGE('',*,*,#1801,.T.);
#2630=ORIENTED_EDGE('',*,*,#1802,.T.);
#2631=ORIENTED_EDGE('',*,*,#1799,.F.);
#2632=ORIENTED_EDGE('',*,*,#1803,.T.);
#2633=ORIENTED_EDGE('',*,*,#1804,.T.);
#2634=ORIENTED_EDGE('',*,*,#1484,.T.);
#2635=ORIENTED_EDGE('',*,*,#1805,.T.);
#2636=ORIENTED_EDGE('',*,*,#1806,.T.);
#2637=ORIENTED_EDGE('',*,*,#1807,.T.);
#2638=ORIENTED_EDGE('',*,*,#1808,.T.);
#2639=ORIENTED_EDGE('',*,*,#1806,.F.);
#2640=ORIENTED_EDGE('',*,*,#1809,.T.);
#2641=ORIENTED_EDGE('',*,*,#1804,.F.);
#2642=ORIENTED_EDGE('',*,*,#1801,.F.);
#2643=ORIENTED_EDGE('',*,*,#1796,.F.);
#2644=ORIENTED_EDGE('',*,*,#1810,.F.);
#2645=ORIENTED_EDGE('',*,*,#1473,.F.);
#2646=ORIENTED_EDGE('',*,*,#1802,.F.);
#2647=ORIENTED_EDGE('',*,*,#1811,.F.);
#2648=ORIENTED_EDGE('',*,*,#1482,.F.);
#2649=ORIENTED_EDGE('',*,*,#1416,.T.);
#2650=ORIENTED_EDGE('',*,*,#1474,.F.);
#2651=ORIENTED_EDGE('',*,*,#1810,.T.);
#2652=ORIENTED_EDGE('',*,*,#1809,.F.);
#2653=ORIENTED_EDGE('',*,*,#1805,.F.);
#2654=ORIENTED_EDGE('',*,*,#1483,.F.);
#2655=ORIENTED_EDGE('',*,*,#1811,.T.);
#2656=ORIENTED_EDGE('',*,*,#1800,.F.);
#2657=ORIENTED_EDGE('',*,*,#1812,.T.);
#2658=ORIENTED_EDGE('',*,*,#1807,.F.);
#2659=ORIENTED_EDGE('',*,*,#1813,.T.);
#2660=ORIENTED_EDGE('',*,*,#1798,.F.);
#2661=ORIENTED_EDGE('',*,*,#1813,.F.);
#2662=ORIENTED_EDGE('',*,*,#1808,.F.);
#2663=ORIENTED_EDGE('',*,*,#1803,.F.);
#2664=ORIENTED_EDGE('',*,*,#1814,.T.);
#2665=ORIENTED_EDGE('',*,*,#1815,.T.);
#2666=ORIENTED_EDGE('',*,*,#1816,.F.);
#2667=ORIENTED_EDGE('',*,*,#1788,.F.);
#2668=ORIENTED_EDGE('',*,*,#1527,.F.);
#2669=ORIENTED_EDGE('',*,*,#1790,.F.);
#2670=ORIENTED_EDGE('',*,*,#1513,.F.);
#2671=ORIENTED_EDGE('',*,*,#1792,.F.);
#2672=ORIENTED_EDGE('',*,*,#1499,.F.);
#2673=ORIENTED_EDGE('',*,*,#1794,.F.);
#2674=ORIENTED_EDGE('',*,*,#1485,.F.);
#2675=ORIENTED_EDGE('',*,*,#1812,.F.);
#2676=ORIENTED_EDGE('',*,*,#1471,.F.);
#2677=ORIENTED_EDGE('',*,*,#1768,.F.);
#2678=ORIENTED_EDGE('',*,*,#1457,.F.);
#2679=ORIENTED_EDGE('',*,*,#1770,.F.);
#2680=ORIENTED_EDGE('',*,*,#1443,.F.);
#2681=ORIENTED_EDGE('',*,*,#1772,.F.);
#2682=ORIENTED_EDGE('',*,*,#1450,.F.);
#2683=ORIENTED_EDGE('',*,*,#1774,.F.);
#2684=ORIENTED_EDGE('',*,*,#1464,.F.);
#2685=ORIENTED_EDGE('',*,*,#1776,.F.);
#2686=ORIENTED_EDGE('',*,*,#1478,.F.);
#2687=ORIENTED_EDGE('',*,*,#1778,.F.);
#2688=ORIENTED_EDGE('',*,*,#1492,.F.);
#2689=ORIENTED_EDGE('',*,*,#1780,.F.);
#2690=ORIENTED_EDGE('',*,*,#1506,.F.);
#2691=ORIENTED_EDGE('',*,*,#1782,.F.);
#2692=ORIENTED_EDGE('',*,*,#1520,.F.);
#2693=ORIENTED_EDGE('',*,*,#1784,.F.);
#2694=ORIENTED_EDGE('',*,*,#1534,.F.);
#2695=ORIENTED_EDGE('',*,*,#1786,.F.);
#2696=ORIENTED_EDGE('',*,*,#1817,.F.);
#2697=ORIENTED_EDGE('',*,*,#1815,.F.);
#2698=ORIENTED_EDGE('',*,*,#1814,.F.);
#2699=ORIENTED_EDGE('',*,*,#1425,.F.);
#2700=ORIENTED_EDGE('',*,*,#1670,.T.);
#2701=ORIENTED_EDGE('',*,*,#1671,.T.);
#2702=ORIENTED_EDGE('',*,*,#1662,.F.);
#2703=ORIENTED_EDGE('',*,*,#1816,.T.);
#2704=ORIENTED_EDGE('',*,*,#1817,.T.);
#2705=ORIENTED_EDGE('',*,*,#1638,.T.);
#2706=ORIENTED_EDGE('',*,*,#1650,.T.);
#2707=ORIENTED_EDGE('',*,*,#1652,.T.);
#2708=CYLINDRICAL_SURFACE('',#2956,1.5);
#2709=CYLINDRICAL_SURFACE('',#2959,1.5);
#2710=CYLINDRICAL_SURFACE('',#2961,1.5);
#2711=CYLINDRICAL_SURFACE('',#2963,1.5);
#2712=CYLINDRICAL_SURFACE('',#2979,10.);
#2713=CYLINDRICAL_SURFACE('',#3056,0.5);
#2714=CYLINDRICAL_SURFACE('',#3062,0.5);
#2715=CYLINDRICAL_SURFACE('',#3064,1.5);
#2716=CYLINDRICAL_SURFACE('',#3066,0.5);
#2717=CYLINDRICAL_SURFACE('',#3072,0.5);
#2718=CYLINDRICAL_SURFACE('',#3074,1.5);
#2719=CYLINDRICAL_SURFACE('',#3076,0.5);
#2720=CYLINDRICAL_SURFACE('',#3082,0.5);
#2721=CYLINDRICAL_SURFACE('',#3084,1.5);
#2722=CYLINDRICAL_SURFACE('',#3086,0.5);
#2723=CYLINDRICAL_SURFACE('',#3092,0.5);
#2724=CYLINDRICAL_SURFACE('',#3094,1.5);
#2725=CYLINDRICAL_SURFACE('',#3096,0.5);
#2726=CYLINDRICAL_SURFACE('',#3102,0.5);
#2727=CYLINDRICAL_SURFACE('',#3104,1.5);
#2728=CYLINDRICAL_SURFACE('',#3106,0.5);
#2729=CYLINDRICAL_SURFACE('',#3112,0.5);
#2730=CYLINDRICAL_SURFACE('',#3114,1.5);
#2731=CYLINDRICAL_SURFACE('',#3116,0.5);
#2732=CYLINDRICAL_SURFACE('',#3122,0.5);
#2733=CYLINDRICAL_SURFACE('',#3124,1.5);
#2734=CYLINDRICAL_SURFACE('',#3127,0.5);
#2735=CYLINDRICAL_SURFACE('',#3133,0.5);
#2736=CYLINDRICAL_SURFACE('',#3135,1.5);
#2737=CYLINDRICAL_SURFACE('',#3138,0.5);
#2738=CYLINDRICAL_SURFACE('',#3144,0.5);
#2739=CYLINDRICAL_SURFACE('',#3146,1.5);
#2740=CYLINDRICAL_SURFACE('',#3148,0.5);
#2741=CYLINDRICAL_SURFACE('',#3154,0.5);
#2742=CYLINDRICAL_SURFACE('',#3156,1.5);
#2743=CYLINDRICAL_SURFACE('',#3158,0.5);
#2744=CYLINDRICAL_SURFACE('',#3164,0.5);
#2745=CYLINDRICAL_SURFACE('',#3166,1.5);
#2746=CYLINDRICAL_SURFACE('',#3168,0.5);
#2747=CYLINDRICAL_SURFACE('',#3174,0.5);
#2748=CYLINDRICAL_SURFACE('',#3176,1.5);
#2749=CYLINDRICAL_SURFACE('',#3178,0.5);
#2750=CYLINDRICAL_SURFACE('',#3184,0.5);
#2751=CYLINDRICAL_SURFACE('',#3186,1.5);
#2752=CYLINDRICAL_SURFACE('',#3188,0.5);
#2753=CYLINDRICAL_SURFACE('',#3194,0.5);
#2754=CYLINDRICAL_SURFACE('',#3196,1.5);
#2755=CYLINDRICAL_SURFACE('',#3254,0.5);
#2756=CYLINDRICAL_SURFACE('',#3260,0.5);
#2757=CYLINDRICAL_SURFACE('',#3262,1.5);
#2758=ADVANCED_FACE('',(#446),#2708,.F.);
#2759=ADVANCED_FACE('',(#447),#2709,.F.);
#2760=ADVANCED_FACE('',(#448),#2710,.F.);
#2761=ADVANCED_FACE('',(#449),#2711,.F.);
#2762=ADVANCED_FACE('',(#450),#375,.T.);
#2763=ADVANCED_FACE('',(#451),#376,.T.);
#2764=ADVANCED_FACE('',(#452,#213),#377,.F.);
#2765=ADVANCED_FACE('',(#453),#378,.T.);
#2766=ADVANCED_FACE('',(#454),#379,.T.);
#2767=ADVANCED_FACE('',(#455),#380,.T.);
#2768=ADVANCED_FACE('',(#456),#381,.T.);
#2769=ADVANCED_FACE('',(#457),#382,.T.);
#2770=ADVANCED_FACE('',(#458),#383,.T.);
#2771=ADVANCED_FACE('',(#459),#384,.F.);
#2772=ADVANCED_FACE('',(#460),#181,.T.);
#2773=ADVANCED_FACE('',(#461),#2712,.T.);
#2774=ADVANCED_FACE('',(#462),#182,.T.);
#2775=ADVANCED_FACE('',(#463),#385,.T.);
#2776=ADVANCED_FACE('',(#464),#386,.T.);
#2777=ADVANCED_FACE('',(#465),#387,.T.);
#2778=ADVANCED_FACE('',(#466),#388,.T.);
#2779=ADVANCED_FACE('',(#467),#389,.T.);
#2780=ADVANCED_FACE('',(#468),#390,.T.);
#2781=ADVANCED_FACE('',(#469),#391,.T.);
#2782=ADVANCED_FACE('',(#470),#392,.T.);
#2783=ADVANCED_FACE('',(#471),#393,.T.);
#2784=ADVANCED_FACE('',(#472),#394,.T.);
#2785=ADVANCED_FACE('',(#473),#395,.T.);
#2786=ADVANCED_FACE('',(#474),#396,.T.);
#2787=ADVANCED_FACE('',(#475),#397,.T.);
#2788=ADVANCED_FACE('',(#476),#398,.T.);
#2789=ADVANCED_FACE('',(#477),#2713,.T.);
#2790=ADVANCED_FACE('',(#478),#16,.F.);
#2791=ADVANCED_FACE('',(#479),#183,.T.);
#2792=ADVANCED_FACE('',(#480),#17,.F.);
#2793=ADVANCED_FACE('',(#481),#2714,.T.);
#2794=ADVANCED_FACE('',(#482),#399,.T.);
#2795=ADVANCED_FACE('',(#483),#2715,.T.);
#2796=ADVANCED_FACE('',(#484),#400,.T.);
#2797=ADVANCED_FACE('',(#485),#2716,.T.);
#2798=ADVANCED_FACE('',(#486),#18,.F.);
#2799=ADVANCED_FACE('',(#487),#184,.T.);
#2800=ADVANCED_FACE('',(#488),#19,.F.);
#2801=ADVANCED_FACE('',(#489),#2717,.T.);
#2802=ADVANCED_FACE('',(#490),#401,.T.);
#2803=ADVANCED_FACE('',(#491),#2718,.T.);
#2804=ADVANCED_FACE('',(#492),#402,.T.);
#2805=ADVANCED_FACE('',(#493),#2719,.T.);
#2806=ADVANCED_FACE('',(#494),#20,.F.);
#2807=ADVANCED_FACE('',(#495),#185,.T.);
#2808=ADVANCED_FACE('',(#496),#21,.F.);
#2809=ADVANCED_FACE('',(#497),#2720,.T.);
#2810=ADVANCED_FACE('',(#498),#403,.T.);
#2811=ADVANCED_FACE('',(#499),#2721,.T.);
#2812=ADVANCED_FACE('',(#500),#404,.T.);
#2813=ADVANCED_FACE('',(#501),#2722,.T.);
#2814=ADVANCED_FACE('',(#502),#22,.F.);
#2815=ADVANCED_FACE('',(#503),#186,.T.);
#2816=ADVANCED_FACE('',(#504),#23,.F.);
#2817=ADVANCED_FACE('',(#505),#2723,.T.);
#2818=ADVANCED_FACE('',(#506),#405,.T.);
#2819=ADVANCED_FACE('',(#507),#2724,.T.);
#2820=ADVANCED_FACE('',(#508),#406,.T.);
#2821=ADVANCED_FACE('',(#509),#2725,.T.);
#2822=ADVANCED_FACE('',(#510),#24,.F.);
#2823=ADVANCED_FACE('',(#511),#187,.T.);
#2824=ADVANCED_FACE('',(#512),#25,.F.);
#2825=ADVANCED_FACE('',(#513),#2726,.T.);
#2826=ADVANCED_FACE('',(#514),#407,.T.);
#2827=ADVANCED_FACE('',(#515),#2727,.T.);
#2828=ADVANCED_FACE('',(#516),#408,.T.);
#2829=ADVANCED_FACE('',(#517),#2728,.T.);
#2830=ADVANCED_FACE('',(#518),#26,.F.);
#2831=ADVANCED_FACE('',(#519),#188,.T.);
#2832=ADVANCED_FACE('',(#520),#27,.F.);
#2833=ADVANCED_FACE('',(#521),#2729,.T.);
#2834=ADVANCED_FACE('',(#522),#409,.T.);
#2835=ADVANCED_FACE('',(#523),#2730,.T.);
#2836=ADVANCED_FACE('',(#524),#410,.T.);
#2837=ADVANCED_FACE('',(#525),#2731,.T.);
#2838=ADVANCED_FACE('',(#526),#28,.F.);
#2839=ADVANCED_FACE('',(#527),#189,.T.);
#2840=ADVANCED_FACE('',(#528),#29,.F.);
#2841=ADVANCED_FACE('',(#529),#2732,.T.);
#2842=ADVANCED_FACE('',(#530),#411,.T.);
#2843=ADVANCED_FACE('',(#531),#2733,.T.);
#2844=ADVANCED_FACE('',(#532),#412,.T.);
#2845=ADVANCED_FACE('',(#533),#2734,.T.);
#2846=ADVANCED_FACE('',(#534),#30,.F.);
#2847=ADVANCED_FACE('',(#535),#190,.T.);
#2848=ADVANCED_FACE('',(#536),#31,.F.);
#2849=ADVANCED_FACE('',(#537),#2735,.T.);
#2850=ADVANCED_FACE('',(#538),#413,.T.);
#2851=ADVANCED_FACE('',(#539),#2736,.T.);
#2852=ADVANCED_FACE('',(#540),#414,.T.);
#2853=ADVANCED_FACE('',(#541),#2737,.T.);
#2854=ADVANCED_FACE('',(#542),#191,.T.);
#2855=ADVANCED_FACE('',(#543),#32,.F.);
#2856=ADVANCED_FACE('',(#544),#2738,.T.);
#2857=ADVANCED_FACE('',(#545),#33,.F.);
#2858=ADVANCED_FACE('',(#546),#415,.T.);
#2859=ADVANCED_FACE('',(#547),#2739,.T.);
#2860=ADVANCED_FACE('',(#548),#416,.T.);
#2861=ADVANCED_FACE('',(#549),#2740,.T.);
#2862=ADVANCED_FACE('',(#550),#192,.T.);
#2863=ADVANCED_FACE('',(#551),#34,.F.);
#2864=ADVANCED_FACE('',(#552),#2741,.T.);
#2865=ADVANCED_FACE('',(#553),#35,.F.);
#2866=ADVANCED_FACE('',(#554),#417,.T.);
#2867=ADVANCED_FACE('',(#555),#2742,.T.);
#2868=ADVANCED_FACE('',(#556),#418,.T.);
#2869=ADVANCED_FACE('',(#557),#2743,.T.);
#2870=ADVANCED_FACE('',(#558),#193,.T.);
#2871=ADVANCED_FACE('',(#559),#36,.F.);
#2872=ADVANCED_FACE('',(#560),#2744,.T.);
#2873=ADVANCED_FACE('',(#561),#37,.F.);
#2874=ADVANCED_FACE('',(#562),#419,.T.);
#2875=ADVANCED_FACE('',(#563),#2745,.T.);
#2876=ADVANCED_FACE('',(#564),#420,.T.);
#2877=ADVANCED_FACE('',(#565),#2746,.T.);
#2878=ADVANCED_FACE('',(#566),#194,.T.);
#2879=ADVANCED_FACE('',(#567),#38,.F.);
#2880=ADVANCED_FACE('',(#568),#2747,.T.);
#2881=ADVANCED_FACE('',(#569),#39,.F.);
#2882=ADVANCED_FACE('',(#570),#421,.T.);
#2883=ADVANCED_FACE('',(#571),#2748,.T.);
#2884=ADVANCED_FACE('',(#572),#422,.T.);
#2885=ADVANCED_FACE('',(#573),#2749,.T.);
#2886=ADVANCED_FACE('',(#574),#195,.T.);
#2887=ADVANCED_FACE('',(#575),#40,.F.);
#2888=ADVANCED_FACE('',(#576),#2750,.T.);
#2889=ADVANCED_FACE('',(#577),#41,.F.);
#2890=ADVANCED_FACE('',(#578),#423,.T.);
#2891=ADVANCED_FACE('',(#579),#2751,.T.);
#2892=ADVANCED_FACE('',(#580),#424,.T.);
#2893=ADVANCED_FACE('',(#581),#2752,.T.);
#2894=ADVANCED_FACE('',(#582),#196,.T.);
#2895=ADVANCED_FACE('',(#583),#42,.F.);
#2896=ADVANCED_FACE('',(#584),#2753,.T.);
#2897=ADVANCED_FACE('',(#585),#43,.F.);
#2898=ADVANCED_FACE('',(#586),#425,.T.);
#2899=ADVANCED_FACE('',(#587),#2754,.T.);
#2900=ADVANCED_FACE('',(#588),#426,.T.);
#2901=ADVANCED_FACE('',(#589),#197,.T.);
#2902=ADVANCED_FACE('',(#590),#427,.T.);
#2903=ADVANCED_FACE('',(#591),#198,.T.);
#2904=ADVANCED_FACE('',(#592),#428,.T.);
#2905=ADVANCED_FACE('',(#593),#199,.T.);
#2906=ADVANCED_FACE('',(#594),#429,.T.);
#2907=ADVANCED_FACE('',(#595),#200,.T.);
#2908=ADVANCED_FACE('',(#596),#430,.T.);
#2909=ADVANCED_FACE('',(#597),#201,.T.);
#2910=ADVANCED_FACE('',(#598),#431,.T.);
#2911=ADVANCED_FACE('',(#599),#202,.T.);
#2912=ADVANCED_FACE('',(#600),#432,.T.);
#2913=ADVANCED_FACE('',(#601),#203,.T.);
#2914=ADVANCED_FACE('',(#602),#433,.T.);
#2915=ADVANCED_FACE('',(#603),#204,.T.);
#2916=ADVANCED_FACE('',(#604),#434,.T.);
#2917=ADVANCED_FACE('',(#605),#205,.T.);
#2918=ADVANCED_FACE('',(#606),#435,.T.);
#2919=ADVANCED_FACE('',(#607),#206,.T.);
#2920=ADVANCED_FACE('',(#608),#436,.T.);
#2921=ADVANCED_FACE('',(#609),#207,.T.);
#2922=ADVANCED_FACE('',(#610),#437,.T.);
#2923=ADVANCED_FACE('',(#611),#208,.T.);
#2924=ADVANCED_FACE('',(#612),#438,.T.);
#2925=ADVANCED_FACE('',(#613),#209,.T.);
#2926=ADVANCED_FACE('',(#614),#439,.T.);
#2927=ADVANCED_FACE('',(#615),#210,.T.);
#2928=ADVANCED_FACE('',(#616),#440,.T.);
#2929=ADVANCED_FACE('',(#617),#2755,.T.);
#2930=ADVANCED_FACE('',(#618),#44,.F.);
#2931=ADVANCED_FACE('',(#619),#211,.T.);
#2932=ADVANCED_FACE('',(#620),#45,.F.);
#2933=ADVANCED_FACE('',(#621),#2756,.T.);
#2934=ADVANCED_FACE('',(#622),#441,.T.);
#2935=ADVANCED_FACE('',(#623),#2757,.T.);
#2936=ADVANCED_FACE('',(#624),#442,.T.);
#2937=ADVANCED_FACE('',(#625),#212,.T.);
#2938=ADVANCED_FACE('',(#626),#443,.T.);
#2939=ADVANCED_FACE('',(#627),#15,.T.);
#2940=ADVANCED_FACE('',(#628),#444,.T.);
#2941=ADVANCED_FACE('',(#629),#445,.T.);
#2942=CLOSED_SHELL('',(#2758,#2759,#2760,#2761,#2762,#2763,#2764,#2765,
#2766,#2767,#2768,#2769,#2770,#2771,#2772,#2773,#2774,#2775,#2776,#2777,
#2778,#2779,#2780,#2781,#2782,#2783,#2784,#2785,#2786,#2787,#2788,#2789,
#2790,#2791,#2792,#2793,#2794,#2795,#2796,#2797,#2798,#2799,#2800,#2801,
#2802,#2803,#2804,#2805,#2806,#2807,#2808,#2809,#2810,#2811,#2812,#2813,
#2814,#2815,#2816,#2817,#2818,#2819,#2820,#2821,#2822,#2823,#2824,#2825,
#2826,#2827,#2828,#2829,#2830,#2831,#2832,#2833,#2834,#2835,#2836,#2837,
#2838,#2839,#2840,#2841,#2842,#2843,#2844,#2845,#2846,#2847,#2848,#2849,
#2850,#2851,#2852,#2853,#2854,#2855,#2856,#2857,#2858,#2859,#2860,#2861,
#2862,#2863,#2864,#2865,#2866,#2867,#2868,#2869,#2870,#2871,#2872,#2873,
#2874,#2875,#2876,#2877,#2878,#2879,#2880,#2881,#2882,#2883,#2884,#2885,
#2886,#2887,#2888,#2889,#2890,#2891,#2892,#2893,#2894,#2895,#2896,#2897,
#2898,#2899,#2900,#2901,#2902,#2903,#2904,#2905,#2906,#2907,#2908,#2909,
#2910,#2911,#2912,#2913,#2914,#2915,#2916,#2917,#2918,#2919,#2920,#2921,
#2922,#2923,#2924,#2925,#2926,#2927,#2928,#2929,#2930,#2931,#2932,#2933,
#2934,#2935,#2936,#2937,#2938,#2939,#2940,#2941));
#2943=DERIVED_UNIT_ELEMENT(#2945,1.);
#2944=DERIVED_UNIT_ELEMENT(#7352,-3.);
#2945=(
MASS_UNIT()
NAMED_UNIT(*)
SI_UNIT(.KILO.,.GRAM.)
);
#2946=DERIVED_UNIT((#2943,#2944));
#2947=MEASURE_REPRESENTATION_ITEM('density measure',
POSITIVE_RATIO_MEASURE(7850.),#2946);
#2948=PROPERTY_DEFINITION_REPRESENTATION(#2953,#2950);
#2949=PROPERTY_DEFINITION_REPRESENTATION(#2954,#2951);
#2950=REPRESENTATION('material name',(#2952),#7349);
#2951=REPRESENTATION('density',(#2947),#7349);
#2952=DESCRIPTIVE_REPRESENTATION_ITEM('Steel','Steel');
#2953=PROPERTY_DEFINITION('material property','material name',#7359);
#2954=PROPERTY_DEFINITION('material property','density of part',#7359);
#2955=AXIS2_PLACEMENT_3D('',#4057,#3274,#3275);
#2956=AXIS2_PLACEMENT_3D('',#4058,#3276,#3277);
#2957=AXIS2_PLACEMENT_3D('',#4063,#3279,#3280);
#2958=AXIS2_PLACEMENT_3D('',#4066,#3282,#3283);
#2959=AXIS2_PLACEMENT_3D('',#4067,#3284,#3285);
#2960=AXIS2_PLACEMENT_3D('',#4071,#3287,#3288);
#2961=AXIS2_PLACEMENT_3D('',#4073,#3290,#3291);
#2962=AXIS2_PLACEMENT_3D('',#4077,#3293,#3294);
#2963=AXIS2_PLACEMENT_3D('',#4079,#3296,#3297);
#2964=AXIS2_PLACEMENT_3D('',#4082,#3300,#3301);
#2965=AXIS2_PLACEMENT_3D('',#4088,#3305,#3306);
#2966=AXIS2_PLACEMENT_3D('',#4092,#3309,#3310);
#2967=AXIS2_PLACEMENT_3D('',#4094,#3311,#3312);
#2968=AXIS2_PLACEMENT_3D('',#4095,#3313,#3314);
#2969=AXIS2_PLACEMENT_3D('',#4101,#3318,#3319);
#2970=AXIS2_PLACEMENT_3D('',#4109,#3324,#3325);
#2971=AXIS2_PLACEMENT_3D('',#4111,#3327,#3328);
#2972=AXIS2_PLACEMENT_3D('',#4114,#3331,#3332);
#2973=AXIS2_PLACEMENT_3D('',#4116,#3334,#3335);
#2974=AXIS2_PLACEMENT_3D('',#4117,#3336,#3337);
#2975=AXIS2_PLACEMENT_3D('',#4118,#3338,#3339);
#2976=AXIS2_PLACEMENT_3D('',#4121,#3340,#3341);
#2977=AXIS2_PLACEMENT_3D('',#4122,#3342,#3343);
#2978=AXIS2_PLACEMENT_3D('',#4123,#3344,#3345);
#2979=AXIS2_PLACEMENT_3D('',#4124,#3346,#3347);
#2980=AXIS2_PLACEMENT_3D('',#4127,#3348,#3349);
#2981=AXIS2_PLACEMENT_3D('',#4129,#3351,#3352);
#2982=AXIS2_PLACEMENT_3D('',#4130,#3353,#3354);
#2983=AXIS2_PLACEMENT_3D('',#4159,#3355,#3356);
#2984=AXIS2_PLACEMENT_3D('',#4187,#3357,#3358);
#2985=AXIS2_PLACEMENT_3D('',#4215,#3359,#3360);
#2986=AXIS2_PLACEMENT_3D('',#4243,#3361,#3362);
#2987=AXIS2_PLACEMENT_3D('',#4271,#3363,#3364);
#2988=AXIS2_PLACEMENT_3D('',#4299,#3365,#3366);
#2989=AXIS2_PLACEMENT_3D('',#4327,#3367,#3368);
#2990=AXIS2_PLACEMENT_3D('',#4355,#3369,#3370);
#2991=AXIS2_PLACEMENT_3D('',#4383,#3371,#3372);
#2992=AXIS2_PLACEMENT_3D('',#4411,#3373,#3374);
#2993=AXIS2_PLACEMENT_3D('',#4439,#3375,#3376);
#2994=AXIS2_PLACEMENT_3D('',#4467,#3377,#3378);
#2995=AXIS2_PLACEMENT_3D('',#4495,#3379,#3380);
#2996=AXIS2_PLACEMENT_3D('',#4496,#3381,#3382);
#2997=AXIS2_PLACEMENT_3D('',#4498,#3383,#3384);
#2998=AXIS2_PLACEMENT_3D('',#4526,#3385,#3386);
#2999=AXIS2_PLACEMENT_3D('',#4553,#3387,#3388);
#3000=AXIS2_PLACEMENT_3D('',#4554,#3389,#3390);
#3001=AXIS2_PLACEMENT_3D('',#4556,#3391,#3392);
#3002=AXIS2_PLACEMENT_3D('',#4571,#3394,#3395);
#3003=AXIS2_PLACEMENT_3D('',#4615,#3397,#3398);
#3004=AXIS2_PLACEMENT_3D('',#4616,#3399,#3400);
#3005=AXIS2_PLACEMENT_3D('',#4618,#3401,#3402);
#3006=AXIS2_PLACEMENT_3D('',#4633,#3404,#3405);
#3007=AXIS2_PLACEMENT_3D('',#4677,#3407,#3408);
#3008=AXIS2_PLACEMENT_3D('',#4678,#3409,#3410);
#3009=AXIS2_PLACEMENT_3D('',#4680,#3411,#3412);
#3010=AXIS2_PLACEMENT_3D('',#4695,#3414,#3415);
#3011=AXIS2_PLACEMENT_3D('',#4739,#3417,#3418);
#3012=AXIS2_PLACEMENT_3D('',#4740,#3419,#3420);
#3013=AXIS2_PLACEMENT_3D('',#4742,#3421,#3422);
#3014=AXIS2_PLACEMENT_3D('',#4757,#3424,#3425);
#3015=AXIS2_PLACEMENT_3D('',#4801,#3427,#3428);
#3016=AXIS2_PLACEMENT_3D('',#4802,#3429,#3430);
#3017=AXIS2_PLACEMENT_3D('',#4804,#3431,#3432);
#3018=AXIS2_PLACEMENT_3D('',#4819,#3434,#3435);
#3019=AXIS2_PLACEMENT_3D('',#4863,#3437,#3438);
#3020=AXIS2_PLACEMENT_3D('',#4864,#3439,#3440);
#3021=AXIS2_PLACEMENT_3D('',#4866,#3441,#3442);
#3022=AXIS2_PLACEMENT_3D('',#4881,#3444,#3445);
#3023=AXIS2_PLACEMENT_3D('',#4925,#3447,#3448);
#3024=AXIS2_PLACEMENT_3D('',#4926,#3449,#3450);
#3025=AXIS2_PLACEMENT_3D('',#4928,#3451,#3452);
#3026=AXIS2_PLACEMENT_3D('',#4943,#3454,#3455);
#3027=AXIS2_PLACEMENT_3D('',#4987,#3457,#3458);
#3028=AXIS2_PLACEMENT_3D('',#4988,#3459,#3460);
#3029=AXIS2_PLACEMENT_3D('',#4990,#3461,#3462);
#3030=AXIS2_PLACEMENT_3D('',#5005,#3464,#3465);
#3031=AXIS2_PLACEMENT_3D('',#5049,#3467,#3468);
#3032=AXIS2_PLACEMENT_3D('',#5050,#3469,#3470);
#3033=AXIS2_PLACEMENT_3D('',#5052,#3471,#3472);
#3034=AXIS2_PLACEMENT_3D('',#5067,#3474,#3475);
#3035=AXIS2_PLACEMENT_3D('',#5111,#3477,#3478);
#3036=AXIS2_PLACEMENT_3D('',#5112,#3479,#3480);
#3037=AXIS2_PLACEMENT_3D('',#5114,#3481,#3482);
#3038=AXIS2_PLACEMENT_3D('',#5129,#3484,#3485);
#3039=AXIS2_PLACEMENT_3D('',#5173,#3487,#3488);
#3040=AXIS2_PLACEMENT_3D('',#5174,#3489,#3490);
#3041=AXIS2_PLACEMENT_3D('',#5176,#3491,#3492);
#3042=AXIS2_PLACEMENT_3D('',#5191,#3494,#3495);
#3043=AXIS2_PLACEMENT_3D('',#5235,#3497,#3498);
#3044=AXIS2_PLACEMENT_3D('',#5236,#3499,#3500);
#3045=AXIS2_PLACEMENT_3D('',#5238,#3501,#3502);
#3046=AXIS2_PLACEMENT_3D('',#5253,#3504,#3505);
#3047=AXIS2_PLACEMENT_3D('',#5297,#3507,#3508);
#3048=AXIS2_PLACEMENT_3D('',#5298,#3509,#3510);
#3049=AXIS2_PLACEMENT_3D('',#5300,#3511,#3512);
#3050=AXIS2_PLACEMENT_3D('',#5315,#3514,#3515);
#3051=AXIS2_PLACEMENT_3D('',#5359,#3517,#3518);
#3052=AXIS2_PLACEMENT_3D('',#5360,#3519,#3520);
#3053=AXIS2_PLACEMENT_3D('',#5362,#3521,#3522);
#3054=AXIS2_PLACEMENT_3D('',#5377,#3524,#3525);
#3055=AXIS2_PLACEMENT_3D('',#5421,#3527,#3528);
#3056=AXIS2_PLACEMENT_3D('',#5422,#3529,#3530);
#3057=AXIS2_PLACEMENT_3D('',#5427,#3532,#3533);
#3058=AXIS2_PLACEMENT_3D('',#5477,#3535,#3536);
#3059=AXIS2_PLACEMENT_3D('',#5479,#3537,#3538);
#3060=AXIS2_PLACEMENT_3D('',#5481,#3539,#3540);
#3061=AXIS2_PLACEMENT_3D('',#5526,#3541,#3542);
#3062=AXIS2_PLACEMENT_3D('',#5532,#3543,#3544);
#3063=AXIS2_PLACEMENT_3D('',#5535,#3547,#3548);
#3064=AXIS2_PLACEMENT_3D('',#5537,#3550,#3551);
#3065=AXIS2_PLACEMENT_3D('',#5539,#3553,#3554);
#3066=AXIS2_PLACEMENT_3D('',#5540,#3555,#3556);
#3067=AXIS2_PLACEMENT_3D('',#5545,#3558,#3559);
#3068=AXIS2_PLACEMENT_3D('',#5595,#3561,#3562);
#3069=AXIS2_PLACEMENT_3D('',#5597,#3563,#3564);
#3070=AXIS2_PLACEMENT_3D('',#5599,#3565,#3566);
#3071=AXIS2_PLACEMENT_3D('',#5644,#3567,#3568);
#3072=AXIS2_PLACEMENT_3D('',#5650,#3569,#3570);
#3073=AXIS2_PLACEMENT_3D('',#5653,#3573,#3574);
#3074=AXIS2_PLACEMENT_3D('',#5655,#3576,#3577);
#3075=AXIS2_PLACEMENT_3D('',#5657,#3579,#3580);
#3076=AXIS2_PLACEMENT_3D('',#5658,#3581,#3582);
#3077=AXIS2_PLACEMENT_3D('',#5663,#3584,#3585);
#3078=AXIS2_PLACEMENT_3D('',#5713,#3587,#3588);
#3079=AXIS2_PLACEMENT_3D('',#5715,#3589,#3590);
#3080=AXIS2_PLACEMENT_3D('',#5717,#3591,#3592);
#3081=AXIS2_PLACEMENT_3D('',#5762,#3593,#3594);
#3082=AXIS2_PLACEMENT_3D('',#5768,#3595,#3596);
#3083=AXIS2_PLACEMENT_3D('',#5771,#3599,#3600);
#3084=AXIS2_PLACEMENT_3D('',#5773,#3602,#3603);
#3085=AXIS2_PLACEMENT_3D('',#5775,#3605,#3606);
#3086=AXIS2_PLACEMENT_3D('',#5776,#3607,#3608);
#3087=AXIS2_PLACEMENT_3D('',#5781,#3610,#3611);
#3088=AXIS2_PLACEMENT_3D('',#5831,#3613,#3614);
#3089=AXIS2_PLACEMENT_3D('',#5833,#3615,#3616);
#3090=AXIS2_PLACEMENT_3D('',#5835,#3617,#3618);
#3091=AXIS2_PLACEMENT_3D('',#5880,#3619,#3620);
#3092=AXIS2_PLACEMENT_3D('',#5886,#3621,#3622);
#3093=AXIS2_PLACEMENT_3D('',#5889,#3625,#3626);
#3094=AXIS2_PLACEMENT_3D('',#5891,#3628,#3629);
#3095=AXIS2_PLACEMENT_3D('',#5893,#3631,#3632);
#3096=AXIS2_PLACEMENT_3D('',#5894,#3633,#3634);
#3097=AXIS2_PLACEMENT_3D('',#5899,#3636,#3637);
#3098=AXIS2_PLACEMENT_3D('',#5949,#3639,#3640);
#3099=AXIS2_PLACEMENT_3D('',#5951,#3641,#3642);
#3100=AXIS2_PLACEMENT_3D('',#5953,#3643,#3644);
#3101=AXIS2_PLACEMENT_3D('',#5998,#3645,#3646);
#3102=AXIS2_PLACEMENT_3D('',#6004,#3647,#3648);
#3103=AXIS2_PLACEMENT_3D('',#6007,#3651,#3652);
#3104=AXIS2_PLACEMENT_3D('',#6009,#3654,#3655);
#3105=AXIS2_PLACEMENT_3D('',#6011,#3657,#3658);
#3106=AXIS2_PLACEMENT_3D('',#6012,#3659,#3660);
#3107=AXIS2_PLACEMENT_3D('',#6017,#3662,#3663);
#3108=AXIS2_PLACEMENT_3D('',#6067,#3665,#3666);
#3109=AXIS2_PLACEMENT_3D('',#6069,#3667,#3668);
#3110=AXIS2_PLACEMENT_3D('',#6071,#3669,#3670);
#3111=AXIS2_PLACEMENT_3D('',#6116,#3671,#3672);
#3112=AXIS2_PLACEMENT_3D('',#6122,#3673,#3674);
#3113=AXIS2_PLACEMENT_3D('',#6125,#3677,#3678);
#3114=AXIS2_PLACEMENT_3D('',#6127,#3680,#3681);
#3115=AXIS2_PLACEMENT_3D('',#6129,#3683,#3684);
#3116=AXIS2_PLACEMENT_3D('',#6130,#3685,#3686);
#3117=AXIS2_PLACEMENT_3D('',#6135,#3688,#3689);
#3118=AXIS2_PLACEMENT_3D('',#6227,#3691,#3692);
#3119=AXIS2_PLACEMENT_3D('',#6229,#3693,#3694);
#3120=AXIS2_PLACEMENT_3D('',#6231,#3695,#3696);
#3121=AXIS2_PLACEMENT_3D('',#6276,#3697,#3698);
#3122=AXIS2_PLACEMENT_3D('',#6282,#3699,#3700);
#3123=AXIS2_PLACEMENT_3D('',#6285,#3703,#3704);
#3124=AXIS2_PLACEMENT_3D('',#6289,#3707,#3708);
#3125=AXIS2_PLACEMENT_3D('',#6291,#3710,#3711);
#3126=AXIS2_PLACEMENT_3D('',#6292,#3712,#3713);
#3127=AXIS2_PLACEMENT_3D('',#6293,#3714,#3715);
#3128=AXIS2_PLACEMENT_3D('',#6298,#3717,#3718);
#3129=AXIS2_PLACEMENT_3D('',#6348,#3720,#3721);
#3130=AXIS2_PLACEMENT_3D('',#6350,#3722,#3723);
#3131=AXIS2_PLACEMENT_3D('',#6352,#3724,#3725);
#3132=AXIS2_PLACEMENT_3D('',#6409,#3726,#3727);
#3133=AXIS2_PLACEMENT_3D('',#6415,#3728,#3729);
#3134=AXIS2_PLACEMENT_3D('',#6418,#3732,#3733);
#3135=AXIS2_PLACEMENT_3D('',#6420,#3735,#3736);
#3136=AXIS2_PLACEMENT_3D('',#6423,#3738,#3739);
#3137=AXIS2_PLACEMENT_3D('',#6424,#3740,#3741);
#3138=AXIS2_PLACEMENT_3D('',#6426,#3743,#3744);
#3139=AXIS2_PLACEMENT_3D('',#6431,#3746,#3747);
#3140=AXIS2_PLACEMENT_3D('',#6446,#3749,#3750);
#3141=AXIS2_PLACEMENT_3D('',#6448,#3751,#3752);
#3142=AXIS2_PLACEMENT_3D('',#6462,#3753,#3754);
#3143=AXIS2_PLACEMENT_3D('',#6495,#3755,#3756);
#3144=AXIS2_PLACEMENT_3D('',#6501,#3757,#3758);
#3145=AXIS2_PLACEMENT_3D('',#6539,#3761,#3762);
#3146=AXIS2_PLACEMENT_3D('',#6541,#3764,#3765);
#3147=AXIS2_PLACEMENT_3D('',#6543,#3767,#3768);
#3148=AXIS2_PLACEMENT_3D('',#6544,#3769,#3770);
#3149=AXIS2_PLACEMENT_3D('',#6549,#3772,#3773);
#3150=AXIS2_PLACEMENT_3D('',#6564,#3775,#3776);
#3151=AXIS2_PLACEMENT_3D('',#6566,#3777,#3778);
#3152=AXIS2_PLACEMENT_3D('',#6580,#3779,#3780);
#3153=AXIS2_PLACEMENT_3D('',#6613,#3781,#3782);
#3154=AXIS2_PLACEMENT_3D('',#6619,#3783,#3784);
#3155=AXIS2_PLACEMENT_3D('',#6657,#3787,#3788);
#3156=AXIS2_PLACEMENT_3D('',#6659,#3790,#3791);
#3157=AXIS2_PLACEMENT_3D('',#6661,#3793,#3794);
#3158=AXIS2_PLACEMENT_3D('',#6662,#3795,#3796);
#3159=AXIS2_PLACEMENT_3D('',#6667,#3798,#3799);
#3160=AXIS2_PLACEMENT_3D('',#6682,#3801,#3802);
#3161=AXIS2_PLACEMENT_3D('',#6684,#3803,#3804);
#3162=AXIS2_PLACEMENT_3D('',#6698,#3805,#3806);
#3163=AXIS2_PLACEMENT_3D('',#6731,#3807,#3808);
#3164=AXIS2_PLACEMENT_3D('',#6737,#3809,#3810);
#3165=AXIS2_PLACEMENT_3D('',#6775,#3813,#3814);
#3166=AXIS2_PLACEMENT_3D('',#6777,#3816,#3817);
#3167=AXIS2_PLACEMENT_3D('',#6779,#3819,#3820);
#3168=AXIS2_PLACEMENT_3D('',#6780,#3821,#3822);
#3169=AXIS2_PLACEMENT_3D('',#6785,#3824,#3825);
#3170=AXIS2_PLACEMENT_3D('',#6800,#3827,#3828);
#3171=AXIS2_PLACEMENT_3D('',#6802,#3829,#3830);
#3172=AXIS2_PLACEMENT_3D('',#6816,#3831,#3832);
#3173=AXIS2_PLACEMENT_3D('',#6849,#3833,#3834);
#3174=AXIS2_PLACEMENT_3D('',#6855,#3835,#3836);
#3175=AXIS2_PLACEMENT_3D('',#6893,#3839,#3840);
#3176=AXIS2_PLACEMENT_3D('',#6895,#3842,#3843);
#3177=AXIS2_PLACEMENT_3D('',#6897,#3845,#3846);
#3178=AXIS2_PLACEMENT_3D('',#6898,#3847,#3848);
#3179=AXIS2_PLACEMENT_3D('',#6903,#3850,#3851);
#3180=AXIS2_PLACEMENT_3D('',#6918,#3853,#3854);
#3181=AXIS2_PLACEMENT_3D('',#6920,#3855,#3856);
#3182=AXIS2_PLACEMENT_3D('',#6934,#3857,#3858);
#3183=AXIS2_PLACEMENT_3D('',#6967,#3859,#3860);
#3184=AXIS2_PLACEMENT_3D('',#6973,#3861,#3862);
#3185=AXIS2_PLACEMENT_3D('',#7011,#3865,#3866);
#3186=AXIS2_PLACEMENT_3D('',#7013,#3868,#3869);
#3187=AXIS2_PLACEMENT_3D('',#7015,#3871,#3872);
#3188=AXIS2_PLACEMENT_3D('',#7016,#3873,#3874);
#3189=AXIS2_PLACEMENT_3D('',#7021,#3876,#3877);
#3190=AXIS2_PLACEMENT_3D('',#7036,#3879,#3880);
#3191=AXIS2_PLACEMENT_3D('',#7038,#3881,#3882);
#3192=AXIS2_PLACEMENT_3D('',#7052,#3883,#3884);
#3193=AXIS2_PLACEMENT_3D('',#7085,#3885,#3886);
#3194=AXIS2_PLACEMENT_3D('',#7091,#3887,#3888);
#3195=AXIS2_PLACEMENT_3D('',#7129,#3891,#3892);
#3196=AXIS2_PLACEMENT_3D('',#7131,#3894,#3895);
#3197=AXIS2_PLACEMENT_3D('',#7133,#3897,#3898);
#3198=AXIS2_PLACEMENT_3D('',#7134,#3899,#3900);
#3199=AXIS2_PLACEMENT_3D('',#7135,#3901,#3902);
#3200=AXIS2_PLACEMENT_3D('',#7136,#3903,#3904);
#3201=AXIS2_PLACEMENT_3D('',#7137,#3905,#3906);
#3202=AXIS2_PLACEMENT_3D('',#7138,#3907,#3908);
#3203=AXIS2_PLACEMENT_3D('',#7139,#3909,#3910);
#3204=AXIS2_PLACEMENT_3D('',#7140,#3911,#3912);
#3205=AXIS2_PLACEMENT_3D('',#7141,#3913,#3914);
#3206=AXIS2_PLACEMENT_3D('',#7142,#3915,#3916);
#3207=AXIS2_PLACEMENT_3D('',#7143,#3917,#3918);
#3208=AXIS2_PLACEMENT_3D('',#7144,#3919,#3920);
#3209=AXIS2_PLACEMENT_3D('',#7145,#3921,#3922);
#3210=AXIS2_PLACEMENT_3D('',#7146,#3923,#3924);
#3211=AXIS2_PLACEMENT_3D('',#7147,#3925,#3926);
#3212=AXIS2_PLACEMENT_3D('',#7148,#3927,#3928);
#3213=AXIS2_PLACEMENT_3D('',#7149,#3929,#3930);
#3214=AXIS2_PLACEMENT_3D('',#7150,#3931,#3932);
#3215=AXIS2_PLACEMENT_3D('',#7151,#3933,#3934);
#3216=AXIS2_PLACEMENT_3D('',#7152,#3935,#3936);
#3217=AXIS2_PLACEMENT_3D('',#7153,#3937,#3938);
#3218=AXIS2_PLACEMENT_3D('',#7154,#3939,#3940);
#3219=AXIS2_PLACEMENT_3D('',#7155,#3941,#3942);
#3220=AXIS2_PLACEMENT_3D('',#7156,#3943,#3944);
#3221=AXIS2_PLACEMENT_3D('',#7157,#3945,#3946);
#3222=AXIS2_PLACEMENT_3D('',#7158,#3947,#3948);
#3223=AXIS2_PLACEMENT_3D('',#7159,#3949,#3950);
#3224=AXIS2_PLACEMENT_3D('',#7160,#3951,#3952);
#3225=AXIS2_PLACEMENT_3D('',#7161,#3953,#3954);
#3226=AXIS2_PLACEMENT_3D('',#7162,#3955,#3956);
#3227=AXIS2_PLACEMENT_3D('',#7163,#3957,#3958);
#3228=AXIS2_PLACEMENT_3D('',#7164,#3959,#3960);
#3229=AXIS2_PLACEMENT_3D('',#7165,#3961,#3962);
#3230=AXIS2_PLACEMENT_3D('',#7166,#3963,#3964);
#3231=AXIS2_PLACEMENT_3D('',#7167,#3965,#3966);
#3232=AXIS2_PLACEMENT_3D('',#7168,#3967,#3968);
#3233=AXIS2_PLACEMENT_3D('',#7169,#3969,#3970);
#3234=AXIS2_PLACEMENT_3D('',#7170,#3971,#3972);
#3235=AXIS2_PLACEMENT_3D('',#7171,#3973,#3974);
#3236=AXIS2_PLACEMENT_3D('',#7172,#3975,#3976);
#3237=AXIS2_PLACEMENT_3D('',#7173,#3977,#3978);
#3238=AXIS2_PLACEMENT_3D('',#7174,#3979,#3980);
#3239=AXIS2_PLACEMENT_3D('',#7175,#3981,#3982);
#3240=AXIS2_PLACEMENT_3D('',#7176,#3983,#3984);
#3241=AXIS2_PLACEMENT_3D('',#7177,#3985,#3986);
#3242=AXIS2_PLACEMENT_3D('',#7178,#3987,#3988);
#3243=AXIS2_PLACEMENT_3D('',#7179,#3989,#3990);
#3244=AXIS2_PLACEMENT_3D('',#7180,#3991,#3992);
#3245=AXIS2_PLACEMENT_3D('',#7181,#3993,#3994);
#3246=AXIS2_PLACEMENT_3D('',#7182,#3995,#3996);
#3247=AXIS2_PLACEMENT_3D('',#7183,#3997,#3998);
#3248=AXIS2_PLACEMENT_3D('',#7184,#3999,#4000);
#3249=AXIS2_PLACEMENT_3D('',#7185,#4001,#4002);
#3250=AXIS2_PLACEMENT_3D('',#7186,#4003,#4004);
#3251=AXIS2_PLACEMENT_3D('',#7187,#4005,#4006);
#3252=AXIS2_PLACEMENT_3D('',#7188,#4007,#4008);
#3253=AXIS2_PLACEMENT_3D('',#7189,#4009,#4010);
#3254=AXIS2_PLACEMENT_3D('',#7190,#4011,#4012);
#3255=AXIS2_PLACEMENT_3D('',#7195,#4014,#4015);
#3256=AXIS2_PLACEMENT_3D('',#7245,#4017,#4018);
#3257=AXIS2_PLACEMENT_3D('',#7247,#4019,#4020);
#3258=AXIS2_PLACEMENT_3D('',#7249,#4021,#4022);
#3259=AXIS2_PLACEMENT_3D('',#7294,#4023,#4024);
#3260=AXIS2_PLACEMENT_3D('',#7300,#4025,#4026);
#3261=AXIS2_PLACEMENT_3D('',#7303,#4029,#4030);
#3262=AXIS2_PLACEMENT_3D('',#7305,#4032,#4033);
#3263=AXIS2_PLACEMENT_3D('',#7307,#4035,#4036);
#3264=AXIS2_PLACEMENT_3D('',#7308,#4037,#4038);
#3265=AXIS2_PLACEMENT_3D('',#7309,#4039,#4040);
#3266=AXIS2_PLACEMENT_3D('',#7310,#4041,#4042);
#3267=AXIS2_PLACEMENT_3D('',#7311,#4043,#4044);
#3268=AXIS2_PLACEMENT_3D('',#7340,#4045,#4046);
#3269=AXIS2_PLACEMENT_3D('',#7342,#4047,#4048);
#3270=AXIS2_PLACEMENT_3D('',#7343,#4049,#4050);
#3271=AXIS2_PLACEMENT_3D('',#7344,#4051,#4052);
#3272=AXIS2_PLACEMENT_3D('',#7345,#4053,#4054);
#3273=AXIS2_PLACEMENT_3D('',#7346,#4055,#4056);
#3274=DIRECTION('axis',(0.,0.,1.));
#3275=DIRECTION('refdir',(1.,0.,0.));
#3276=DIRECTION('center_axis',(-1.,0.,0.));
#3277=DIRECTION('ref_axis',(0.,0.707106781186547,0.707106781186548));
#3278=DIRECTION('',(1.,0.,0.));
#3279=DIRECTION('center_axis',(0.707106781186548,0.,0.707106781186548));
#3280=DIRECTION('ref_axis',(0.707106781186547,0.,-0.707106781186547));
#3281=DIRECTION('',(-1.,0.,0.));
#3282=DIRECTION('center_axis',(-0.707106781186548,0.,0.707106781186548));
#3283=DIRECTION('ref_axis',(0.707106781186547,0.,0.707106781186547));
#3284=DIRECTION('center_axis',(0.,0.,-1.));
#3285=DIRECTION('ref_axis',(-0.707106781186548,0.707106781186547,0.));
#3286=DIRECTION('',(0.,0.,1.));
#3287=DIRECTION('center_axis',(-0.707106781186548,0.,0.707106781186548));
#3288=DIRECTION('ref_axis',(0.707106781186547,0.,0.707106781186547));
#3289=DIRECTION('',(0.,0.,-1.));
#3290=DIRECTION('center_axis',(1.,0.,0.));
#3291=DIRECTION('ref_axis',(0.,0.707106781186548,-0.707106781186548));
#3292=DIRECTION('',(-1.,0.,0.));
#3293=DIRECTION('center_axis',(-0.707106781186548,0.,-0.707106781186548));
#3294=DIRECTION('ref_axis',(-0.707106781186548,0.,0.707106781186548));
#3295=DIRECTION('',(1.,0.,0.));
#3296=DIRECTION('center_axis',(0.,0.,1.));
#3297=DIRECTION('ref_axis',(0.707106781186548,0.707106781186548,0.));
#3298=DIRECTION('',(0.,0.,1.));
#3299=DIRECTION('',(0.,0.,-1.));
#3300=DIRECTION('center_axis',(-1.,0.,0.));
#3301=DIRECTION('ref_axis',(0.,0.,1.));
#3302=DIRECTION('',(0.,1.,0.));
#3303=DIRECTION('',(0.,0.,-1.));
#3304=DIRECTION('',(0.,1.,0.));
#3305=DIRECTION('center_axis',(0.,0.,-1.));
#3306=DIRECTION('ref_axis',(-1.,0.,0.));
#3307=DIRECTION('',(0.,1.,0.));
#3308=DIRECTION('',(1.,0.,0.));
#3309=DIRECTION('center_axis',(0.,1.,0.));
#3310=DIRECTION('ref_axis',(-1.,0.,0.));
#3311=DIRECTION('center_axis',(0.,1.,0.));
#3312=DIRECTION('ref_axis',(-1.,0.,0.));
#3313=DIRECTION('center_axis',(-0.707106781186548,-0.707106781186547,0.));
#3314=DIRECTION('ref_axis',(0.,0.,1.));
#3315=DIRECTION('',(0.577350269189626,-0.577350269189626,0.577350269189626));
#3316=DIRECTION('',(0.,0.,1.));
#3317=DIRECTION('',(-0.577350269189626,0.577350269189626,0.577350269189626));
#3318=DIRECTION('center_axis',(0.707106781186548,-0.707106781186547,0.));
#3319=DIRECTION('ref_axis',(0.,0.,-1.));
#3320=DIRECTION('',(0.,0.,-1.));
#3321=DIRECTION('',(0.577350269189626,0.577350269189626,-0.577350269189626));
#3322=DIRECTION('',(0.,0.,1.));
#3323=DIRECTION('',(0.577350269189626,0.577350269189626,0.577350269189626));
#3324=DIRECTION('center_axis',(0.,-0.707106781186548,-0.707106781186547));
#3325=DIRECTION('ref_axis',(-1.,0.,0.));
#3326=DIRECTION('',(-1.,0.,0.));
#3327=DIRECTION('center_axis',(0.,-0.707106781186547,0.707106781186548));
#3328=DIRECTION('ref_axis',(1.,0.,0.));
#3329=DIRECTION('',(-1.,0.,0.));
#3330=DIRECTION('',(1.,0.,0.));
#3331=DIRECTION('center_axis',(0.,0.,1.));
#3332=DIRECTION('ref_axis',(1.,0.,0.));
#3333=DIRECTION('',(0.,1.,0.));
#3334=DIRECTION('center_axis',(1.,0.,0.));
#3335=DIRECTION('ref_axis',(0.,0.,-1.));
#3336=DIRECTION('center_axis',(0.,1.,0.));
#3337=DIRECTION('ref_axis',(-1.,0.,0.));
#3338=DIRECTION('center_axis',(0.,1.,0.));
#3339=DIRECTION('ref_axis',(0.,0.,1.));
#3340=DIRECTION('center_axis',(0.,-1.,0.));
#3341=DIRECTION('ref_axis',(-1.,0.,0.));
#3342=DIRECTION('center_axis',(-1.,0.,1.11022302462516E-16));
#3343=DIRECTION('ref_axis',(-1.11022302462516E-16,0.,-1.));
#3344=DIRECTION('center_axis',(0.,-1.,0.));
#3345=DIRECTION('ref_axis',(-1.,0.,0.));
#3346=DIRECTION('center_axis',(0.,1.,0.));
#3347=DIRECTION('ref_axis',(-1.,0.,0.));
#3348=DIRECTION('center_axis',(0.,1.,0.));
#3349=DIRECTION('ref_axis',(-1.,0.,0.));
#3350=DIRECTION('',(0.,-1.,0.));
#3351=DIRECTION('center_axis',(0.,1.,0.));
#3352=DIRECTION('ref_axis',(-1.,0.,0.));
#3353=DIRECTION('center_axis',(0.,1.,0.));
#3354=DIRECTION('ref_axis',(0.,0.,1.));
#3355=DIRECTION('center_axis',(0.,-1.,0.));
#3356=DIRECTION('ref_axis',(-1.,0.,0.));
#3357=DIRECTION('center_axis',(0.,-1.,0.));
#3358=DIRECTION('ref_axis',(-1.,0.,0.));
#3359=DIRECTION('center_axis',(0.,-1.,0.));
#3360=DIRECTION('ref_axis',(-1.,0.,0.));
#3361=DIRECTION('center_axis',(0.,-1.,0.));
#3362=DIRECTION('ref_axis',(-1.,0.,0.));
#3363=DIRECTION('center_axis',(0.,-1.,0.));
#3364=DIRECTION('ref_axis',(-1.,0.,0.));
#3365=DIRECTION('center_axis',(0.,-1.,0.));
#3366=DIRECTION('ref_axis',(-1.,0.,0.));
#3367=DIRECTION('center_axis',(0.,-1.,0.));
#3368=DIRECTION('ref_axis',(-1.,0.,0.));
#3369=DIRECTION('center_axis',(0.,-1.,0.));
#3370=DIRECTION('ref_axis',(-1.,0.,0.));
#3371=DIRECTION('center_axis',(0.,-1.,0.));
#3372=DIRECTION('ref_axis',(-1.,0.,0.));
#3373=DIRECTION('center_axis',(0.,-1.,0.));
#3374=DIRECTION('ref_axis',(-1.,0.,0.));
#3375=DIRECTION('center_axis',(0.,-1.,0.));
#3376=DIRECTION('ref_axis',(-1.,0.,0.));
#3377=DIRECTION('center_axis',(0.,-1.,0.));
#3378=DIRECTION('ref_axis',(-1.,0.,0.));
#3379=DIRECTION('center_axis',(0.,-1.,0.));
#3380=DIRECTION('ref_axis',(-1.,0.,0.));
#3381=DIRECTION('center_axis',(-1.,0.,1.11022302462516E-16));
#3382=DIRECTION('ref_axis',(-1.11022302462516E-16,0.,-1.));
#3383=DIRECTION('center_axis',(0.,-1.,0.));
#3384=DIRECTION('ref_axis',(-1.,0.,0.));
#3385=DIRECTION('center_axis',(0.,-1.,0.));
#3386=DIRECTION('ref_axis',(-1.,0.,0.));
#3387=DIRECTION('center_axis',(0.,-1.,0.));
#3388=DIRECTION('ref_axis',(-1.,0.,0.));
#3389=DIRECTION('center_axis',(0.,1.,0.));
#3390=DIRECTION('ref_axis',(-1.,0.,0.));
#3391=DIRECTION('center_axis',(0.,-1.,0.));
#3392=DIRECTION('ref_axis',(-1.,0.,0.));
#3393=DIRECTION('',(-0.99825852729063,0.,-0.0589907848018795));
#3394=DIRECTION('center_axis',(0.,-1.,0.));
#3395=DIRECTION('ref_axis',(-1.,0.,0.));
#3396=DIRECTION('',(0.988709057192218,0.,0.149847923662879));
#3397=DIRECTION('center_axis',(0.,-1.,0.));
#3398=DIRECTION('ref_axis',(-1.,0.,0.));
#3399=DIRECTION('center_axis',(0.,1.,0.));
#3400=DIRECTION('ref_axis',(-1.,0.,0.));
#3401=DIRECTION('center_axis',(0.,-1.,0.));
#3402=DIRECTION('ref_axis',(-1.,0.,0.));
#3403=DIRECTION('',(-0.935948256942071,0.,0.352137558813454));
#3404=DIRECTION('center_axis',(0.,-1.,0.));
#3405=DIRECTION('ref_axis',(-1.,0.,0.));
#3406=DIRECTION('',(0.964179309570567,0.,-0.265251312901604));
#3407=DIRECTION('center_axis',(0.,-1.,0.));
#3408=DIRECTION('ref_axis',(-1.,0.,0.));
#3409=DIRECTION('center_axis',(0.,1.,0.));
#3410=DIRECTION('ref_axis',(-1.,0.,0.));
#3411=DIRECTION('center_axis',(0.,-1.,0.));
#3412=DIRECTION('ref_axis',(-1.,0.,0.));
#3413=DIRECTION('',(-0.887960829376624,0.,-0.459919085810512));
#3414=DIRECTION('center_axis',(0.,-1.,0.));
#3415=DIRECTION('ref_axis',(-1.,0.,0.));
#3416=DIRECTION('',(0.842282026685531,0.,0.5390370929004));
#3417=DIRECTION('center_axis',(0.,-1.,0.));
#3418=DIRECTION('ref_axis',(-1.,0.,0.));
#3419=DIRECTION('center_axis',(0.,1.,0.));
#3420=DIRECTION('ref_axis',(-1.,0.,0.));
#3421=DIRECTION('center_axis',(0.,-1.,0.));
#3422=DIRECTION('ref_axis',(-1.,0.,0.));
#3423=DIRECTION('',(-0.711804030145248,0.,0.70237811944065));
#3424=DIRECTION('center_axis',(0.,-1.,0.));
#3425=DIRECTION('ref_axis',(-1.,0.,0.));
#3426=DIRECTION('',(0.772934200030123,0.,-0.634486187732872));
#3427=DIRECTION('center_axis',(0.,-1.,0.));
#3428=DIRECTION('ref_axis',(-1.,0.,0.));
#3429=DIRECTION('center_axis',(0.,1.,0.));
#3430=DIRECTION('ref_axis',(-1.,0.,0.));
#3431=DIRECTION('center_axis',(0.,-1.,0.));
#3432=DIRECTION('ref_axis',(-1.,0.,0.));
#3433=DIRECTION('',(-0.624126637192513,0.,-0.781323198648783));
#3434=DIRECTION('center_axis',(0.,-1.,0.));
#3435=DIRECTION('ref_axis',(-1.,0.,0.));
#3436=DIRECTION('',(0.550216781872924,0.,0.835021851777187));
#3437=DIRECTION('center_axis',(0.,-1.,0.));
#3438=DIRECTION('ref_axis',(-1.,0.,0.));
#3439=DIRECTION('center_axis',(0.,1.,0.));
#3440=DIRECTION('ref_axis',(-1.,0.,0.));
#3441=DIRECTION('center_axis',(0.,-1.,0.));
#3442=DIRECTION('ref_axis',(-1.,0.,0.));
#3443=DIRECTION('',(-0.364582419999705,0.,0.931171122311661));
#3444=DIRECTION('center_axis',(0.,-1.,0.));
#3445=DIRECTION('ref_axis',(-1.,0.,0.));
#3446=DIRECTION('',(0.448041745417707,0.,-0.894012636579067));
#3447=DIRECTION('center_axis',(0.,-1.,0.));
#3448=DIRECTION('ref_axis',(-1.,0.,0.));
#3449=DIRECTION('center_axis',(0.,1.,0.));
#3450=DIRECTION('ref_axis',(-1.,0.,0.));
#3451=DIRECTION('center_axis',(0.,-1.,0.));
#3452=DIRECTION('ref_axis',(-1.,0.,0.));
#3453=DIRECTION('',(-0.25237527942532,0.,-0.967629432342254));
#3454=DIRECTION('center_axis',(0.,-1.,0.));
#3455=DIRECTION('ref_axis',(-1.,0.,0.));
#3456=DIRECTION('',(0.163014056911948,0.,0.986623746546326));
#3457=DIRECTION('center_axis',(0.,-1.,0.));
#3458=DIRECTION('ref_axis',(-1.,0.,0.));
#3459=DIRECTION('center_axis',(0.,1.,0.));
#3460=DIRECTION('ref_axis',(-1.,0.,0.));
#3461=DIRECTION('center_axis',(0.,-1.,0.));
#3462=DIRECTION('ref_axis',(-1.,0.,0.));
#3463=DIRECTION('',(0.0456788026910934,0.,0.998956178710912));
#3464=DIRECTION('center_axis',(0.,-1.,0.));
#3465=DIRECTION('ref_axis',(-1.,0.,0.));
#3466=DIRECTION('',(0.0456788026910937,0.,-0.998956178710912));
#3467=DIRECTION('center_axis',(0.,-1.,0.));
#3468=DIRECTION('ref_axis',(-1.,0.,0.));
#3469=DIRECTION('center_axis',(0.,1.,0.));
#3470=DIRECTION('ref_axis',(-1.,0.,0.));
#3471=DIRECTION('center_axis',(0.,-1.,0.));
#3472=DIRECTION('ref_axis',(-1.,0.,0.));
#3473=DIRECTION('',(0.163014056911947,0.,-0.986623746546326));
#3474=DIRECTION('center_axis',(0.,-1.,0.));
#3475=DIRECTION('ref_axis',(-1.,0.,0.));
#3476=DIRECTION('',(-0.25237527942532,0.,0.967629432342253));
#3477=DIRECTION('center_axis',(0.,-1.,0.));
#3478=DIRECTION('ref_axis',(-1.,0.,0.));
#3479=DIRECTION('center_axis',(0.,1.,0.));
#3480=DIRECTION('ref_axis',(-1.,0.,0.));
#3481=DIRECTION('center_axis',(0.,-1.,0.));
#3482=DIRECTION('ref_axis',(-1.,0.,0.));
#3483=DIRECTION('',(0.448041745417706,0.,0.894012636579067));
#3484=DIRECTION('center_axis',(0.,-1.,0.));
#3485=DIRECTION('ref_axis',(-1.,0.,0.));
#3486=DIRECTION('',(-0.364582419999704,0.,-0.931171122311661));
#3487=DIRECTION('center_axis',(0.,-1.,0.));
#3488=DIRECTION('ref_axis',(-1.,0.,0.));
#3489=DIRECTION('center_axis',(0.,1.,0.));
#3490=DIRECTION('ref_axis',(-1.,0.,0.));
#3491=DIRECTION('center_axis',(0.,-1.,0.));
#3492=DIRECTION('ref_axis',(-1.,0.,0.));
#3493=DIRECTION('',(0.550216781872924,0.,-0.835021851777187));
#3494=DIRECTION('center_axis',(0.,-1.,0.));
#3495=DIRECTION('ref_axis',(-1.,0.,0.));
#3496=DIRECTION('',(-0.624126637192513,0.,0.781323198648783));
#3497=DIRECTION('center_axis',(0.,-1.,0.));
#3498=DIRECTION('ref_axis',(-1.,0.,0.));
#3499=DIRECTION('center_axis',(0.,1.,0.));
#3500=DIRECTION('ref_axis',(-1.,0.,0.));
#3501=DIRECTION('center_axis',(0.,-1.,0.));
#3502=DIRECTION('ref_axis',(-1.,0.,0.));
#3503=DIRECTION('',(0.772934200030123,0.,0.634486187732872));
#3504=DIRECTION('center_axis',(0.,-1.,0.));
#3505=DIRECTION('ref_axis',(-1.,0.,0.));
#3506=DIRECTION('',(-0.711804030145248,0.,-0.70237811944065));
#3507=DIRECTION('center_axis',(0.,-1.,0.));
#3508=DIRECTION('ref_axis',(-1.,0.,0.));
#3509=DIRECTION('center_axis',(0.,1.,0.));
#3510=DIRECTION('ref_axis',(-1.,0.,0.));
#3511=DIRECTION('center_axis',(0.,-1.,0.));
#3512=DIRECTION('ref_axis',(-1.,0.,0.));
#3513=DIRECTION('',(0.842282026685531,0.,-0.5390370929004));
#3514=DIRECTION('center_axis',(0.,-1.,0.));
#3515=DIRECTION('ref_axis',(-1.,0.,0.));
#3516=DIRECTION('',(-0.887960829376624,0.,0.459919085810512));
#3517=DIRECTION('center_axis',(0.,-1.,0.));
#3518=DIRECTION('ref_axis',(-1.,0.,0.));
#3519=DIRECTION('center_axis',(0.,1.,0.));
#3520=DIRECTION('ref_axis',(-1.,0.,0.));
#3521=DIRECTION('center_axis',(0.,-1.,0.));
#3522=DIRECTION('ref_axis',(-1.,0.,0.));
#3523=DIRECTION('',(0.964179309570567,0.,0.265251312901605));
#3524=DIRECTION('center_axis',(0.,-1.,0.));
#3525=DIRECTION('ref_axis',(-1.,0.,0.));
#3526=DIRECTION('',(-0.935948256942071,0.,-0.352137558813454));
#3527=DIRECTION('center_axis',(0.,-1.,0.));
#3528=DIRECTION('ref_axis',(-1.,0.,0.));
#3529=DIRECTION('center_axis',(-0.772934200030124,0.,0.634486187732872));
#3530=DIRECTION('ref_axis',(-0.448649485915114,0.707106781186546,-0.546547014252301));
#3531=DIRECTION('',(-0.772934200030123,0.,0.634486187732872));
#3532=DIRECTION('center_axis',(0.772934200030124,0.,-0.634486187732872));
#3533=DIRECTION('ref_axis',(-0.634486187732872,0.,-0.772934200030124));
#3534=DIRECTION('',(0.772934200030123,0.,-0.634486187732872));
#3535=DIRECTION('center_axis',(0.,1.,0.));
#3536=DIRECTION('ref_axis',(0.866025403784441,0.,-0.499999999999996));
#3537=DIRECTION('center_axis',(0.,1.,0.));
#3538=DIRECTION('ref_axis',(0.866025403784439,0.,-0.499999999999999));
#3539=DIRECTION('center_axis',(0.,-1.,0.));
#3540=DIRECTION('ref_axis',(0.866025403784439,0.,-0.499999999999999));
#3541=DIRECTION('center_axis',(-0.935948256942071,-1.28911457130016E-13,
0.352137558813454));
#3542=DIRECTION('ref_axis',(0.352137558813454,0.,0.935948256942071));
#3543=DIRECTION('center_axis',(0.935948256942071,0.,-0.352137558813454));
#3544=DIRECTION('ref_axis',(0.248998855747472,0.707106781186546,0.661815359323469));
#3545=DIRECTION('',(-0.935948256942071,0.,0.352137558813454));
#3546=DIRECTION('',(0.935948256942071,0.,-0.352137558813454));
#3547=DIRECTION('center_axis',(-0.634486187732872,0.,-0.772934200030124));
#3548=DIRECTION('ref_axis',(-0.772934200030123,0.,0.634486187732872));
#3549=DIRECTION('',(0.,1.,0.));
#3550=DIRECTION('center_axis',(0.,1.,0.));
#3551=DIRECTION('ref_axis',(0.866025403784439,0.,-0.499999999999999));
#3552=DIRECTION('',(0.,1.,0.));
#3553=DIRECTION('center_axis',(0.352137558813454,0.,0.935948256942071));
#3554=DIRECTION('ref_axis',(0.935948256942071,0.,-0.352137558813454));
#3555=DIRECTION('center_axis',(-0.448041745417707,0.,0.894012636579067));
#3556=DIRECTION('ref_axis',(-0.632162397791523,0.707106781186545,-0.316813356439522));
#3557=DIRECTION('',(-0.448041745417707,0.,0.894012636579067));
#3558=DIRECTION('center_axis',(0.448041745417708,-9.94852523511969E-16,
-0.894012636579066));
#3559=DIRECTION('ref_axis',(-0.894012636579066,0.,-0.448041745417709));
#3560=DIRECTION('',(0.448041745417707,0.,-0.894012636579067));
#3561=DIRECTION('center_axis',(0.,1.,0.));
#3562=DIRECTION('ref_axis',(0.587785252292474,0.,-0.809016994374946));
#3563=DIRECTION('center_axis',(0.,1.,0.));
#3564=DIRECTION('ref_axis',(0.587785252292473,0.,-0.809016994374947));
#3565=DIRECTION('center_axis',(0.,-1.,0.));
#3566=DIRECTION('ref_axis',(0.587785252292473,0.,-0.809016994374947));
#3567=DIRECTION('center_axis',(-0.711804030145247,-1.23982224779788E-13,
0.70237811944065));
#3568=DIRECTION('ref_axis',(0.70237811944065,0.,0.711804030145247));
#3569=DIRECTION('center_axis',(0.711804030145248,0.,-0.70237811944065));
#3570=DIRECTION('ref_axis',(0.496656331213539,0.707106781186546,0.50332145659162));
#3571=DIRECTION('',(-0.711804030145248,0.,0.70237811944065));
#3572=DIRECTION('',(0.711804030145248,0.,-0.70237811944065));
#3573=DIRECTION('center_axis',(-0.894012636579067,0.,-0.448041745417707));
#3574=DIRECTION('ref_axis',(-0.448041745417707,0.,0.894012636579067));
#3575=DIRECTION('',(0.,1.,0.));
#3576=DIRECTION('center_axis',(0.,1.,0.));
#3577=DIRECTION('ref_axis',(0.587785252292473,0.,-0.809016994374947));
#3578=DIRECTION('',(0.,1.,0.));
#3579=DIRECTION('center_axis',(0.70237811944065,0.,0.711804030145248));
#3580=DIRECTION('ref_axis',(0.711804030145248,0.,-0.70237811944065));
#3581=DIRECTION('center_axis',(-0.0456788026910937,0.,0.998956178710912));
#3582=DIRECTION('ref_axis',(-0.706368688074688,0.707106781186546,-0.0322997911393579));
#3583=DIRECTION('',(-0.0456788026910937,0.,0.998956178710912));
#3584=DIRECTION('center_axis',(0.0456788026910937,0.,-0.998956178710912));
#3585=DIRECTION('ref_axis',(-0.998956178710912,0.,-0.0456788026910937));
#3586=DIRECTION('',(0.0456788026910937,0.,-0.998956178710912));
#3587=DIRECTION('center_axis',(0.,1.,0.));
#3588=DIRECTION('ref_axis',(0.207911690817687,0.,-0.978147600733821));
#3589=DIRECTION('center_axis',(0.,1.,0.));
#3590=DIRECTION('ref_axis',(0.207911690817761,0.,-0.978147600733805));
#3591=DIRECTION('center_axis',(0.,-1.,0.));
#3592=DIRECTION('ref_axis',(0.207911690817761,0.,-0.978147600733805));
#3593=DIRECTION('center_axis',(-0.364582419999704,-1.40247626265064E-13,
0.931171122311662));
#3594=DIRECTION('ref_axis',(0.931171122311661,0.,0.364582419999704));
#3595=DIRECTION('center_axis',(0.364582419999705,0.,-0.931171122311661));
#3596=DIRECTION('ref_axis',(0.658437415031665,0.707106781186547,0.257798701483193));
#3597=DIRECTION('',(-0.364582419999705,0.,0.931171122311661));
#3598=DIRECTION('',(0.364582419999705,0.,-0.931171122311661));
#3599=DIRECTION('center_axis',(-0.998956178710912,0.,-0.0456788026910937));
#3600=DIRECTION('ref_axis',(-0.0456788026910937,0.,0.998956178710912));
#3601=DIRECTION('',(0.,1.,0.));
#3602=DIRECTION('center_axis',(0.,1.,0.));
#3603=DIRECTION('ref_axis',(0.207911690817761,0.,-0.978147600733805));
#3604=DIRECTION('',(0.,1.,0.));
#3605=DIRECTION('center_axis',(0.931171122311661,0.,0.364582419999705));
#3606=DIRECTION('ref_axis',(0.364582419999705,0.,-0.931171122311661));
#3607=DIRECTION('center_axis',(0.364582419999704,0.,0.931171122311661));
#3608=DIRECTION('ref_axis',(-0.658437415031666,0.707106781186547,0.25779870148319));
#3609=DIRECTION('',(0.364582419999704,0.,0.931171122311661));
#3610=DIRECTION('center_axis',(-0.364582419999704,-3.03575847792924E-16,
-0.931171122311662));
#3611=DIRECTION('ref_axis',(-0.931171122311662,0.,0.364582419999704));
#3612=DIRECTION('',(-0.364582419999704,0.,-0.931171122311661));
#3613=DIRECTION('center_axis',(0.,1.,0.));
#3614=DIRECTION('ref_axis',(-0.207911690817759,0.,-0.978147600733806));
#3615=DIRECTION('center_axis',(0.,1.,0.));
#3616=DIRECTION('ref_axis',(-0.207911690817759,0.,-0.978147600733806));
#3617=DIRECTION('center_axis',(0.,-1.,0.));
#3618=DIRECTION('ref_axis',(-0.207911690817759,0.,-0.978147600733806));
#3619=DIRECTION('center_axis',(0.0456788026910937,-1.47055745386232E-13,
0.998956178710912));
#3620=DIRECTION('ref_axis',(0.998956178710912,0.,-0.0456788026910937));
#3621=DIRECTION('center_axis',(-0.0456788026910934,0.,-0.998956178710912));
#3622=DIRECTION('ref_axis',(0.706368688074688,0.707106781186546,-0.0322997911393579));
#3623=DIRECTION('',(0.0456788026910934,0.,0.998956178710912));
#3624=DIRECTION('',(-0.0456788026910934,0.,-0.998956178710912));
#3625=DIRECTION('center_axis',(-0.931171122311661,0.,0.364582419999704));
#3626=DIRECTION('ref_axis',(0.364582419999704,0.,0.931171122311661));
#3627=DIRECTION('',(0.,1.,0.));
#3628=DIRECTION('center_axis',(0.,1.,0.));
#3629=DIRECTION('ref_axis',(-0.207911690817759,0.,-0.978147600733806));
#3630=DIRECTION('',(0.,1.,0.));
#3631=DIRECTION('center_axis',(0.998956178710912,0.,-0.0456788026910934));
#3632=DIRECTION('ref_axis',(-0.0456788026910934,0.,-0.998956178710912));
#3633=DIRECTION('center_axis',(0.711804030145248,0.,0.70237811944065));
#3634=DIRECTION('ref_axis',(-0.49665633121354,0.707106781186546,0.50332145659162));
#3635=DIRECTION('',(0.711804030145248,0.,0.70237811944065));
#3636=DIRECTION('center_axis',(-0.711804030145248,7.90261223288236E-16,
-0.70237811944065));
#3637=DIRECTION('ref_axis',(-0.70237811944065,0.,0.711804030145248));
#3638=DIRECTION('',(-0.711804030145248,0.,-0.70237811944065));
#3639=DIRECTION('center_axis',(0.,1.,0.));
#3640=DIRECTION('ref_axis',(-0.587785252292476,0.,-0.809016994374945));
#3641=DIRECTION('center_axis',(0.,1.,0.));
#3642=DIRECTION('ref_axis',(-0.587785252292473,0.,-0.809016994374947));
#3643=DIRECTION('center_axis',(0.,-1.,0.));
#3644=DIRECTION('ref_axis',(-0.587785252292473,0.,-0.809016994374948));
#3645=DIRECTION('center_axis',(0.448041745417705,-1.30957069090232E-13,
0.894012636579068));
#3646=DIRECTION('ref_axis',(0.894012636579068,0.,-0.448041745417705));
#3647=DIRECTION('center_axis',(-0.448041745417706,0.,-0.894012636579067));
#3648=DIRECTION('ref_axis',(0.632162397791524,0.707106781186547,-0.316813356439516));
#3649=DIRECTION('',(0.448041745417706,0.,0.894012636579067));
#3650=DIRECTION('',(-0.448041745417706,0.,-0.894012636579067));
#3651=DIRECTION('center_axis',(-0.70237811944065,0.,0.711804030145248));
#3652=DIRECTION('ref_axis',(0.711804030145248,0.,0.70237811944065));
#3653=DIRECTION('',(0.,1.,0.));
#3654=DIRECTION('center_axis',(0.,1.,0.));
#3655=DIRECTION('ref_axis',(-1.,0.,0.));
#3656=DIRECTION('',(0.,1.,0.));
#3657=DIRECTION('center_axis',(0.894012636579067,0.,-0.448041745417706));
#3658=DIRECTION('ref_axis',(-0.448041745417706,0.,-0.894012636579067));
#3659=DIRECTION('center_axis',(0.935948256942071,0.,0.352137558813454));
#3660=DIRECTION('ref_axis',(-0.248998855747471,0.707106781186546,0.661815359323469));
#3661=DIRECTION('',(0.935948256942071,0.,0.352137558813454));
#3662=DIRECTION('center_axis',(-0.935948256942071,0.,-0.352137558813454));
#3663=DIRECTION('ref_axis',(-0.352137558813454,0.,0.935948256942071));
#3664=DIRECTION('',(-0.935948256942071,0.,-0.352137558813454));
#3665=DIRECTION('center_axis',(0.,1.,0.));
#3666=DIRECTION('ref_axis',(-0.866025403784439,0.,-0.5));
#3667=DIRECTION('center_axis',(0.,1.,0.));
#3668=DIRECTION('ref_axis',(-0.866025403784439,0.,-0.5));
#3669=DIRECTION('center_axis',(0.,-1.,0.));
#3670=DIRECTION('ref_axis',(-0.866025403784439,0.,-0.5));
#3671=DIRECTION('center_axis',(0.772934200030124,-1.27706668982692E-13,
0.634486187732871));
#3672=DIRECTION('ref_axis',(0.634486187732871,0.,-0.772934200030124));
#3673=DIRECTION('center_axis',(-0.772934200030124,0.,-0.634486187732872));
#3674=DIRECTION('ref_axis',(0.448649485915115,0.707106781186546,-0.546547014252301));
#3675=DIRECTION('',(0.772934200030123,0.,0.634486187732872));
#3676=DIRECTION('',(-0.772934200030123,0.,-0.634486187732872));
#3677=DIRECTION('center_axis',(-0.352137558813454,0.,0.935948256942071));
#3678=DIRECTION('ref_axis',(0.935948256942071,0.,0.352137558813454));
#3679=DIRECTION('',(0.,1.,0.));
#3680=DIRECTION('center_axis',(0.,1.,0.));
#3681=DIRECTION('ref_axis',(-1.,0.,0.));
#3682=DIRECTION('',(0.,1.,0.));
#3683=DIRECTION('center_axis',(0.634486187732872,0.,-0.772934200030124));
#3684=DIRECTION('ref_axis',(-0.772934200030123,0.,-0.634486187732872));
#3685=DIRECTION('center_axis',(0.998258527290631,0.,-0.0589907848018788));
#3686=DIRECTION('ref_axis',(0.0417127839609242,0.707106781186546,0.705875374024503));
#3687=DIRECTION('',(0.99825852729063,0.,-0.0589907848018788));
#3688=DIRECTION('center_axis',(-0.998258527290631,6.54929275277539E-17,
0.0589907848018788));
#3689=DIRECTION('ref_axis',(0.0589907848018788,0.,0.998258527290631));
#3690=DIRECTION('',(-0.99825852729063,0.,0.0589907848018788));
#3691=DIRECTION('center_axis',(0.,1.,0.));
#3692=DIRECTION('ref_axis',(-0.994521895368273,0.,-0.104528463267654));
#3693=DIRECTION('center_axis',(0.,1.,0.));
#3694=DIRECTION('ref_axis',(-0.994521895368273,0.,-0.104528463267654));
#3695=DIRECTION('center_axis',(0.,-1.,0.));
#3696=DIRECTION('ref_axis',(-0.994521895368273,0.,-0.104528463267654));
#3697=DIRECTION('center_axis',(0.964179309570567,-1.3504072524022E-13,0.265251312901604));
#3698=DIRECTION('ref_axis',(0.265251312901604,0.,-0.964179309570567));
#3699=DIRECTION('center_axis',(-0.964179309570567,0.,-0.265251312901605));
#3700=DIRECTION('ref_axis',(0.187561002071359,0.707106781186545,-0.681777728077114));
#3701=DIRECTION('',(0.964179309570567,0.,0.265251312901605));
#3702=DIRECTION('',(-0.964179309570567,0.,-0.265251312901605));
#3703=DIRECTION('center_axis',(0.0589907848018788,0.,0.998258527290631));
#3704=DIRECTION('ref_axis',(0.99825852729063,0.,-0.0589907848018788));
#3705=DIRECTION('',(0.,1.,0.));
#3706=DIRECTION('',(-0.99825852729063,0.,0.0589907848018788));
#3707=DIRECTION('center_axis',(0.,1.,0.));
#3708=DIRECTION('ref_axis',(-1.,0.,0.));
#3709=DIRECTION('',(0.,1.,0.));
#3710=DIRECTION('center_axis',(0.,-1.,0.));
#3711=DIRECTION('ref_axis',(-1.,0.,0.));
#3712=DIRECTION('center_axis',(0.265251312901605,0.,-0.964179309570567));
#3713=DIRECTION('ref_axis',(-0.964179309570567,0.,-0.265251312901605));
#3714=DIRECTION('center_axis',(0.887960829376624,0.,-0.459919085810512));
#3715=DIRECTION('ref_axis',(0.325211904373731,0.707106781186546,0.627883123880243));
#3716=DIRECTION('',(0.887960829376624,0.,-0.459919085810512));
#3717=DIRECTION('center_axis',(-0.887960829376625,5.10612758531385E-16,
0.459919085810512));
#3718=DIRECTION('ref_axis',(0.459919085810512,0.,0.887960829376625));
#3719=DIRECTION('',(-0.887960829376624,0.,0.459919085810512));
#3720=DIRECTION('center_axis',(0.,1.,0.));
#3721=DIRECTION('ref_axis',(-0.951056516295154,0.,0.309016994374946));
#3722=DIRECTION('center_axis',(0.,1.,0.));
#3723=DIRECTION('ref_axis',(-0.951056516295154,0.,0.309016994374947));
#3724=DIRECTION('center_axis',(0.,-1.,0.));
#3725=DIRECTION('ref_axis',(-0.951056516295154,0.,0.309016994374947));
#3726=DIRECTION('center_axis',(0.988709057192218,-1.47024862784643E-13,
-0.149847923662879));
#3727=DIRECTION('ref_axis',(-0.149847923662879,0.,-0.988709057192218));
#3728=DIRECTION('center_axis',(-0.988709057192218,0.,0.149847923662879));
#3729=DIRECTION('ref_axis',(-0.105958482968746,0.707106781186546,-0.699122878961177));
#3730=DIRECTION('',(0.988709057192218,0.,-0.149847923662879));
#3731=DIRECTION('',(-0.988709057192218,0.,0.149847923662879));
#3732=DIRECTION('center_axis',(0.459919085810512,0.,0.887960829376624));
#3733=DIRECTION('ref_axis',(0.887960829376624,0.,-0.459919085810512));
#3734=DIRECTION('',(0.,1.,0.));
#3735=DIRECTION('center_axis',(0.,1.,0.));
#3736=DIRECTION('ref_axis',(-1.,0.,0.));
#3737=DIRECTION('',(0.,1.,0.));
#3738=DIRECTION('center_axis',(0.,-1.,0.));
#3739=DIRECTION('ref_axis',(-1.,0.,0.));
#3740=DIRECTION('center_axis',(-0.149847923662879,0.,-0.988709057192218));
#3741=DIRECTION('ref_axis',(-0.988709057192218,0.,0.149847923662879));
#3742=DIRECTION('',(0.988709057192218,0.,-0.149847923662879));
#3743=DIRECTION('center_axis',(0.624126637192513,0.,-0.781323198648783));
#3744=DIRECTION('ref_axis',(0.55247893206292,0.707106781186546,0.441324177477983));
#3745=DIRECTION('',(0.624126637192513,0.,-0.781323198648783));
#3746=DIRECTION('center_axis',(-0.624126637192513,1.29599130243087E-16,
0.781323198648782));
#3747=DIRECTION('ref_axis',(0.781323198648783,0.,0.624126637192514));
#3748=DIRECTION('',(-0.624126637192513,0.,0.781323198648783));
#3749=DIRECTION('center_axis',(0.,1.,0.));
#3750=DIRECTION('ref_axis',(0.,0.,1.));
#3751=DIRECTION('center_axis',(0.,-1.,0.));
#3752=DIRECTION('ref_axis',(-0.743144825477395,0.,0.669130606358858));
#3753=DIRECTION('center_axis',(0.,1.,0.));
#3754=DIRECTION('ref_axis',(-0.743144825477394,0.,0.669130606358858));
#3755=DIRECTION('center_axis',(0.842282026685531,-1.19057955910014E-13,
-0.539037092900401));
#3756=DIRECTION('ref_axis',(-0.539037092900401,0.,-0.842282026685531));
#3757=DIRECTION('center_axis',(-0.842282026685531,0.,0.5390370929004));
#3758=DIRECTION('ref_axis',(-0.381156783700957,0.707106781186546,-0.595583332740889));
#3759=DIRECTION('',(0.842282026685531,0.,-0.5390370929004));
#3760=DIRECTION('',(-0.842282026685531,0.,0.5390370929004));
#3761=DIRECTION('center_axis',(0.781323198648783,0.,0.624126637192513));
#3762=DIRECTION('ref_axis',(0.624126637192513,0.,-0.781323198648783));
#3763=DIRECTION('',(0.,1.,0.));
#3764=DIRECTION('center_axis',(0.,1.,0.));
#3765=DIRECTION('ref_axis',(-1.,0.,0.));
#3766=DIRECTION('',(0.,1.,0.));
#3767=DIRECTION('center_axis',(-0.5390370929004,0.,-0.842282026685531));
#3768=DIRECTION('ref_axis',(-0.842282026685531,0.,0.5390370929004));
#3769=DIRECTION('center_axis',(0.25237527942532,0.,-0.967629432342253));
#3770=DIRECTION('ref_axis',(0.684217333284898,0.707106781186546,0.178456271485494));
#3771=DIRECTION('',(0.25237527942532,0.,-0.967629432342253));
#3772=DIRECTION('center_axis',(-0.25237527942532,0.,0.967629432342253));
#3773=DIRECTION('ref_axis',(0.967629432342253,0.,0.25237527942532));
#3774=DIRECTION('',(-0.25237527942532,0.,0.967629432342253));
#3775=DIRECTION('center_axis',(0.,1.,0.));
#3776=DIRECTION('ref_axis',(0.,0.,1.));
#3777=DIRECTION('center_axis',(0.,-1.,0.));
#3778=DIRECTION('ref_axis',(-0.406736643075801,0.,0.913545457642601));
#3779=DIRECTION('center_axis',(0.,1.,0.));
#3780=DIRECTION('ref_axis',(-0.406736643075801,0.,0.913545457642601));
#3781=DIRECTION('center_axis',(0.550216781872924,-1.35446643207604E-13,
-0.835021851777187));
#3782=DIRECTION('ref_axis',(-0.835021851777187,0.,-0.550216781872924));
#3783=DIRECTION('center_axis',(-0.550216781872924,0.,0.835021851777187));
#3784=DIRECTION('ref_axis',(-0.590449613830598,0.707106781186546,-0.389062017584985));
#3785=DIRECTION('',(0.550216781872924,0.,-0.835021851777187));
#3786=DIRECTION('',(-0.550216781872924,0.,0.835021851777187));
#3787=DIRECTION('center_axis',(0.967629432342253,0.,0.25237527942532));
#3788=DIRECTION('ref_axis',(0.25237527942532,0.,-0.967629432342253));
#3789=DIRECTION('',(0.,1.,0.));
#3790=DIRECTION('center_axis',(0.,1.,0.));
#3791=DIRECTION('ref_axis',(-0.406736643075801,0.,0.9135454576426));
#3792=DIRECTION('',(0.,1.,0.));
#3793=DIRECTION('center_axis',(-0.835021851777187,0.,-0.550216781872924));
#3794=DIRECTION('ref_axis',(-0.550216781872924,0.,0.835021851777187));
#3795=DIRECTION('center_axis',(-0.163014056911948,0.,-0.986623746546326));
#3796=DIRECTION('ref_axis',(0.697648341662586,0.707106781186546,-0.115268345071168));
#3797=DIRECTION('',(-0.163014056911948,0.,-0.986623746546326));
#3798=DIRECTION('center_axis',(0.163014056911948,0.,0.986623746546326));
#3799=DIRECTION('ref_axis',(0.986623746546326,0.,-0.163014056911948));
#3800=DIRECTION('',(0.163014056911948,0.,0.986623746546326));
#3801=DIRECTION('center_axis',(0.,1.,0.));
#3802=DIRECTION('ref_axis',(0.,0.,1.));
#3803=DIRECTION('center_axis',(0.,-1.,0.));
#3804=DIRECTION('ref_axis',(0.,0.,1.));
#3805=DIRECTION('center_axis',(0.,1.,0.));
#3806=DIRECTION('ref_axis',(0.,0.,1.));
#3807=DIRECTION('center_axis',(0.163014056911948,-1.30601827257583E-13,
-0.986623746546326));
#3808=DIRECTION('ref_axis',(-0.986623746546326,0.,-0.163014056911948));
#3809=DIRECTION('center_axis',(-0.163014056911947,0.,0.986623746546326));
#3810=DIRECTION('ref_axis',(-0.697648341662586,0.707106781186546,-0.115268345071168));
#3811=DIRECTION('',(0.163014056911947,0.,-0.986623746546326));
#3812=DIRECTION('',(-0.163014056911947,0.,0.986623746546326));
#3813=DIRECTION('center_axis',(0.986623746546326,0.,-0.163014056911948));
#3814=DIRECTION('ref_axis',(-0.163014056911948,0.,-0.986623746546326));
#3815=DIRECTION('',(0.,1.,0.));
#3816=DIRECTION('center_axis',(0.,1.,0.));
#3817=DIRECTION('ref_axis',(-2.83276944882399E-16,0.,1.));
#3818=DIRECTION('',(0.,1.,0.));
#3819=DIRECTION('center_axis',(-0.986623746546326,0.,-0.163014056911947));
#3820=DIRECTION('ref_axis',(-0.163014056911947,0.,0.986623746546326));
#3821=DIRECTION('center_axis',(-0.964179309570567,0.,0.265251312901604));
#3822=DIRECTION('ref_axis',(-0.187561002071359,0.707106781186545,-0.681777728077114));
#3823=DIRECTION('',(-0.964179309570567,0.,0.265251312901604));
#3824=DIRECTION('center_axis',(0.964179309570567,0.,-0.265251312901604));
#3825=DIRECTION('ref_axis',(-0.265251312901604,0.,-0.964179309570567));
#3826=DIRECTION('',(0.964179309570567,0.,-0.265251312901604));
#3827=DIRECTION('center_axis',(0.,1.,0.));
#3828=DIRECTION('ref_axis',(0.994521895368274,0.,-0.104528463267653));
#3829=DIRECTION('center_axis',(0.,-1.,0.));
#3830=DIRECTION('ref_axis',(0.994521895368273,0.,-0.104528463267653));
#3831=DIRECTION('center_axis',(0.,1.,0.));
#3832=DIRECTION('ref_axis',(0.994521895368273,0.,-0.104528463267653));
#3833=DIRECTION('center_axis',(-0.998258527290631,-1.41992054850442E-13,
-0.0589907848018779));
#3834=DIRECTION('ref_axis',(-0.0589907848018779,0.,0.998258527290631));
#3835=DIRECTION('center_axis',(0.998258527290631,0.,0.0589907848018796));
#3836=DIRECTION('ref_axis',(-0.0417127839609257,0.707106781186546,0.705875374024503));
#3837=DIRECTION('',(-0.99825852729063,0.,-0.0589907848018795));
#3838=DIRECTION('',(0.99825852729063,0.,0.0589907848018795));
#3839=DIRECTION('center_axis',(-0.265251312901604,0.,-0.964179309570567));
#3840=DIRECTION('ref_axis',(-0.964179309570567,0.,0.265251312901604));
#3841=DIRECTION('',(0.,1.,0.));
#3842=DIRECTION('center_axis',(0.,1.,0.));
#3843=DIRECTION('ref_axis',(0.994521895368273,0.,-0.104528463267653));
#3844=DIRECTION('',(0.,1.,0.));
#3845=DIRECTION('center_axis',(-0.0589907848018796,0.,0.998258527290631));
#3846=DIRECTION('ref_axis',(0.99825852729063,0.,0.0589907848018795));
#3847=DIRECTION('center_axis',(-0.988709057192218,0.,-0.149847923662879));
#3848=DIRECTION('ref_axis',(0.105958482968745,0.707106781186546,-0.699122878961177));
#3849=DIRECTION('',(-0.988709057192218,0.,-0.149847923662879));
#3850=DIRECTION('center_axis',(0.988709057192218,-1.66364615042801E-16,
0.149847923662878));
#3851=DIRECTION('ref_axis',(0.149847923662878,0.,-0.988709057192218));
#3852=DIRECTION('',(0.988709057192218,0.,0.149847923662879));
#3853=DIRECTION('center_axis',(0.,1.,0.));
#3854=DIRECTION('ref_axis',(0.951056516295154,0.,0.309016994374947));
#3855=DIRECTION('center_axis',(0.,-1.,0.));
#3856=DIRECTION('ref_axis',(0.951056516295153,0.,0.309016994374948));
#3857=DIRECTION('center_axis',(0.,1.,0.));
#3858=DIRECTION('ref_axis',(0.951056516295153,0.,0.309016994374948));
#3859=DIRECTION('center_axis',(-0.887960829376624,-1.41929897658439E-13,
-0.459919085810512));
#3860=DIRECTION('ref_axis',(-0.459919085810512,0.,0.887960829376624));
#3861=DIRECTION('center_axis',(0.887960829376624,0.,0.459919085810512));
#3862=DIRECTION('ref_axis',(-0.325211904373731,0.707106781186547,0.627883123880243));
#3863=DIRECTION('',(-0.887960829376624,0.,-0.459919085810512));
#3864=DIRECTION('',(0.887960829376624,0.,0.459919085810512));
#3865=DIRECTION('center_axis',(0.149847923662879,0.,-0.988709057192218));
#3866=DIRECTION('ref_axis',(-0.988709057192218,0.,-0.149847923662879));
#3867=DIRECTION('',(0.,1.,0.));
#3868=DIRECTION('center_axis',(0.,1.,0.));
#3869=DIRECTION('ref_axis',(0.951056516295153,0.,0.309016994374948));
#3870=DIRECTION('',(0.,1.,0.));
#3871=DIRECTION('center_axis',(-0.459919085810512,0.,0.887960829376624));
#3872=DIRECTION('ref_axis',(0.887960829376624,0.,0.459919085810512));
#3873=DIRECTION('center_axis',(-0.842282026685531,0.,-0.5390370929004));
#3874=DIRECTION('ref_axis',(0.381156783700957,0.707106781186546,-0.595583332740888));
#3875=DIRECTION('',(-0.842282026685531,0.,-0.5390370929004));
#3876=DIRECTION('center_axis',(0.842282026685531,-4.48838543748777E-16,
0.5390370929004));
#3877=DIRECTION('ref_axis',(0.5390370929004,0.,-0.842282026685531));
#3878=DIRECTION('',(0.842282026685531,0.,0.5390370929004));
#3879=DIRECTION('center_axis',(0.,1.,0.));
#3880=DIRECTION('ref_axis',(0.,0.,1.));
#3881=DIRECTION('center_axis',(0.,-1.,0.));
#3882=DIRECTION('ref_axis',(0.743144825477395,0.,0.669130606358858));
#3883=DIRECTION('center_axis',(0.,1.,0.));
#3884=DIRECTION('ref_axis',(0.743144825477394,0.,0.669130606358858));
#3885=DIRECTION('center_axis',(-0.624126637192512,-1.25527114384215E-13,
-0.781323198648783));
#3886=DIRECTION('ref_axis',(-0.781323198648784,0.,0.624126637192512));
#3887=DIRECTION('center_axis',(0.624126637192513,0.,0.781323198648783));
#3888=DIRECTION('ref_axis',(-0.552478932062919,0.707106781186546,0.441324177477984));
#3889=DIRECTION('',(-0.624126637192513,0.,-0.781323198648783));
#3890=DIRECTION('',(0.624126637192513,0.,0.781323198648783));
#3891=DIRECTION('center_axis',(0.5390370929004,0.,-0.842282026685531));
#3892=DIRECTION('ref_axis',(-0.842282026685531,0.,-0.5390370929004));
#3893=DIRECTION('',(0.,1.,0.));
#3894=DIRECTION('center_axis',(0.,1.,0.));
#3895=DIRECTION('ref_axis',(0.743144825477394,0.,0.669130606358858));
#3896=DIRECTION('',(0.,1.,0.));
#3897=DIRECTION('center_axis',(-0.781323198648783,0.,0.624126637192513));
#3898=DIRECTION('ref_axis',(0.624126637192513,0.,0.781323198648783));
#3899=DIRECTION('center_axis',(0.,1.,0.));
#3900=DIRECTION('ref_axis',(0.743144825477395,0.,0.669130606358857));
#3901=DIRECTION('center_axis',(0.,-1.,0.));
#3902=DIRECTION('ref_axis',(-1.,0.,0.));
#3903=DIRECTION('center_axis',(0.,1.,0.));
#3904=DIRECTION('ref_axis',(-0.743144825477394,0.,-0.669130606358858));
#3905=DIRECTION('center_axis',(0.,1.,0.));
#3906=DIRECTION('ref_axis',(-1.,0.,0.));
#3907=DIRECTION('center_axis',(0.,1.,0.));
#3908=DIRECTION('ref_axis',(0.951056516295154,0.,0.309016994374947));
#3909=DIRECTION('center_axis',(0.,-1.,0.));
#3910=DIRECTION('ref_axis',(-1.,0.,0.));
#3911=DIRECTION('center_axis',(0.,1.,0.));
#3912=DIRECTION('ref_axis',(-0.951056516295154,0.,-0.309016994374947));
#3913=DIRECTION('center_axis',(0.,1.,0.));
#3914=DIRECTION('ref_axis',(-1.,0.,0.));
#3915=DIRECTION('center_axis',(0.,1.,0.));
#3916=DIRECTION('ref_axis',(0.994521895368273,0.,-0.104528463267654));
#3917=DIRECTION('center_axis',(0.,-1.,0.));
#3918=DIRECTION('ref_axis',(-1.,0.,0.));
#3919=DIRECTION('center_axis',(0.,1.,0.));
#3920=DIRECTION('ref_axis',(-0.994521895368273,0.,0.104528463267653));
#3921=DIRECTION('center_axis',(0.,1.,0.));
#3922=DIRECTION('ref_axis',(-1.,0.,0.));
#3923=DIRECTION('center_axis',(0.,1.,0.));
#3924=DIRECTION('ref_axis',(0.866025403784439,0.,-0.5));
#3925=DIRECTION('center_axis',(0.,-1.,0.));
#3926=DIRECTION('ref_axis',(-1.,0.,0.));
#3927=DIRECTION('center_axis',(0.,1.,0.));
#3928=DIRECTION('ref_axis',(-0.866025403784439,0.,0.5));
#3929=DIRECTION('center_axis',(0.,1.,0.));
#3930=DIRECTION('ref_axis',(-1.,0.,0.));
#3931=DIRECTION('center_axis',(0.,1.,0.));
#3932=DIRECTION('ref_axis',(0.587785252292473,0.,-0.809016994374948));
#3933=DIRECTION('center_axis',(0.,-1.,0.));
#3934=DIRECTION('ref_axis',(-1.,0.,0.));
#3935=DIRECTION('center_axis',(0.,1.,0.));
#3936=DIRECTION('ref_axis',(-0.587785252292473,0.,0.809016994374947));
#3937=DIRECTION('center_axis',(0.,1.,0.));
#3938=DIRECTION('ref_axis',(-1.,0.,0.));
#3939=DIRECTION('center_axis',(0.,1.,0.));
#3940=DIRECTION('ref_axis',(0.207911690817759,0.,-0.978147600733806));
#3941=DIRECTION('center_axis',(0.,-1.,0.));
#3942=DIRECTION('ref_axis',(-1.,0.,0.));
#3943=DIRECTION('center_axis',(0.,1.,0.));
#3944=DIRECTION('ref_axis',(-0.20791169081776,0.,0.978147600733806));
#3945=DIRECTION('center_axis',(0.,1.,0.));
#3946=DIRECTION('ref_axis',(-1.,0.,0.));
#3947=DIRECTION('center_axis',(0.,1.,0.));
#3948=DIRECTION('ref_axis',(-0.207911690817759,0.,-0.978147600733806));
#3949=DIRECTION('center_axis',(0.,-1.,0.));
#3950=DIRECTION('ref_axis',(-1.,0.,0.));
#3951=DIRECTION('center_axis',(0.,1.,0.));
#3952=DIRECTION('ref_axis',(0.207911690817759,0.,0.978147600733806));
#3953=DIRECTION('center_axis',(0.,1.,0.));
#3954=DIRECTION('ref_axis',(-1.,0.,0.));
#3955=DIRECTION('center_axis',(0.,1.,0.));
#3956=DIRECTION('ref_axis',(-0.587785252292474,0.,-0.809016994374947));
#3957=DIRECTION('center_axis',(0.,-1.,0.));
#3958=DIRECTION('ref_axis',(-1.,0.,0.));
#3959=DIRECTION('center_axis',(0.,1.,0.));
#3960=DIRECTION('ref_axis',(0.587785252292473,0.,0.809016994374947));
#3961=DIRECTION('center_axis',(0.,1.,0.));
#3962=DIRECTION('ref_axis',(-1.,0.,0.));
#3963=DIRECTION('center_axis',(0.,1.,0.));
#3964=DIRECTION('ref_axis',(-0.86602540378444,0.,-0.499999999999998));
#3965=DIRECTION('center_axis',(0.,-1.,0.));
#3966=DIRECTION('ref_axis',(-1.,0.,0.));
#3967=DIRECTION('center_axis',(0.,1.,0.));
#3968=DIRECTION('ref_axis',(0.866025403784439,0.,0.499999999999999));
#3969=DIRECTION('center_axis',(0.,1.,0.));
#3970=DIRECTION('ref_axis',(-1.,0.,0.));
#3971=DIRECTION('center_axis',(0.,1.,0.));
#3972=DIRECTION('ref_axis',(-0.994521895368273,0.,-0.104528463267654));
#3973=DIRECTION('center_axis',(0.,-1.,0.));
#3974=DIRECTION('ref_axis',(-1.,0.,0.));
#3975=DIRECTION('center_axis',(0.,1.,0.));
#3976=DIRECTION('ref_axis',(0.994521895368273,0.,0.104528463267654));
#3977=DIRECTION('center_axis',(0.,1.,0.));
#3978=DIRECTION('ref_axis',(-1.,0.,0.));
#3979=DIRECTION('center_axis',(0.,1.,0.));
#3980=DIRECTION('ref_axis',(-0.951056516295153,0.,0.309016994374948));
#3981=DIRECTION('center_axis',(0.,-1.,0.));
#3982=DIRECTION('ref_axis',(-1.,0.,0.));
#3983=DIRECTION('center_axis',(0.,1.,0.));
#3984=DIRECTION('ref_axis',(0.951056516295154,0.,-0.309016994374947));
#3985=DIRECTION('center_axis',(0.,1.,0.));
#3986=DIRECTION('ref_axis',(-1.,0.,0.));
#3987=DIRECTION('center_axis',(0.,1.,0.));
#3988=DIRECTION('ref_axis',(-0.743144825477395,0.,0.669130606358858));
#3989=DIRECTION('center_axis',(0.,-1.,0.));
#3990=DIRECTION('ref_axis',(-1.,0.,0.));
#3991=DIRECTION('center_axis',(0.,1.,0.));
#3992=DIRECTION('ref_axis',(0.743144825477395,0.,-0.669130606358858));
#3993=DIRECTION('center_axis',(0.,1.,0.));
#3994=DIRECTION('ref_axis',(-1.,0.,0.));
#3995=DIRECTION('center_axis',(0.,1.,0.));
#3996=DIRECTION('ref_axis',(-0.4067366430758,0.,0.913545457642601));
#3997=DIRECTION('center_axis',(0.,-1.,0.));
#3998=DIRECTION('ref_axis',(-1.,0.,0.));
#3999=DIRECTION('center_axis',(0.,1.,0.));
#4000=DIRECTION('ref_axis',(0.406736643075801,0.,-0.913545457642601));
#4001=DIRECTION('center_axis',(0.,1.,0.));
#4002=DIRECTION('ref_axis',(-1.,0.,0.));
#4003=DIRECTION('center_axis',(0.,1.,0.));
#4004=DIRECTION('ref_axis',(2.05925001437751E-15,0.,1.));
#4005=DIRECTION('center_axis',(0.,-1.,0.));
#4006=DIRECTION('ref_axis',(-1.,0.,0.));
#4007=DIRECTION('center_axis',(0.,1.,0.));
#4008=DIRECTION('ref_axis',(-8.46429252205891E-16,0.,-1.));
#4009=DIRECTION('center_axis',(0.,1.,0.));
#4010=DIRECTION('ref_axis',(-1.,0.,0.));
#4011=DIRECTION('center_axis',(-0.550216781872924,0.,-0.835021851777188));
#4012=DIRECTION('ref_axis',(0.590449613830598,0.707106781186547,-0.389062017584985));
#4013=DIRECTION('',(-0.550216781872924,0.,-0.835021851777187));
#4014=DIRECTION('center_axis',(0.550216781872924,0.,0.835021851777187));
#4015=DIRECTION('ref_axis',(0.835021851777187,0.,-0.550216781872924));
#4016=DIRECTION('',(0.550216781872924,0.,0.835021851777187));
#4017=DIRECTION('center_axis',(0.,1.,0.));
#4018=DIRECTION('ref_axis',(0.,0.,1.));
#4019=DIRECTION('center_axis',(0.,1.,0.));
#4020=DIRECTION('ref_axis',(0.4067366430758,0.,0.913545457642601));
#4021=DIRECTION('center_axis',(0.,-1.,0.));
#4022=DIRECTION('ref_axis',(0.4067366430758,0.,0.913545457642601));
#4023=DIRECTION('center_axis',(-0.25237527942532,-1.39841658007465E-13,
-0.967629432342253));
#4024=DIRECTION('ref_axis',(-0.967629432342253,0.,0.25237527942532));
#4025=DIRECTION('center_axis',(0.25237527942532,0.,0.967629432342254));
#4026=DIRECTION('ref_axis',(-0.684217333284899,0.707106781186546,0.178456271485494));
#4027=DIRECTION('',(-0.25237527942532,0.,-0.967629432342254));
#4028=DIRECTION('',(0.25237527942532,0.,0.967629432342254));
#4029=DIRECTION('center_axis',(0.835021851777188,0.,-0.550216781872924));
#4030=DIRECTION('ref_axis',(-0.550216781872924,0.,-0.835021851777187));
#4031=DIRECTION('',(0.,1.,0.));
#4032=DIRECTION('center_axis',(0.,1.,0.));
#4033=DIRECTION('ref_axis',(0.4067366430758,0.,0.913545457642601));
#4034=DIRECTION('',(0.,1.,0.));
#4035=DIRECTION('center_axis',(-0.967629432342254,0.,0.25237527942532));
#4036=DIRECTION('ref_axis',(0.25237527942532,0.,0.967629432342254));
#4037=DIRECTION('center_axis',(0.,1.,0.));
#4038=DIRECTION('ref_axis',(0.4067366430758,0.,0.913545457642601));
#4039=DIRECTION('center_axis',(0.,-1.,0.));
#4040=DIRECTION('ref_axis',(-1.,0.,0.));
#4041=DIRECTION('center_axis',(0.,1.,0.));
#4042=DIRECTION('ref_axis',(-0.4067366430758,0.,-0.913545457642601));
#4043=DIRECTION('center_axis',(0.,1.,0.));
#4044=DIRECTION('ref_axis',(-1.,0.,0.));
#4045=DIRECTION('center_axis',(0.,-1.,0.));
#4046=DIRECTION('ref_axis',(1.,0.,0.));
#4047=DIRECTION('center_axis',(0.,0.,1.));
#4048=DIRECTION('ref_axis',(-1.,0.,0.));
#4049=DIRECTION('center_axis',(0.,-1.,0.));
#4050=DIRECTION('ref_axis',(-1.,0.,0.));
#4051=DIRECTION('center_axis',(0.,-1.,0.));
#4052=DIRECTION('ref_axis',(-1.,0.,0.));
#4053=DIRECTION('center_axis',(0.,1.,0.));
#4054=DIRECTION('ref_axis',(-1.,0.,0.));
#4055=DIRECTION('center_axis',(0.,1.,0.));
#4056=DIRECTION('ref_axis',(-1.,0.,0.));
#4057=CARTESIAN_POINT('',(0.,0.,0.));
#4058=CARTESIAN_POINT('Origin',(3.75,2.3,-9.));
#4059=CARTESIAN_POINT('',(-1.5,3.8,-9.));
#4060=CARTESIAN_POINT('',(6.5,3.8,-9.));
#4061=CARTESIAN_POINT('',(3.75,3.8,-9.));
#4062=CARTESIAN_POINT('',(5.,2.3,-7.5));
#4063=CARTESIAN_POINT('Origin',(6.5,2.3,-9.));
#4064=CARTESIAN_POINT('',(7.67515336764827E-32,2.3,-7.5));
#4065=CARTESIAN_POINT('',(3.75,2.3,-7.5));
#4066=CARTESIAN_POINT('Origin',(-1.5,2.3,-9.));
#4067=CARTESIAN_POINT('Origin',(6.5,2.3,-3.75));
#4068=CARTESIAN_POINT('',(6.5,3.8,-1.));
#4069=CARTESIAN_POINT('',(6.5,3.8,-3.75));
#4070=CARTESIAN_POINT('',(5.,2.3,-2.5));
#4071=CARTESIAN_POINT('Origin',(6.5,2.3,-1.));
#4072=CARTESIAN_POINT('',(5.,2.3,-3.75));
#4073=CARTESIAN_POINT('Origin',(1.25,2.3,-1.));
#4074=CARTESIAN_POINT('',(-1.5,3.8,-1.));
#4075=CARTESIAN_POINT('',(1.25,3.8,-1.));
#4076=CARTESIAN_POINT('',(7.67515336764827E-32,2.3,-2.5));
#4077=CARTESIAN_POINT('Origin',(-1.5,2.3,-1.));
#4078=CARTESIAN_POINT('',(1.25,2.3,-2.5));
#4079=CARTESIAN_POINT('Origin',(-1.5,2.3,-6.25));
#4080=CARTESIAN_POINT('',(0.,2.3,-6.25));
#4081=CARTESIAN_POINT('',(-1.5,3.8,-6.25));
#4082=CARTESIAN_POINT('Origin',(7.67515336764827E-32,0.,-7.5));
#4083=CARTESIAN_POINT('',(7.67515336764827E-32,1.,-7.5));
#4084=CARTESIAN_POINT('',(7.67515336764827E-32,0.,-7.5));
#4085=CARTESIAN_POINT('',(7.67515336764827E-32,1.,-2.5));
#4086=CARTESIAN_POINT('',(0.,1.,-6.25));
#4087=CARTESIAN_POINT('',(7.67515336764827E-32,0.,-2.5));
#4088=CARTESIAN_POINT('Origin',(5.,0.,-7.5));
#4089=CARTESIAN_POINT('',(5.,1.,-7.5));
#4090=CARTESIAN_POINT('',(5.,0.,-7.5));
#4091=CARTESIAN_POINT('',(3.75,1.,-7.5));
#4092=CARTESIAN_POINT('Origin',(2.5,3.8,-5.));
#4093=CARTESIAN_POINT('',(2.5,3.8,-13.));
#4094=CARTESIAN_POINT('Origin',(2.5,3.8,-5.));
#4095=CARTESIAN_POINT('Origin',(0.5,0.5,-6.25));
#4096=CARTESIAN_POINT('',(1.,0.,-6.5));
#4097=CARTESIAN_POINT('',(7.67515336764827E-32,1.,-7.5));
#4098=CARTESIAN_POINT('',(1.,0.,-3.5));
#4099=CARTESIAN_POINT('',(1.,0.,-6.25));
#4100=CARTESIAN_POINT('',(1.,0.,-3.5));
#4101=CARTESIAN_POINT('Origin',(4.5,0.5,-3.75));
#4102=CARTESIAN_POINT('',(4.,0.,-3.5));
#4103=CARTESIAN_POINT('',(4.,0.,-6.5));
#4104=CARTESIAN_POINT('',(4.,0.,-3.75));
#4105=CARTESIAN_POINT('',(4.,0.,-6.5));
#4106=CARTESIAN_POINT('',(5.,1.,-2.5));
#4107=CARTESIAN_POINT('',(5.,1.,-3.75));
#4108=CARTESIAN_POINT('',(4.,0.,-3.5));
#4109=CARTESIAN_POINT('Origin',(3.75,0.5,-7.));
#4110=CARTESIAN_POINT('',(3.75,0.,-6.5));
#4111=CARTESIAN_POINT('Origin',(1.25,0.5,-3.));
#4112=CARTESIAN_POINT('',(1.25,1.,-2.5));
#4113=CARTESIAN_POINT('',(1.25,0.,-3.5));
#4114=CARTESIAN_POINT('Origin',(7.67515336764827E-32,0.,-2.5));
#4115=CARTESIAN_POINT('',(5.,0.,-2.5));
#4116=CARTESIAN_POINT('Origin',(5.,0.,-2.5));
#4117=CARTESIAN_POINT('Origin',(2.5,0.,-5.));
#4118=CARTESIAN_POINT('Origin',(2.5,5.8,-5.));
#4119=CARTESIAN_POINT('',(12.5,5.8,-5.));
#4120=CARTESIAN_POINT('',(2.5,5.8,-15.));
#4121=CARTESIAN_POINT('Origin',(2.5,5.8,-5.));
#4122=CARTESIAN_POINT('Origin',(2.5,5.8,-13.));
#4123=CARTESIAN_POINT('Origin',(2.5,5.8,-5.));
#4124=CARTESIAN_POINT('Origin',(2.5,3.8,-5.));
#4125=CARTESIAN_POINT('',(12.5,7.8,-5.));
#4126=CARTESIAN_POINT('',(2.5,7.8,-15.));
#4127=CARTESIAN_POINT('Origin',(2.5,7.8,-5.));
#4128=CARTESIAN_POINT('',(12.5,3.8,-5.));
#4129=CARTESIAN_POINT('Origin',(2.5,7.8,-5.));
#4130=CARTESIAN_POINT('Origin',(2.5,7.8,-5.));
#4131=CARTESIAN_POINT('',(10.8182093273629,8.8,-8.43618881701414));
#4132=CARTESIAN_POINT('',(9.63493147141569,8.8,-10.4856861829859));
#4133=CARTESIAN_POINT('Ctrl Pts',(10.8182093273629,8.8,-8.43618881701414));
#4134=CARTESIAN_POINT('Ctrl Pts',(10.8772249892839,8.8,-8.58168456518174));
#4135=CARTESIAN_POINT('Ctrl Pts',(10.9144321314655,8.78184234659385,-8.73903451495649));
#4136=CARTESIAN_POINT('Ctrl Pts',(10.9370395342846,8.73213214354112,-9.08770031640984));
#4137=CARTESIAN_POINT('Ctrl Pts',(10.9150914058338,8.69958955069752,-9.27881114377689));
#4138=CARTESIAN_POINT('Ctrl Pts',(10.8356884539092,8.67564746801719,-9.52203518102114));
#4139=CARTESIAN_POINT('Ctrl Pts',(10.8138853733587,8.6714393514618,-9.57744611793658));
#4140=CARTESIAN_POINT('Ctrl Pts',(10.7767638307178,8.66767756226774,-9.6574169704461));
#4141=CARTESIAN_POINT('Ctrl Pts',(10.7640275929813,8.66684096430452,-9.68292513934527));
#4142=CARTESIAN_POINT('Ctrl Pts',(10.7430140952151,8.6661498934233,-9.72216909920682));
#4143=CARTESIAN_POINT('Ctrl Pts',(10.7352394667778,8.66602540378444,-9.73614683104436));
#4144=CARTESIAN_POINT('Ctrl Pts',(10.7272413359522,8.66602540378444,-9.75));
#4145=CARTESIAN_POINT('Ctrl Pts',(10.7157886519379,8.66602540378444,-9.76983663059583));
#4146=CARTESIAN_POINT('Ctrl Pts',(10.7038895185992,8.66628083498183,-9.78939755787627));
#4147=CARTESIAN_POINT('Ctrl Pts',(10.6737428919207,8.66752110150271,-9.83649371910202));
#4148=CARTESIAN_POINT('Ctrl Pts',(10.6550459804219,8.66877839232302,-9.86368065039506));
#4149=CARTESIAN_POINT('Ctrl Pts',(10.5844954295475,8.67509601219825,-9.95935769419138));
#4150=CARTESIAN_POINT('Ctrl Pts',(10.5279362900133,8.68303682957489,-10.0236533177278));
#4151=CARTESIAN_POINT('Ctrl Pts',(10.3758013774815,8.70810569476793,-10.1695283906095));
#4152=CARTESIAN_POINT('Ctrl Pts',(10.2749651528779,8.72770638606496,-10.2444042164932));
#4153=CARTESIAN_POINT('Ctrl Pts',(10.0262692112881,8.77024628624957,-10.385004587198));
#4154=CARTESIAN_POINT('Ctrl Pts',(9.8738046789499,8.79246795588031,-10.4414060973996));
#4155=CARTESIAN_POINT('Ctrl Pts',(9.68809517294052,8.79947181235094,-10.4775659763203));
#4156=CARTESIAN_POINT('Ctrl Pts',(9.66143327756926,8.8,-10.4819985456935));
#4157=CARTESIAN_POINT('Ctrl Pts',(9.63493147141569,8.8,-10.4856861829859));
#4158=CARTESIAN_POINT('',(11.249313819338,8.8,-7.10938561926001));
#4159=CARTESIAN_POINT('Origin',(2.5,8.8,-5.));
#4160=CARTESIAN_POINT('',(11.4966862511396,8.8,-4.75579414717218));
#4161=CARTESIAN_POINT('Ctrl Pts',(11.4966862511396,8.8,-4.75579414717218));
#4162=CARTESIAN_POINT('Ctrl Pts',(11.6097781932087,8.8,-4.86470729479826));
#4163=CARTESIAN_POINT('Ctrl Pts',(11.7077685993,8.78184234659389,-4.99332011856574));
#4164=CARTESIAN_POINT('Ctrl Pts',(11.8702366470929,8.7321321435412,-5.30264691858725));
#4165=CARTESIAN_POINT('Ctrl Pts',(11.9279178104218,8.6995895506976,-5.4861624549225));
#4166=CARTESIAN_POINT('Ctrl Pts',(11.9543077327918,8.67564746801724,-5.7406547594526));
#4167=CARTESIAN_POINT('Ctrl Pts',(11.956927286063,8.67143935146182,-5.80014328096742));
#4168=CARTESIAN_POINT('Ctrl Pts',(11.9555421454964,8.66767756226774,-5.8882989816612));
#4169=CARTESIAN_POINT('Ctrl Pts',(11.9542821203537,8.66684096430452,-5.91678214807414));
#4170=CARTESIAN_POINT('Ctrl Pts',(11.9510472914154,8.6661498934233,-5.96118024888618));
#4171=CARTESIAN_POINT('Ctrl Pts',(11.949630070647,8.66602540378444,-5.97711176858634));
#4172=CARTESIAN_POINT('Ctrl Pts',(11.9479580059986,8.66602540378444,-5.9930204010427));
#4173=CARTESIAN_POINT('Ctrl Pts',(11.945563743078,8.66602540378444,-6.01580029106859));
#4174=CARTESIAN_POINT('Ctrl Pts',(11.9426494897641,8.66628083498183,-6.03850990088252));
#4175=CARTESIAN_POINT('Ctrl Pts',(11.9342649104174,8.66752110150271,-6.09379612277812));
#4176=CARTESIAN_POINT('Ctrl Pts',(11.9282423530154,8.66877839232302,-6.12623733938708));
#4177=CARTESIAN_POINT('Ctrl Pts',(11.9027065773431,8.67509601219824,-6.24233816237754));
#4178=CARTESIAN_POINT('Ctrl Pts',(11.8771886184151,8.68303682957488,-6.32407981175494));
#4179=CARTESIAN_POINT('Ctrl Pts',(11.7975391975751,8.70810569476792,-6.51922216558715));
#4180=CARTESIAN_POINT('Ctrl Pts',(11.7358754646901,8.72770638606495,-6.62863842370618));
#4181=CARTESIAN_POINT('Ctrl Pts',(11.5658677397123,8.77024628624956,-6.85823700613516));
#4182=CARTESIAN_POINT('Ctrl Pts',(11.449525019667,8.7924679558803,-6.9717752616554));
#4183=CARTESIAN_POINT('Ctrl Pts',(11.2945784917773,8.79947181235094,-7.0803438158538));
#4184=CARTESIAN_POINT('Ctrl Pts',(11.2720245267558,8.8,-7.09523753929175));
#4185=CARTESIAN_POINT('Ctrl Pts',(11.249313819338,8.8,-7.10938561926001));
#4186=CARTESIAN_POINT('',(11.3508603228761,8.8,-3.36835311879736));
#4187=CARTESIAN_POINT('Origin',(2.5,8.8,-5.));
#4188=CARTESIAN_POINT('',(10.6195543897656,8.8,-1.11762488782467));
#4189=CARTESIAN_POINT('Ctrl Pts',(10.6195543897656,8.8,-1.11762488782467));
#4190=CARTESIAN_POINT('Ctrl Pts',(10.7671679877912,8.8,-1.17112336224004));
#4191=CARTESIAN_POINT('Ctrl Pts',(10.9089982263645,8.78184234659382,-1.24876073436037));
#4192=CARTESIAN_POINT('Ctrl Pts',(11.1832347176923,8.73213214354101,-1.46526311908133));
#4193=CARTESIAN_POINT('Ctrl Pts',(11.3105715756441,8.6995895506974,-1.60945186096638));
#4194=CARTESIAN_POINT('Ctrl Pts',(11.4381913149858,8.67564746801714,-1.83120840133916));
#4195=CARTESIAN_POINT('Ctrl Pts',(11.4647805575199,8.67143935146177,-1.88448840164671));
#4196=CARTESIAN_POINT('Ctrl Pts',(11.499371322415,8.66767756226774,-1.96558602900439));
#4197=CARTESIAN_POINT('Ctrl Pts',(11.5098053796604,8.66684096430451,-1.99211919469698));
#4198=CARTESIAN_POINT('Ctrl Pts',(11.5249085508609,8.66614989342329,-2.03399460148553));
#4199=CARTESIAN_POINT('Ctrl Pts',(11.5300937881073,8.66602540378444,-2.04912520455842));
#4200=CARTESIAN_POINT('Ctrl Pts',(11.535036904804,8.66602540378444,-2.064338553438));
#4201=CARTESIAN_POINT('Ctrl Pts',(11.5421150527872,8.66602540378444,-2.08612285295966));
#4202=CARTESIAN_POINT('Ctrl Pts',(11.5486895803711,8.66628083498183,-2.10805444745992));
#4203=CARTESIAN_POINT('Ctrl Pts',(11.5635168182969,8.66752110150271,-2.16197123999999));
#4204=CARTESIAN_POINT('Ctrl Pts',(11.5712099698797,8.66877839232301,-2.19405736085391));
#4205=CARTESIAN_POINT('Ctrl Pts',(11.5951043370084,8.67509601219824,-2.3105070760008));
#4206=CARTESIAN_POINT('Ctrl Pts',(11.6050398456087,8.68303682957488,-2.39556087744224));
#4207=CARTESIAN_POINT('Ctrl Pts',(11.6116480249161,8.70810569476793,-2.60622862643478));
#4208=CARTESIAN_POINT('Ctrl Pts',(11.5998190033629,8.72770638606497,-2.73126625174488));
#4209=CARTESIAN_POINT('Ctrl Pts',(11.5378953751174,8.77024628624958,-3.01016336515848));
#4210=CARTESIAN_POINT('Ctrl Pts',(11.4777911806012,8.79246795588032,-3.16120657015522));
#4211=CARTESIAN_POINT('Ctrl Pts',(11.3803992931483,8.79947181235094,-3.32341131029611));
#4212=CARTESIAN_POINT('Ctrl Pts',(11.3658530439251,8.8,-3.34619092771108));
#4213=CARTESIAN_POINT('Ctrl Pts',(11.3508603228761,8.8,-3.36835311879736));
#4214=CARTESIAN_POINT('',(9.92201266904708,8.8,0.0905528128587922));
#4215=CARTESIAN_POINT('Origin',(2.5,8.8,-5.));
#4216=CARTESIAN_POINT('',(8.33847781056517,8.8,1.84924644435708));
#4217=CARTESIAN_POINT('Ctrl Pts',(8.33847781056517,8.8,1.84924644435708));
#4218=CARTESIAN_POINT('Ctrl Pts',(8.49508933242101,8.8,1.8604130153974));
#4219=CARTESIAN_POINT('Ctrl Pts',(8.65623566673923,8.78184234659386,1.84717530187752));
#4220=CARTESIAN_POINT('Ctrl Pts',(8.99482262089058,8.73213214354111,1.76093256163865));
#4221=CARTESIAN_POINT('Ctrl Pts',(9.16979747390657,8.69958955069751,1.68100215758962));
#4222=CARTESIAN_POINT('Ctrl Pts',(9.3765804178991,8.67564746801719,1.53032510179969));
#4223=CARTESIAN_POINT('Ctrl Pts',(9.42254182810669,8.6714393514618,1.49246621878569));
#4224=CARTESIAN_POINT('Ctrl Pts',(9.48712744096609,8.66767756226774,1.4324491812821));
#4225=CARTESIAN_POINT('Ctrl Pts',(9.50745143731142,8.66684096430452,1.41245384170443));
#4226=CARTESIAN_POINT('Ctrl Pts',(9.53828113314204,8.6661498934233,1.38034176719994));
#4227=CARTESIAN_POINT('Ctrl Pts',(9.54917225377705,8.66602540378444,1.36862829948229));
#4228=CARTESIAN_POINT('Ctrl Pts',(9.55987584203524,8.66602540378444,1.35674076040916));
#4229=CARTESIAN_POINT('Ctrl Pts',(9.57520252483307,8.66602540378444,1.33971875468307));
#4230=CARTESIAN_POINT('Ctrl Pts',(9.59012903776788,8.66628083498183,1.32235734742776));
#4231=CARTESIAN_POINT('Ctrl Pts',(9.6256043288275,8.66752110150271,1.2791326874922));
#4232=CARTESIAN_POINT('Ctrl Pts',(9.64568297359635,8.66877839232302,1.25294964418217));
#4233=CARTESIAN_POINT('Ctrl Pts',(9.71487593037597,8.67509601219824,1.15628625054031));
#4234=CARTESIAN_POINT('Ctrl Pts',(9.75854696680629,8.68303682957488,1.08262687199358));
#4235=CARTESIAN_POINT('Ctrl Pts',(9.85027013202536,8.70810569476793,0.892860095498023));
#4236=CARTESIAN_POINT('Ctrl Pts',(9.89032116709394,8.72770638606496,0.773821244344203));
#4237=CARTESIAN_POINT('Ctrl Pts',(9.94718879346287,8.77024628624957,0.493849444555911));
#4238=CARTESIAN_POINT('Ctrl Pts',(9.9537156857371,8.79246795588031,0.331418032411055));
#4239=CARTESIAN_POINT('Ctrl Pts',(9.93071838083915,8.79947181235094,0.143623779481837));
#4240=CARTESIAN_POINT('Ctrl Pts',(9.92669502605351,8.8,0.11689707088715));
#4241=CARTESIAN_POINT('Ctrl Pts',(9.92201266904708,8.8,0.0905528128587922));
#4242=CARTESIAN_POINT('',(7.20983159787154,8.8,2.66925591695119));
#4243=CARTESIAN_POINT('Origin',(2.5,8.8,-5.));
#4244=CARTESIAN_POINT('',(5.04787537701226,8.8,3.63182084285897));
#4245=CARTESIAN_POINT('Ctrl Pts',(5.04787537701227,8.8,3.63182084285897));
#4246=CARTESIAN_POINT('Ctrl Pts',(5.18640526779889,8.8,3.70572165777711));
#4247=CARTESIAN_POINT('Ctrl Pts',(5.33900403269055,8.78184234659378,3.7591725237861));
#4248=CARTESIAN_POINT('Ctrl Pts',(5.6833966893276,8.7321321435409,3.81810158130684));
#4249=CARTESIAN_POINT('Ctrl Pts',(5.87575479572481,8.69958955069728,3.81625020809852));
#4250=CARTESIAN_POINT('Ctrl Pts',(6.12594629478747,8.67564746801709,3.76270606869527));
#4251=CARTESIAN_POINT('Ctrl Pts',(6.18333272729681,8.67143935146174,3.74681444778533));
#4252=CARTESIAN_POINT('Ctrl Pts',(6.26674574891472,8.66767756226772,3.71825549115829));
#4253=CARTESIAN_POINT('Ctrl Pts',(6.29344548075403,8.66684096430451,3.70825535356049));
#4254=CARTESIAN_POINT('Ctrl Pts',(6.33467096672652,8.6661498934233,3.69145908075071));
#4255=CARTESIAN_POINT('Ctrl Pts',(6.34938479704942,8.66602540378444,3.68518811337047));
#4256=CARTESIAN_POINT('Ctrl Pts',(6.3639981092201,8.66602540378444,3.67868184760471));
#4257=CARTESIAN_POINT('Ctrl Pts',(6.38492320413824,8.66602540378444,3.66936539510435));
#4258=CARTESIAN_POINT('Ctrl Pts',(6.40562077273438,8.66628083498183,3.65957612013191));
#4259=CARTESIAN_POINT('Ctrl Pts',(6.4556101168207,8.66752110150271,3.63451752918737));
#4260=CARTESIAN_POINT('Ctrl Pts',(6.48460247468632,8.66877839232301,3.61876484947503));
#4261=CARTESIAN_POINT('Ctrl Pts',(6.58712993029148,8.67509601219825,3.55860175625819));
#4262=CARTESIAN_POINT('Ctrl Pts',(6.65698537561411,8.68303682957489,3.50907317633134));
#4263=CARTESIAN_POINT('Ctrl Pts',(6.81796375819973,8.70810569476794,3.3730197719658));
#4264=CARTESIAN_POINT('Ctrl Pts',(6.90296966207443,8.72770638606498,3.2805625937667));
#4265=CARTESIAN_POINT('Ctrl Pts',(7.06879561383248,8.7702462862496,3.04792577525101));
#4266=CARTESIAN_POINT('Ctrl Pts',(7.14082503392794,8.79246795588033,2.90219202276093));
#4267=CARTESIAN_POINT('Ctrl Pts',(7.19619875452571,8.79947181235094,2.72127958943216));
#4268=CARTESIAN_POINT('Ctrl Pts',(7.20339396877105,8.8,2.69522708037839));
#4269=CARTESIAN_POINT('Ctrl Pts',(7.20983159787154,8.8,2.66925591695119));
#4270=CARTESIAN_POINT('',(3.6832778559472,8.8,3.921875));
#4271=CARTESIAN_POINT('Origin',(2.5,8.8,-5.));
#4272=CARTESIAN_POINT('',(1.3167221440528,8.8,3.921875));
#4273=CARTESIAN_POINT('Ctrl Pts',(1.3167221440528,8.8,3.921875));
#4274=CARTESIAN_POINT('Ctrl Pts',(1.41321732714812,8.8,4.04573193652856));
#4275=CARTESIAN_POINT('Ctrl Pts',(1.53088280984653,8.78184234659384,4.1566292417475));
#4276=CARTESIAN_POINT('Ctrl Pts',(1.82153254992669,8.73213214354106,4.35054072762916));
#4277=CARTESIAN_POINT('Ctrl Pts',(1.99801344559025,8.69958955069745,4.42708850450879));
#4278=CARTESIAN_POINT('Ctrl Pts',(2.24835311661709,8.67564746801716,4.47993554962866));
#4279=CARTESIAN_POINT('Ctrl Pts',(2.30724193590851,8.67143935146178,4.48875899644881));
#4280=CARTESIAN_POINT('Ctrl Pts',(2.39505949706431,8.66767756226774,4.4965962237489));
#4281=CARTESIAN_POINT('Ctrl Pts',(2.42351833820328,8.66684096430452,4.49832040276999));
#4282=CARTESIAN_POINT('Ctrl Pts',(2.46801135327164,8.6661498934233,4.49974415981292));
#4283=CARTESIAN_POINT('Ctrl Pts',(2.48400373834878,8.66602540378444,4.5));
#4284=CARTESIAN_POINT('Ctrl Pts',(2.5,8.66602540378444,4.5));
#4285=CARTESIAN_POINT('Ctrl Pts',(2.52290536802855,8.66602540378444,4.5));
#4286=CARTESIAN_POINT('Ctrl Pts',(2.54579519464421,8.66628083498183,4.49947551188594));
#4287=CARTESIAN_POINT('Ctrl Pts',(2.60165498002588,8.66752110150271,4.49691584795686));
#4288=CARTESIAN_POINT('Ctrl Pts',(2.63454800892604,8.66877839232302,4.49431731327306));
#4289=CARTESIAN_POINT('Ctrl Pts',(2.75268203484976,8.67509601219824,4.48105726586304));
#4290=CARTESIAN_POINT('Ctrl Pts',(2.83664324795157,8.68303682957488,4.46422342597848));
#4291=CARTESIAN_POINT('Ctrl Pts',(3.03904222311198,8.70810569476793,4.40540826336419));
#4292=CARTESIAN_POINT('Ctrl Pts',(3.15430470275845,8.72770638606496,4.35551944417759));
#4293=CARTESIAN_POINT('Ctrl Pts',(3.40041616636517,8.77024628624958,4.21044262629512));
#4294=CARTESIAN_POINT('Ctrl Pts',(3.52549357318068,8.79246795588031,4.10660522321494));
#4295=CARTESIAN_POINT('Ctrl Pts',(3.6496636999284,8.79947181235094,3.9638560127469));
#4296=CARTESIAN_POINT('Ctrl Pts',(3.66683336529527,8.8,3.94298241872896));
#4297=CARTESIAN_POINT('Ctrl Pts',(3.6832778559472,8.8,3.921875));
#4298=CARTESIAN_POINT('',(-0.0478753770122739,8.8,3.63182084285897));
#4299=CARTESIAN_POINT('Origin',(2.5,8.8,-5.));
#4300=CARTESIAN_POINT('',(-2.20983159787155,8.8,2.66925591695118));
#4301=CARTESIAN_POINT('Ctrl Pts',(-2.20983159787155,8.8,2.66925591695118));
#4302=CARTESIAN_POINT('Ctrl Pts',(-2.17205601623803,8.8,2.82165298563088));
#4303=CARTESIAN_POINT('Ctrl Pts',(-2.10966924660833,8.78184234657698,2.97082157858281));
#4304=CARTESIAN_POINT('Ctrl Pts',(-1.92301840351735,8.73213214350144,3.26618643534257));
#4305=CARTESIAN_POINT('Ctrl Pts',(-1.79292986868045,8.69958955065563,3.40789755627579));
#4306=CARTESIAN_POINT('Ctrl Pts',(-1.58572802906529,8.67564746799854,3.55799805165675));
#4307=CARTESIAN_POINT('Ctrl Pts',(-1.53551923488893,8.67143935145193,3.59001091204918));
#4308=CARTESIAN_POINT('Ctrl Pts',(-1.45848158838553,8.66767756226449,3.63288919543149));
#4309=CARTESIAN_POINT('Ctrl Pts',(-1.43318443013132,8.66684096430251,3.64603956484736));
#4310=CARTESIAN_POINT('Ctrl Pts',(-1.39311713251153,8.66614989342291,3.66543717119779));
#4311=CARTESIAN_POINT('Ctrl Pts',(-1.37861142136779,8.66602540378443,3.67217558184921));
#4312=CARTESIAN_POINT('Ctrl Pts',(-1.36399810921887,8.66602540378444,3.67868184760526));
#4313=CARTESIAN_POINT('Ctrl Pts',(-1.34307301430065,8.66602540378445,3.68799830010563));
#4314=CARTESIAN_POINT('Ctrl Pts',(-1.32194878863474,8.66628083498185,3.6968292876097));
#4315=CARTESIAN_POINT('Ctrl Pts',(-1.26987722632007,8.66752110150277,3.71721113984338));
#4316=CARTESIAN_POINT('Ctrl Pts',(-1.23877102990563,8.66877839232312,3.728216060442));
#4317=CARTESIAN_POINT('Ctrl Pts',(-1.12545687995633,8.67509601219862,3.76415184150044));
#4318=CARTESIAN_POINT('Ctrl Pts',(-1.04190755558158,8.68303682957568,3.78292346550501));
#4319=CARTESIAN_POINT('Ctrl Pts',(-0.833084609380712,8.7081056947701,3.81151622057649));
#4320=CARTESIAN_POINT('Ctrl Pts',(-0.707495483814898,8.72770638606825,3.81282199046392));
#4321=CARTESIAN_POINT('Ctrl Pts',(-0.423653416264516,8.77024628625334,3.78039027300244));
#4322=CARTESIAN_POINT('Ctrl Pts',(-0.267155042660191,8.79246795588321,3.73640364965492));
#4323=CARTESIAN_POINT('Ctrl Pts',(-0.0956586527369971,8.7994718123513,3.65650029737406));
#4324=CARTESIAN_POINT('Ctrl Pts',(-0.0714833273804179,8.8,3.64441485243226));
#4325=CARTESIAN_POINT('Ctrl Pts',(-0.0478753770122753,8.8,3.63182084285897));
#4326=CARTESIAN_POINT('',(-3.33847781056517,8.8,1.84924644435708));
#4327=CARTESIAN_POINT('Origin',(2.5,8.8,-5.));
#4328=CARTESIAN_POINT('',(-4.92201266904709,8.8,0.0905528128587883));
#4329=CARTESIAN_POINT('Ctrl Pts',(-4.92201266904709,8.8,0.0905528128587871));
#4330=CARTESIAN_POINT('Ctrl Pts',(-4.94948843015248,8.8,0.24513917590061));
#4331=CARTESIAN_POINT('Ctrl Pts',(-4.95316761289983,8.78184234659385,0.406786451589871));
#4332=CARTESIAN_POINT('Ctrl Pts',(-4.9027892934156,8.73213214354109,0.75253341208465));
#4333=CARTESIAN_POINT('Ctrl Pts',(-4.84158660897942,8.69958955069749,0.934904736851506));
#4334=CARTESIAN_POINT('Ctrl Pts',(-4.71334968123221,8.67564746801718,1.15630494333216));
#4335=CARTESIAN_POINT('Ctrl Pts',(-4.68050246871923,8.67143935146179,1.20597190298807));
#4336=CARTESIAN_POINT('Ctrl Pts',(-4.62756524568819,8.66767756226774,1.27647719780261));
#4337=CARTESIAN_POINT('Ctrl Pts',(-4.60980387877831,8.66684096430452,1.29877993928798));
#4338=CARTESIAN_POINT('Ctrl Pts',(-4.58109029830607,8.6661498934233,1.33279737261937));
#4339=CARTESIAN_POINT('Ctrl Pts',(-4.57057943029343,8.66602540378444,1.34485322133603));
#4340=CARTESIAN_POINT('Ctrl Pts',(-4.55987584203525,8.66602540378444,1.35674076040915));
#4341=CARTESIAN_POINT('Ctrl Pts',(-4.54454915923741,8.66602540378444,1.37376276613525));
#4342=CARTESIAN_POINT('Ctrl Pts',(-4.52884310504661,8.66628083498183,1.39042227129099));
#4343=CARTESIAN_POINT('Ctrl Pts',(-4.48956341197931,8.66752110150271,1.43022143227264));
#4344=CARTESIAN_POINT('Ctrl Pts',(-4.46562259200231,8.66877839232302,1.45292695740544));
#4345=CARTESIAN_POINT('Ctrl Pts',(-4.37672136398597,8.67509601219824,1.53184494391969));
#4346=CARTESIAN_POINT('Ctrl Pts',(-4.3080303655494,8.68303682957488,1.5829762474878));
#4347=CARTESIAN_POINT('Ctrl Pts',(-4.12889083281749,8.70810569476793,1.69403297313699));
#4348=CARTESIAN_POINT('Ctrl Pts',(-4.01469056209353,8.72770638606496,1.7463075526251));
#4349=CARTESIAN_POINT('Ctrl Pts',(-3.74219676271239,8.77024628624958,1.8321286741768));
#4350=CARTESIAN_POINT('Ctrl Pts',(-3.5813374128581,8.79246795588031,1.8555985173501));
#4351=CARTESIAN_POINT('Ctrl Pts',(-3.39216804355543,8.79947181235094,1.85235703876382));
#4352=CARTESIAN_POINT('Ctrl Pts',(-3.36516719157397,8.8,1.85114942611427));
#4353=CARTESIAN_POINT('Ctrl Pts',(-3.33847781056517,8.8,1.84924644435708));
#4354=CARTESIAN_POINT('',(-5.61955438976559,8.8,-1.11762488782468));
#4355=CARTESIAN_POINT('Origin',(2.5,8.8,-5.));
#4356=CARTESIAN_POINT('',(-6.35086032287606,8.8,-3.36835311879736));
#4357=CARTESIAN_POINT('Ctrl Pts',(-6.35086032287606,8.8,-3.36835311879736));
#4358=CARTESIAN_POINT('Ctrl Pts',(-6.43883661799809,8.8,-3.23830684786497));
#4359=CARTESIAN_POINT('Ctrl Pts',(-6.50794558896099,8.78184234659385,-3.09213117185864));
#4360=CARTESIAN_POINT('Ctrl Pts',(-6.60255066209778,8.73213214354109,-2.7557848980541));
#4361=CARTESIAN_POINT('Ctrl Pts',(-6.62081632816456,8.69958955069748,-2.56428702829426));
#4362=CARTESIAN_POINT('Ctrl Pts',(-6.59371764207925,8.67564746801717,-2.30986921783239));
#4363=CARTESIAN_POINT('Ctrl Pts',(-6.58391159273402,8.67143935146179,-2.25113602749193));
#4364=CARTESIAN_POINT('Ctrl Pts',(-6.56422812002574,8.66767756226774,-2.16519472728497));
#4365=CARTESIAN_POINT('Ctrl Pts',(-6.55707364616684,8.66684096430452,-2.13759596035468));
#4366=CARTESIAN_POINT('Ctrl Pts',(-6.54467862179301,8.66614989342329,-2.09484062332207));
#4367=CARTESIAN_POINT('Ctrl Pts',(-6.53998002150064,8.66602540378444,-2.07955190231773));
#4368=CARTESIAN_POINT('Ctrl Pts',(-6.53503690480396,8.66602540378444,-2.064338553438));
#4369=CARTESIAN_POINT('Ctrl Pts',(-6.52795875682073,8.66602540378444,-2.04255425391634));
#4370=CARTESIAN_POINT('Ctrl Pts',(-6.52038659355961,8.66628083498183,-2.02094681089725));
#4371=CARTESIAN_POINT('Ctrl Pts',(-6.50069058551525,8.66752110150271,-1.96861197766512));
#4372=CARTESIAN_POINT('Ctrl Pts',(-6.4880547272448,8.66877839232302,-1.93813183956672));
#4373=CARTESIAN_POINT('Ctrl Pts',(-6.43893825112475,8.67509601219824,-1.82987728441168));
#4374=CARTESIAN_POINT('Ctrl Pts',(-6.39698287629146,8.68303682957488,-1.75522736818006));
#4375=CARTESIAN_POINT('Ctrl Pts',(-6.27850160966156,8.70810569476793,-1.58090938873704));
#4376=CARTESIAN_POINT('Ctrl Pts',(-6.19543645805931,8.72770638606496,-1.48670474934288));
#4377=CARTESIAN_POINT('Ctrl Pts',(-5.98140758028387,8.77024628624957,-1.29747004036032));
#4378=CARTESIAN_POINT('Ctrl Pts',(-5.84400129713096,8.79246795588031,-1.21060187977064));
#4379=CARTESIAN_POINT('Ctrl Pts',(-5.66986805096056,8.79947181235094,-1.13662100356624));
#4380=CARTESIAN_POINT('Ctrl Pts',(-5.64471036496521,8.8,-1.12674197672171));
#4381=CARTESIAN_POINT('Ctrl Pts',(-5.61955438976559,8.8,-1.11762488782468));
#4382=CARTESIAN_POINT('',(-6.49668625113962,8.8,-4.75579414717219));
#4383=CARTESIAN_POINT('Origin',(2.5,8.8,-5.));
#4384=CARTESIAN_POINT('',(-6.24931381933801,8.8,-7.10938561926002));
#4385=CARTESIAN_POINT('Ctrl Pts',(-6.24931381933801,8.8,-7.10938561926002));
#4386=CARTESIAN_POINT('Ctrl Pts',(-6.38257874781068,8.8,-7.02636562211446));
#4387=CARTESIAN_POINT('Ctrl Pts',(-6.50516793807444,8.78184234659381,-6.92093664813679));
#4388=CARTESIAN_POINT('Ctrl Pts',(-6.72839832722689,8.732132143541,-6.65214838737298));
#4389=CARTESIAN_POINT('Ctrl Pts',(-6.82297404419525,8.69958955069739,-6.48463569400508));
#4390=CARTESIAN_POINT('Ctrl Pts',(-6.90169920877975,8.67564746801713,-6.24119143030422));
#4391=CARTESIAN_POINT('Ctrl Pts',(-6.91662987761915,8.67143935146177,-6.18354751146345));
#4392=CARTESIAN_POINT('Ctrl Pts',(-6.93360360648358,8.66767756226773,-6.0970302374222));
#4393=CARTESIAN_POINT('Ctrl Pts',(-6.9382930992022,8.66684096430452,-6.06890752257619));
#4394=CARTESIAN_POINT('Ctrl Pts',(-6.94435984324629,8.6661498934233,-6.02480706803576));
#4395=CARTESIAN_POINT('Ctrl Pts',(-6.94628594135016,8.66602540378444,-6.00892903349894));
#4396=CARTESIAN_POINT('Ctrl Pts',(-6.9479580059986,8.66602540378444,-5.99302040104271));
#4397=CARTESIAN_POINT('Ctrl Pts',(-6.9503522689192,8.66602540378444,-5.97024051101682));
#4398=CARTESIAN_POINT('Ctrl Pts',(-6.95222329240651,8.66628083498183,-5.94742125332976));
#4399=CARTESIAN_POINT('Ctrl Pts',(-6.95551658810866,8.66752110150271,-5.89159991596019));
#4400=CARTESIAN_POINT('Ctrl Pts',(-6.9563705462329,8.66877839232302,-5.85861545767674));
#4401=CARTESIAN_POINT('Ctrl Pts',(-6.95553150693944,8.67509601219825,-5.73974252992897));
#4402=CARTESIAN_POINT('Ctrl Pts',(-6.94756622117074,8.68303682957489,-5.65448164972349));
#4403=CARTESIAN_POINT('Ctrl Pts',(-6.91022970801164,8.70810569476794,-5.44704357876147));
#4404=CARTESIAN_POINT('Ctrl Pts',(-6.87266239486637,8.72770638606497,-5.3271977174348));
#4405=CARTESIAN_POINT('Ctrl Pts',(-6.75410597605523,8.77024628624959,-5.06726982134774));
#4406=CARTESIAN_POINT('Ctrl Pts',(-6.66391155425773,8.79246795588032,-4.93202363748016));
#4407=CARTESIAN_POINT('Ctrl Pts',(-6.53492365143343,8.79947181235094,-4.79361237207603));
#4408=CARTESIAN_POINT('Ctrl Pts',(-6.51595912388319,8.8,-4.77435487922698));
#4409=CARTESIAN_POINT('Ctrl Pts',(-6.49668625113962,8.8,-4.75579414717219));
#4410=CARTESIAN_POINT('',(-5.81820932736289,8.8,-8.43618881701414));
#4411=CARTESIAN_POINT('Origin',(2.5,8.8,-5.));
#4412=CARTESIAN_POINT('',(-4.63493147141569,8.8,-10.4856861829859));
#4413=CARTESIAN_POINT('Ctrl Pts',(-4.63493147141569,8.8,-10.4856861829859));
#4414=CARTESIAN_POINT('Ctrl Pts',(-4.79044231643208,8.8,-10.4640473713467));
#4415=CARTESIAN_POINT('Ctrl Pts',(-4.94531494131218,8.78184234659382,-10.4175947267908));
#4416=CARTESIAN_POINT('Ctrl Pts',(-5.25857208421137,8.73213214354103,-10.2628404112188));
#4417=CARTESIAN_POINT('Ctrl Pts',(-5.41310485142415,8.69958955069742,-10.1482773607313));
#4418=CARTESIAN_POINT('Ctrl Pts',(-5.58404157052626,8.67564746801715,-9.95790036860698));
#4419=CARTESIAN_POINT('Ctrl Pts',(-5.62112730926714,8.67143935146178,-9.91131287851185));
#4420=CARTESIAN_POINT('Ctrl Pts',(-5.67182332778215,8.66767756226773,-9.83917925330256));
#4421=CARTESIAN_POINT('Ctrl Pts',(-5.68754593118454,8.66684096430452,-9.81539526342452));
#4422=CARTESIAN_POINT('Ctrl Pts',(-5.71102544848658,8.6661498934233,-9.77757506060604));
#4423=CARTESIAN_POINT('Ctrl Pts',(-5.71924320512652,8.66602540378444,-9.76385316895561));
#4424=CARTESIAN_POINT('Ctrl Pts',(-5.72724133595217,8.66602540378444,-9.75));
#4425=CARTESIAN_POINT('Ctrl Pts',(-5.73869401996645,8.66602540378444,-9.73016336940423));
#4426=CARTESIAN_POINT('Ctrl Pts',(-5.74968471324353,8.66628083498183,-9.7100779540098));
#4427=CARTESIAN_POINT('Ctrl Pts',(-5.77539787194662,8.66752110150271,-9.66042212885482));
#4428=CARTESIAN_POINT('Ctrl Pts',(-5.78959398934791,8.66877839232302,-9.63063666287796));
#4429=CARTESIAN_POINT('Ctrl Pts',(-5.83717746439731,8.67509601219824,-9.52169957167168));
#4430=CARTESIAN_POINT('Ctrl Pts',(-5.86457953796495,8.68303682957488,-9.44057010825067));
#4431=CARTESIAN_POINT('Ctrl Pts',(-5.91484360059347,8.70810569476794,-9.23587987275466));
#4432=CARTESIAN_POINT('Ctrl Pts',(-5.9292698556363,8.72770638606497,-9.11111522768432));
#4433=CARTESIAN_POINT('Ctrl Pts',(-5.92668537765322,8.77024628624958,-8.8254380390971));
#4434=CARTESIAN_POINT('Ctrl Pts',(-5.89929825213053,8.79246795588031,-8.6651991258153));
#4435=CARTESIAN_POINT('Ctrl Pts',(-5.8377588728689,8.79947181235094,-8.48629003642663));
#4436=CARTESIAN_POINT('Ctrl Pts',(-5.82826664286451,8.8,-8.46098387303548));
#4437=CARTESIAN_POINT('Ctrl Pts',(-5.81820932736289,8.8,-8.43618881701414));
#4438=CARTESIAN_POINT('',(-3.70143844232574,8.8,-11.522435223599));
#4439=CARTESIAN_POINT('Origin',(2.5,8.8,-5.));
#4440=CARTESIAN_POINT('',(-1.78685465326807,8.8,-12.913461769779));
#4441=CARTESIAN_POINT('Ctrl Pts',(-1.78685465326807,8.8,-12.913461769779));
#4442=CARTESIAN_POINT('Ctrl Pts',(-1.93772217695343,8.8,-12.9569456907612));
#4443=CARTESIAN_POINT('Ctrl Pts',(-2.09809935263479,8.78184234659376,-12.9775014598797));
#4444=CARTESIAN_POINT('Ctrl Pts',(-2.44721824342209,8.73213214354088,-12.9635395165605));
#4445=CARTESIAN_POINT('Ctrl Pts',(-2.63498794154216,8.69958955069727,-12.9217351011552));
#4446=CARTESIAN_POINT('Ctrl Pts',(-2.86857970351755,8.67564746801708,-12.8173432920661));
#4447=CARTESIAN_POINT('Ctrl Pts',(-2.92140805101799,8.67143935146174,-12.7898676309883));
#4448=CARTESIAN_POINT('Ctrl Pts',(-2.99706055702318,8.66767756226772,-12.7445902137233));
#4449=CARTESIAN_POINT('Ctrl Pts',(-3.02109769014565,8.66684096430451,-12.7292574167339));
#4450=CARTESIAN_POINT('Ctrl Pts',(-3.05793015885941,8.6661498934233,-12.7042569222904));
#4451=CARTESIAN_POINT('Ctrl Pts',(-3.07101864925625,8.66602540378444,-12.6950638132524));
#4452=CARTESIAN_POINT('Ctrl Pts',(-3.0839598967785,8.66602540378444,-12.685661446562));
#4453=CARTESIAN_POINT('Ctrl Pts',(-3.10249072877603,8.66602540378444,-12.6721980090365));
#4454=CARTESIAN_POINT('Ctrl Pts',(-3.12070070112797,8.66628083498183,-12.6583193867266));
#4455=CARTESIAN_POINT('Ctrl Pts',(-3.16438768409548,8.66752110150271,-12.6234150170646));
#4456=CARTESIAN_POINT('Ctrl Pts',(-3.18947132310746,8.66877839232302,-12.6019787210542));
#4457=CARTESIAN_POINT('Ctrl Pts',(-3.27724969738141,8.67509601219825,-12.5218136791213));
#4458=CARTESIAN_POINT('Ctrl Pts',(-3.33528106282553,8.68303682957489,-12.4588436537483));
#4459=CARTESIAN_POINT('Ctrl Pts',(-3.46445458817851,8.70810569476794,-12.292294054988));
#4460=CARTESIAN_POINT('Ctrl Pts',(-3.52837998085414,8.72770638606498,-12.1841835667578));
#4461=CARTESIAN_POINT('Ctrl Pts',(-3.64221432342162,8.77024628624959,-11.9221532668729));
#4462=CARTESIAN_POINT('Ctrl Pts',(-3.68236997698083,8.79246795588033,-11.7646283880081));
#4463=CARTESIAN_POINT('Ctrl Pts',(-3.69891983902391,8.79947181235094,-11.5761564815283));
#4464=CARTESIAN_POINT('Ctrl Pts',(-3.70054119936734,8.8,-11.5491773131447));
#4465=CARTESIAN_POINT('Ctrl Pts',(-3.70143844232574,8.8,-11.522435223599));
#4466=CARTESIAN_POINT('',(-0.512382512310891,8.8,-13.4808933255597));
#4467=CARTESIAN_POINT('Origin',(2.5,8.8,-5.));
#4468=CARTESIAN_POINT('',(1.8024582792815,8.8,-13.9729279250341));
#4469=CARTESIAN_POINT('Ctrl Pts',(1.8024582792815,8.8,-13.9729279250341));
#4470=CARTESIAN_POINT('Ctrl Pts',(1.68232044236145,8.8,-14.0740158136605));
#4471=CARTESIAN_POINT('Ctrl Pts',(1.54416938653578,8.78184234659388,-14.1580257172295));
#4472=CARTESIAN_POINT('Ctrl Pts',(1.21955457572413,8.73213214354116,-14.2872702930036));
#4473=CARTESIAN_POINT('Ctrl Pts',(1.03101503333618,8.69958955069755,-14.3254528758855));
#4474=CARTESIAN_POINT('Ctrl Pts',(0.775158366246958,8.6756474680172,-14.3250965419936));
#4475=CARTESIAN_POINT('Ctrl Pts',(0.715721911199677,8.6714393514618,-14.3214835013418));
#4476=CARTESIAN_POINT('Ctrl Pts',(0.628193923273406,8.66767756226775,-14.3108911687984));
#4477=CARTESIAN_POINT('Ctrl Pts',(0.599998499118071,8.66684096430452,-14.3066607445912));
#4478=CARTESIAN_POINT('Ctrl Pts',(0.55618174744537,8.6661498934233,-14.2988027711343));
#4479=CARTESIAN_POINT('Ctrl Pts',(0.540485642186211,8.66602540378444,-14.2957280167778));
#4480=CARTESIAN_POINT('Ctrl Pts',(0.524838937231291,8.66602540378444,-14.2924022069712));
#4481=CARTESIAN_POINT('Ctrl Pts',(0.502434106450255,8.66602540378444,-14.2876399131755));
#4482=CARTESIAN_POINT('Ctrl Pts',(0.480153524675551,8.66628083498183,-14.282367823831));
#4483=CARTESIAN_POINT('Ctrl Pts',(0.426046593682387,8.66752110150271,-14.2682501922726));
#4484=CARTESIAN_POINT('Ctrl Pts',(0.394412622122607,8.66877839232301,-14.2588695965515));
#4485=CARTESIAN_POINT('Ctrl Pts',(0.281617026977583,8.67509601219824,-14.2213378679189));
#4486=CARTESIAN_POINT('Ctrl Pts',(0.202990519940689,8.68303682957488,-14.1874153700455));
#4487=CARTESIAN_POINT('Ctrl Pts',(0.0172428079014381,8.70810569476793,-14.0878043467022));
#4488=CARTESIAN_POINT('Ctrl Pts',(-0.0851284412693964,8.72770638606496,
-14.0150413008803));
#4489=CARTESIAN_POINT('Ctrl Pts',(-0.295698612405005,8.77024628624958,-13.8219653090183));
#4490=CARTESIAN_POINT('Ctrl Pts',(-0.396453767743073,8.79246795588031,-13.6943919471949));
#4491=CARTESIAN_POINT('Ctrl Pts',(-0.488231249592864,8.79947181235094,-13.5289457284678));
#4492=CARTESIAN_POINT('Ctrl Pts',(-0.500685852351155,8.8,-13.5049584984032));
#4493=CARTESIAN_POINT('Ctrl Pts',(-0.512382512310891,8.8,-13.4808933255597));
#4494=CARTESIAN_POINT('',(2.5,8.8,-14.));
#4495=CARTESIAN_POINT('Origin',(2.5,8.8,-5.));
#4496=CARTESIAN_POINT('Origin',(2.5,7.8,-14.));
#4497=CARTESIAN_POINT('',(3.19754172071851,8.8,-13.9729279250341));
#4498=CARTESIAN_POINT('Origin',(2.5,8.8,-5.));
#4499=CARTESIAN_POINT('',(5.51238251231089,8.8,-13.4808933255597));
#4500=CARTESIAN_POINT('Ctrl Pts',(5.51238251231089,8.8,-13.4808933255597));
#4501=CARTESIAN_POINT('Ctrl Pts',(5.44374728557692,8.8,-13.6221061675326));
#4502=CARTESIAN_POINT('Ctrl Pts',(5.35170992222134,8.78184234659379,-13.7550441300193));
#4503=CARTESIAN_POINT('Ctrl Pts',(5.10772804120624,8.73213214354092,-14.0051476635852));
#4504=CARTESIAN_POINT('Ctrl Pts',(4.9510188542568,8.6995895506973,-14.1167151292959));
#4505=CARTESIAN_POINT('Ctrl Pts',(4.71713722417898,8.67564746801709,-14.2204558839675));
#4506=CARTESIAN_POINT('Ctrl Pts',(4.66136976462648,8.67143935146175,-14.2413301912939));
#4507=CARTESIAN_POINT('Ctrl Pts',(4.57710067905926,8.66767756226773,-14.2672544539972));
#4508=CARTESIAN_POINT('Ctrl Pts',(4.54962220885507,8.66684096430451,-14.2748578813498));
#4509=CARTESIAN_POINT('Ctrl Pts',(4.50639748865071,8.66614989342329,-14.2855011438778));
#4510=CARTESIAN_POINT('Ctrl Pts',(4.49080776772347,8.66602540378444,-14.2890763971645));
#4511=CARTESIAN_POINT('Ctrl Pts',(4.47516106276872,8.66602540378444,-14.2924022069712));
#4512=CARTESIAN_POINT('Ctrl Pts',(4.4527562319876,8.66602540378444,-14.2971645007668));
#4513=CARTESIAN_POINT('Ctrl Pts',(4.43025755579159,8.66628083498183,-14.3014105365306));
#4514=CARTESIAN_POINT('Ctrl Pts',(4.37508625668781,8.66752110150271,-14.3105207098271));
#4515=CARTESIAN_POINT('Ctrl Pts',(4.34237175364858,8.66877839232301,-14.3148178046154));
#4516=CARTESIAN_POINT('Ctrl Pts',(4.22406232074871,8.67509601219825,-14.3264089661286));
#4517=CARTESIAN_POINT('Ctrl Pts',(4.13843590948506,8.6830368295749,-14.3273995038135));
#4518=CARTESIAN_POINT('Ctrl Pts',(3.92823147763615,8.70810569476794,-14.311950706761));
#4519=CARTESIAN_POINT('Ctrl Pts',(3.80511529096533,8.72770638606497,-14.2871164950013));
#4520=CARTESIAN_POINT('Ctrl Pts',(3.5342187868209,8.77024628624959,-14.1963794041955));
#4521=CARTESIAN_POINT('Ctrl Pts',(3.39028561139377,8.79246795588032,-14.1208161526403));
#4522=CARTESIAN_POINT('Ctrl Pts',(3.23914967012138,8.79947181235094,-14.0070027759156));
#4523=CARTESIAN_POINT('Ctrl Pts',(3.21801533891169,8.8,-13.9901550941654));
#4524=CARTESIAN_POINT('Ctrl Pts',(3.19754172071851,8.8,-13.9729279250341));
#4525=CARTESIAN_POINT('',(6.78685465326808,8.8,-12.913461769779));
#4526=CARTESIAN_POINT('Origin',(2.5,8.8,-5.));
#4527=CARTESIAN_POINT('',(8.70143844232575,8.8,-11.522435223599));
#4528=CARTESIAN_POINT('Ctrl Pts',(8.70143844232574,8.8,-11.522435223599));
#4529=CARTESIAN_POINT('Ctrl Pts',(8.69617348001191,8.8,-11.6793560356626));
#4530=CARTESIAN_POINT('Ctrl Pts',(8.6661639053842,8.7818423465938,-11.8382358756493));
#4531=CARTESIAN_POINT('Ctrl Pts',(8.54500163789976,8.73213214354094,-12.1659531939342));
#4532=CARTESIAN_POINT('Ctrl Pts',(8.44721924847092,8.69958955069733,-12.3316145140939));
#4533=CARTESIAN_POINT('Ctrl Pts',(8.27575291399264,8.67564746801711,-12.5215146383914));
#4534=CARTESIAN_POINT('Ctrl Pts',(8.2332971503226,8.67143935146175,-12.5632669363222));
#4535=CARTESIAN_POINT('Ctrl Pts',(8.16685785756903,8.66767756226773,-12.6212252537362));
#4536=CARTESIAN_POINT('Ctrl Pts',(8.14484761844831,8.66684096430451,-12.6393478309844));
#4537=CARTESIAN_POINT('Ctrl Pts',(8.10968887651982,8.6661498934233,-12.6666520127151));
#4538=CARTESIAN_POINT('Ctrl Pts',(8.09690114430077,8.66602540378444,-12.6762590798716));
#4539=CARTESIAN_POINT('Ctrl Pts',(8.0839598967785,8.66602540378444,-12.685661446562));
#4540=CARTESIAN_POINT('Ctrl Pts',(8.06542906478096,8.66602540378444,-12.6991248840875));
#4541=CARTESIAN_POINT('Ctrl Pts',(8.04660251967211,8.66628083498183,-12.7121548668021));
#4542=CARTESIAN_POINT('Ctrl Pts',(7.99990647128794,8.66752110150271,-12.7429176132272));
#4543=CARTESIAN_POINT('Ctrl Pts',(7.97176807154656,8.66877839232302,-12.7601493917982));
#4544=CARTESIAN_POINT('Ctrl Pts',(7.86840157664798,8.67509601219825,-12.8188592263292));
#4545=CARTESIAN_POINT('Ctrl Pts',(7.79058084555665,8.68303682957489,-12.8545915266079));
#4546=CARTESIAN_POINT('Ctrl Pts',(7.59226594981194,8.70810569476794,-12.9259761932044));
#4547=CARTESIAN_POINT('Ctrl Pts',(7.46969273279196,8.72770638606497,-12.953364876332));
#4548=CARTESIAN_POINT('Ctrl Pts',(7.18531036222277,8.77024628624959,-12.9806559539033));
#4549=CARTESIAN_POINT('Ctrl Pts',(7.0230865203298,8.79246795588032,-12.9701683852809));
#4550=CARTESIAN_POINT('Ctrl Pts',(6.83872489690773,8.79947181235094,-12.9276672173562));
#4551=CARTESIAN_POINT('Ctrl Pts',(6.81256515511214,8.8,-12.9208722011514));
#4552=CARTESIAN_POINT('Ctrl Pts',(6.78685465326808,8.8,-12.913461769779));
#4553=CARTESIAN_POINT('Origin',(2.5,8.8,-5.));
#4554=CARTESIAN_POINT('Origin',(2.5,8.8,-5.));
#4555=CARTESIAN_POINT('',(9.96962600206225,8.8,-4.41733027713406));
#4556=CARTESIAN_POINT('Origin',(10.4561751629462,8.8,-5.83622770614122));
#4557=CARTESIAN_POINT('',(6.81110042919737,8.79999999997712,-4.60397922354057));
#4558=CARTESIAN_POINT('',(4.36209224010609,8.8,-4.74870016617336));
#4559=CARTESIAN_POINT('',(6.24864329824423,8.8,-5.10086338547082));
#4560=CARTESIAN_POINT('Ctrl Pts',(6.81110042922929,8.8,-4.60397922353868));
#4561=CARTESIAN_POINT('Ctrl Pts',(6.71989017359097,8.8,-4.60936917455336));
#4562=CARTESIAN_POINT('Ctrl Pts',(6.62969068825125,8.80000000000335,-4.63155802895665));
#4563=CARTESIAN_POINT('Ctrl Pts',(6.47958885741248,8.80000000000335,-4.704856986044));
#4564=CARTESIAN_POINT('Ctrl Pts',(6.41781794053328,8.8000000000113,-4.75022366535108));
#4565=CARTESIAN_POINT('Ctrl Pts',(6.3314364122603,8.8000000000113,-4.84837001910125));
#4566=CARTESIAN_POINT('Ctrl Pts',(6.30189701741695,8.79999999999992,-4.8951333469307));
#4567=CARTESIAN_POINT('Ctrl Pts',(6.2612647079292,8.79999999999992,-4.99546941532626));
#4568=CARTESIAN_POINT('Ctrl Pts',(6.25007441133868,8.8,-5.04767527875102));
#4569=CARTESIAN_POINT('Ctrl Pts',(6.24864329824423,8.8,-5.10086338547082));
#4570=CARTESIAN_POINT('',(6.14575577116961,8.8,-4.12195395508921));
#4571=CARTESIAN_POINT('Origin',(2.5,8.8,-5.));
#4572=CARTESIAN_POINT('',(6.79922989060596,8.79999999999987,-4.49103859281017));
#4573=CARTESIAN_POINT('Ctrl Pts',(6.14575577116961,8.8,-4.12195395508921));
#4574=CARTESIAN_POINT('Ctrl Pts',(6.15146201187608,8.8,-4.14564697222411));
#4575=CARTESIAN_POINT('Ctrl Pts',(6.15919201851564,8.79995394454889,-4.16867770555371));
#4576=CARTESIAN_POINT('Ctrl Pts',(6.1687502509609,8.79991059247223,-4.19091224919636));
#4577=CARTESIAN_POINT('Ctrl Pts',(6.17882274673202,8.79986490791587,-4.21434308205129));
#4578=CARTESIAN_POINT('Ctrl Pts',(6.19092566995515,8.79982209140076,-4.23689055060644));
#4579=CARTESIAN_POINT('Ctrl Pts',(6.20487027543686,8.79979819983082,-4.2584014804665));
#4580=CARTESIAN_POINT('Ctrl Pts',(6.2086899269757,8.79979165554586,-4.26429366984752));
#4581=CARTESIAN_POINT('Ctrl Pts',(6.21264797144417,8.79978631154164,-4.27010806659872));
#4582=CARTESIAN_POINT('Ctrl Pts',(6.21674098428065,8.79978202013627,-4.27584143686635));
#4583=CARTESIAN_POINT('Ctrl Pts',(6.23123160043073,8.79976682714508,-4.29613945964653));
#4584=CARTESIAN_POINT('Ctrl Pts',(6.24725344256276,8.79976687437963,-4.31520158147869));
#4585=CARTESIAN_POINT('Ctrl Pts',(6.26458805707695,8.79978902965514,-4.3329468699331));
#4586=CARTESIAN_POINT('Ctrl Pts',(6.28307255494666,8.79981265459023,-4.35186928360226));
#4587=CARTESIAN_POINT('Ctrl Pts',(6.30304995882333,8.79986124291313,-4.36929520444162));
#4588=CARTESIAN_POINT('Ctrl Pts',(6.32430406402464,8.79990924871127,-4.38513073439506));
#4589=CARTESIAN_POINT('Ctrl Pts',(6.33268472819093,8.79992817778255,-4.39137481087714));
#4590=CARTESIAN_POINT('Ctrl Pts',(6.34126438230797,8.79994667815494,-4.39737158779529));
#4591=CARTESIAN_POINT('Ctrl Pts',(6.35003153930586,8.79996196158151,-4.4031150178776));
#4592=CARTESIAN_POINT('Ctrl Pts',(6.35886740994523,8.79997736479376,-4.40890346278008));
#4593=CARTESIAN_POINT('Ctrl Pts',(6.36786905589315,8.799989575747,-4.41441833001992));
#4594=CARTESIAN_POINT('Ctrl Pts',(6.37702284867091,8.7999972123904,-4.41965684340552));
#4595=CARTESIAN_POINT('Ctrl Pts',(6.39901142210236,8.80001555657824,-4.43224041821953));
#4596=CARTESIAN_POINT('Ctrl Pts',(6.42187471672969,8.80000907687475,-4.44323120435169));
#4597=CARTESIAN_POINT('Ctrl Pts',(6.44537884762459,8.80000036583475,-4.45271228468189));
#4598=CARTESIAN_POINT('Ctrl Pts',(6.47038654706981,8.79999109754607,-4.46279987347102));
#4599=CARTESIAN_POINT('Ctrl Pts',(6.49612013040312,8.79997891406589,-4.47117882476645));
#4600=CARTESIAN_POINT('Ctrl Pts',(6.52234500883412,8.79996916155919,-4.47792119295934));
#4601=CARTESIAN_POINT('Ctrl Pts',(6.53111300004893,8.79996590091898,-4.48017542743512));
#4602=CARTESIAN_POINT('Ctrl Pts',(6.53993624887304,8.799962767011,-4.48224647354851));
#4603=CARTESIAN_POINT('Ctrl Pts',(6.54880692092681,8.79995958137421,-4.48413626590485));
#4604=CARTESIAN_POINT('Ctrl Pts',(6.57735274104762,8.79994932999593,-4.49021761716465));
#4605=CARTESIAN_POINT('Ctrl Pts',(6.60630148877524,8.79994577205317,-4.49440491289537));
#4606=CARTESIAN_POINT('Ctrl Pts',(6.63539952713111,8.79994752844954,-4.49676856586358));
#4607=CARTESIAN_POINT('Ctrl Pts',(6.66593127897055,8.79994937138676,-4.49924868032962));
#4608=CARTESIAN_POINT('Ctrl Pts',(6.69662822150428,8.7999564094388,-4.49972151551976));
#4609=CARTESIAN_POINT('Ctrl Pts',(6.72723721077755,8.79995997566809,-4.49822666917467));
#4610=CARTESIAN_POINT('Ctrl Pts',(6.75136173475558,8.79996278639742,-4.49704850363076));
#4611=CARTESIAN_POINT('Ctrl Pts',(6.77543259206645,8.79996318741218,-4.49464724851465));
#4612=CARTESIAN_POINT('Ctrl Pts',(6.79933674552342,8.79995816487767,-4.49102239796762));
#4613=CARTESIAN_POINT('',(9.92754059956541,8.8,-4.01691441957648));
#4614=CARTESIAN_POINT('',(6.22433577114597,8.8,-4.57816906815114));
#4615=CARTESIAN_POINT('Origin',(10.1084521303612,8.8,-2.52786404500042));
#4616=CARTESIAN_POINT('Origin',(2.5,8.8,-5.));
#4617=CARTESIAN_POINT('',(9.56083603157343,8.8,-7.50587532648046));
#4618=CARTESIAN_POINT('Origin',(9.42820323027551,8.8,-9.));
#4619=CARTESIAN_POINT('',(6.59946237573971,8.79999999997712,-6.39169953506777));
#4620=CARTESIAN_POINT('',(4.30331875847661,8.8,-5.52780732513958));
#4621=CARTESIAN_POINT('',(5.88353122261773,8.8,-6.61685387885577));
#4622=CARTESIAN_POINT('Ctrl Pts',(6.59946237576963,8.8,-6.39169953507903));
#4623=CARTESIAN_POINT('Ctrl Pts',(6.51394537045882,8.8,-6.35952494715301));
#4624=CARTESIAN_POINT('Ctrl Pts',(6.42251902019138,8.80000000000336,-6.34310803842918));
#4625=CARTESIAN_POINT('Ctrl Pts',(6.2555808026982,8.80000000000336,-6.34901805293134));
#4626=CARTESIAN_POINT('Ctrl Pts',(6.18069797131993,8.8000000000113,-6.36533808136945));
#4627=CARTESIAN_POINT('Ctrl Pts',(6.06186480008744,8.8000000000113,-6.41986470418855));
#4628=CARTESIAN_POINT('Ctrl Pts',(6.01585886112638,8.79999999999992,-6.4505703756143));
#4629=CARTESIAN_POINT('Ctrl Pts',(5.93792904372159,8.79999999999992,-6.52570528597332));
#4630=CARTESIAN_POINT('Ctrl Pts',(5.90647216146334,8.8,-6.56884621169713));
#4631=CARTESIAN_POINT('Ctrl Pts',(5.88353122261773,8.8,-6.61685387885577));
#4632=CARTESIAN_POINT('',(6.18769712519929,8.8,-5.68072748791045));
#4633=CARTESIAN_POINT('Origin',(2.5,8.8,-5.));
#4634=CARTESIAN_POINT('',(6.63455519213989,8.79999999999987,-6.28369495186255));
#4635=CARTESIAN_POINT('Ctrl Pts',(6.1876971251993,8.8,-5.68072748791045));
#4636=CARTESIAN_POINT('Ctrl Pts',(6.1832749687241,8.8,-5.70468358489547));
#4637=CARTESIAN_POINT('Ctrl Pts',(6.18096956592151,8.79995386526422,-5.72885744247348));
#4638=CARTESIAN_POINT('Ctrl Pts',(6.18065682758463,8.79991027708235,-5.75304752405845));
#4639=CARTESIAN_POINT('Ctrl Pts',(6.18032725943128,8.79986434322994,-5.77853937963588));
#4640=CARTESIAN_POINT('Ctrl Pts',(6.18221043234573,8.79982110289422,-5.80405005984718));
#4641=CARTESIAN_POINT('Ctrl Pts',(6.18619631608562,8.7997965089366,-5.82936321799708));
#4642=CARTESIAN_POINT('Ctrl Pts',(6.18729160312821,8.79978975072566,-5.83631905914497));
#4643=CARTESIAN_POINT('Ctrl Pts',(6.18854586964002,8.79978417949464,-5.84326005244786));
#4644=CARTESIAN_POINT('Ctrl Pts',(6.18995728725165,8.79977964359935,-5.85018181632055));
#4645=CARTESIAN_POINT('Ctrl Pts',(6.19493975484289,8.79976363136378,-5.87461644423348));
#4646=CARTESIAN_POINT('Ctrl Pts',(6.20182361877477,8.79976257660635,-5.89854495193751));
#4647=CARTESIAN_POINT('Ctrl Pts',(6.21044229557842,8.7997832133171,-5.92180468750012));
#4648=CARTESIAN_POINT('Ctrl Pts',(6.2196344092467,8.79980522307511,-5.9466119912263));
#4649=CARTESIAN_POINT('Ctrl Pts',(6.23079970059831,8.79985173122107,-5.97065941372922));
#4650=CARTESIAN_POINT('Ctrl Pts',(6.24377883968461,8.79989701296459,-5.99377328312411));
#4651=CARTESIAN_POINT('Ctrl Pts',(6.24889615184933,8.79991486629179,-6.00288643648827));
#4652=CARTESIAN_POINT('Ctrl Pts',(6.25429588629044,8.7999321907801,-6.01185464259987));
#4653=CARTESIAN_POINT('Ctrl Pts',(6.2599700100355,8.79994618785475,-6.0206677097453));
#4654=CARTESIAN_POINT('Ctrl Pts',(6.26568798811078,8.79996029311038,-6.02954889157666));
#4655=CARTESIAN_POINT('Ctrl Pts',(6.27166867605848,8.79997109817537,-6.03824765416404));
#4656=CARTESIAN_POINT('Ctrl Pts',(6.2779007561698,8.79997721265588,-6.04675592462059));
#4657=CARTESIAN_POINT('Ctrl Pts',(6.2928775082419,8.79999190679603,-6.06720275054612));
#4658=CARTESIAN_POINT('Ctrl Pts',(6.30930243904852,8.79998108121446,-6.08654981330439));
#4659=CARTESIAN_POINT('Ctrl Pts',(6.32692798974286,8.79996718229265,-6.10477779839498));
#4660=CARTESIAN_POINT('Ctrl Pts',(6.34568240520961,8.79995239318571,-6.12417323241228));
#4661=CARTESIAN_POINT('Ctrl Pts',(6.36579639411224,8.79993373319846,-6.14230219390973));
#4662=CARTESIAN_POINT('Ctrl Pts',(6.38702617213691,8.79991641226809,-6.15913497918049));
#4663=CARTESIAN_POINT('Ctrl Pts',(6.3941078590058,8.79991063446838,-6.16474994671713));
#4664=CARTESIAN_POINT('Ctrl Pts',(6.40131411012005,8.79990486168102,-6.17022059969097));
#4665=CARTESIAN_POINT('Ctrl Pts',(6.40863702930922,8.79989891319852,-6.17554552436163));
#4666=CARTESIAN_POINT('Ctrl Pts',(6.43225508637685,8.79987972800808,-6.1927196009155));
#4667=CARTESIAN_POINT('Ctrl Pts',(6.45701307158163,8.79986596526521,-6.20832629794806));
#4668=CARTESIAN_POINT('Ctrl Pts',(6.48265039871752,8.79985622845752,-6.22232666785739));
#4669=CARTESIAN_POINT('Ctrl Pts',(6.50954579775209,8.79984601384635,-6.23701406227052));
#4670=CARTESIAN_POINT('Ctrl Pts',(6.53740950953004,8.7998395721572,-6.24993440103944));
#4671=CARTESIAN_POINT('Ctrl Pts',(6.56599405905545,8.79982835092643,-6.26102082258835));
#4672=CARTESIAN_POINT('Ctrl Pts',(6.58850186340392,8.79981951519975,-6.26975039892559));
#4673=CARTESIAN_POINT('Ctrl Pts',(6.61145780814869,8.79980746675297,-6.27734257804687));
#4674=CARTESIAN_POINT('Ctrl Pts',(6.63475907337631,8.79978931679756,-6.28375104077164));
#4675=CARTESIAN_POINT('',(9.68525290502667,8.8,-7.12295956330661));
#4676=CARTESIAN_POINT('',(6.07392412363199,8.8,-6.12946209755936));
#4677=CARTESIAN_POINT('Origin',(10.4561751629462,8.8,-5.83622770614122));
#4678=CARTESIAN_POINT('Origin',(2.5,8.8,-5.));
#4679=CARTESIAN_POINT('',(9.08684977737263,8.8,-1.42953411625944));
#4680=CARTESIAN_POINT('Origin',(10.1084521303612,8.8,-2.52786404500042));
#4681=CARTESIAN_POINT('',(6.27731005332894,8.79999999997712,-2.88473450199901));
#4682=CARTESIAN_POINT('',(4.0988930568443,8.8,-4.01304503146309));
#4683=CARTESIAN_POINT('',(5.96558089224905,8.8,-3.56743269642287));
#4684=CARTESIAN_POINT('Ctrl Pts',(6.27731005335733,8.8,-2.88473450198431));
#4685=CARTESIAN_POINT('Ctrl Pts',(6.19617718841094,8.8,-2.92675724875516));
#4686=CARTESIAN_POINT('Ctrl Pts',(6.12280052377546,8.80000000000333,-2.98371560142803));
#4687=CARTESIAN_POINT('Ctrl Pts',(6.01548881561904,8.80000000000333,-3.11173033142778));
#4688=CARTESIAN_POINT('Ctrl Pts',(5.97751061709678,8.80000000001125,-3.17829977782434));
#4689=CARTESIAN_POINT('Ctrl Pts',(5.93851713237649,8.80000000001125,-3.30309674176609));
#4690=CARTESIAN_POINT('Ctrl Pts',(5.93055219892655,8.79999999999993,-3.3578327885848));
#4691=CARTESIAN_POINT('Ctrl Pts',(5.93424420491196,8.79999999999993,-3.46602012083629));
#4692=CARTESIAN_POINT('Ctrl Pts',(5.9452553529116,8.8,-3.51826237082865));
#4693=CARTESIAN_POINT('Ctrl Pts',(5.96558089224905,8.8,-3.56743269642287));
#4694=CARTESIAN_POINT('',(5.4734301236533,8.8,-2.71500256023094));
#4695=CARTESIAN_POINT('Origin',(2.5,8.8,-5.));
#4696=CARTESIAN_POINT('',(6.22052868370884,8.79999999999987,-2.78638628483014));
#4697=CARTESIAN_POINT('Ctrl Pts',(5.4734301236533,8.8,-2.71500256023094));
#4698=CARTESIAN_POINT('Ctrl Pts',(5.48827521646896,8.8,-2.73432023884111));
#4699=CARTESIAN_POINT('Ctrl Pts',(5.50469869862684,8.79995415133876,-2.7522111375311));
#4700=CARTESIAN_POINT('Ctrl Pts',(5.52246774598162,8.79991102504363,-2.76863227471262));
#4701=CARTESIAN_POINT('Ctrl Pts',(5.54119302954032,8.79986557791926,-2.7859371106974));
#4702=CARTESIAN_POINT('Ctrl Pts',(5.5614130892498,8.7998230197842,-2.80161040103911));
#4703=CARTESIAN_POINT('Ctrl Pts',(5.58289350630253,8.79979917464285,-2.81558877774586));
#4704=CARTESIAN_POINT('Ctrl Pts',(5.58879228807629,8.79979262647925,-2.81942740869711));
#4705=CARTESIAN_POINT('Ctrl Pts',(5.59478630116094,8.79978726873728,-2.82313811747984));
#4706=CARTESIAN_POINT('Ctrl Pts',(5.60087107442717,8.79978294742722,-2.82671932657838));
#4707=CARTESIAN_POINT('Ctrl Pts',(5.62236534442695,8.79976768253549,-2.83936983497395));
#4708=CARTESIAN_POINT('Ctrl Pts',(5.64475594105706,8.79976739756727,-2.85026837700473));
#4709=CARTESIAN_POINT('Ctrl Pts',(5.66781048981067,8.79978872229498,-2.85942962612591));
#4710=CARTESIAN_POINT('Ctrl Pts',(5.69239904585104,8.79981146593086,-2.86920044792006));
#4711=CARTESIAN_POINT('Ctrl Pts',(5.71774336766205,8.79985861543151,-2.87699578025797));
#4712=CARTESIAN_POINT('Ctrl Pts',(5.74360774666661,8.7999043223054,-2.88281750728528));
#4713=CARTESIAN_POINT('Ctrl Pts',(5.75380001451222,8.79992233382236,-2.88511165094811));
#4714=CARTESIAN_POINT('Ctrl Pts',(5.76407347695875,8.79993978342385,-2.88709909357841));
#4715=CARTESIAN_POINT('Ctrl Pts',(5.77441520346835,8.79995386943962,-2.88877896835936));
#4716=CARTESIAN_POINT('Ctrl Pts',(5.78484041989798,8.79996806917338,-2.89047240495816));
#4717=CARTESIAN_POINT('Ctrl Pts',(5.7953058633821,8.79997892938664,-2.89184848826645));
#4718=CARTESIAN_POINT('Ctrl Pts',(5.80579796653769,8.79998505426271,-2.89291021074301));
#4719=CARTESIAN_POINT('Ctrl Pts',(5.83100863988943,8.79999977125964,-2.89546134259425));
#4720=CARTESIAN_POINT('Ctrl Pts',(5.85637105803919,8.79998871837363,-2.89620047075454));
#4721=CARTESIAN_POINT('Ctrl Pts',(5.8817053027559,8.79997444050602,-2.89529883803083));
#4722=CARTESIAN_POINT('Ctrl Pts',(5.90866235488873,8.79995924805699,-2.89433945042684));
#4723=CARTESIAN_POINT('Ctrl Pts',(5.93558806948793,8.79994001318175,-2.89152255587662));
#4724=CARTESIAN_POINT('Ctrl Pts',(5.96229732665949,8.79992206155679,-2.88700966810674));
#4725=CARTESIAN_POINT('Ctrl Pts',(5.97122249193585,8.79991606284186,-2.88550164154647));
#4726=CARTESIAN_POINT('Ctrl Pts',(5.98012369620624,8.79991006292802,-2.88380387162922));
#4727=CARTESIAN_POINT('Ctrl Pts',(5.98899457466638,8.79990388421693,-2.88192131408296));
#4728=CARTESIAN_POINT('Ctrl Pts',(6.0175556528376,8.79988399096158,-2.87586014736964));
#4729=CARTESIAN_POINT('Ctrl Pts',(6.04571484166372,8.79986949436264,-2.86790373008003));
#4730=CARTESIAN_POINT('Ctrl Pts',(6.07326891100067,8.79985911831442,-2.85821988518));
#4731=CARTESIAN_POINT('Ctrl Pts',(6.10217770856019,8.7998482321156,-2.84805992265725));
#4732=CARTESIAN_POINT('Ctrl Pts',(6.13042137666768,8.7998412236076,-2.83599861353386));
#4733=CARTESIAN_POINT('Ctrl Pts',(6.15778466165906,8.79982967145199,-2.82217543025972));
#4734=CARTESIAN_POINT('Ctrl Pts',(6.17933868387307,8.79982057183479,-2.81128692767486));
#4735=CARTESIAN_POINT('Ctrl Pts',(6.20034701400942,8.79980840308023,-2.79930411217001));
#4736=CARTESIAN_POINT('Ctrl Pts',(6.22070633290793,8.79979033709226,-2.786272594279));
#4737=CARTESIAN_POINT('',(8.88553904735129,8.8,-1.08085370375371));
#4738=CARTESIAN_POINT('',(5.73077592930051,8.8,-3.0998144390733));
#4739=CARTESIAN_POINT('Origin',(8.44515860381915,8.8,0.353044850870866));
#4740=CARTESIAN_POINT('Origin',(2.5,8.8,-5.));
#4741=CARTESIAN_POINT('',(7.93116336554397,8.8,-10.1611317667157));
#4742=CARTESIAN_POINT('Origin',(7.20228201833979,8.8,-11.4721359549996));
#4743=CARTESIAN_POINT('',(5.67899003507014,8.79999999997712,-7.93878235378839));
#4744=CARTESIAN_POINT('',(3.93273508086991,8.8,-6.21565180261015));
#4745=CARTESIAN_POINT('',(4.93337586018446,8.8,-7.85327564793021));
#4746=CARTESIAN_POINT('Ctrl Pts',(5.6789900350929,8.8,-7.93878235381085));
#4747=CARTESIAN_POINT('Ctrl Pts',(5.61395250369182,8.8,-7.87460606783333));
#4748=CARTESIAN_POINT('Ctrl Pts',(5.5371071323125,8.80000000000333,-7.82242175637681));
#4749=CARTESIAN_POINT('Ctrl Pts',(5.38219651414685,8.80000000000333,-7.75992099719227));
#4750=CARTESIAN_POINT('Ctrl Pts',(5.30714919994179,8.80000000001124,-7.74437272036386));
#4751=CARTESIAN_POINT('Ctrl Pts',(5.17641029470686,8.80000000001124,-7.7458522565126));
#4752=CARTESIAN_POINT('Ctrl Pts',(5.12189173308356,8.79999999999993,-7.75519166152205));
#4753=CARTESIAN_POINT('Ctrl Pts',(5.02014065882948,8.79999999999993,-7.79213489300366));
#4754=CARTESIAN_POINT('Ctrl Pts',(4.97385836349216,8.8,-7.81875071642552));
#4755=CARTESIAN_POINT('Ctrl Pts',(4.93337586018446,8.8,-7.85327564793021));
#4756=CARTESIAN_POINT('',(5.59200214460537,8.8,-7.12179705385689));
#4757=CARTESIAN_POINT('Origin',(2.5,8.8,-5.));
#4758=CARTESIAN_POINT('',(5.7549783396981,8.79999999999987,-7.85438879173537));
#4759=CARTESIAN_POINT('Ctrl Pts',(5.59200214460538,8.8,-7.12179705385689));
#4760=CARTESIAN_POINT('Ctrl Pts',(5.5782186741531,8.8,-7.14188310314283));
#4761=CARTESIAN_POINT('Ctrl Pts',(5.56628046610504,8.79995381668065,-7.16302898934914));
#4762=CARTESIAN_POINT('Ctrl Pts',(5.55615607697201,8.79991015027371,-7.18500014910664));
#4763=CARTESIAN_POINT('Ctrl Pts',(5.54548684375127,8.79986413395869,-7.20815368701425));
#4764=CARTESIAN_POINT('Ctrl Pts',(5.53683142739866,8.79982077820923,-7.2322243843696));
#4765=CARTESIAN_POINT('Ctrl Pts',(5.53017724676396,8.79979605809569,-7.25696986682778));
#4766=CARTESIAN_POINT('Ctrl Pts',(5.52834842547869,8.79978926407065,-7.26377086420344));
#4767=CARTESIAN_POINT('Ctrl Pts',(5.52667092751336,8.79978365662237,-7.27062297598618));
#4768=CARTESIAN_POINT('Ctrl Pts',(5.52514486357796,8.79977908448055,-7.27752145376309));
#4769=CARTESIAN_POINT('Ctrl Pts',(5.51975860367743,8.79976294705432,-7.30186970901159));
#4770=CARTESIAN_POINT('Ctrl Pts',(5.51631515966781,8.799761763464,-7.32652894935617));
#4771=CARTESIAN_POINT('Ctrl Pts',(5.51472846078379,8.79978228580994,-7.35128284973604));
#4772=CARTESIAN_POINT('Ctrl Pts',(5.51303619404569,8.79980417356935,-7.37768370163881));
#4773=CARTESIAN_POINT('Ctrl Pts',(5.51345546868537,8.79985057606931,-7.40419293289963));
#4774=CARTESIAN_POINT('Ctrl Pts',(5.51591131836709,8.79989579004641,-7.43058710315773));
#4775=CARTESIAN_POINT('Ctrl Pts',(5.51687982315727,8.79991362092333,-7.44099607912965));
#4776=CARTESIAN_POINT('Ctrl Pts',(5.51816541463225,8.7999309286237,-7.45138750594789));
#4777=CARTESIAN_POINT('Ctrl Pts',(5.51976489449636,8.79994491381804,-7.46174879801246));
#4778=CARTESIAN_POINT('Ctrl Pts',(5.52137608896295,8.79995900144005,-7.4721859762576));
#4779=CARTESIAN_POINT('Ctrl Pts',(5.52330134500273,8.79996979653124,-7.48256338223295));
#4780=CARTESIAN_POINT('Ctrl Pts',(5.52553360805417,8.79997591046285,-7.49286904474591));
#4781=CARTESIAN_POINT('Ctrl Pts',(5.53089928803613,8.79999060649092,-7.51764071626156));
#4782=CARTESIAN_POINT('Ctrl Pts',(5.53803527509704,8.79997982549392,-7.54199671956167));
#4783=CARTESIAN_POINT('Ctrl Pts',(5.5467232938047,8.79996599854224,-7.56581869501622));
#4784=CARTESIAN_POINT('Ctrl Pts',(5.55596777497484,8.79995128598249,-7.59116645391676));
#4785=CARTESIAN_POINT('Ctrl Pts',(5.56696946302125,8.7999327335043,-7.61591017808271));
#4786=CARTESIAN_POINT('Ctrl Pts',(5.57951775900676,8.79991553277198,-7.63992355096965));
#4787=CARTESIAN_POINT('Ctrl Pts',(5.58370476461625,8.79990979338212,-7.6479361231226));
#4788=CARTESIAN_POINT('Ctrl Pts',(5.58806437372126,8.79990406042955,-7.65586746700814));
#4789=CARTESIAN_POINT('Ctrl Pts',(5.59258994309493,8.79989815235685,-7.66371307461858));
#4790=CARTESIAN_POINT('Ctrl Pts',(5.60718166857068,8.79987910304663,-7.68900954960091));
#4791=CARTESIAN_POINT('Ctrl Pts',(5.62345237159106,8.79986548366959,-7.71333769384615));
#4792=CARTESIAN_POINT('Ctrl Pts',(5.64117987035652,8.7998558752436,-7.73655590767786));
#4793=CARTESIAN_POINT('Ctrl Pts',(5.65977694799951,8.79984579549989,-7.76091303391842));
#4794=CARTESIAN_POINT('Ctrl Pts',(5.67997742791452,8.79983947201177,-7.78404961599347));
#4795=CARTESIAN_POINT('Ctrl Pts',(5.70158247555642,8.79982833000368,-7.80580388911074));
#4796=CARTESIAN_POINT('Ctrl Pts',(5.71858902922651,8.7998195594996,-7.82292790658362));
#4797=CARTESIAN_POINT('Ctrl Pts',(5.73646711620034,8.79980755446189,-7.83919560703915));
#4798=CARTESIAN_POINT('Ctrl Pts',(5.75514173932814,8.79978941879668,-7.85452292321556));
#4799=CARTESIAN_POINT('',(8.20056970723542,8.8,-9.86192571205886));
#4800=CARTESIAN_POINT('',(5.30554852706067,8.8,-7.48546086945854));
#4801=CARTESIAN_POINT('Origin',(9.42820323027551,8.8,-9.));
#4802=CARTESIAN_POINT('Origin',(2.5,8.8,-5.));
#4803=CARTESIAN_POINT('',(7.06514738652364,8.8,0.940896056652188));
#4804=CARTESIAN_POINT('Origin',(8.44515860381915,8.8,0.353044850870866));
#4805=CARTESIAN_POINT('',(5.0903884534554,8.79999999997712,-1.5312384016456));
#4806=CARTESIAN_POINT('',(3.55923073856672,8.8,-3.44804337701725));
#4807=CARTESIAN_POINT('',(5.08328806617,8.8,-2.28170590862879));
#4808=CARTESIAN_POINT('Ctrl Pts',(5.09038845347536,8.8,-1.53123840162061));
#4809=CARTESIAN_POINT('Ctrl Pts',(5.03336205304894,8.8,-1.60262783916974));
#4810=CARTESIAN_POINT('Ctrl Pts',(4.98949616689688,8.80000000000333,-1.68450691206444));
#4811=CARTESIAN_POINT('Ctrl Pts',(4.94353033962087,8.80000000000333,-1.84510188203136));
#4812=CARTESIAN_POINT('Ctrl Pts',(4.93591178419478,8.80000000001125,-1.9213632595218));
#4813=CARTESIAN_POINT('Ctrl Pts',(4.95104903660401,8.80000000001125,-2.05123114509338));
#4814=CARTESIAN_POINT('Ctrl Pts',(4.96603592563062,8.79999999999993,-2.10447471020432));
#4815=CARTESIAN_POINT('Ctrl Pts',(5.01341255958633,8.79999999999993,-2.20180695607313));
#4816=CARTESIAN_POINT('Ctrl Pts',(5.04472050824888,8.8,-2.24505383612669));
#4817=CARTESIAN_POINT('Ctrl Pts',(5.08328806617,8.8,-2.28170590862879));
#4818=CARTESIAN_POINT('',(4.28697139499268,8.8,-1.7031479812588));
#4819=CARTESIAN_POINT('Origin',(2.5,8.8,-5.));
#4820=CARTESIAN_POINT('',(4.99851426745648,8.79999999999987,-1.46448789825225));
#4821=CARTESIAN_POINT('Ctrl Pts',(4.28697139499268,8.8,-1.7031479812588));
#4822=CARTESIAN_POINT('Ctrl Pts',(4.30839098849926,8.8,-1.71475790511072));
#4823=CARTESIAN_POINT('Ctrl Pts',(4.33067234564277,8.79995426639459,-1.72442259071455));
#4824=CARTESIAN_POINT('Ctrl Pts',(4.35358522479121,8.79991132585431,-1.73219734786935));
#4825=CARTESIAN_POINT('Ctrl Pts',(4.37773115805894,8.79986607447348,-1.74039050274161));
#4826=CARTESIAN_POINT('Ctrl Pts',(4.4025791315301,8.79982379068771,-1.74648524834313));
#4827=CARTESIAN_POINT('Ctrl Pts',(4.42788915171276,8.79980024666438,-1.75051890799629));
#4828=CARTESIAN_POINT('Ctrl Pts',(4.4348378768264,8.79979378278387,-1.75162632679444));
#4829=CARTESIAN_POINT('Ctrl Pts',(4.44182155499814,8.79978851074392,-1.75257822006628));
#4830=CARTESIAN_POINT('Ctrl Pts',(4.44883546216387,8.79978427560465,-1.75337496227823));
#4831=CARTESIAN_POINT('Ctrl Pts',(4.47361810451962,8.79976931134303,-1.75619013744692));
#4832=CARTESIAN_POINT('Ctrl Pts',(4.49850700381195,8.79976933590609,-1.75704010850982));
#4833=CARTESIAN_POINT('Ctrl Pts',(4.52329578416806,8.79979093712901,-1.75603269598675));
#4834=CARTESIAN_POINT('Ctrl Pts',(4.54973401375305,8.79981397570061,-1.75495825008061));
#4835=CARTESIAN_POINT('Ctrl Pts',(4.57605911023318,8.79986138277565,-1.75177143362554));
#4836=CARTESIAN_POINT('Ctrl Pts',(4.60205644643524,8.79990726005532,-1.74656973022085));
#4837=CARTESIAN_POINT('Ctrl Pts',(4.61229932584297,8.79992533557812,-1.7445202732967));
#4838=CARTESIAN_POINT('Ctrl Pts',(4.62249163294618,8.79994283583166,-1.74215765587292));
#4839=CARTESIAN_POINT('Ctrl Pts',(4.63262120525382,8.79995695758318,-1.73948633667083));
#4840=CARTESIAN_POINT('Ctrl Pts',(4.64283309506369,8.79997119409445,-1.73679330911643));
#4841=CARTESIAN_POINT('Ctrl Pts',(4.65295265459923,8.79998207544116,-1.73379401018687));
#4842=CARTESIAN_POINT('Ctrl Pts',(4.66296870734038,8.7999882038313,-1.73049668396749));
#4843=CARTESIAN_POINT('Ctrl Pts',(4.68703527293971,8.80000292912348,-1.7225738704788));
#4844=CARTESIAN_POINT('Ctrl Pts',(4.71050347154158,8.79999178355267,-1.71293401911502));
#4845=CARTESIAN_POINT('Ctrl Pts',(4.7332786532298,8.79997735188087,-1.70180680553709));
#4846=CARTESIAN_POINT('Ctrl Pts',(4.75751281534846,8.79996199571472,-1.6899667815378));
#4847=CARTESIAN_POINT('Ctrl Pts',(4.78096291521356,8.79994252797535,-1.67644267307));
#4848=CARTESIAN_POINT('Ctrl Pts',(4.803525595818,8.79992432110778,-1.66145739518274));
#4849=CARTESIAN_POINT('Ctrl Pts',(4.81107156464947,8.79991823191752,-1.65644564849136));
#4850=CARTESIAN_POINT('Ctrl Pts',(4.81851831596036,8.79991213902689,-1.65127004710862));
#4851=CARTESIAN_POINT('Ctrl Pts',(4.82586204348452,8.79990586601704,-1.64593772767071));
#4852=CARTESIAN_POINT('Ctrl Pts',(4.84948637695534,8.79988568611848,-1.62878397405446));
#4853=CARTESIAN_POINT('Ctrl Pts',(4.8719728478907,8.79987089244119,-1.61006251259575));
#4854=CARTESIAN_POINT('Ctrl Pts',(4.89320412236401,8.79986025668139,-1.59000938911329));
#4855=CARTESIAN_POINT('Ctrl Pts',(4.91548003401077,8.79984909761293,-1.56896959673067));
#4856=CARTESIAN_POINT('Ctrl Pts',(4.93637511315042,8.79984185761364,-1.54646359537314));
#4857=CARTESIAN_POINT('Ctrl Pts',(4.95574950296019,8.79983016789626,-1.52270645566359));
#4858=CARTESIAN_POINT('Ctrl Pts',(4.97101199713761,8.79982095912915,-1.50399137817989));
#4859=CARTESIAN_POINT('Ctrl Pts',(4.9853308409258,8.79980873885369,-1.48449861978828));
#4860=CARTESIAN_POINT('Ctrl Pts',(4.99863020855298,8.79979070394461,-1.4643119433336));
#4861=CARTESIAN_POINT('',(6.73941978304906,8.8,1.17755101312173));
#4862=CARTESIAN_POINT('',(4.6785855786011,8.8,-1.95001915612357));
#4863=CARTESIAN_POINT('Origin',(5.7538931446064,8.8,2.30836366114081));
#4864=CARTESIAN_POINT('Origin',(2.5,8.8,-5.));
#4865=CARTESIAN_POINT('',(5.36239321304177,8.8,-11.9239816370757));
#4866=CARTESIAN_POINT('Origin',(4.16329352654208,8.8,-12.8251808058704));
#4867=CARTESIAN_POINT('',(4.20884143711913,8.79999999997712,-8.97772300553947));
#4868=CARTESIAN_POINT('',(3.31441849179121,8.8,-6.6932990395595));
#4869=CARTESIAN_POINT('',(3.56246770499961,8.8,-8.596340136282));
#4870=CARTESIAN_POINT('Ctrl Pts',(4.20884143713078,8.8,-8.97772300556924));
#4871=CARTESIAN_POINT('Ctrl Pts',(4.17552964703309,8.8,-8.89264216987917));
#4872=CARTESIAN_POINT('Ctrl Pts',(4.12655338042851,8.80000000000334,-8.81371382725485));
#4873=CARTESIAN_POINT('Ctrl Pts',(4.01045733085285,8.80000000000334,-8.69360890512415));
#4874=CARTESIAN_POINT('Ctrl Pts',(3.94822249939596,8.80000000001127,-8.64888035122218));
#4875=CARTESIAN_POINT('Ctrl Pts',(3.8281855300827,8.80000000001127,-8.59705560524727));
#4876=CARTESIAN_POINT('Ctrl Pts',(3.77458218116192,8.79999999999992,-8.58341276709805));
#4877=CARTESIAN_POINT('Ctrl Pts',(3.66660134874865,8.79999999999992,-8.57577550860497));
#4878=CARTESIAN_POINT('Ctrl Pts',(3.61349377110603,8.8,-8.5812654922559));
#4879=CARTESIAN_POINT('Ctrl Pts',(3.56246770499961,8.8,-8.596340136282));
#4880=CARTESIAN_POINT('',(4.46167190325155,8.8,-8.19598863327038));
#4881=CARTESIAN_POINT('Origin',(2.5,8.8,-5.));
#4882=CARTESIAN_POINT('',(4.31258616177262,8.79999999999987,-8.93153287820905));
#4883=CARTESIAN_POINT('Ctrl Pts',(4.46167190325155,8.8,-8.19598863327038));
#4884=CARTESIAN_POINT('Ctrl Pts',(4.44091028723635,8.8,-8.20873194480132));
#4885=CARTESIAN_POINT('Ctrl Pts',(4.42140330884189,8.7999538258307,-8.22319400595867));
#4886=CARTESIAN_POINT('Ctrl Pts',(4.40321765971843,8.79991017408383,-8.23914774394576));
#4887=CARTESIAN_POINT('Ctrl Pts',(4.3840533565929,8.79986417323429,-8.25596002646007));
#4888=CARTESIAN_POINT('Ctrl Pts',(4.36635571465283,8.79982083907334,-8.27442927364598));
#4889=CARTESIAN_POINT('Ctrl Pts',(4.35021183509204,8.79979614238711,-8.29432894945029));
#4890=CARTESIAN_POINT('Ctrl Pts',(4.34577523642527,8.79978935533913,-8.29979770154361));
#4891=CARTESIAN_POINT('Ctrl Pts',(4.3414560699382,8.7997837548158,-8.30537468098528));
#4892=CARTESIAN_POINT('Ctrl Pts',(4.33725636788137,8.7997791895007,-8.31105559595331));
#4893=CARTESIAN_POINT('Ctrl Pts',(4.32243229273041,8.79976307488754,-8.33110804473955));
#4894=CARTESIAN_POINT('Ctrl Pts',(4.30925658388641,8.79976191493981,-8.35223481913385));
#4895=CARTESIAN_POINT('Ctrl Pts',(4.29773860929101,8.79978245822874,-8.37420328837492));
#4896=CARTESIAN_POINT('Ctrl Pts',(4.28545431278459,8.79980436831809,-8.39763337911824));
#4897=CARTESIAN_POINT('Ctrl Pts',(4.27505493923317,8.79985079006952,-8.42202133404219));
#4898=CARTESIAN_POINT('Ctrl Pts',(4.26656289604745,8.79989601607336,-8.44713253901634));
#4899=CARTESIAN_POINT('Ctrl Pts',(4.26321444702196,8.79991384888052,-8.45703399476566));
#4900=CARTESIAN_POINT('Ctrl Pts',(4.26016271957081,8.79993115753733,-8.46704835588649));
#4901=CARTESIAN_POINT('Ctrl Pts',(4.25740991050774,8.79994514383417,-8.47716283000665));
#4902=CARTESIAN_POINT('Ctrl Pts',(4.25463600874724,8.79995923729743,-8.48735480370535));
#4903=CARTESIAN_POINT('Ctrl Pts',(4.2521734437169,8.79997003617639,-8.4976199434796));
#4904=CARTESIAN_POINT('Ctrl Pts',(4.25002063958163,8.79997615087679,-8.5079444363247));
#4905=CARTESIAN_POINT('Ctrl Pts',(4.24484692982115,8.79999084598286,-8.53275669329202));
#4906=CARTESIAN_POINT('Ctrl Pts',(4.24145953542835,8.79998005670405,-8.55790927103804));
#4907=CARTESIAN_POINT('Ctrl Pts',(4.23970718859747,8.79996621600585,-8.58320526492886));
#4908=CARTESIAN_POINT('Ctrl Pts',(4.23784260989923,8.7999514888579,-8.61012138137821));
#4909=CARTESIAN_POINT('Ctrl Pts',(4.237828978656,8.79993291562348,-8.6372004118029));
#4910=CARTESIAN_POINT('Ctrl Pts',(4.23952527679488,8.79991569045355,-8.66424130578178));
#4911=CARTESIAN_POINT('Ctrl Pts',(4.24009099661231,8.79990994581482,-8.67325951387519));
#4912=CARTESIAN_POINT('Ctrl Pts',(4.24084724025726,8.79990420718801,-8.68227372564647));
#4913=CARTESIAN_POINT('Ctrl Pts',(4.24178977855217,8.79989829342649,-8.69127713116668));
#4914=CARTESIAN_POINT('Ctrl Pts',(4.24483031533912,8.79987921620749,-8.72032124092829));
#4915=CARTESIAN_POINT('Ctrl Pts',(4.24979850324042,8.79986556651454,-8.74916368737234));
#4916=CARTESIAN_POINT('Ctrl Pts',(4.25654895185351,8.79985593124771,-8.77758474699398));
#4917=CARTESIAN_POINT('Ctrl Pts',(4.2636305750377,8.79984582327817,-8.80740013353672));
#4918=CARTESIAN_POINT('Ctrl Pts',(4.27267340405369,8.79983947546595,-8.83675271178356));
#4919=CARTESIAN_POINT('Ctrl Pts',(4.28356157454501,8.79982831752529,-8.86541383057457));
#4920=CARTESIAN_POINT('Ctrl Pts',(4.29213442613976,8.7998195322689,-8.88798029554044));
#4921=CARTESIAN_POINT('Ctrl Pts',(4.30185231497467,8.79980751586866,-8.91011877828316));
#4922=CARTESIAN_POINT('Ctrl Pts',(4.3126808898242,8.79978937168883,-8.93172189647803));
#4923=CARTESIAN_POINT('',(5.73020621901319,8.8,-11.7602207359877));
#4924=CARTESIAN_POINT('',(4.05206810255234,8.8,-8.41170087732519));
#4925=CARTESIAN_POINT('Origin',(7.20228201833979,8.8,-11.4721359549996));
#4926=CARTESIAN_POINT('Origin',(2.5,8.8,-5.));
#4927=CARTESIAN_POINT('',(4.25408953948269,8.8,2.28409133002233));
#4928=CARTESIAN_POINT('Origin',(5.7538931446064,8.8,2.30836366114081));
#4929=CARTESIAN_POINT('',(3.45556515703911,8.79999999997712,-0.777522694357481));
#4930=CARTESIAN_POINT('',(2.83641780278178,8.8,-3.15138912176843));
#4931=CARTESIAN_POINT('',(3.75432126501483,8.8,-1.46599686415934));
#4932=CARTESIAN_POINT('Ctrl Pts',(3.45556515704718,8.8,-0.777522694326543));
#4933=CARTESIAN_POINT('Ctrl Pts',(3.43250578602868,8.8,-0.865934388766708));
#4934=CARTESIAN_POINT('Ctrl Pts',(3.4257354667442,8.80000000000335,-0.958575930161859));
#4935=CARTESIAN_POINT('Ctrl Pts',(3.4490629009038,8.80000000000335,-1.12398187789887));
#4936=CARTESIAN_POINT('Ctrl Pts',(3.47312091380768,8.8000000000113,-1.19674858579861));
#4937=CARTESIAN_POINT('Ctrl Pts',(3.53977028285598,8.8000000000113,-1.3092311923949));
#4938=CARTESIAN_POINT('Ctrl Pts',(3.57511667550169,8.79999999999992,-1.35177548936091));
#4939=CARTESIAN_POINT('Ctrl Pts',(3.65798587301629,8.79999999999992,-1.42142466235432));
#4940=CARTESIAN_POINT('Ctrl Pts',(3.70417860779665,8.8,-1.44819976585027));
#4941=CARTESIAN_POINT('Ctrl Pts',(3.75432126501483,8.8,-1.46599686415934));
#4942=CARTESIAN_POINT('',(2.79152907801236,8.8,-1.26134906728734));
#4943=CARTESIAN_POINT('Origin',(2.5,8.8,-5.));
#4944=CARTESIAN_POINT('',(3.34448403607135,8.79999999999986,-0.753911673185663));
#4945=CARTESIAN_POINT('Ctrl Pts',(2.79152907801236,8.8,-1.26134906728734));
#4946=CARTESIAN_POINT('Ctrl Pts',(2.81581977482822,8.8,-1.26324318486463));
#4947=CARTESIAN_POINT('Ctrl Pts',(2.84010673264993,8.79995437237546,-1.2630098207069));
#4948=CARTESIAN_POINT('Ctrl Pts',(2.8642020122379,8.7999116026031,-1.26079307054014));
#4949=CARTESIAN_POINT('Ctrl Pts',(2.88959395532609,8.79986653121798,-1.25845702816846));
#4950=CARTESIAN_POINT('Ctrl Pts',(2.91477385682883,8.79982449945227,-1.25391846610325));
#4951=CARTESIAN_POINT('Ctrl Pts',(2.93953754653177,8.79980123123061,-1.24730900634723));
#4952=CARTESIAN_POINT('Ctrl Pts',(2.94633407750576,8.79979484513908,-1.24549500372921));
#4953=CARTESIAN_POINT('Ctrl Pts',(2.95309930258931,8.79978965189322,-1.24352480070202));
#4954=CARTESIAN_POINT('Ctrl Pts',(2.95982906036277,8.79978549572419,-1.24140065683094));
#4955=CARTESIAN_POINT('Ctrl Pts',(2.983615524976,8.79977080566091,-1.23389282746715));
#4956=CARTESIAN_POINT('Ctrl Pts',(3.00669971074014,8.79977111243477,-1.22454635614521));
#4957=CARTESIAN_POINT('Ctrl Pts',(3.02893685033871,8.79979296462754,-1.21354361915531));
#4958=CARTESIAN_POINT('Ctrl Pts',(3.05265370724808,8.79981627092224,-1.20180873132749));
#4959=CARTESIAN_POINT('Ctrl Pts',(3.0754078962803,8.7998639104068,-1.18818989533911));
#4960=CARTESIAN_POINT('Ctrl Pts',(3.09704290038743,8.79990993813453,-1.1728633941018));
#4961=CARTESIAN_POINT('Ctrl Pts',(3.10556354731704,8.79992806551806,-1.16682726371501));
#4962=CARTESIAN_POINT('Ctrl Pts',(3.11391072622813,8.79994560534838,-1.16052578921387));
#4963=CARTESIAN_POINT('Ctrl Pts',(3.12207514549122,8.79995975508288,-1.15396797575524));
#4964=CARTESIAN_POINT('Ctrl Pts',(3.13031099549322,8.79997402861382,-1.14735278779808));
#4965=CARTESIAN_POINT('Ctrl Pts',(3.1383377983983,8.79998493095626,-1.14049520781713));
#4966=CARTESIAN_POINT('Ctrl Pts',(3.14614868802885,8.79999106109603,-1.13340731763163));
#4967=CARTESIAN_POINT('Ctrl Pts',(3.1649105008848,8.80000578573568,-1.11638215462283));
#4968=CARTESIAN_POINT('Ctrl Pts',(3.18242733103686,8.79999454651449,-1.09803179504161));
#4969=CARTESIAN_POINT('Ctrl Pts',(3.19870620164189,8.79997996254859,-1.07860457812305));
#4970=CARTESIAN_POINT('Ctrl Pts',(3.21602786074769,8.79996444436604,-1.05793289659166));
#4971=CARTESIAN_POINT('Ctrl Pts',(3.23194839202781,8.79994474829577,-1.03604168507855));
#4972=CARTESIAN_POINT('Ctrl Pts',(3.24646411986484,8.79992628755514,-1.01317665353216));
#4973=CARTESIAN_POINT('Ctrl Pts',(3.25131788574234,8.79992011465676,-1.005531049319));
#4974=CARTESIAN_POINT('Ctrl Pts',(3.25601445017427,8.79991393519075,-0.997776163043729));
#4975=CARTESIAN_POINT('Ctrl Pts',(3.26055324187293,8.79990757435001,-0.989920058949675));
#4976=CARTESIAN_POINT('Ctrl Pts',(3.27515709373016,8.79988710793913,-0.964642542821698));
#4977=CARTESIAN_POINT('Ctrl Pts',(3.28808408703137,8.79987201340473,-0.938395742794243));
#4978=CARTESIAN_POINT('Ctrl Pts',(3.29932312959246,8.79986110979769,-0.911443054525524));
#4979=CARTESIAN_POINT('Ctrl Pts',(3.31111560701687,8.79984966927335,-0.883163157353813));
#4980=CARTESIAN_POINT('Ctrl Pts',(3.3210505309983,8.79984218450245,-0.854105511026732));
#4981=CARTESIAN_POINT('Ctrl Pts',(3.3290877126625,8.79983033521158,-0.824523542786068));
#4982=CARTESIAN_POINT('Ctrl Pts',(3.33542236445626,8.79982099597615,-0.801207973223494));
#4983=CARTESIAN_POINT('Ctrl Pts',(3.34057765987627,8.79980869466025,-0.777565522084956));
#4984=CARTESIAN_POINT('Ctrl Pts',(3.34451839121362,8.79979064643699,-0.753703742656117));
#4985=CARTESIAN_POINT('',(3.86026632433801,8.8,2.36780103853932));
#4986=CARTESIAN_POINT('',(3.24969798953292,8.8,-1.32759326928618));
#4987=CARTESIAN_POINT('Origin',(2.5,8.8,3.));
#4988=CARTESIAN_POINT('Origin',(2.5,8.8,-5.));
#4989=CARTESIAN_POINT('',(2.29868926997867,8.8,-12.4896121799869));
#4990=CARTESIAN_POINT('Origin',(0.836706473457927,8.8,-12.8251808058704));
#4991=CARTESIAN_POINT('',(2.44321863035313,8.79999999997712,-9.32887921315371));
#4992=CARTESIAN_POINT('',(2.55528154672209,8.8,-6.87815948943018));
#4993=CARTESIAN_POINT('',(2.00784923140424,8.8,-8.71756474334619));
#4994=CARTESIAN_POINT('Ctrl Pts',(2.44321863035167,8.8,-9.32887921318565));
#4995=CARTESIAN_POINT('Ctrl Pts',(2.44739227390873,8.8,-9.23760521357449));
#4996=CARTESIAN_POINT('Ctrl Pts',(2.4347533859616,8.80000000000336,-9.14558048360068));
#4997=CARTESIAN_POINT('Ctrl Pts',(2.37754588194173,8.80000000000336,-8.98863909895314));
#4998=CARTESIAN_POINT('Ctrl Pts',(2.33888454506668,8.8000000000113,-8.92246446034827));
#4999=CARTESIAN_POINT('Ctrl Pts',(2.25030517571657,8.8000000000113,-8.8262970515926));
#5000=CARTESIAN_POINT('Ctrl Pts',(2.20688572983871,8.79999999999992,-8.79203137784969));
#5001=CARTESIAN_POINT('Ctrl Pts',(2.11134654579398,8.79999999999992,-8.74113368136513));
#5002=CARTESIAN_POINT('Ctrl Pts',(2.06059637605765,8.8,-8.72454768771289));
#5003=CARTESIAN_POINT('Ctrl Pts',(2.00784923140424,8.8,-8.71756474334619));
#5004=CARTESIAN_POINT('',(2.99215076859576,8.8,-8.71756474334619));
#5005=CARTESIAN_POINT('Origin',(2.5,8.8,-5.));
#5006=CARTESIAN_POINT('',(2.55678136964833,8.79999999999986,-9.32887921318546));
#5007=CARTESIAN_POINT('Ctrl Pts',(2.99215076859576,8.8,-8.71756474334619));
#5008=CARTESIAN_POINT('Ctrl Pts',(2.96799163920902,8.8,-8.72076305592906));
#5009=CARTESIAN_POINT('Ctrl Pts',(2.94427978222874,8.79995386629466,-8.72604330971569));
#5010=CARTESIAN_POINT('Ctrl Pts',(2.92116872501912,8.79991038784062,-8.7332249909477));
#5011=CARTESIAN_POINT('Ctrl Pts',(2.89681422437824,8.79986457011679,-8.74079306793272));
#5012=CARTESIAN_POINT('Ctrl Pts',(2.87312609286628,8.79982156693248,-8.75047277697126));
#5013=CARTESIAN_POINT('Ctrl Pts',(2.85027630422597,8.79979747040368,-8.76209237134367));
#5014=CARTESIAN_POINT('Ctrl Pts',(2.84401619765954,8.79979086873044,-8.76527576617393));
#5015=CARTESIAN_POINT('Ctrl Pts',(2.83781901465899,8.79978546642763,-8.76860497823213));
#5016=CARTESIAN_POINT('Ctrl Pts',(2.83168832954149,8.79978111644544,-8.7720769370743));
#5017=CARTESIAN_POINT('Ctrl Pts',(2.80998785064219,8.79976571903148,-8.78436645580669));
#5018=CARTESIAN_POINT('Ctrl Pts',(2.78935639922308,8.79976555556838,-8.79830791941145));
#5019=CARTESIAN_POINT('Ctrl Pts',(2.7698972262231,8.79978752224454,-8.8136924998274));
#5020=CARTESIAN_POINT('Ctrl Pts',(2.74914724705588,8.79981094605977,-8.830097602096));
#5021=CARTESIAN_POINT('Ctrl Pts',(2.72972937534681,8.79985935828005,-8.84814373111149));
#5022=CARTESIAN_POINT('Ctrl Pts',(2.71175951604995,8.79990724657938,-8.86762564650677));
#5023=CARTESIAN_POINT('Ctrl Pts',(2.70467273044791,8.79992613232047,-8.87530874269816));
#5024=CARTESIAN_POINT('Ctrl Pts',(2.69781112783,8.79994459835678,-8.8832156344777));
#5025=CARTESIAN_POINT('Ctrl Pts',(2.6911819219349,8.7999598571462,-8.89133552260264));
#5026=CARTESIAN_POINT('Ctrl Pts',(2.68450163973089,8.79997523350063,-8.89951797235574));
#5027=CARTESIAN_POINT('Ctrl Pts',(2.67807608358828,8.79998742837145,-8.9078938680693));
#5028=CARTESIAN_POINT('Ctrl Pts',(2.67190943555211,8.79999506128766,-8.91644994357814));
#5029=CARTESIAN_POINT('Ctrl Pts',(2.65709544749738,8.80001339765596,-8.93700399492662));
#5030=CARTESIAN_POINT('Ctrl Pts',(2.64377411228618,8.80000697808055,-8.95859447818215));
#5031=CARTESIAN_POINT('Ctrl Pts',(2.63188730720256,8.79999836833291,-8.98098011149205));
#5032=CARTESIAN_POINT('Ctrl Pts',(2.61924012739873,8.79998920783724,-9.00479770818864));
#5033=CARTESIAN_POINT('Ctrl Pts',(2.6082164326575,8.79997717871089,-9.0295158288926));
#5034=CARTESIAN_POINT('Ctrl Pts',(2.59876914756337,8.7999675955868,-9.05489364990097));
#5035=CARTESIAN_POINT('Ctrl Pts',(2.59561185425289,8.79996439289595,-9.06337494624228));
#5036=CARTESIAN_POINT('Ctrl Pts',(2.59263084098497,8.79996131851149,-9.0719302879863));
#5037=CARTESIAN_POINT('Ctrl Pts',(2.58982500625017,8.79995819307651,-9.08055169169259));
#5038=CARTESIAN_POINT('Ctrl Pts',(2.58079218039062,8.79994813136135,-9.10830658309003));
#5039=CARTESIAN_POINT('Ctrl Pts',(2.57360109174115,8.7999447697346,-9.13666022931283));
#5040=CARTESIAN_POINT('Ctrl Pts',(2.56820829195479,8.79994669564891,-9.16535303598496));
#5041=CARTESIAN_POINT('Ctrl Pts',(2.56254992574218,8.79994871640416,-9.1954588092846));
#5042=CARTESIAN_POINT('Ctrl Pts',(2.55887073842028,8.79995590253625,-9.2259387385911));
#5043=CARTESIAN_POINT('Ctrl Pts',(2.55715788657982,8.7999595504417,-9.25653696377622));
#5044=CARTESIAN_POINT('Ctrl Pts',(2.55580806561125,8.79996242519079,-9.28065003939704));
#5045=CARTESIAN_POINT('Ctrl Pts',(2.55568009220575,8.79996284971038,-9.30483762681255));
#5046=CARTESIAN_POINT('Ctrl Pts',(2.55678631751661,8.79995779314235,-9.32898741881476));
#5047=CARTESIAN_POINT('',(2.70131073002134,8.8,-12.4896121799869));
#5048=CARTESIAN_POINT('',(2.53022100301665,8.8,-8.74802680917287));
#5049=CARTESIAN_POINT('Origin',(4.16329352654208,8.8,-12.8251808058704));
#5050=CARTESIAN_POINT('Origin',(2.5,8.8,-5.));
#5051=CARTESIAN_POINT('',(1.13973367566199,8.8,2.36780103853932));
#5052=CARTESIAN_POINT('Origin',(2.5,8.8,3.));
#5053=CARTESIAN_POINT('',(1.65551596393383,8.79999999997712,-0.753911673217022));
#5054=CARTESIAN_POINT('',(2.05543517263609,8.8,-3.17437648146845));
#5055=CARTESIAN_POINT('',(2.20847092198764,8.8,-1.26134906728734));
#5056=CARTESIAN_POINT('Ctrl Pts',(1.65551596392862,8.8,-0.753911673185476));
#5057=CARTESIAN_POINT('Ctrl Pts',(1.67041046032524,8.8,-0.844058891874073));
#5058=CARTESIAN_POINT('Ctrl Pts',(1.70190618913114,8.80000000000335,-0.931444912133719));
#5059=CARTESIAN_POINT('Ctrl Pts',(1.79049356094122,8.80000000000335,-1.07306266811488));
#5060=CARTESIAN_POINT('Ctrl Pts',(1.84206855797232,8.8000000000113,-1.1297530925458));
#5061=CARTESIAN_POINT('Ctrl Pts',(1.94870665173914,8.8000000000113,-1.2054023344418));
#5062=CARTESIAN_POINT('Ctrl Pts',(1.99830156056284,8.79999999999992,-1.22989181029465));
#5063=CARTESIAN_POINT('Ctrl Pts',(2.10233518466874,8.79999999999992,-1.25981348708006));
#5064=CARTESIAN_POINT('Ctrl Pts',(2.15542467880828,8.8,-1.26548545836648));
#5065=CARTESIAN_POINT('Ctrl Pts',(2.20847092198764,8.8,-1.26134906728734));
#5066=CARTESIAN_POINT('',(1.24567873498516,8.8,-1.46599686415935));
#5067=CARTESIAN_POINT('Origin',(2.5,8.8,-5.));
#5068=CARTESIAN_POINT('',(1.54443484295287,8.79999999999987,-0.777522694326727));
#5069=CARTESIAN_POINT('Ctrl Pts',(1.24567873498516,8.8,-1.46599686415934));
#5070=CARTESIAN_POINT('Ctrl Pts',(1.26864966678831,8.8,-1.45784380737632));
#5071=CARTESIAN_POINT('Ctrl Pts',(1.29075167486244,8.7999545610391,-1.44774730625897));
#5072=CARTESIAN_POINT('Ctrl Pts',(1.31187130713437,8.7999122043354,-1.43591564244716));
#5073=CARTESIAN_POINT('Ctrl Pts',(1.33412727526333,8.79986756864121,-1.42344737930138));
#5074=CARTESIAN_POINT('Ctrl Pts',(1.3552930952126,8.79982622222161,-1.4090519470851));
#5075=CARTESIAN_POINT('Ctrl Pts',(1.3752353852784,8.79980394430819,-1.39293285718779));
#5076=CARTESIAN_POINT('Ctrl Pts',(1.38068981082526,8.79979785106515,-1.38852411699607));
#5077=CARTESIAN_POINT('Ctrl Pts',(1.38605266380308,8.79979296522015,-1.38398622589171));
#5078=CARTESIAN_POINT('Ctrl Pts',(1.39132108331281,8.79978913412895,-1.37932290687954));
#5079=CARTESIAN_POINT('Ctrl Pts',(1.4100011663788,8.79977555033937,-1.36278831119106));
#5080=CARTESIAN_POINT('Ctrl Pts',(1.42729157633447,8.79977725575434,-1.34485952803856));
#5081=CARTESIAN_POINT('Ctrl Pts',(1.44313404741899,8.79980089425693,-1.32576215419689));
#5082=CARTESIAN_POINT('Ctrl Pts',(1.46002749613513,8.79982610092003,-1.30539787491964));
#5083=CARTESIAN_POINT('Ctrl Pts',(1.47527533935547,8.79987607295616,-1.28370453633001));
#5084=CARTESIAN_POINT('Ctrl Pts',(1.48880613212715,8.79992499928949,-1.26090683136315));
#5085=CARTESIAN_POINT('Ctrl Pts',(1.49413475903025,8.79994426720531,-1.25192875697644));
#5086=CARTESIAN_POINT('Ctrl Pts',(1.49919701056171,8.79996303553511,-1.24277892287736));
#5087=CARTESIAN_POINT('Ctrl Pts',(1.50398805287802,8.79997851049031,-1.2334693317293));
#5088=CARTESIAN_POINT('Ctrl Pts',(1.50882166153397,8.79999412293379,-1.22407702888875));
#5089=CARTESIAN_POINT('Ctrl Pts',(1.51336564363708,8.80000645802813,-1.21454835815222));
#5090=CARTESIAN_POINT('Ctrl Pts',(1.51761863164205,8.80001412126535,-1.20489714972466));
#5091=CARTESIAN_POINT('Ctrl Pts',(1.52782988314097,8.80003252038675,-1.18172499019656));
#5092=CARTESIAN_POINT('Ctrl Pts',(1.53636583050287,8.80002555965511,-1.15784943699687));
#5093=CARTESIAN_POINT('Ctrl Pts',(1.54333400087863,8.80001604191526,-1.13349436435098));
#5094=CARTESIAN_POINT('Ctrl Pts',(1.5507480586099,8.80000591514325,-1.10758083111217));
#5095=CARTESIAN_POINT('Ctrl Pts',(1.55638762802452,8.79999250480066,-1.08112397236332));
#5096=CARTESIAN_POINT('Ctrl Pts',(1.56034939391964,8.79998140465596,-1.05434954695645));
#5097=CARTESIAN_POINT('Ctrl Pts',(1.56167825405778,8.79997768143248,-1.0453688379527));
#5098=CARTESIAN_POINT('Ctrl Pts',(1.56281806574539,8.79997407217664,-1.03635208690768));
#5099=CARTESIAN_POINT('Ctrl Pts',(1.563771616508,8.79997040554709,-1.02730695630407));
#5100=CARTESIAN_POINT('Ctrl Pts',(1.5668304115547,8.79995864375239,-0.998292034632296));
#5101=CARTESIAN_POINT('Ctrl Pts',(1.56796484412334,8.79995352029212,-0.969074486581379));
#5102=CARTESIAN_POINT('Ctrl Pts',(1.56727198541644,8.79995391867725,-0.939899192231089));
#5103=CARTESIAN_POINT('Ctrl Pts',(1.56654484098991,8.79995433677624,-0.909280175008795));
#5104=CARTESIAN_POINT('Ctrl Pts',(1.56380549440885,8.79996018040201,-0.87870682455912));
#5105=CARTESIAN_POINT('Ctrl Pts',(1.55912043541559,8.79996307039649,-0.848426909913754));
#5106=CARTESIAN_POINT('Ctrl Pts',(1.55542429950488,8.79996535037042,-0.824538485017755));
#5107=CARTESIAN_POINT('Ctrl Pts',(1.55051626670772,8.79996553740706,-0.800831812041076));
#5108=CARTESIAN_POINT('Ctrl Pts',(1.5444079948063,8.79996075141724,-0.777419756127376));
#5109=CARTESIAN_POINT('',(0.745910460517302,8.8,2.28409133002233));
#5110=CARTESIAN_POINT('',(1.69118080728207,8.8,-1.34015986895698));
#5111=CARTESIAN_POINT('Origin',(-0.753893144606408,8.8,2.3083636611408));
#5112=CARTESIAN_POINT('Origin',(2.5,8.8,-5.));
#5113=CARTESIAN_POINT('',(-0.730206219013185,8.8,-11.7602207359877));
#5114=CARTESIAN_POINT('Origin',(-2.20228201833978,8.8,-11.4721359549996));
#5115=CARTESIAN_POINT('',(0.687413838241621,8.79999999997712,-8.93153287818064));
#5116=CARTESIAN_POINT('',(1.78658592000763,8.8,-6.73826910103506));
#5117=CARTESIAN_POINT('',(0.538328096748455,8.8,-8.19598863327038));
#5118=CARTESIAN_POINT('Ctrl Pts',(0.687413838227296,8.8,-8.93153287820922));
#5119=CARTESIAN_POINT('Ctrl Pts',(0.728351230232207,8.8,-8.84984730731033));
#5120=CARTESIAN_POINT('Ctrl Pts',(0.754234887003212,8.80000000000335,-8.76063760201971));
#5121=CARTESIAN_POINT('Ctrl Pts',(0.765806896516948,8.80000000000335,-8.59399574572869));
#5122=CARTESIAN_POINT('Ctrl Pts',(0.757403528405458,8.80000000001128,-8.51781708282766));
#5123=CARTESIAN_POINT('Ctrl Pts',(0.715596634683985,8.80000000001128,-8.39393491537698));
#5124=CARTESIAN_POINT('Ctrl Pts',(0.689867773002009,8.79999999999992,-8.34497114902315));
#5125=CARTESIAN_POINT('Ctrl Pts',(0.623290173006598,8.79999999999992,-8.25961510722062));
#5126=CARTESIAN_POINT('Ctrl Pts',(0.583674172414888,8.8,-8.22382168675234));
#5127=CARTESIAN_POINT('Ctrl Pts',(0.538328096748455,8.8,-8.19598863327038));
#5128=CARTESIAN_POINT('',(1.43753229500039,8.8,-8.59634013628201));
#5129=CARTESIAN_POINT('Origin',(2.5,8.8,-5.));
#5130=CARTESIAN_POINT('',(0.791158562869288,8.79999999999986,-8.97772300556906));
#5131=CARTESIAN_POINT('Ctrl Pts',(1.43753229500039,8.8,-8.596340136282));
#5132=CARTESIAN_POINT('Ctrl Pts',(1.41416001869068,8.8,-8.58943525859236));
#5133=CARTESIAN_POINT('Ctrl Pts',(1.39034931855646,8.79995400223727,-8.58461408556327));
#5134=CARTESIAN_POINT('Ctrl Pts',(1.36631397507353,8.79991074345262,-8.58177428059569));
#5135=CARTESIAN_POINT('Ctrl Pts',(1.34098543936874,8.79986515718204,-8.57878168339953));
#5136=CARTESIAN_POINT('Ctrl Pts',(1.31540664885032,8.79982247853782,-8.57798915378074));
#5137=CARTESIAN_POINT('Ctrl Pts',(1.28980467656393,8.79979873865359,-8.57930987892751));
#5138=CARTESIAN_POINT('Ctrl Pts',(1.28279254829822,8.79979223653292,-8.57967161254823));
#5139=CARTESIAN_POINT('Ctrl Pts',(1.27577859357585,8.79978693549698,-8.58019206736972));
#5140=CARTESIAN_POINT('Ctrl Pts',(1.26876732494059,8.79978268737811,-8.58086989610981));
#5141=CARTESIAN_POINT('Ctrl Pts',(1.24394271322209,8.79976764617703,-8.58326986623788));
#5142=CARTESIAN_POINT('Ctrl Pts',(1.21942282320705,8.79976784985132,-8.58761393454289));
#5143=CARTESIAN_POINT('Ctrl Pts',(1.19538701071919,8.79979014555767,-8.59375342271294));
#5144=CARTESIAN_POINT('Ctrl Pts',(1.16975678721322,8.79981392024543,-8.60030017265493));
#5145=CARTESIAN_POINT('Ctrl Pts',(1.14467617139014,8.79986264020239,-8.60888818832929));
#5146=CARTESIAN_POINT('Ctrl Pts',(1.12033462535735,8.79991073506016,-8.61937722630611));
#5147=CARTESIAN_POINT('Ctrl Pts',(1.11073660466668,8.79992969915715,-8.62351311822485));
#5148=CARTESIAN_POINT('Ctrl Pts',(1.10125327133904,8.79994822793938,-8.62794501400189));
#5149=CARTESIAN_POINT('Ctrl Pts',(1.09189560824976,8.79996353168,-8.63266599205025));
#5150=CARTESIAN_POINT('Ctrl Pts',(1.08246611498792,8.79997895289337,-8.63742320870484));
#5151=CARTESIAN_POINT('Ctrl Pts',(1.07319062799849,8.79999117456988,-8.64246071637101));
#5152=CARTESIAN_POINT('Ctrl Pts',(1.06407836330097,8.79999881411746,-8.64776810780793));
#5153=CARTESIAN_POINT('Ctrl Pts',(1.04218736116238,8.80001716711288,-8.66051840876521));
#5154=CARTESIAN_POINT('Ctrl Pts',(1.02123838671519,8.80001064598894,-8.67482262119452));
#5155=CARTESIAN_POINT('Ctrl Pts',(1.00127639324198,8.80000186403797,-8.69043663031281));
#5156=CARTESIAN_POINT('Ctrl Pts',(0.980037334045986,8.79999252026292,-8.70704954346676));
#5157=CARTESIAN_POINT('Ctrl Pts',(0.959915015611572,8.79998022792873,-8.7251453801743));
#5158=CARTESIAN_POINT('Ctrl Pts',(0.940964291881913,8.79997035741429,-8.74448492341739));
#5159=CARTESIAN_POINT('Ctrl Pts',(0.934623599179914,8.79996705485446,-8.75095571062587));
#5160=CARTESIAN_POINT('Ctrl Pts',(0.928414110271281,8.79996387819946,-8.75756614824425));
#5161=CARTESIAN_POINT('Ctrl Pts',(0.922338070574092,8.79996064940979,-8.76430846591051));
#5162=CARTESIAN_POINT('Ctrl Pts',(0.90279978116578,8.7999502668201,-8.78598925807306));
#5163=CARTESIAN_POINT('Ctrl Pts',(0.884700258130393,8.79994657453982,-8.80896591567221));
#5164=CARTESIAN_POINT('Ctrl Pts',(0.868105302937084,8.7999482166567,-8.83298354787726));
#5165=CARTESIAN_POINT('Ctrl Pts',(0.850692398687004,8.79994993971191,-8.85818498560509));
#5166=CARTESIAN_POINT('Ctrl Pts',(0.834935189717476,8.7999568800727,-8.88453300987778));
#5167=CARTESIAN_POINT('Ctrl Pts',(0.820925918787405,8.79996039805538,-8.91178854715787));
#5168=CARTESIAN_POINT('Ctrl Pts',(0.809885616161133,8.79996317047614,-8.93326785049319));
#5169=CARTESIAN_POINT('Ctrl Pts',(0.799931089592448,8.79996356442295,-8.95531200879553));
#5170=CARTESIAN_POINT('Ctrl Pts',(0.791119259838945,8.79995858112458,-8.97782338848625));
#5171=CARTESIAN_POINT('',(-0.362393213041769,8.8,-11.9239816370757));
#5172=CARTESIAN_POINT('',(1.00314841751019,8.8,-8.43628485595995));
#5173=CARTESIAN_POINT('Origin',(0.836706473457927,8.8,-12.8251808058704));
#5174=CARTESIAN_POINT('Origin',(2.5,8.8,-5.));
#5175=CARTESIAN_POINT('',(-1.73941978304907,8.8,1.17755101312173));
#5176=CARTESIAN_POINT('Origin',(-0.753893144606408,8.8,2.3083636611408));
#5177=CARTESIAN_POINT('',(0.00148573256100589,8.79999999997712,-1.4644878982788));
#5178=CARTESIAN_POINT('',(1.35132183988628,8.8,-3.51303073279157));
#5179=CARTESIAN_POINT('',(0.713028605007314,8.8,-1.7031479812588));
#5180=CARTESIAN_POINT('Ctrl Pts',(0.00148573254341436,8.8,-1.4644878982521));
#5181=CARTESIAN_POINT('Ctrl Pts',(0.0517590238826845,8.8,-1.54078382053596));
#5182=CARTESIAN_POINT('Ctrl Pts',(0.116075389596703,8.80000000000333,-1.60780481487979));
#5183=CARTESIAN_POINT('Ctrl Pts',(0.25460615471187,8.80000000000333,-1.70114750396576));
#5184=CARTESIAN_POINT('Ctrl Pts',(0.324780815274801,8.80000000001125,-1.73195923246605));
#5185=CARTESIAN_POINT('Ctrl Pts',(0.452970311680711,8.80000000001125,-1.75769419389086));
#5186=CARTESIAN_POINT('Ctrl Pts',(0.508239241259997,8.79999999999992,-1.75989394268869));
#5187=CARTESIAN_POINT('Ctrl Pts',(0.615447790160339,8.79999999999992,-1.74491329872488));
#5188=CARTESIAN_POINT('Ctrl Pts',(0.666252531695768,8.8,-1.72850171400224));
#5189=CARTESIAN_POINT('Ctrl Pts',(0.713028605007314,8.8,-1.7031479812588));
#5190=CARTESIAN_POINT('',(-0.0832880661700041,8.8,-2.28170590862879));
#5191=CARTESIAN_POINT('Origin',(2.5,8.8,-5.));
#5192=CARTESIAN_POINT('',(-0.0903884534752451,8.79999999999987,-1.53123840162076));
#5193=CARTESIAN_POINT('Ctrl Pts',(-0.0832880661700042,8.8,-2.28170590862879));
#5194=CARTESIAN_POINT('Ctrl Pts',(-0.0656192856782993,8.8,-2.2649146607896));
#5195=CARTESIAN_POINT('Ctrl Pts',(-0.0495348048540915,8.79995454716659,
-2.24670142227942));
#5196=CARTESIAN_POINT('Ctrl Pts',(-0.0350535348050365,8.79991216837708,
-2.22730261092391));
#5197=CARTESIAN_POINT('Ctrl Pts',(-0.0197930899810642,8.79986750936743,
-2.20686003307413));
#5198=CARTESIAN_POINT('Ctrl Pts',(-0.00631241155418574,8.79982613050511,
-2.18510030936194));
#5199=CARTESIAN_POINT('Ctrl Pts',(0.005349443964561,8.79980381773409,-2.16226360657998));
#5200=CARTESIAN_POINT('Ctrl Pts',(0.00853940721288867,8.79979771433833,
-2.15601689545666));
#5201=CARTESIAN_POINT('Ctrl Pts',(0.0115931568762681,8.79979281840851,-2.14968942911119));
#5202=CARTESIAN_POINT('Ctrl Pts',(0.014509593699042,8.79978897738372,-2.14328577366737));
#5203=CARTESIAN_POINT('Ctrl Pts',(0.0248492607718476,8.79977535976741,-2.12058284219257));
#5204=CARTESIAN_POINT('Ctrl Pts',(0.0333523411614094,8.79977703058357,-2.09717150287998));
#5205=CARTESIAN_POINT('Ctrl Pts',(0.0400573800211808,8.79980063942246,-2.07328154495726));
#5206=CARTESIAN_POINT('Ctrl Pts',(0.0472072177294292,8.79982581442443,-2.047806775075));
#5207=CARTESIAN_POINT('Ctrl Pts',(0.0523131761804134,8.79987576035063,-2.02178719244258));
#5208=CARTESIAN_POINT('Ctrl Pts',(0.0554013945176876,8.79992467296118,-1.99545712002408));
#5209=CARTESIAN_POINT('Ctrl Pts',(0.0566178387347099,8.79994393955951,-1.9850857470092));
#5210=CARTESIAN_POINT('Ctrl Pts',(0.0575209507961237,8.79996270830273,-1.97466578955471));
#5211=CARTESIAN_POINT('Ctrl Pts',(0.0581111978824417,8.79997818396858,-1.9642101866942));
#5212=CARTESIAN_POINT('Ctrl Pts',(0.0587064260677177,8.79999379023367,-1.95366634893391));
#5213=CARTESIAN_POINT('Ctrl Pts',(0.0589817576319692,8.80000612232763,-1.94311574216083));
#5214=CARTESIAN_POINT('Ctrl Pts',(0.0589415662609123,8.80001378704212,-1.93257154776393));
#5215=CARTESIAN_POINT('Ctrl Pts',(0.0588450446647447,8.80003219423893,-1.90724913534735));
#5216=CARTESIAN_POINT('Ctrl Pts',(0.0569319529370381,8.80002525429758,-1.88196555640013));
#5217=CARTESIAN_POINT('Ctrl Pts',(0.0533915735326566,8.80001576701014,-1.85688160038357));
#5218=CARTESIAN_POINT('Ctrl Pts',(0.0496246322050446,8.80000567259622,-1.83019242959531));
#5219=CARTESIAN_POINT('Ctrl Pts',(0.0440155932722175,8.79999230551402,-1.80372867273487));
#5220=CARTESIAN_POINT('Ctrl Pts',(0.0367446019983834,8.79998125561828,-1.77765725227666));
#5221=CARTESIAN_POINT('Ctrl Pts',(0.0343041876562608,8.79997754686345,-1.76890671661935));
#5222=CARTESIAN_POINT('Ctrl Pts',(0.0316761639738526,8.79997395302321,-1.7602002071592));
#5223=CARTESIAN_POINT('Ctrl Pts',(0.0288662046524414,8.79997030222391,-1.75154360163818));
#5224=CARTESIAN_POINT('Ctrl Pts',(0.0198581652596933,8.79995859865806,-1.72379265060246));
#5225=CARTESIAN_POINT('Ctrl Pts',(0.00900968397703669,8.79995353894701,
-1.6966393753164));
#5226=CARTESIAN_POINT('Ctrl Pts',(-0.00349097123597662,8.79995399861365,
-1.67026801217957));
#5227=CARTESIAN_POINT('Ctrl Pts',(-0.0166101095091171,8.79995448102277,
-1.6425918981241));
#5228=CARTESIAN_POINT('Ctrl Pts',(-0.0315489336736371,8.79996038606457,
-1.61577601901297));
#5229=CARTESIAN_POINT('Ctrl Pts',(-0.0481459443116852,8.79996332933742,
-1.59001968839735));
#5230=CARTESIAN_POINT('Ctrl Pts',(-0.0612351753187092,8.7999656505493,-1.56970696048065));
#5231=CARTESIAN_POINT('Ctrl Pts',(-0.0753569236543764,8.79996587545095,
-1.55005279887851));
#5232=CARTESIAN_POINT('Ctrl Pts',(-0.0904546966141584,8.79996112580726,
-1.53115547405751));
#5233=CARTESIAN_POINT('',(-2.06514738652364,8.8,0.940896056652186));
#5234=CARTESIAN_POINT('',(0.272515811343842,8.8,-1.98554607588892));
#5235=CARTESIAN_POINT('Origin',(-3.44515860381916,8.8,0.353044850870863));
#5236=CARTESIAN_POINT('Origin',(2.5,8.8,-5.));
#5237=CARTESIAN_POINT('',(-3.20056970723542,8.8,-9.86192571205886));
#5238=CARTESIAN_POINT('Origin',(-4.42820323027551,8.8,-9.));
#5239=CARTESIAN_POINT('',(-0.754978339673534,8.79999999997712,-7.85438879171521));
#5240=CARTESIAN_POINT('',(1.14124606888731,8.8,-6.29781619339196));
#5241=CARTESIAN_POINT('',(-0.592002144605374,8.8,-7.12179705385689));
#5242=CARTESIAN_POINT('Ctrl Pts',(-0.754978339698246,8.8,-7.8543887917355));
#5243=CARTESIAN_POINT('Ctrl Pts',(-0.684355331540137,8.8,-7.79641578030617));
#5244=CARTESIAN_POINT('Ctrl Pts',(-0.624424353351154,8.80000000000333,-7.72544610593535));
#5245=CARTESIAN_POINT('Ctrl Pts',(-0.546073409440492,8.80000000000333,-7.57791718074441));
#5246=CARTESIAN_POINT('Ctrl Pts',(-0.52276573211478,8.80000000001124,-7.50490620686286));
#5247=CARTESIAN_POINT('Ctrl Pts',(-0.510571244113296,8.80000000001124,-7.3747288076822));
#5248=CARTESIAN_POINT('Ctrl Pts',(-0.514160761513668,8.79999999999992,-7.31953264329468));
#5249=CARTESIAN_POINT('Ctrl Pts',(-0.540265762266925,8.79999999999992,-7.21447739081228));
#5250=CARTESIAN_POINT('Ctrl Pts',(-0.561897950474037,8.8,-7.16566658070278));
#5251=CARTESIAN_POINT('Ctrl Pts',(-0.592002144605374,8.8,-7.12179705385689));
#5252=CARTESIAN_POINT('',(0.0666241398155407,8.8,-7.85327564793021));
#5253=CARTESIAN_POINT('Origin',(2.5,8.8,-5.));
#5254=CARTESIAN_POINT('',(-0.67899003509276,8.79999999999987,-7.93878235381072));
#5255=CARTESIAN_POINT('Ctrl Pts',(0.0666241398155415,8.8,-7.85327564793021));
#5256=CARTESIAN_POINT('Ctrl Pts',(0.048087873196259,8.8,-7.83746725459743));
#5257=CARTESIAN_POINT('Ctrl Pts',(0.0283045026912798,8.79995400433842,-7.82338289343814));
#5258=CARTESIAN_POINT('Ctrl Pts',(0.00751065382512839,8.79991064082291,
-7.81101602934812));
#5259=CARTESIAN_POINT('Ctrl Pts',(-0.0144022140475596,8.79986494370391,
-7.79798364363885));
#5260=CARTESIAN_POINT('Ctrl Pts',(-0.0374378626977969,8.79982203526797,
-7.78685803818207));
#5261=CARTESIAN_POINT('Ctrl Pts',(-0.0613538690125737,8.79979780590871,
-7.77765227232975));
#5262=CARTESIAN_POINT('Ctrl Pts',(-0.0679239674450114,8.79979114972736,
-7.77512330545293));
#5263=CARTESIAN_POINT('Ctrl Pts',(-0.0745606648227994,8.79978568232288,
-7.77273936833639));
#5264=CARTESIAN_POINT('Ctrl Pts',(-0.0812592553826738,8.79978125089028,
-7.77050107138276));
#5265=CARTESIAN_POINT('Ctrl Pts',(-0.104912746619353,8.79976560299371,-7.76259738822665));
#5266=CARTESIAN_POINT('Ctrl Pts',(-0.129078666868653,8.79976492350991,-7.75659358054525));
#5267=CARTESIAN_POINT('Ctrl Pts',(-0.153532818210814,8.79978589598301,-7.75242684092056));
#5268=CARTESIAN_POINT('Ctrl Pts',(-0.179614053578001,8.79980826388281,-7.74798286266325));
#5269=CARTESIAN_POINT('Ctrl Pts',(-0.206023800814329,8.79985508546724,-7.74562798369684));
#5270=CARTESIAN_POINT('Ctrl Pts',(-0.232531943735579,8.79990057606257,-7.74531120030539));
#5271=CARTESIAN_POINT('Ctrl Pts',(-0.242981778630634,8.7999185090129,-7.74518632040913));
#5272=CARTESIAN_POINT('Ctrl Pts',(-0.25344728461992,8.79993589701631,-7.74537847742392));
#5273=CARTESIAN_POINT('Ctrl Pts',(-0.263915622113723,8.79994993911002,-7.745885819776));
#5274=CARTESIAN_POINT('Ctrl Pts',(-0.274464134070467,8.79996408874873,-7.74639704774035));
#5275=CARTESIAN_POINT('Ctrl Pts',(-0.28498602174493,8.79997491970602,-7.74722694229697));
#5276=CARTESIAN_POINT('Ctrl Pts',(-0.295468640744818,8.7999810395295,-7.74836974903795));
#5277=CARTESIAN_POINT('Ctrl Pts',(-0.320661746661582,8.79999574743419,-7.75111628129944));
#5278=CARTESIAN_POINT('Ctrl Pts',(-0.345626527577932,8.79998481380687,-7.75566681591937));
#5279=CARTESIAN_POINT('Ctrl Pts',(-0.370222536986257,8.79997073390006,-7.76181653230807));
#5280=CARTESIAN_POINT('Ctrl Pts',(-0.396394013534393,8.79995575212213,-7.76836016121847));
#5281=CARTESIAN_POINT('Ctrl Pts',(-0.422148551025321,8.79993681693986,-7.77671433377707));
#5282=CARTESIAN_POINT('Ctrl Pts',(-0.447338591951205,8.79991919550856,-7.78668267766986));
#5283=CARTESIAN_POINT('Ctrl Pts',(-0.455751922709071,8.79991331005048,-7.79001204797636));
#5284=CARTESIAN_POINT('Ctrl Pts',(-0.46410241161246,8.79990742680251,-7.7935218816742));
#5285=CARTESIAN_POINT('Ctrl Pts',(-0.47238486877007,8.79990136634276,-7.79720602075874));
#5286=CARTESIAN_POINT('Ctrl Pts',(-0.499064419748752,8.79988184431663,-7.80907341405134));
#5287=CARTESIAN_POINT('Ctrl Pts',(-0.524956643281172,8.79986773387819,-7.82271139778733));
#5288=CARTESIAN_POINT('Ctrl Pts',(-0.549897575468545,8.79985769565503,-7.83791367129036));
#5289=CARTESIAN_POINT('Ctrl Pts',(-0.576063484212188,8.79984716440347,-7.85386260608509));
#5290=CARTESIAN_POINT('Ctrl Pts',(-0.601183321205643,8.79984045726875,-7.87153334709247));
#5291=CARTESIAN_POINT('Ctrl Pts',(-0.625075485325492,8.79982908542959,-7.89074486770473));
#5292=CARTESIAN_POINT('Ctrl Pts',(-0.643888463315446,8.79982013110637,-7.90587225058302));
#5293=CARTESIAN_POINT('Ctrl Pts',(-0.661940574348277,8.79980803517076,-7.92195615999462));
#5294=CARTESIAN_POINT('Ctrl Pts',(-0.67914031464831,8.79978994022754,-7.9389306433218));
#5295=CARTESIAN_POINT('',(-2.93116336554397,8.8,-10.1611317667157));
#5296=CARTESIAN_POINT('',(-0.265104930914062,8.8,-7.53037803348366));
#5297=CARTESIAN_POINT('Origin',(-2.20228201833978,8.8,-11.4721359549996));
#5298=CARTESIAN_POINT('Origin',(2.5,8.8,-5.));
#5299=CARTESIAN_POINT('',(-3.8855390473513,8.8,-1.08085370375371));
#5300=CARTESIAN_POINT('Origin',(-3.44515860381916,8.8,0.353044850870863));
#5301=CARTESIAN_POINT('',(-1.22052868368207,8.79999999997712,-2.78638628484728));
#5302=CARTESIAN_POINT('',(0.84582539643361,8.8,-4.10879547910674));
#5303=CARTESIAN_POINT('',(-0.473430123653299,8.8,-2.71500256023095));
#5304=CARTESIAN_POINT('Ctrl Pts',(-1.220528683709,8.8,-2.78638628483004));
#5305=CARTESIAN_POINT('Ctrl Pts',(-1.14356955673032,8.8,-2.83563798766167));
#5306=CARTESIAN_POINT('Ctrl Pts',(-1.05755393235826,8.80000000000334,-2.87070484767221));
#5307=CARTESIAN_POINT('Ctrl Pts',(-0.893034221756017,8.80000000000334,-2.89963218926358));
#5308=CARTESIAN_POINT('Ctrl Pts',(-0.8163943498874,8.80000000001126,-2.89923759502437));
#5309=CARTESIAN_POINT('Ctrl Pts',(-0.688820434581795,8.80000000001126,-2.87060860791278));
#5310=CARTESIAN_POINT('Ctrl Pts',(-0.637435264973515,8.79999999999992,-2.85013853631721));
#5311=CARTESIAN_POINT('Ctrl Pts',(-0.545588064230783,8.79999999999992,-2.79284758929959));
#5312=CARTESIAN_POINT('Ctrl Pts',(-0.505850276336026,8.8,-2.75719037931664));
#5313=CARTESIAN_POINT('Ctrl Pts',(-0.473430123653299,8.8,-2.71500256023095));
#5314=CARTESIAN_POINT('',(-0.965580892249055,8.8,-3.56743269642287));
#5315=CARTESIAN_POINT('Origin',(2.5,8.8,-5.));
#5316=CARTESIAN_POINT('',(-1.27731005335717,8.79999999999987,-2.8847345019844));
#5317=CARTESIAN_POINT('Ctrl Pts',(-0.965580892249057,8.8,-3.56743269642287));
#5318=CARTESIAN_POINT('Ctrl Pts',(-0.956273311860845,8.8,-3.54491635623702));
#5319=CARTESIAN_POINT('Ctrl Pts',(-0.948990281694516,8.79995434523678,-3.52174618580404));
#5320=CARTESIAN_POINT('Ctrl Pts',(-0.943652807331811,8.79991153191789,-3.49814543636362));
#5321=CARTESIAN_POINT('Ctrl Pts',(-0.938028097831729,8.79986641460863,-3.47327461721475));
#5322=CARTESIAN_POINT('Ctrl Pts',(-0.934563649943254,8.79982431868242,-3.44792487173175));
#5323=CARTESIAN_POINT('Ctrl Pts',(-0.933197345311783,8.79980098069069,-3.42233103257344));
#5324=CARTESIAN_POINT('Ctrl Pts',(-0.932822309056675,8.79979457465735,-3.41530579283505));
#5325=CARTESIAN_POINT('Ctrl Pts',(-0.932605540401487,8.7997893613473,-3.40826205421482));
#5326=CARTESIAN_POINT('Ctrl Pts',(-0.932546175393349,8.79978518518625,-3.40120447406475));
#5327=CARTESIAN_POINT('Ctrl Pts',(-0.932336374854147,8.7997704263095,-3.37626243889313));
#5328=CARTESIAN_POINT('Ctrl Pts',(-0.934092212027202,8.799770662408,-3.351420147054));
#5329=CARTESIAN_POINT('Ctrl Pts',(-0.937684949009822,8.79979245246421,-3.32687162134958));
#5330=CARTESIAN_POINT('Ctrl Pts',(-0.941516751429979,8.79981569245939,-3.30068960450267));
#5331=CARTESIAN_POINT('Ctrl Pts',(-0.947437709214385,8.79986327527207,-3.2748409569233));
#5332=CARTESIAN_POINT('Ctrl Pts',(-0.95532850850904,8.79990926835798,-3.24952899119964));
#5333=CARTESIAN_POINT('Ctrl Pts',(-0.958436855025563,8.79992738597105,-3.23955809249274));
#5334=CARTESIAN_POINT('Ctrl Pts',(-0.961851279940525,8.79994491922005,-3.22967020690011));
#5335=CARTESIAN_POINT('Ctrl Pts',(-0.965566085065125,8.79995906446033,-3.21987696038019));
#5336=CARTESIAN_POINT('Ctrl Pts',(-0.969311869576314,8.79997332766396,-3.21000204368924));
#5337=CARTESIAN_POINT('Ctrl Pts',(-0.973352650792482,8.79998422454042,-3.2002509881619));
#5338=CARTESIAN_POINT('Ctrl Pts',(-0.977679064279532,8.79999035551484,-3.19063405048559));
#5339=CARTESIAN_POINT('Ctrl Pts',(-0.988073467123103,8.80000508545642,-3.1675289255066));
#5340=CARTESIAN_POINT('Ctrl Pts',(-1.00011293496775,8.79999387568561,-3.14519835284804));
#5341=CARTESIAN_POINT('Ctrl Pts',(-1.01355912270521,8.79997933757988,-3.12371240957568));
#5342=CARTESIAN_POINT('Ctrl Pts',(-1.0278666909671,8.79996386814391,-3.10085004843342));
#5343=CARTESIAN_POINT('Ctrl Pts',(-1.0437671034231,8.79994423936152,-3.07894342048604));
#5344=CARTESIAN_POINT('Ctrl Pts',(-1.06102782161739,8.79992585504588,-3.05807196655984));
#5345=CARTESIAN_POINT('Ctrl Pts',(-1.06680220081095,8.7999197047798,-3.05108965632604));
#5346=CARTESIAN_POINT('Ctrl Pts',(-1.07272924080198,8.79991354897268,-3.04422319957954));
#5347=CARTESIAN_POINT('Ctrl Pts',(-1.07880143840709,8.79990721217986,-3.03747563657261));
#5348=CARTESIAN_POINT('Ctrl Pts',(-1.09832994276866,8.79988683272347,-3.01577512183638));
#5349=CARTESIAN_POINT('Ctrl Pts',(-1.11929849676612,8.79987183141604,-2.99536996617246));
#5350=CARTESIAN_POINT('Ctrl Pts',(-1.14146003864802,8.79986101377832,-2.97635213507353));
#5351=CARTESIAN_POINT('Ctrl Pts',(-1.16471259281313,8.79984966358851,-2.95639805651313));
#5352=CARTESIAN_POINT('Ctrl Pts',(-1.18927886266073,8.79984226101907,-2.93797037444615));
#5353=CARTESIAN_POINT('Ctrl Pts',(-1.21493026766668,8.79983047343232,-2.92118564842765));
#5354=CARTESIAN_POINT('Ctrl Pts',(-1.23514138985156,8.79982118581801,-2.90796071403045));
#5355=CARTESIAN_POINT('Ctrl Pts',(-1.25602742782696,8.79980892554492,-2.89575582111814));
#5356=CARTESIAN_POINT('Ctrl Pts',(-1.27749706836515,8.79979090529957,-2.88463763760856));
#5357=CARTESIAN_POINT('',(-4.08684977737263,8.8,-1.42953411625945));
#5358=CARTESIAN_POINT('',(-0.760996932317162,8.8,-3.15215875175383));
#5359=CARTESIAN_POINT('Origin',(-5.10845213036123,8.8,-2.52786404500042));
#5360=CARTESIAN_POINT('Origin',(2.5,8.8,-5.));
#5361=CARTESIAN_POINT('',(-4.68525290502666,8.8,-7.12295956330661));
#5362=CARTESIAN_POINT('Origin',(-5.45617516294619,8.8,-5.83622770614123));
#5363=CARTESIAN_POINT('',(-1.63455519210924,8.79999999997712,-6.28369495185413));
#5364=CARTESIAN_POINT('',(0.73084711634831,8.8,-5.63295907562142));
#5365=CARTESIAN_POINT('',(-1.18769712519929,8.8,-5.68072748791045));
#5366=CARTESIAN_POINT('Ctrl Pts',(-1.63455519214007,8.8,-6.28369495186261));
#5367=CARTESIAN_POINT('Ctrl Pts',(-1.54645851845009,8.8,-6.25945904664604));
#5368=CARTESIAN_POINT('Ctrl Pts',(-1.46284323846263,8.80000000000335,-6.21900140648804));
#5369=CARTESIAN_POINT('Ctrl Pts',(-1.33126101741543,8.80000000000335,-6.11609591498957));
#5370=CARTESIAN_POINT('Ctrl Pts',(-1.28027218887214,8.80000000001128,-6.05887751839105));
#5371=CARTESIAN_POINT('Ctrl Pts',(-1.21618406920163,8.80000000001128,-5.94491558524501));
#5372=CARTESIAN_POINT('Ctrl Pts',(-1.19701286893015,8.79999999999992,-5.89303215555184));
#5373=CARTESIAN_POINT('Ctrl Pts',(-1.17813008443139,8.79999999999992,-5.78644101978714));
#5374=CARTESIAN_POINT('Ctrl Pts',(-1.17803866927165,8.8,-5.73305012918876));
#5375=CARTESIAN_POINT('Ctrl Pts',(-1.18769712519929,8.8,-5.68072748791045));
#5376=CARTESIAN_POINT('',(-0.88353122261773,8.8,-6.61685387885578));
#5377=CARTESIAN_POINT('Origin',(2.5,8.8,-5.));
#5378=CARTESIAN_POINT('',(-1.59946237576945,8.79999999999987,-6.39169953507897));
#5379=CARTESIAN_POINT('Ctrl Pts',(-0.883531222617732,8.8,-6.61685387885578));
#5380=CARTESIAN_POINT('Ctrl Pts',(-0.894035186622518,8.8,-6.59487261596231));
#5381=CARTESIAN_POINT('Ctrl Pts',(-0.906379670579663,8.79995403518751,-6.57395902751334));
#5382=CARTESIAN_POINT('Ctrl Pts',(-0.920345854189289,8.79991072127111,-6.55420342459024));
#5383=CARTESIAN_POINT('Ctrl Pts',(-0.935063617545871,8.79986507644863,-6.53338468864091));
#5384=CARTESIAN_POINT('Ctrl Pts',(-0.951582661494847,8.7998222411505,-6.51385117474236));
#5385=CARTESIAN_POINT('Ctrl Pts',(-0.969686840606295,8.79979809157126,-6.49571345540599));
#5386=CARTESIAN_POINT('Ctrl Pts',(-0.974659557569641,8.79979145835019,-6.49073152587109));
#5387=CARTESIAN_POINT('Ctrl Pts',(-0.979752068383603,8.79978601402717,-6.48585496678905));
#5388=CARTESIAN_POINT('Ctrl Pts',(-0.984960324445574,8.79978160558668,-6.48108624942956));
#5389=CARTESIAN_POINT('Ctrl Pts',(-1.00335418975167,8.79976603640966,-6.4642446917662));
#5390=CARTESIAN_POINT('Ctrl Pts',(-1.02298896326725,8.79976543812925,-6.44893035293269));
#5391=CARTESIAN_POINT('Ctrl Pts',(-1.04363428741686,8.79978648267794,-6.43517707738911));
#5392=CARTESIAN_POINT('Ctrl Pts',(-1.06565327389635,8.79980892745186,-6.42050871054495));
#5393=CARTESIAN_POINT('Ctrl Pts',(-1.08882212485056,8.79985581556267,-6.40761527282474));
#5394=CARTESIAN_POINT('Ctrl Pts',(-1.11290987774973,8.79990134859071,-6.39654380206658));
#5395=CARTESIAN_POINT('Ctrl Pts',(-1.12240300209107,8.79991929342345,-6.39218047066789));
#5396=CARTESIAN_POINT('Ctrl Pts',(-1.13203932289009,8.79993668983437,-6.38810025476476));
#5397=CARTESIAN_POINT('Ctrl Pts',(-1.14180636774291,8.79995073836708,-6.38430668435312));
#5398=CARTESIAN_POINT('Ctrl Pts',(-1.15165340976473,8.79996490196457,-6.38048204262993));
#5399=CARTESIAN_POINT('Ctrl Pts',(-1.16160580757479,8.79997574137339,-6.37695951866368));
#5400=CARTESIAN_POINT('Ctrl Pts',(-1.17164965871299,8.79998186235433,-6.37373900011058));
#5401=CARTESIAN_POINT('Ctrl Pts',(-1.19578119321189,8.79999656873147,-6.36600132523875));
#5402=CARTESIAN_POINT('Ctrl Pts',(-1.22043790038269,8.79998560725882,-6.36000453906751));
#5403=CARTESIAN_POINT('Ctrl Pts',(-1.24540817397354,8.79997148187101,-6.35561863384182));
#5404=CARTESIAN_POINT('Ctrl Pts',(-1.27197778974979,8.79995645175428,-6.35095181206057));
#5405=CARTESIAN_POINT('Ctrl Pts',(-1.29890293600209,8.79993744830586,-6.34810853316756));
#5406=CARTESIAN_POINT('Ctrl Pts',(-1.3259689473196,8.79991974927741,-6.34696939880444));
#5407=CARTESIAN_POINT('Ctrl Pts',(-1.33500289643763,8.79991384178995,-6.34658918460315));
#5408=CARTESIAN_POINT('Ctrl Pts',(-1.34405281847399,8.79990793545621,-6.3463991332289));
#5409=CARTESIAN_POINT('Ctrl Pts',(-1.35311148192836,8.79990185165282,-6.34639573600594));
#5410=CARTESIAN_POINT('Ctrl Pts',(-1.38231041072022,8.79988224163605,-6.3463847856851));
#5411=CARTESIAN_POINT('Ctrl Pts',(-1.41151031375369,8.79986803748334,-6.34831149425107));
#5412=CARTESIAN_POINT('Ctrl Pts',(-1.44047749871298,8.79985791581302,-6.35205405554109));
#5413=CARTESIAN_POINT('Ctrl Pts',(-1.4708678721683,8.79984729685431,-6.3559804928336));
#5414=CARTESIAN_POINT('Ctrl Pts',(-1.50100300873504,8.79984051347244,-6.36190528046817));
#5415=CARTESIAN_POINT('Ctrl Pts',(-1.53064337628506,8.79982909132357,-6.3697368649574));
#5416=CARTESIAN_POINT('Ctrl Pts',(-1.55399200752692,8.79982009374479,-6.37590604548358));
#5417=CARTESIAN_POINT('Ctrl Pts',(-1.57703440487679,8.79980796779889,-6.38325941471369));
#5418=CARTESIAN_POINT('Ctrl Pts',(-1.59966001807531,8.79978985879487,-6.39177389525709));
#5419=CARTESIAN_POINT('',(-4.56083603157342,8.8,-7.50587532648046));
#5420=CARTESIAN_POINT('',(-1.05524651659359,8.8,-6.18694586125529));
#5421=CARTESIAN_POINT('Origin',(-4.42820323027551,8.8,-9.));
#5422=CARTESIAN_POINT('Origin',(8.12076935047326,10.3,-9.149533604011));
#5423=CARTESIAN_POINT('',(8.20056970723542,10.3,-9.86192571205886));
#5424=CARTESIAN_POINT('',(7.97964524869356,10.3,-9.68057325350325));
#5425=CARTESIAN_POINT('',(7.80352625660682,10.3,-9.53600070402606));
#5426=CARTESIAN_POINT('',(8.29688834256,10.8,-9.29410615348819));
#5427=CARTESIAN_POINT('Origin',(8.29688834256,10.3,-9.29410615348819));
#5428=CARTESIAN_POINT('',(8.57601536022404,10.8,-9.52323592588538));
#5429=CARTESIAN_POINT('',(8.12076935047326,10.8,-9.149533604011));
#5430=CARTESIAN_POINT('Ctrl Pts',(8.57601536022404,10.8,-9.52323592588538));
#5431=CARTESIAN_POINT('Ctrl Pts',(8.57489407491941,10.8,-9.52421352854608));
#5432=CARTESIAN_POINT('Ctrl Pts',(8.57377297529123,10.7999935431824,-9.52519133405838));
#5433=CARTESIAN_POINT('Ctrl Pts',(8.52151929394824,10.7993914831061,-9.57078306801049));
#5434=CARTESIAN_POINT('Ctrl Pts',(8.47134597450298,10.7853695274493,-9.61532605886454));
#5435=CARTESIAN_POINT('Ctrl Pts',(8.38019725243269,10.732768283303,-9.69716213797975));
#5436=CARTESIAN_POINT('Ctrl Pts',(8.33980840754534,10.6955610403603,-9.73388201238831));
#5437=CARTESIAN_POINT('Ctrl Pts',(8.27237126424894,10.6027100007305,-9.79556199098283));
#5438=CARTESIAN_POINT('Ctrl Pts',(8.24585352063431,10.5481399024079,-9.82002563912791));
#5439=CARTESIAN_POINT('Ctrl Pts',(8.20981007055026,10.4284404207252,-9.85334134343245));
#5440=CARTESIAN_POINT('Ctrl Pts',(8.20056970723542,10.3645434919288,-9.86192571205886));
#5441=CARTESIAN_POINT('Ctrl Pts',(8.20056970723542,10.3,-9.86192571205886));
#5442=CARTESIAN_POINT('Ctrl Pts',(7.97964524869356,10.3,-9.68057325350325));
#5443=CARTESIAN_POINT('Ctrl Pts',(7.57437200622085,10.3,-9.34789257435019));
#5444=CARTESIAN_POINT('Ctrl Pts',(6.62837258241451,10.0216716187521,-8.5713406143192));
#5445=CARTESIAN_POINT('Ctrl Pts',(5.90272418027569,9.15488436678198,-7.97567039001089));
#5446=CARTESIAN_POINT('Ctrl Pts',(5.6317927048435,8.55,-7.75326817391395));
#5447=CARTESIAN_POINT('Ctrl Pts',(7.97964524869356,10.4308996938996,-9.68057325350325));
#5448=CARTESIAN_POINT('Ctrl Pts',(7.55923731009236,10.4302731455645,-9.33544263459649));
#5449=CARTESIAN_POINT('Ctrl Pts',(6.57845163753541,10.1397415385271,-8.53034788050602));
#5450=CARTESIAN_POINT('Ctrl Pts',(5.82813876879806,9.23960542519876,-7.91448959081146));
#5451=CARTESIAN_POINT('Ctrl Pts',(5.54839791946575,8.61252316424278,-7.68481106663487));
#5452=CARTESIAN_POINT('Ctrl Pts',(8.04839050613701,10.6916520819955,-9.59682744217555));
#5453=CARTESIAN_POINT('Ctrl Pts',(7.59724947848057,10.6898288018394,-9.22790349607079));
#5454=CARTESIAN_POINT('Ctrl Pts',(6.54529764779322,10.3749834946612,-8.36830611568539));
#5455=CARTESIAN_POINT('Ctrl Pts',(5.74287826808611,9.40828736811594,-7.71521612794711));
#5456=CARTESIAN_POINT('Ctrl Pts',(5.44423343577075,8.73716438185738,-7.47270847357409));
#5457=CARTESIAN_POINT('Ctrl Pts',(8.21383429480226,10.8,-9.39528300367665));
#5458=CARTESIAN_POINT('Ctrl Pts',(7.74871730291291,10.7990033650099,-9.01749367642492));
#5459=CARTESIAN_POINT('Ctrl Pts',(6.66318797355053,10.4781278304018,-8.13772742458975));
#5460=CARTESIAN_POINT('Ctrl Pts',(5.83041300971121,9.48609114050651,-7.47060772548124));
#5461=CARTESIAN_POINT('Ctrl Pts',(5.51929828740345,8.79535316140889,-7.2230036142728));
#5462=CARTESIAN_POINT('Ctrl Pts',(8.29688834256,10.8,-9.29410615348819));
#5463=CARTESIAN_POINT('Ctrl Pts',(7.83150026223836,10.8,-8.91689477443743));
#5464=CARTESIAN_POINT('Ctrl Pts',(6.74411126491127,10.481910421431,-8.03789220205617));
#5465=CARTESIAN_POINT('Ctrl Pts',(5.90583155766252,9.49129641917941,-7.36986009655778));
#5466=CARTESIAN_POINT('Ctrl Pts',(5.59200214460538,8.8,-7.12179705385689));
#5467=CARTESIAN_POINT('Ctrl Pts',(5.59200214460538,8.8,-7.12179705385689));
#5468=CARTESIAN_POINT('Ctrl Pts',(5.90583155766252,9.49129641917941,-7.36986009655778));
#5469=CARTESIAN_POINT('Ctrl Pts',(6.74411126491127,10.481910421431,-8.03789220205617));
#5470=CARTESIAN_POINT('Ctrl Pts',(7.83150026223836,10.8,-8.91689477443743));
#5471=CARTESIAN_POINT('Ctrl Pts',(8.29688834256,10.8,-9.29410615348819));
#5472=CARTESIAN_POINT('Ctrl Pts',(7.97964524869356,10.3,-9.68057325350325));
#5473=CARTESIAN_POINT('Ctrl Pts',(7.57437200622085,10.3,-9.34789257435019));
#5474=CARTESIAN_POINT('Ctrl Pts',(6.70482373794017,10.0441647892832,-8.63409783507015));
#5475=CARTESIAN_POINT('Ctrl Pts',(6.02145019155002,9.29114029497858,-8.07313019224922));
#5476=CARTESIAN_POINT('Ctrl Pts',(5.75516459281302,8.79983158515281,-7.8545416831831));
#5477=CARTESIAN_POINT('Origin',(9.42820323027551,10.3,-9.));
#5478=CARTESIAN_POINT('',(9.56083603157343,10.3,-7.50587532648046));
#5479=CARTESIAN_POINT('Origin',(9.42820323027551,10.3,-9.));
#5480=CARTESIAN_POINT('',(9.45524489923918,10.8,-8.00036569279578));
#5481=CARTESIAN_POINT('Origin',(9.42820323027551,10.8,-9.));
#5482=CARTESIAN_POINT('Ctrl Pts',(9.45524489923918,10.8,-8.00036569279577));
#5483=CARTESIAN_POINT('Ctrl Pts',(9.45553088532584,10.8,-7.99890582990673));
#5484=CARTESIAN_POINT('Ctrl Pts',(9.45581713992537,10.7999935431824,-7.99744602639239));
#5485=CARTESIAN_POINT('Ctrl Pts',(9.46917389905879,10.7993914831061,-7.92939714393247));
#5486=CARTESIAN_POINT('Ctrl Pts',(9.48266260097648,10.7853695274493,-7.86367427927333));
#5487=CARTESIAN_POINT('Ctrl Pts',(9.50796036340123,10.732768283303,-7.74381913088029));
#5488=CARTESIAN_POINT('Ctrl Pts',(9.51956628501914,10.6955610403603,-7.69048142797406));
#5489=CARTESIAN_POINT('Ctrl Pts',(9.53926414173868,10.6027100007305,-7.60123915942345));
#5490=CARTESIAN_POINT('Ctrl Pts',(9.54719141069425,10.5481399024079,-7.56604229572961));
#5491=CARTESIAN_POINT('Ctrl Pts',(9.55802193192492,10.4284404207252,-7.51816990016452));
#5492=CARTESIAN_POINT('Ctrl Pts',(9.56083603157342,10.3645434919288,-7.50587532648046));
#5493=CARTESIAN_POINT('Ctrl Pts',(9.56083603157343,10.3,-7.50587532648046));
#5494=CARTESIAN_POINT('Ctrl Pts',(6.45029653446243,8.55,-6.33557795482427));
#5495=CARTESIAN_POINT('Ctrl Pts',(6.77836824126936,9.15488436695333,-6.45901038721985));
#5496=CARTESIAN_POINT('Ctrl Pts',(7.65705930121799,10.0216689789434,-6.78960571928708));
#5497=CARTESIAN_POINT('Ctrl Pts',(8.80257142528454,10.3,-7.22058877841251));
#5498=CARTESIAN_POINT('Ctrl Pts',(9.29331796615472,10.3,-7.40522536234374));
#5499=CARTESIAN_POINT('Ctrl Pts',(6.34931354780027,8.61252316424278,-6.29758450578353));
#5500=CARTESIAN_POINT('Ctrl Pts',(6.68809140920303,9.23960542537639,-6.42500792572935));
#5501=CARTESIAN_POINT('Ctrl Pts',(7.59659796869865,10.1397388804984,-6.76686925065185));
#5502=CARTESIAN_POINT('Ctrl Pts',(8.7842221131128,10.4302731455643,-7.21370671696158));
#5503=CARTESIAN_POINT('Ctrl Pts',(9.29331796615473,10.4308996938996,-7.40522536234375));
#5504=CARTESIAN_POINT('Ctrl Pts',(6.11354410469636,8.73716550875873,-6.31342376225743));
#5505=CARTESIAN_POINT('Ctrl Pts',(6.47288431025503,9.40828849520737,-6.45080394660387));
#5506=CARTESIAN_POINT('Ctrl Pts',(7.43968975517379,10.3749826369888,-6.81917542989566));
#5507=CARTESIAN_POINT('Ctrl Pts',(8.71009756042309,10.689831610374,-7.30039316105379));
#5508=CARTESIAN_POINT('Ctrl Pts',(9.25516558379685,10.6916548905307,-7.50663077869972));
#5509=CARTESIAN_POINT('Ctrl Pts',(5.9348267463666,8.7953531614089,-6.50328721135783));
#5510=CARTESIAN_POINT('Ctrl Pts',(6.30481555801324,9.48609114070214,-6.64891840880471));
#5511=CARTESIAN_POINT('Ctrl Pts',(7.29894641785136,10.4781251981705,-7.03656299571389));
#5512=CARTESIAN_POINT('Ctrl Pts',(8.60361023462536,10.7990033650097,-7.53677568333252));
#5513=CARTESIAN_POINT('Ctrl Pts',(9.16334388540724,10.8,-7.75068415047523));
#5514=CARTESIAN_POINT('Ctrl Pts',(5.88353122261773,8.8,-6.61685387885577));
#5515=CARTESIAN_POINT('Ctrl Pts',(6.25527482597063,9.49129641937519,-6.76460660170942));
#5516=CARTESIAN_POINT('Ctrl Pts',(7.2529490144758,10.4819074045068,-7.15656251444619));
#5517=CARTESIAN_POINT('Ctrl Pts',(8.5578805095742,10.8,-7.65876728010241));
#5518=CARTESIAN_POINT('Ctrl Pts',(9.11724918674802,10.8,-7.87319949081479));
#5519=CARTESIAN_POINT('',(9.29331796615472,10.3,-7.40522536234375));
#5520=CARTESIAN_POINT('Ctrl Pts',(6.59968797317268,8.79983153809443,-6.391784412975));
#5521=CARTESIAN_POINT('Ctrl Pts',(6.92213412699449,9.29113992161356,-6.51310030903379));
#5522=CARTESIAN_POINT('Ctrl Pts',(7.74963413340676,10.0441623659848,-6.82443571674979));
#5523=CARTESIAN_POINT('Ctrl Pts',(8.80257142528454,10.3,-7.22058877841251));
#5524=CARTESIAN_POINT('Ctrl Pts',(9.29331796615472,10.3,-7.40522536234374));
#5525=CARTESIAN_POINT('',(9.11724918674794,10.8,-7.87319949081476));
#5526=CARTESIAN_POINT('Origin',(9.117249186748,10.3,-7.87319949081478));
#5527=CARTESIAN_POINT('Ctrl Pts',(9.11724918674802,10.8,-7.87319949081479));
#5528=CARTESIAN_POINT('Ctrl Pts',(8.5578805095742,10.8,-7.65876728010241));
#5529=CARTESIAN_POINT('Ctrl Pts',(7.2529490144758,10.4819074045068,-7.15656251444619));
#5530=CARTESIAN_POINT('Ctrl Pts',(6.25527482597063,9.49129641937519,-6.76460660170942));
#5531=CARTESIAN_POINT('Ctrl Pts',(5.88353122261773,8.8,-6.61685387885577));
#5532=CARTESIAN_POINT('Origin',(7.13878169825609,10.3,-7.1288285211358));
#5533=CARTESIAN_POINT('',(7.13878169825609,10.8,-7.1288285211358));
#5534=CARTESIAN_POINT('',(7.31485047766282,10.3,-6.66085439266476));
#5535=CARTESIAN_POINT('Origin',(8.20056970723542,8.8,-9.86192571205886));
#5536=CARTESIAN_POINT('',(8.20056970723542,8.8,-9.86192571205886));
#5537=CARTESIAN_POINT('Origin',(9.42820323027551,8.8,-9.));
#5538=CARTESIAN_POINT('',(9.56083603157343,8.8,-7.50587532648046));
#5539=CARTESIAN_POINT('Origin',(6.05698051533946,8.8,-6.18759825424905));
#5540=CARTESIAN_POINT('Origin',(5.94010974743886,10.3,-11.0630901754554));
#5541=CARTESIAN_POINT('',(5.73020621901319,10.3,-11.7602207359877));
#5542=CARTESIAN_POINT('',(5.60214437363657,10.3,-11.5046889486012));
#5543=CARTESIAN_POINT('',(5.49310342914932,10.3,-11.2871110481642));
#5544=CARTESIAN_POINT('',(6.04915069192611,10.8,-11.2806680758924));
#5545=CARTESIAN_POINT('Origin',(6.0491506919261,10.3,-11.2806680758924));
#5546=CARTESIAN_POINT('',(6.21095043656486,10.8,-11.6035197248329));
#5547=CARTESIAN_POINT('',(5.94010974743886,10.8,-11.0630901754554));
#5548=CARTESIAN_POINT('Ctrl Pts',(6.21095043656486,10.8,-11.6035197248329));
#5549=CARTESIAN_POINT('Ctrl Pts',(6.20952846464353,10.8,-11.6039567414823));
#5550=CARTESIAN_POINT('Ctrl Pts',(6.2081065798387,10.7999935431824,-11.6043940189673));
#5551=CARTESIAN_POINT('Ctrl Pts',(6.14182663778518,10.799391483106,-11.6247906534867));
#5552=CARTESIAN_POINT('Ctrl Pts',(6.07787376313704,10.7853695274494,-11.6450753729287));
#5553=CARTESIAN_POINT('Ctrl Pts',(5.96131953001776,10.732768283303,-11.6827628260402));
#5554=CARTESIAN_POINT('Ctrl Pts',(5.90948716578038,10.6955610403603,-11.6998804773242));
#5555=CARTESIAN_POINT('Ctrl Pts',(5.82279276240703,10.6027100007305,-11.7287987843137));
#5556=CARTESIAN_POINT('Ctrl Pts',(5.78861733605705,10.5481399024079,-11.7403617009342));
#5557=CARTESIAN_POINT('Ctrl Pts',(5.74213928822446,10.4284404207252,-11.7561369193778));
#5558=CARTESIAN_POINT('Ctrl Pts',(5.73020621901319,10.3645434919288,-11.7602207359877));
#5559=CARTESIAN_POINT('Ctrl Pts',(5.73020621901319,10.3,-11.7602207359877));
#5560=CARTESIAN_POINT('Ctrl Pts',(5.60214437363657,10.3,-11.5046889486012));
#5561=CARTESIAN_POINT('Ctrl Pts',(5.36722226663837,10.3,-11.035930547367));
#5562=CARTESIAN_POINT('Ctrl Pts',(4.81886129157846,10.02167008776,-9.94174312817172));
#5563=CARTESIAN_POINT('Ctrl Pts',(4.39822903309358,9.15488436649376,-9.10242277848491));
#5564=CARTESIAN_POINT('Ctrl Pts',(4.24117994524281,8.55,-8.78905048552836));
#5565=CARTESIAN_POINT('Ctrl Pts',(5.60214437363657,10.4308996938996,-11.5046889486012));
#5566=CARTESIAN_POINT('Ctrl Pts',(5.35845988044346,10.4302731455648,-11.0184011259682));
#5567=CARTESIAN_POINT('Ctrl Pts',(4.78992946255181,10.1397399969691,-9.88398966245406));
#5568=CARTESIAN_POINT('Ctrl Pts',(4.35497634211643,9.23960542489996,-9.0161947173896));
#5569=CARTESIAN_POINT('Ctrl Pts',(4.19283903187926,8.61252316424278,-8.69259209107563));
#5570=CARTESIAN_POINT('Ctrl Pts',(5.6990076910861,10.6916533016578,-11.4561451047658));
#5571=CARTESIAN_POINT('Ctrl Pts',(5.43692474202813,10.6898300215025,-10.9356207226914));
#5572=CARTESIAN_POINT('Ctrl Pts',(4.82554912622709,10.3749826692178,-9.7224728928187));
#5573=CARTESIAN_POINT('Ctrl Pts',(4.35813749988009,9.40828785717546,-8.79947049682599));
#5574=CARTESIAN_POINT('Ctrl Pts',(4.18394861921283,8.73716487123671,-8.45645893432553));
#5575=CARTESIAN_POINT('Ctrl Pts',(5.93212471145555,10.8,-11.3393166032218));
#5576=CARTESIAN_POINT('Ctrl Pts',(5.66087995912809,10.7990033650104,-10.805008755701));
#5577=CARTESIAN_POINT('Ctrl Pts',(5.02703288307797,10.4781263038126,-9.55977817151233));
#5578=CARTESIAN_POINT('Ctrl Pts',(4.53759698438866,9.48609114017734,-8.61161347268792));
#5579=CARTESIAN_POINT('Ctrl Pts',(4.35408920811081,8.79535316140889,-8.258874104005));
#5580=CARTESIAN_POINT('Ctrl Pts',(6.0491506919261,10.8,-11.2806680758924));
#5581=CARTESIAN_POINT('Ctrl Pts',(5.7774232152818,10.8,-10.7467779487263));
#5582=CARTESIAN_POINT('Ctrl Pts',(5.14156684178548,10.4819086717258,-9.50148906386491));
#5583=CARTESIAN_POINT('Ctrl Pts',(4.64747300867667,9.49129641884997,-8.55025142093527));
#5584=CARTESIAN_POINT('Ctrl Pts',(4.46167190325155,8.8,-8.19598863327038));
#5585=CARTESIAN_POINT('Ctrl Pts',(4.46167190325155,8.8,-8.19598863327038));
#5586=CARTESIAN_POINT('Ctrl Pts',(4.64747300867667,9.49129641884997,-8.55025142093527));
#5587=CARTESIAN_POINT('Ctrl Pts',(5.14156684178548,10.4819086717258,-9.50148906386491));
#5588=CARTESIAN_POINT('Ctrl Pts',(5.7774232152818,10.8,-10.7467779487263));
#5589=CARTESIAN_POINT('Ctrl Pts',(6.0491506919261,10.8,-11.2806680758924));
#5590=CARTESIAN_POINT('Ctrl Pts',(5.60214437363657,10.3,-11.5046889486012));
#5591=CARTESIAN_POINT('Ctrl Pts',(5.36722226663837,10.3,-11.035930547367));
#5592=CARTESIAN_POINT('Ctrl Pts',(4.86317721037187,10.0441633838726,-10.0301701370567));
#5593=CARTESIAN_POINT('Ctrl Pts',(4.46705022846315,9.29114007819238,-9.23974707684356));
#5594=CARTESIAN_POINT('Ctrl Pts',(4.31269414339423,8.79983155787603,-8.93174834235993));
#5595=CARTESIAN_POINT('Origin',(7.20228201833979,10.3,-11.4721359549996));
#5596=CARTESIAN_POINT('',(7.93116336554397,10.3,-10.1611317667157));
#5597=CARTESIAN_POINT('Origin',(7.20228201833979,10.3,-11.4721359549996));
#5598=CARTESIAN_POINT('',(7.63357371460426,10.8,-10.5699234120069));
#5599=CARTESIAN_POINT('Origin',(7.20228201833979,10.8,-11.4721359549996));
#5600=CARTESIAN_POINT('Ctrl Pts',(7.63357371460426,10.8,-10.5699234120069));
#5601=CARTESIAN_POINT('Ctrl Pts',(7.63442875562543,10.8,-10.5687060819168));
#5602=CARTESIAN_POINT('Ctrl Pts',(7.63528401779544,10.7999935431824,-10.5674889152823));
#5603=CARTESIAN_POINT('Ctrl Pts',(7.67516399844756,10.7993914831062,-10.5107558511855));
#5604=CARTESIAN_POINT('Ctrl Pts',(7.71421843815872,10.7853695274494,-10.4562013760503));
#5605=CARTESIAN_POINT('Ctrl Pts',(7.78607857482318,10.732768283303,-10.3569977766267));
#5606=CARTESIAN_POINT('Ctrl Pts',(7.81837551002843,10.6955610403603,-10.3129919140142));
#5607=CARTESIAN_POINT('Ctrl Pts',(7.87266849829061,10.6027100007304,-10.239476885068));
#5608=CARTESIAN_POINT('Ctrl Pts',(7.8942262730221,10.5481399024079,-10.210547260881));
#5609=CARTESIAN_POINT('Ctrl Pts',(7.92359190396442,10.4284404207252,-10.1712188212141));
#5610=CARTESIAN_POINT('Ctrl Pts',(7.93116336554398,10.3645434919288,-10.1611317667157));
#5611=CARTESIAN_POINT('Ctrl Pts',(7.93116336554398,10.3,-10.1611317667157));
#5612=CARTESIAN_POINT('Ctrl Pts',(5.56554696148819,8.55,-7.82684152553852));
#5613=CARTESIAN_POINT('Ctrl Pts',(5.8150508855936,9.15488436639606,-8.07304144796726));
#5614=CARTESIAN_POINT('Ctrl Pts',(6.48330886034523,10.0216716663156,-8.7324501612215));
#5615=CARTESIAN_POINT('Ctrl Pts',(7.35449067199728,10.3,-9.59209553641587));
#5616=CARTESIAN_POINT('Ctrl Pts',(7.72771148058204,10.3,-9.9603740492762));
#5617=CARTESIAN_POINT('Ctrl Pts',(5.4887477406455,8.61252316424277,-7.75105930174444));
#5618=CARTESIAN_POINT('Ctrl Pts',(5.74640894276448,9.23960542479867,-8.0052597580944));
#5619=CARTESIAN_POINT('Ctrl Pts',(6.43732253096832,10.1397415864198,-8.68708759725386));
#5620=CARTESIAN_POINT('Ctrl Pts',(7.34052692779678,10.4302731455649,-9.57834512281533));
#5621=CARTESIAN_POINT('Ctrl Pts',(7.72771148058205,10.4308996938996,-9.9603740492762));
#5622=CARTESIAN_POINT('Ctrl Pts',(5.26691886329298,8.73716419996149,-7.66963669876163));
#5623=CARTESIAN_POINT('Ctrl Pts',(5.5393149205723,9.40828718579186,-7.94129657082225));
#5624=CARTESIAN_POINT('Ctrl Pts',(6.27270268509295,10.374983186923,-8.67105358837269));
#5625=CARTESIAN_POINT('Ctrl Pts',(7.23754993507735,10.6898283485081,-9.62739028016086));
#5626=CARTESIAN_POINT('Ctrl Pts',(7.65160995527796,10.6916516286631,-10.0374968566535));
#5627=CARTESIAN_POINT('Ctrl Pts',(5.02642837800605,8.79535316140889,-7.77039110383228));
#5628=CARTESIAN_POINT('Ctrl Pts',(5.30519643163095,9.48609114006579,-8.05391982971449));
#5629=CARTESIAN_POINT('Ctrl Pts',(6.05571025480136,10.4781278778368,-8.81239975974595));
#5630=CARTESIAN_POINT('Ctrl Pts',(7.04412577977883,10.7990033650106,-9.80002184043101));
#5631=CARTESIAN_POINT('Ctrl Pts',(7.46846350169827,10.8,-10.2231011346863));
#5632=CARTESIAN_POINT('Ctrl Pts',(4.93337586018446,8.8,-7.85327564793021));
#5633=CARTESIAN_POINT('Ctrl Pts',(5.21288409367889,9.49129641873833,-8.13945622179649));
#5634=CARTESIAN_POINT('Ctrl Pts',(5.96488071642811,10.4819104757893,-8.90331535683526));
#5635=CARTESIAN_POINT('Ctrl Pts',(6.95273114462495,10.8,-9.89286675467493));
#5636=CARTESIAN_POINT('Ctrl Pts',(7.37652242086173,10.8,-10.3162760643488));
#5637=CARTESIAN_POINT('',(7.72771148058204,10.3,-9.9603740492762));
#5638=CARTESIAN_POINT('Ctrl Pts',(5.67916155686098,8.79983158596789,-7.93895160423907));
#5639=CARTESIAN_POINT('Ctrl Pts',(5.92438703742351,9.29114030143445,-8.18092973948691));
#5640=CARTESIAN_POINT('Ctrl Pts',(6.55371361361945,10.0441648329545,-8.80192259479897));
#5641=CARTESIAN_POINT('Ctrl Pts',(7.35449067199728,10.3,-9.59209553641587));
#5642=CARTESIAN_POINT('Ctrl Pts',(7.72771148058204,10.3,-9.9603740492762));
#5643=CARTESIAN_POINT('',(7.37652242086168,10.8,-10.3162760643488));
#5644=CARTESIAN_POINT('Origin',(7.37652242086172,10.3,-10.3162760643488));
#5645=CARTESIAN_POINT('Ctrl Pts',(7.37652242086173,10.8,-10.3162760643488));
#5646=CARTESIAN_POINT('Ctrl Pts',(6.95273114462495,10.8,-9.89286675467493));
#5647=CARTESIAN_POINT('Ctrl Pts',(5.96488071642811,10.4819104757893,-8.90331535683526));
#5648=CARTESIAN_POINT('Ctrl Pts',(5.21288409367889,9.49129641873833,-8.13945622179649));
#5649=CARTESIAN_POINT('Ctrl Pts',(4.93337586018446,8.8,-7.85327564793021));
#5650=CARTESIAN_POINT('Origin',(5.87672582261956,10.3,-8.83634019772855));
#5651=CARTESIAN_POINT('',(5.87672582261956,10.8,-8.83634019772855));
#5652=CARTESIAN_POINT('',(6.22791488233989,10.3,-8.48043818265593));
#5653=CARTESIAN_POINT('Origin',(5.73020621901319,8.8,-11.7602207359877));
#5654=CARTESIAN_POINT('',(5.73020621901319,8.8,-11.7602207359877));
#5655=CARTESIAN_POINT('Origin',(7.20228201833979,8.8,-11.4721359549996));
#5656=CARTESIAN_POINT('',(7.93116336554397,8.8,-10.1611317667157));
#5657=CARTESIAN_POINT('Origin',(5.26642366545566,8.8,-7.53167930496871));
#5658=CARTESIAN_POINT('Origin',(3.17696467568991,10.3,-11.9457592201325));
#5659=CARTESIAN_POINT('',(2.70131073002134,10.3,-12.4896121799869));
#5660=CARTESIAN_POINT('',(2.68825455428092,10.3,-12.2040848312421));
#5661=CARTESIAN_POINT('',(2.67748658633445,10.3,-11.968598621478));
#5662=CARTESIAN_POINT('',(3.18773264363638,10.8,-12.1812454298965));
#5663=CARTESIAN_POINT('Origin',(3.18773264363638,10.3,-12.1812454298965));
#5664=CARTESIAN_POINT('',(3.20422846949732,10.8,-12.5419949722634));
#5665=CARTESIAN_POINT('',(3.17696467568991,10.8,-11.9457592201325));
#5666=CARTESIAN_POINT('Ctrl Pts',(3.20422846949732,10.8,-12.5419949722634));
#5667=CARTESIAN_POINT('Ctrl Pts',(3.20275168282338,10.8,-12.5418158387525));
#5668=CARTESIAN_POINT('Ctrl Pts',(3.20127486964201,10.7999935431824,-12.5416369789604));
#5669=CARTESIAN_POINT('Ctrl Pts',(3.13242907099026,10.7993914831062,-12.5333117506426));
#5670=CARTESIAN_POINT('Ctrl Pts',(3.06575467416178,10.7853695274494,-12.5258307863991));
#5671=CARTESIAN_POINT('Ctrl Pts',(2.94394821576199,10.732768283303,-12.512853110484));
#5672=CARTESIAN_POINT('Ctrl Pts',(2.88963461883348,10.6955610403603,-12.5074087412274));
#5673=CARTESIAN_POINT('Ctrl Pts',(2.79867320532038,10.6027100007305,-12.4985651386188));
#5674=CARTESIAN_POINT('Ctrl Pts',(2.76274933792494,10.5481399024079,-12.4952279903854));
#5675=CARTESIAN_POINT('Ctrl Pts',(2.71387316905388,10.4284404207252,-12.4907350443856));
#5676=CARTESIAN_POINT('Ctrl Pts',(2.70131073002134,10.3645434919288,-12.4896121799869));
#5677=CARTESIAN_POINT('Ctrl Pts',(2.70131073002134,10.3,-12.4896121799869));
#5678=CARTESIAN_POINT('Ctrl Pts',(2.68825455428092,10.3,-12.2040848312421));
#5679=CARTESIAN_POINT('Ctrl Pts',(2.65632014722855,10.3,-11.5057067793004));
#5680=CARTESIAN_POINT('Ctrl Pts',(2.60055536711672,9.92280187755628,-10.2861789378223));
#5681=CARTESIAN_POINT('Ctrl Pts',(2.56150996979509,9.00366327624941,-9.43228963672926));
#5682=CARTESIAN_POINT('Ctrl Pts',(2.54950135498643,8.55,-9.16967154575189));
#5683=CARTESIAN_POINT('Ctrl Pts',(2.68825455428092,10.4308996938996,-12.2040848312421));
#5684=CARTESIAN_POINT('Ctrl Pts',(2.65515350710283,10.4300642961173,-11.479602903434));
#5685=CARTESIAN_POINT('Ctrl Pts',(2.5972992299009,10.0368731332064,-10.2156465432566));
#5686=CARTESIAN_POINT('Ctrl Pts',(2.55694696478174,9.08283486116538,-9.33307006862293));
#5687=CARTESIAN_POINT('Ctrl Pts',(2.54457289672105,8.61252316424278,-9.06189039682339));
#5688=CARTESIAN_POINT('Ctrl Pts',(2.7964786403716,10.6916628292641,-12.1991361189959));
#5689=CARTESIAN_POINT('Ctrl Pts',(2.75953417648136,10.6892317890496,-11.4229742183118));
#5690=CARTESIAN_POINT('Ctrl Pts',(2.69439901091286,10.2640026714043,-10.0704365480229));
#5691=CARTESIAN_POINT('Ctrl Pts',(2.64719716832184,9.2405109350936,-9.13070399502673));
#5692=CARTESIAN_POINT('Ctrl Pts',(2.63248660134877,8.73716869410938,-8.84254975258205));
#5693=CARTESIAN_POINT('Ctrl Pts',(3.05696958562403,10.8,-12.1872247711865));
#5694=CARTESIAN_POINT('Ctrl Pts',(3.01634047732919,10.7986711533432,-11.3893051859623));
#5695=CARTESIAN_POINT('Ctrl Pts',(2.94318614969372,10.364740658728,-9.99832117956028));
#5696=CARTESIAN_POINT('Ctrl Pts',(2.88641926249073,9.31340664706012,-9.02891774478799));
#5697=CARTESIAN_POINT('Ctrl Pts',(2.86829126086415,8.79535316140889,-8.73125565521292));
#5698=CARTESIAN_POINT('Ctrl Pts',(3.18773264363638,10.8,-12.1812454298965));
#5699=CARTESIAN_POINT('Ctrl Pts',(3.14628901163009,10.8,-11.3835728644922));
#5700=CARTESIAN_POINT('Ctrl Pts',(3.0711108920167,10.3689164314929,-9.99098159652842));
#5701=CARTESIAN_POINT('Ctrl Pts',(3.01138534280268,9.31847231571365,-9.01697020304398));
#5702=CARTESIAN_POINT('Ctrl Pts',(2.99215076859576,8.8,-8.71756474334619));
#5703=CARTESIAN_POINT('Ctrl Pts',(2.99215076859576,8.8,-8.71756474334619));
#5704=CARTESIAN_POINT('Ctrl Pts',(3.01138534280268,9.31847231571365,-9.01697020304398));
#5705=CARTESIAN_POINT('Ctrl Pts',(3.0711108920167,10.3689164314929,-9.99098159652842));
#5706=CARTESIAN_POINT('Ctrl Pts',(3.14628901163009,10.8,-11.3835728644922));
#5707=CARTESIAN_POINT('Ctrl Pts',(3.18773264363638,10.8,-12.1812454298965));
#5708=CARTESIAN_POINT('Ctrl Pts',(2.68825455428092,10.3,-12.2040848312421));
#5709=CARTESIAN_POINT('Ctrl Pts',(2.65632014722855,10.3,-11.5057067793004));
#5710=CARTESIAN_POINT('Ctrl Pts',(2.60506081051905,9.95327711279846,-10.3847091150476));
#5711=CARTESIAN_POINT('Ctrl Pts',(2.56792835254668,9.1486469258056,-9.57265415438947));
#5712=CARTESIAN_POINT('Ctrl Pts',(2.55678559856907,8.79993529392187,-9.32897169604963));
#5713=CARTESIAN_POINT('Origin',(4.16329352654208,10.3,-12.8251808058704));
#5714=CARTESIAN_POINT('',(5.36239321304177,10.3,-11.9239816370757));
#5715=CARTESIAN_POINT('Origin',(4.16329352654208,10.3,-12.8251808058704));
#5716=CARTESIAN_POINT('',(4.92426099766119,10.8,-12.1763907721164));
#5717=CARTESIAN_POINT('Origin',(4.16329352654208,10.8,-12.8251808058704));
#5718=CARTESIAN_POINT('Ctrl Pts',(4.92426099766119,10.8,-12.1763907721164));
#5719=CARTESIAN_POINT('Ctrl Pts',(4.92553724925678,10.8,-12.1756264622566));
#5720=CARTESIAN_POINT('Ctrl Pts',(4.92681363639863,10.7999935431824,-12.1748623916702));
#5721=CARTESIAN_POINT('Ctrl Pts',(4.98632122761512,10.799391483106,-12.1392548081236));
#5722=CARTESIAN_POINT('Ctrl Pts',(5.04418853769597,10.7853695274494,-12.1053016868746));
#5723=CARTESIAN_POINT('Ctrl Pts',(5.15018577814194,10.732768283303,-12.0439028399973));
#5724=CARTESIAN_POINT('Ctrl Pts',(5.19758929342911,10.6955610403603,-12.0168378311051));
#5725=CARTESIAN_POINT('Ctrl Pts',(5.27708966232708,10.6027100007305,-11.9717614581311));
#5726=CARTESIAN_POINT('Ctrl Pts',(5.30855040773719,10.5481399024079,-11.9541012682902));
#5727=CARTESIAN_POINT('Ctrl Pts',(5.35137356402286,10.4284404207252,-11.9301170290277));
#5728=CARTESIAN_POINT('Ctrl Pts',(5.36239321304177,10.3645434919288,-11.9239816370757));
#5729=CARTESIAN_POINT('Ctrl Pts',(5.36239321304177,10.3,-11.9239816370757));
#5730=CARTESIAN_POINT('Ctrl Pts',(4.1507364692528,8.55,-8.82931851543813));
#5731=CARTESIAN_POINT('Ctrl Pts',(4.24658245442271,9.00366327599302,-9.07411642308218));
#5732=CARTESIAN_POINT('Ctrl Pts',(4.55821967163544,9.92280650855953,-9.87006148622125));
#5733=CARTESIAN_POINT('Ctrl Pts',(5.00330377595356,10.3,-11.0068400092815));
#5734=CARTESIAN_POINT('Ctrl Pts',(5.2581861877489,10.3,-11.6578289995053));
#5735=CARTESIAN_POINT('Ctrl Pts',(4.11140029721229,8.61252316424277,-8.72885095184459));
#5736=CARTESIAN_POINT('Ctrl Pts',(4.21039473286508,9.08283486089957,-8.98161889598341));
#5737=CARTESIAN_POINT('Ctrl Pts',(4.53250601362703,10.0368775981667,-9.8043026126392));
#5738=CARTESIAN_POINT('Ctrl Pts',(4.99375215190534,10.4300642961178,-10.9825184167822));
#5739=CARTESIAN_POINT('Ctrl Pts',(5.2581861877489,10.4308996938996,-11.6578289995053));
#5740=CARTESIAN_POINT('Ctrl Pts',(3.94186962644649,8.73716604910729,-8.56423734992039));
#5741=CARTESIAN_POINT('Ctrl Pts',(4.04563374401025,9.24050828980702,-8.83346267568237));
#5742=CARTESIAN_POINT('Ctrl Pts',(4.38473401613128,10.2640042564114,-9.71114467246093));
#5743=CARTESIAN_POINT('Ctrl Pts',(4.87535656593094,10.6892251970087,-10.9732433851519));
#5744=CARTESIAN_POINT('Ctrl Pts',(5.15729960456723,10.6916562372218,-11.6973292307309));
#5745=CARTESIAN_POINT('Ctrl Pts',(3.68118759120699,8.79535316140889,-8.55846920624107));
#5746=CARTESIAN_POINT('Ctrl Pts',(3.78569691669052,9.31340664676731,-8.83777037845418));
#5747=CARTESIAN_POINT('Ctrl Pts',(4.12812842327553,10.3647444975863,-9.74645113871019));
#5748=CARTESIAN_POINT('Ctrl Pts',(4.62706404542651,10.798671153344,-11.0469353229826));
#5749=CARTESIAN_POINT('Ctrl Pts',(4.91449064147179,10.8,-11.792396482326));
#5750=CARTESIAN_POINT('Ctrl Pts',(3.56246770499961,8.8,-8.596340136282));
#5751=CARTESIAN_POINT('Ctrl Pts',(3.66667521864033,9.31847231542059,-8.87768403996721));
#5752=CARTESIAN_POINT('Ctrl Pts',(4.00827777694626,10.368921724068,-9.79177714321318));
#5753=CARTESIAN_POINT('Ctrl Pts',(4.50601860699638,10.8,-11.0945534173562));
#5754=CARTESIAN_POINT('Ctrl Pts',(4.79260062659307,10.8,-11.8401202095052));
#5755=CARTESIAN_POINT('',(5.2581861877489,10.3,-11.6578289995053));
#5756=CARTESIAN_POINT('Ctrl Pts',(4.20887512800612,8.79993541270781,-8.97780905461734));
#5757=CARTESIAN_POINT('Ctrl Pts',(4.29781018398157,9.14864757385575,-9.20495592551028));
#5758=CARTESIAN_POINT('Ctrl Pts',(4.59417965706075,9.95328136111689,-9.96190601341163));
#5759=CARTESIAN_POINT('Ctrl Pts',(5.00330377595356,10.3,-11.0068400092815));
#5760=CARTESIAN_POINT('Ctrl Pts',(5.2581861877489,10.3,-11.6578289995053));
#5761=CARTESIAN_POINT('',(4.79260062659304,10.8,-11.8401202095051));
#5762=CARTESIAN_POINT('Origin',(4.79260062659307,10.3,-11.8401202095051));
#5763=CARTESIAN_POINT('Ctrl Pts',(4.79260062659307,10.8,-11.8401202095052));
#5764=CARTESIAN_POINT('Ctrl Pts',(4.50601860699638,10.8,-11.0945534173562));
#5765=CARTESIAN_POINT('Ctrl Pts',(4.00827777694626,10.368921724068,-9.79177714321318));
#5766=CARTESIAN_POINT('Ctrl Pts',(3.66667521864033,9.31847231542059,-8.87768403996721));
#5767=CARTESIAN_POINT('Ctrl Pts',(3.56246770499961,8.8,-8.596340136282));
#5768=CARTESIAN_POINT('Origin',(4.03819601544004,10.3,-9.91331367713031));
#5769=CARTESIAN_POINT('',(4.03819601544004,10.8,-9.91331367713031));
#5770=CARTESIAN_POINT('',(4.50378157659587,10.3,-9.73102246713046));
#5771=CARTESIAN_POINT('Origin',(2.70131073002134,8.8,-12.4896121799869));
#5772=CARTESIAN_POINT('',(2.70131073002134,8.8,-12.4896121799869));
#5773=CARTESIAN_POINT('Origin',(4.16329352654208,8.8,-12.8251808058704));
#5774=CARTESIAN_POINT('',(5.36239321304177,8.8,-11.9239816370757));
#5775=CARTESIAN_POINT('Origin',(3.99752703164457,8.8,-8.43801000427483));
#5776=CARTESIAN_POINT('Origin',(0.279370893861362,10.3,-11.6562994935307));
#5777=CARTESIAN_POINT('',(-0.362393213041769,10.3,-11.9239816370757));
#5778=CARTESIAN_POINT('',(-0.258186187748833,10.3,-11.6578289995051));
#5779=CARTESIAN_POINT('',(-0.186214667294469,10.3,-11.4740082835309));
#5780=CARTESIAN_POINT('',(0.207399373406998,10.8,-11.840120209505));
#5781=CARTESIAN_POINT('Origin',(0.207399373406998,10.3,-11.840120209505));
#5782=CARTESIAN_POINT('',(0.0757390023388152,10.8,-12.1763907721164));
#5783=CARTESIAN_POINT('',(0.279370893861362,10.8,-11.6562994935307));
#5784=CARTESIAN_POINT('Ctrl Pts',(0.0757390023388166,10.8,-12.1763907721164));
#5785=CARTESIAN_POINT('Ctrl Pts',(0.0744627507434881,10.8,-12.1756264622568));
#5786=CARTESIAN_POINT('Ctrl Pts',(0.0731863636019663,10.7999935431824,-12.1748623916706));
#5787=CARTESIAN_POINT('Ctrl Pts',(0.0136787723845062,10.7993914831062,-12.1392548081234));
#5788=CARTESIAN_POINT('Ctrl Pts',(-0.044188537695885,10.7853695274494,-12.1053016868747));
#5789=CARTESIAN_POINT('Ctrl Pts',(-0.150185778141953,10.732768283303,-12.0439028399973));
#5790=CARTESIAN_POINT('Ctrl Pts',(-0.197589293429109,10.6955610403603,-12.0168378311051));
#5791=CARTESIAN_POINT('Ctrl Pts',(-0.277089662327067,10.6027100007305,-11.9717614581311));
#5792=CARTESIAN_POINT('Ctrl Pts',(-0.308550407737187,10.5481399024079,-11.9541012682902));
#5793=CARTESIAN_POINT('Ctrl Pts',(-0.351373564022857,10.4284404207252,-11.9301170290277));
#5794=CARTESIAN_POINT('Ctrl Pts',(-0.362393213041768,10.3645434919288,-11.9239816370757));
#5795=CARTESIAN_POINT('Ctrl Pts',(-0.362393213041769,10.3,-11.9239816370757));
#5796=CARTESIAN_POINT('Ctrl Pts',(-0.258186187748833,10.3,-11.6578289995051));
#5797=CARTESIAN_POINT('Ctrl Pts',(-0.00330377595349894,10.3,-11.0068400092813));
#5798=CARTESIAN_POINT('Ctrl Pts',(0.441783882375974,9.9228213954352,-9.87005240900684));
#5799=CARTESIAN_POINT('Ctrl Pts',(0.753417545577293,9.003663275993,-9.07411642308217));
#5800=CARTESIAN_POINT('Ctrl Pts',(0.849263530747201,8.55,-8.82931851543813));
#5801=CARTESIAN_POINT('Ctrl Pts',(-0.258186187748833,10.4308996938996,-11.6578289995051));
#5802=CARTESIAN_POINT('Ctrl Pts',(0.0062478480947022,10.4300642961178,-10.9825184167821));
#5803=CARTESIAN_POINT('Ctrl Pts',(0.467498112592223,10.0368919511444,-9.80429374570097));
#5804=CARTESIAN_POINT('Ctrl Pts',(0.789605267134927,9.08283486089955,-8.9816188959834));
#5805=CARTESIAN_POINT('Ctrl Pts',(0.888599702787709,8.61252316424278,-8.7288509518446));
#5806=CARTESIAN_POINT('Ctrl Pts',(-0.157322778407263,10.6916811239902,-11.6973201574524));
#5807=CARTESIAN_POINT('Ctrl Pts',(0.124620260228977,10.6892500837771,-10.9732343118736));
#5808=CARTESIAN_POINT('Ctrl Pts',(0.615253881196794,10.2640386517577,-9.71111317842221));
#5809=CARTESIAN_POINT('Ctrl Pts',(0.954352559634861,9.24051827541558,-8.83343880764942));
#5810=CARTESIAN_POINT('Ctrl Pts',(1.05811667719861,8.73717603471587,-8.56421348188745));
#5811=CARTESIAN_POINT('Ctrl Pts',(0.0855093585282778,10.8,-11.7923964823259));
#5812=CARTESIAN_POINT('Ctrl Pts',(0.372935954573489,10.7986711533439,-11.0469353229826));
#5813=CARTESIAN_POINT('Ctrl Pts',(0.871875629109404,10.3647568374448,-9.74644304415629));
#5814=CARTESIAN_POINT('Ctrl Pts',(1.21430308330949,9.31340664676729,-8.83777037845417));
#5815=CARTESIAN_POINT('Ctrl Pts',(1.31881240879301,8.79535316140889,-8.55846920624107));
#5816=CARTESIAN_POINT('Ctrl Pts',(0.207399373406998,10.8,-11.840120209505));
#5817=CARTESIAN_POINT('Ctrl Pts',(0.493981393003627,10.8,-11.0945534173562));
#5818=CARTESIAN_POINT('Ctrl Pts',(0.991727245393941,10.3689387376402,-9.79176701349652));
#5819=CARTESIAN_POINT('Ctrl Pts',(1.33332478135968,9.31847231542057,-8.8776840399672));
#5820=CARTESIAN_POINT('Ctrl Pts',(1.43753229500039,8.8,-8.596340136282));
#5821=CARTESIAN_POINT('Ctrl Pts',(1.43753229500039,8.8,-8.596340136282));
#5822=CARTESIAN_POINT('Ctrl Pts',(1.33332478135968,9.31847231542057,-8.8776840399672));
#5823=CARTESIAN_POINT('Ctrl Pts',(0.991727245393941,10.3689387376402,-9.79176701349652));
#5824=CARTESIAN_POINT('Ctrl Pts',(0.493981393003627,10.8,-11.0945534173562));
#5825=CARTESIAN_POINT('Ctrl Pts',(0.207399373406998,10.8,-11.840120209505));
#5826=CARTESIAN_POINT('Ctrl Pts',(-0.258186187748833,10.3,-11.6578289995051));
#5827=CARTESIAN_POINT('Ctrl Pts',(-0.00330377595349894,10.3,-11.0068400092813));
#5828=CARTESIAN_POINT('Ctrl Pts',(0.405823642185463,9.95329501779036,-9.96189758688685));
#5829=CARTESIAN_POINT('Ctrl Pts',(0.70219039080956,9.14864965768322,-9.20495445745021));
#5830=CARTESIAN_POINT('Ctrl Pts',(0.791125071241944,8.79993579474178,-8.97780854572271));
#5831=CARTESIAN_POINT('Origin',(0.836706473457927,10.3,-12.8251808058704));
#5832=CARTESIAN_POINT('',(2.29868926997867,10.3,-12.4896121799869));
#5833=CARTESIAN_POINT('Origin',(0.836706473457927,10.3,-12.8251808058704));
#5834=CARTESIAN_POINT('',(1.79577153050273,10.8,-12.5419949722635));
#5835=CARTESIAN_POINT('Origin',(0.836706473457927,10.8,-12.8251808058704));
#5836=CARTESIAN_POINT('Ctrl Pts',(1.79577153050272,10.8,-12.5419949722635));
#5837=CARTESIAN_POINT('Ctrl Pts',(1.79724831717699,10.8,-12.5418158387527));
#5838=CARTESIAN_POINT('Ctrl Pts',(1.79872513035767,10.7999935431824,-12.5416369789605));
#5839=CARTESIAN_POINT('Ctrl Pts',(1.86757092900877,10.7993914831062,-12.5333117506425));
#5840=CARTESIAN_POINT('Ctrl Pts',(1.93424532583805,10.7853695274495,-12.5258307863991));
#5841=CARTESIAN_POINT('Ctrl Pts',(2.05605178423802,10.732768283303,-12.512853110484));
#5842=CARTESIAN_POINT('Ctrl Pts',(2.11036538116652,10.6955610403603,-12.5074087412274));
#5843=CARTESIAN_POINT('Ctrl Pts',(2.20132679467963,10.6027100007305,-12.4985651386188));
#5844=CARTESIAN_POINT('Ctrl Pts',(2.23725066207506,10.5481399024079,-12.4952279903854));
#5845=CARTESIAN_POINT('Ctrl Pts',(2.28612683094612,10.4284404207252,-12.4907350443856));
#5846=CARTESIAN_POINT('Ctrl Pts',(2.29868926997866,10.3645434919288,-12.4896121799869));
#5847=CARTESIAN_POINT('Ctrl Pts',(2.29868926997867,10.3,-12.4896121799869));
#5848=CARTESIAN_POINT('Ctrl Pts',(2.45049864501357,8.55,-9.16967154575189));
#5849=CARTESIAN_POINT('Ctrl Pts',(2.43448715860203,9.15488436833259,-9.5198290003884));
#5850=CARTESIAN_POINT('Ctrl Pts',(2.39160276500919,10.0216681925719,-10.4576738523986));
#5851=CARTESIAN_POINT('Ctrl Pts',(2.33569625100835,10.3,-11.680301292286));
#5852=CARTESIAN_POINT('Ctrl Pts',(2.31174544571907,10.3,-12.2040848312423));
#5853=CARTESIAN_POINT('Ctrl Pts',(2.45542710327896,8.61252316424278,-9.06189039682339));
#5854=CARTESIAN_POINT('Ctrl Pts',(2.4389283458647,9.23960542680626,-9.42346329255611));
#5855=CARTESIAN_POINT('Ctrl Pts',(2.39454285041374,10.1397380886957,-10.393145718795));
#5856=CARTESIAN_POINT('Ctrl Pts',(2.33657123110264,10.4302731455629,-11.6607233853862));
#5857=CARTESIAN_POINT('Ctrl Pts',(2.31174544571907,10.4308996938996,-12.2040848312423));
#5858=CARTESIAN_POINT('Ctrl Pts',(2.36751877214312,8.73717110891549,-8.8425458268028));
#5859=CARTESIAN_POINT('Ctrl Pts',(2.3479046828457,9.40829409689442,-9.22675148339568));
#5860=CARTESIAN_POINT('Ctrl Pts',(2.29632285803642,10.3749929033843,-10.26007773372));
#5861=CARTESIAN_POINT('Ctrl Pts',(2.23123571959728,10.6898455674366,-11.6170149683934));
#5862=CARTESIAN_POINT('Ctrl Pts',(2.20352737167961,10.6916688475974,-12.1991363939064));
#5863=CARTESIAN_POINT('Ctrl Pts',(2.13170873913585,8.79535316140889,-8.73125565521292));
#5864=CARTESIAN_POINT('Ctrl Pts',(2.10753807030042,9.48609114227714,-9.12813844131299));
#5865=CARTESIAN_POINT('Ctrl Pts',(2.04606951524926,10.4781244140277,-10.193402072804));
#5866=CARTESIAN_POINT('Ctrl Pts',(1.97350224559709,10.7990033650074,-11.5887850822686));
#5867=CARTESIAN_POINT('Ctrl Pts',(1.94303041437596,10.8,-12.1872247711867));
#5868=CARTESIAN_POINT('Ctrl Pts',(2.00784923140424,8.8,-8.71756474334619));
#5869=CARTESIAN_POINT('Ctrl Pts',(1.98220313246168,9.49129642095146,-9.11677202294321));
#5870=CARTESIAN_POINT('Ctrl Pts',(1.91772920465508,10.4819065057965,-10.1867380827959));
#5871=CARTESIAN_POINT('Ctrl Pts',(1.84335008036833,10.8,-11.5829910058436));
#5872=CARTESIAN_POINT('Ctrl Pts',(1.81226735636361,10.8,-12.1812454298967));
#5873=CARTESIAN_POINT('',(2.31174544571907,10.3,-12.2040848312423));
#5874=CARTESIAN_POINT('Ctrl Pts',(2.44320761919178,8.79983152409262,-9.32912001779423));
#5875=CARTESIAN_POINT('Ctrl Pts',(2.42747068477198,9.29113981128022,-9.67327325619975));
#5876=CARTESIAN_POINT('Ctrl Pts',(2.38708466672675,10.0441616440697,-10.556480780982));
#5877=CARTESIAN_POINT('Ctrl Pts',(2.33569625100835,10.3,-11.680301292286));
#5878=CARTESIAN_POINT('Ctrl Pts',(2.31174544571907,10.3,-12.2040848312423));
#5879=CARTESIAN_POINT('',(1.81226735636362,10.8,-12.1812454298966));
#5880=CARTESIAN_POINT('Origin',(1.81226735636362,10.3,-12.1812454298967));
#5881=CARTESIAN_POINT('Ctrl Pts',(1.81226735636361,10.8,-12.1812454298967));
#5882=CARTESIAN_POINT('Ctrl Pts',(1.84335008036833,10.8,-11.5829910058436));
#5883=CARTESIAN_POINT('Ctrl Pts',(1.91772920465508,10.4819065057965,-10.1867380827959));
#5884=CARTESIAN_POINT('Ctrl Pts',(1.98220313246168,9.49129642095146,-9.11677202294321));
#5885=CARTESIAN_POINT('Ctrl Pts',(2.00784923140424,8.8,-8.71756474334619));
#5886=CARTESIAN_POINT('Origin',(1.90853787404883,10.3,-10.0758919003898));
#5887=CARTESIAN_POINT('',(1.90853787404883,10.8,-10.0758919003898));
#5888=CARTESIAN_POINT('',(2.40801596340429,10.3,-10.0987313017353));
#5889=CARTESIAN_POINT('Origin',(-0.362393213041769,8.8,-11.9239816370757));
#5890=CARTESIAN_POINT('',(-0.362393213041769,8.8,-11.9239816370757));
#5891=CARTESIAN_POINT('Origin',(0.836706473457927,8.8,-12.8251808058704));
#5892=CARTESIAN_POINT('',(2.29868926997867,8.8,-12.4896121799869));
#5893=CARTESIAN_POINT('Origin',(2.46969436945614,8.8,-8.74987754050147));
#5894=CARTESIAN_POINT('Origin',(-2.20909567266372,10.3,-10.1510664286021));
#5895=CARTESIAN_POINT('',(-2.93116336554397,10.3,-10.1611317667157));
#5896=CARTESIAN_POINT('',(-2.72771148058194,10.3,-9.9603740492761));
#5897=CARTESIAN_POINT('',(-2.56028473238404,10.3,-9.79516441352944));
#5898=CARTESIAN_POINT('',(-2.37652242086161,10.8,-10.3162760643487));
#5899=CARTESIAN_POINT('Origin',(-2.37652242086161,10.3,-10.3162760643487));
#5900=CARTESIAN_POINT('',(-2.63357371460426,10.8,-10.5699234120069));
#5901=CARTESIAN_POINT('',(-2.20909567266372,10.8,-10.1510664286021));
#5902=CARTESIAN_POINT('Ctrl Pts',(-2.63357371460426,10.8,-10.5699234120069));
#5903=CARTESIAN_POINT('Ctrl Pts',(-2.63442875562552,10.8,-10.5687060819167));
#5904=CARTESIAN_POINT('Ctrl Pts',(-2.63528401779563,10.7999935431824,-10.567488915282));
#5905=CARTESIAN_POINT('Ctrl Pts',(-2.67516399844781,10.7993914831061,-10.5107558511852));
#5906=CARTESIAN_POINT('Ctrl Pts',(-2.71421843815883,10.7853695274493,-10.4562013760502));
#5907=CARTESIAN_POINT('Ctrl Pts',(-2.7860785748232,10.732768283303,-10.3569977766266));
#5908=CARTESIAN_POINT('Ctrl Pts',(-2.81837551002843,10.6955610403603,-10.3129919140142));
#5909=CARTESIAN_POINT('Ctrl Pts',(-2.8726684982906,10.6027100007305,-10.239476885068));
#5910=CARTESIAN_POINT('Ctrl Pts',(-2.8942262730221,10.5481399024079,-10.210547260881));
#5911=CARTESIAN_POINT('Ctrl Pts',(-2.92359190396443,10.4284404207252,-10.1712188212141));
#5912=CARTESIAN_POINT('Ctrl Pts',(-2.93116336554398,10.3645434919288,-10.1611317667157));
#5913=CARTESIAN_POINT('Ctrl Pts',(-2.93116336554398,10.3,-10.1611317667157));
#5914=CARTESIAN_POINT('Ctrl Pts',(-2.72771148058194,10.3,-9.9603740492761));
#5915=CARTESIAN_POINT('Ctrl Pts',(-2.35449067199718,10.3,-9.59209553641577));
#5916=CARTESIAN_POINT('Ctrl Pts',(-1.48330248197697,10.0216885374241,-8.73244386731741));
#5917=CARTESIAN_POINT('Ctrl Pts',(-0.815050885593588,9.15488436639603,-8.07304144796725));
#5918=CARTESIAN_POINT('Ctrl Pts',(-0.56554696148819,8.55,-7.82684152553853));
#5919=CARTESIAN_POINT('Ctrl Pts',(-2.72771148058194,10.4308996938996,-9.9603740492761));
#5920=CARTESIAN_POINT('Ctrl Pts',(-2.34052692779666,10.4302731455649,-9.57834512281522));
#5921=CARTESIAN_POINT('Ctrl Pts',(-1.43731672640355,10.1397585739699,-8.68708176239134));
#5922=CARTESIAN_POINT('Ctrl Pts',(-0.746408942764476,9.23960542479866,-8.00525975809439));
#5923=CARTESIAN_POINT('Ctrl Pts',(-0.488747740645498,8.61252316424278,-7.75105930174444));
#5924=CARTESIAN_POINT('Ctrl Pts',(-2.65162800949768,10.6916773330797,-10.037478560146));
#5925=CARTESIAN_POINT('Ctrl Pts',(-2.23756798929705,10.6898540529247,-9.62737198365335));
#5926=CARTESIAN_POINT('Ctrl Pts',(-1.27270479059776,10.3750237486621,-8.67102161688573));
#5927=CARTESIAN_POINT('Ctrl Pts',(-0.539317816944052,9.40829749947498,-7.94126829607009));
#5928=CARTESIAN_POINT('Ctrl Pts',(-0.266921759664728,8.7371745136446,-7.66960842400946));
#5929=CARTESIAN_POINT('Ctrl Pts',(-2.46846350169816,10.8,-10.2231011346862));
#5930=CARTESIAN_POINT('Ctrl Pts',(-2.04412577977868,10.7990033650106,-9.80002184043087));
#5931=CARTESIAN_POINT('Ctrl Pts',(-1.05570617445076,10.4781447004935,-8.81239680893939));
#5932=CARTESIAN_POINT('Ctrl Pts',(-0.305196431630961,9.48609114006581,-8.0539198297145));
#5933=CARTESIAN_POINT('Ctrl Pts',(-0.0264283780060501,8.79535316140889,
-7.77039110383228));
#5934=CARTESIAN_POINT('Ctrl Pts',(-2.37652242086162,10.8,-10.3162760643487));
#5935=CARTESIAN_POINT('Ctrl Pts',(-1.95273114462481,10.8,-9.89286675467479));
#5936=CARTESIAN_POINT('Ctrl Pts',(-0.964872755949636,10.4819297570561,-8.90330870990273));
#5937=CARTESIAN_POINT('Ctrl Pts',(-0.212884093678895,9.49129641873835,-8.1394562217965));
#5938=CARTESIAN_POINT('Ctrl Pts',(0.0666241398155415,8.8,-7.85327564793021));
#5939=CARTESIAN_POINT('Ctrl Pts',(0.0666241398155415,8.8,-7.85327564793021));
#5940=CARTESIAN_POINT('Ctrl Pts',(-0.212884093678895,9.49129641873835,-8.1394562217965));
#5941=CARTESIAN_POINT('Ctrl Pts',(-0.964872755949636,10.4819297570561,-8.90330870990273));
#5942=CARTESIAN_POINT('Ctrl Pts',(-1.95273114462481,10.8,-9.89286675467479));
#5943=CARTESIAN_POINT('Ctrl Pts',(-2.37652242086162,10.8,-10.3162760643487));
#5944=CARTESIAN_POINT('Ctrl Pts',(-2.72771148058194,10.3,-9.9603740492761));
#5945=CARTESIAN_POINT('Ctrl Pts',(-2.35449067199718,10.3,-9.59209553641577));
#5946=CARTESIAN_POINT('Ctrl Pts',(-1.55370768708384,10.0441803202911,-8.80191674674422));
#5947=CARTESIAN_POINT('Ctrl Pts',(-0.924385989778657,9.29114268826068,-8.18092870571527));
#5948=CARTESIAN_POINT('Ctrl Pts',(-0.67916125071886,8.79983188656273,-7.93895130215097));
#5949=CARTESIAN_POINT('Origin',(-2.20228201833978,10.3,-11.4721359549996));
#5950=CARTESIAN_POINT('',(-0.730206219013185,10.3,-11.7602207359877));
#5951=CARTESIAN_POINT('Origin',(-2.20228201833978,10.3,-11.4721359549996));
#5952=CARTESIAN_POINT('',(-1.21095043656486,10.8,-11.6035197248329));
#5953=CARTESIAN_POINT('Origin',(-2.20228201833978,10.8,-11.4721359549996));
#5954=CARTESIAN_POINT('Ctrl Pts',(-1.21095043656485,10.8,-11.6035197248329));
#5955=CARTESIAN_POINT('Ctrl Pts',(-1.20952846464357,10.8,-11.6039567414823));
#5956=CARTESIAN_POINT('Ctrl Pts',(-1.20810657983911,10.7999935431824,-11.6043940189672));
#5957=CARTESIAN_POINT('Ctrl Pts',(-1.14182663778237,10.7993914831061,-11.6247906534879));
#5958=CARTESIAN_POINT('Ctrl Pts',(-1.07787376313661,10.7853695274492,-11.6450753729288));
#5959=CARTESIAN_POINT('Ctrl Pts',(-0.961319530017754,10.732768283303,-11.6827628260402));
#5960=CARTESIAN_POINT('Ctrl Pts',(-0.909487165780379,10.6955610403603,-11.6998804773242));
#5961=CARTESIAN_POINT('Ctrl Pts',(-0.822792762407031,10.6027100007305,-11.7287987843137));
#5962=CARTESIAN_POINT('Ctrl Pts',(-0.788617336057048,10.5481399024079,-11.7403617009343));
#5963=CARTESIAN_POINT('Ctrl Pts',(-0.742139288224459,10.4284404207252,-11.7561369193778));
#5964=CARTESIAN_POINT('Ctrl Pts',(-0.730206219013187,10.3645434919288,-11.7602207359877));
#5965=CARTESIAN_POINT('Ctrl Pts',(-0.730206219013187,10.3,-11.7602207359877));
#5966=CARTESIAN_POINT('Ctrl Pts',(0.758820054757187,8.55,-8.78905048552836));
#5967=CARTESIAN_POINT('Ctrl Pts',(0.641033238869106,9.00366327487034,-9.02407970524578));
#5968=CARTESIAN_POINT('Ctrl Pts',(0.258061551560093,9.92282276362984,-9.78825298018708));
#5969=CARTESIAN_POINT('Ctrl Pts',(-0.288914897639019,10.3,-10.8796777469558));
#5970=CARTESIAN_POINT('Ctrl Pts',(-0.602144373636637,10.3,-11.5046889486014));
#5971=CARTESIAN_POINT('Ctrl Pts',(0.80716096812074,8.61252316424278,-8.69259209107563));
#5972=CARTESIAN_POINT('Ctrl Pts',(0.685557985442857,9.08283485973568,-8.93529406081112));
#5973=CARTESIAN_POINT('Ctrl Pts',(0.289723533995181,10.0368932704462,-9.72514242272745));
#5974=CARTESIAN_POINT('Ctrl Pts',(-0.277231716045828,10.4300642961199,-10.8563051850906));
#5975=CARTESIAN_POINT('Ctrl Pts',(-0.602144373636639,10.4308996938996,-11.5046889486014));
#5976=CARTESIAN_POINT('Ctrl Pts',(0.816079647020961,8.73717536320626,-8.45645284813936));
#5977=CARTESIAN_POINT('Ctrl Pts',(0.685437986520513,9.24051760266034,-8.71371152001471));
#5978=CARTESIAN_POINT('Ctrl Pts',(0.260100765083466,10.2640392928623,-9.55298826516731));
#5979=CARTESIAN_POINT('Ctrl Pts',(-0.349540381692883,10.6892484102042,-10.7621243110666));
#5980=CARTESIAN_POINT('Ctrl Pts',(-0.698984313770155,10.6916794504113,-11.456156820499));
#5981=CARTESIAN_POINT('Ctrl Pts',(0.645910791889187,8.79535316140889,-8.258874104005));
#5982=CARTESIAN_POINT('Ctrl Pts',(0.508279959680794,9.31340664548525,-8.5234286305172));
#5983=CARTESIAN_POINT('Ctrl Pts',(0.0621335624865931,10.3647579723095,-9.38592174130038));
#5984=CARTESIAN_POINT('Ctrl Pts',(-0.570465041685707,10.7986711533473,-10.626906139861));
#5985=CARTESIAN_POINT('Ctrl Pts',(-0.932124711455629,10.8,-11.3393166032219));
#5986=CARTESIAN_POINT('Ctrl Pts',(0.538328096748454,8.8,-8.19598863327038));
#5987=CARTESIAN_POINT('Ctrl Pts',(0.398977267679609,9.3184723141375,-8.46168572401906));
#5988=CARTESIAN_POINT('Ctrl Pts',(-0.051745016274896,10.3689403012912,-9.32718209686171));
#5989=CARTESIAN_POINT('Ctrl Pts',(-0.686847389733804,10.8,-10.5688145730044));
#5990=CARTESIAN_POINT('Ctrl Pts',(-1.04915069192618,10.8,-11.2806680758925));
#5991=CARTESIAN_POINT('',(-0.602144373636636,10.3,-11.5046889486014));
#5992=CARTESIAN_POINT('Ctrl Pts',(0.687372702244625,8.79993582974589,-8.93161496004356));
#5993=CARTESIAN_POINT('Ctrl Pts',(0.578079352394418,9.14864984846567,-9.14969650458591));
#5994=CARTESIAN_POINT('Ctrl Pts',(0.21386935138123,9.95329627296829,-9.87643312367193));
#5995=CARTESIAN_POINT('Ctrl Pts',(-0.288914897639019,10.3,-10.8796777469558));
#5996=CARTESIAN_POINT('Ctrl Pts',(-0.602144373636637,10.3,-11.5046889486014));
#5997=CARTESIAN_POINT('',(-1.04915069192614,10.8,-11.2806680758925));
#5998=CARTESIAN_POINT('Origin',(-1.04915069192617,10.3,-11.2806680758925));
#5999=CARTESIAN_POINT('Ctrl Pts',(-1.04915069192618,10.8,-11.2806680758925));
#6000=CARTESIAN_POINT('Ctrl Pts',(-0.686847389733804,10.8,-10.5688145730044));
#6001=CARTESIAN_POINT('Ctrl Pts',(-0.051745016274896,10.3689403012912,-9.32718209686171));
#6002=CARTESIAN_POINT('Ctrl Pts',(0.398977267679609,9.3184723141375,-8.46168572401906));
#6003=CARTESIAN_POINT('Ctrl Pts',(0.538328096748454,8.8,-8.19598863327038));
#6004=CARTESIAN_POINT('Origin',(-0.101455724878882,10.3,-9.38965839916524));
#6005=CARTESIAN_POINT('',(-0.101455724878882,10.8,-9.38965839916524));
#6006=CARTESIAN_POINT('',(0.345550593410652,10.3,-9.61367927187409));
#6007=CARTESIAN_POINT('Origin',(-2.93116336554397,8.8,-10.1611317667157));
#6008=CARTESIAN_POINT('',(-2.93116336554397,8.8,-10.1611317667157));
#6009=CARTESIAN_POINT('Origin',(-2.20228201833978,8.8,-11.4721359549996));
#6010=CARTESIAN_POINT('',(-0.730206219013185,8.8,-11.7602207359877));
#6011=CARTESIAN_POINT('Origin',(0.947101826106759,8.8,-8.41335718340742));
#6012=CARTESIAN_POINT('Origin',(-3.89070945637307,10.3,-7.7879670572515));
#6013=CARTESIAN_POINT('',(-4.56083603157342,10.3,-7.50587532648046));
#6014=CARTESIAN_POINT('',(-4.29331796615458,10.3,-7.4052253623437));
#6015=CARTESIAN_POINT('',(-4.0667782357798,10.3,-7.31999292878047));
#6016=CARTESIAN_POINT('',(-4.11724918674785,10.8,-7.87319949081473));
#6017=CARTESIAN_POINT('Origin',(-4.11724918674785,10.3,-7.87319949081473));
#6018=CARTESIAN_POINT('',(-4.45524489923917,10.8,-8.00036569279578));
#6019=CARTESIAN_POINT('',(-3.89070945637307,10.8,-7.7879670572515));
#6020=CARTESIAN_POINT('Ctrl Pts',(-4.45524489923917,10.8,-8.00036569279578));
#6021=CARTESIAN_POINT('Ctrl Pts',(-4.45553088532583,10.8,-7.99890582990673));
#6022=CARTESIAN_POINT('Ctrl Pts',(-4.45581713992536,10.7999935431824,-7.99744602639241));
#6023=CARTESIAN_POINT('Ctrl Pts',(-4.46917389905903,10.7993914831061,-7.92939714393185));
#6024=CARTESIAN_POINT('Ctrl Pts',(-4.48266260097651,10.7853695274493,-7.86367427927322));
#6025=CARTESIAN_POINT('Ctrl Pts',(-4.50796036340124,10.732768283303,-7.74381913088029));
#6026=CARTESIAN_POINT('Ctrl Pts',(-4.51956628501914,10.6955610403603,-7.69048142797406));
#6027=CARTESIAN_POINT('Ctrl Pts',(-4.53926414173868,10.6027100007305,-7.60123915942345));
#6028=CARTESIAN_POINT('Ctrl Pts',(-4.54719141069425,10.5481399024079,-7.56604229572961));
#6029=CARTESIAN_POINT('Ctrl Pts',(-4.55802193192492,10.4284404207252,-7.51816990016452));
#6030=CARTESIAN_POINT('Ctrl Pts',(-4.56083603157342,10.3645434919288,-7.50587532648046));
#6031=CARTESIAN_POINT('Ctrl Pts',(-4.56083603157342,10.3,-7.50587532648046));
#6032=CARTESIAN_POINT('Ctrl Pts',(-4.29331796615458,10.3,-7.4052253623437));
#6033=CARTESIAN_POINT('Ctrl Pts',(-3.80257142528442,10.3,-7.22058877841247));
#6034=CARTESIAN_POINT('Ctrl Pts',(-2.65705088998545,10.0216858990559,-6.78960255467743));
#6035=CARTESIAN_POINT('Ctrl Pts',(-1.77836824126934,9.1548843669533,-6.45901038721984));
#6036=CARTESIAN_POINT('Ctrl Pts',(-1.45029653446243,8.55,-6.33557795482428));
#6037=CARTESIAN_POINT('Ctrl Pts',(-4.29331796615458,10.4308996938996,-7.4052253623437));
#6038=CARTESIAN_POINT('Ctrl Pts',(-3.78422211311267,10.4302731455643,-7.21370671696154));
#6039=CARTESIAN_POINT('Ctrl Pts',(-2.59659027043574,10.1397559173909,-6.7668662725509));
#6040=CARTESIAN_POINT('Ctrl Pts',(-1.68809140920302,9.23960542537637,-6.42500792572935));
#6041=CARTESIAN_POINT('Ctrl Pts',(-1.34931354780027,8.61252316424278,-6.29758450578353));
#6042=CARTESIAN_POINT('Ctrl Pts',(-4.25517494174878,10.6916814652367,-7.50660590614994));
#6043=CARTESIAN_POINT('Ctrl Pts',(-3.71010691837501,10.68985818508,-7.300368288504));
#6044=CARTESIAN_POINT('Ctrl Pts',(-2.43967870723975,10.3750239547862,-6.81914449406601));
#6045=CARTESIAN_POINT('Ctrl Pts',(-1.4728751560556,9.40829915808681,-6.45077602383523));
#6046=CARTESIAN_POINT('Ctrl Pts',(-1.11353495049694,8.73717617163818,-6.31339583948879));
#6047=CARTESIAN_POINT('Ctrl Pts',(-4.16334388540708,10.8,-7.75068415047517));
#6048=CARTESIAN_POINT('Ctrl Pts',(-3.60361023462518,10.7990033650097,-7.53677568333246));
#6049=CARTESIAN_POINT('Ctrl Pts',(-2.2989414757701,10.4781420696918,-7.03656195664356));
#6050=CARTESIAN_POINT('Ctrl Pts',(-1.30481555801324,9.48609114070214,-6.64891840880472));
#6051=CARTESIAN_POINT('Ctrl Pts',(-0.934826746366596,8.7953531614089,-6.50328721135784));
#6052=CARTESIAN_POINT('Ctrl Pts',(-4.11724918674785,10.8,-7.87319949081473));
#6053=CARTESIAN_POINT('Ctrl Pts',(-3.55788050957403,10.8,-7.65876728010235));
#6054=CARTESIAN_POINT('Ctrl Pts',(-2.2529390097117,10.4819267417781,-7.15655967176435));
#6055=CARTESIAN_POINT('Ctrl Pts',(-1.25527482597063,9.4912964193752,-6.76460660170942));
#6056=CARTESIAN_POINT('Ctrl Pts',(-0.883531222617732,8.8,-6.61685387885578));
#6057=CARTESIAN_POINT('Ctrl Pts',(-0.883531222617732,8.8,-6.61685387885578));
#6058=CARTESIAN_POINT('Ctrl Pts',(-1.25527482597063,9.4912964193752,-6.76460660170942));
#6059=CARTESIAN_POINT('Ctrl Pts',(-2.2529390097117,10.4819267417781,-7.15655967176435));
#6060=CARTESIAN_POINT('Ctrl Pts',(-3.55788050957403,10.8,-7.65876728010235));
#6061=CARTESIAN_POINT('Ctrl Pts',(-4.11724918674785,10.8,-7.87319949081473));
#6062=CARTESIAN_POINT('Ctrl Pts',(-4.29331796615458,10.3,-7.4052253623437));
#6063=CARTESIAN_POINT('Ctrl Pts',(-3.80257142528442,10.3,-7.22058877841247));
#6064=CARTESIAN_POINT('Ctrl Pts',(-2.74962631801128,10.0441778983056,-6.82443277631558));
#6065=CARTESIAN_POINT('Ctrl Pts',(-1.92213274545142,9.29114231537295,-6.51309978924737));
#6066=CARTESIAN_POINT('Ctrl Pts',(-1.59968756945852,8.79983183956215,-6.39178426108314));
#6067=CARTESIAN_POINT('Origin',(-4.42820323027551,10.3,-9.));
#6068=CARTESIAN_POINT('',(-3.20056970723542,10.3,-9.86192571205886));
#6069=CARTESIAN_POINT('Origin',(-4.42820323027551,10.3,-9.));
#6070=CARTESIAN_POINT('',(-3.57601536022403,10.8,-9.52323592588538));
#6071=CARTESIAN_POINT('Origin',(-4.42820323027551,10.8,-9.));
#6072=CARTESIAN_POINT('Ctrl Pts',(-3.57601536022401,10.8,-9.52323592588539));
#6073=CARTESIAN_POINT('Ctrl Pts',(-3.57489407491939,10.8,-9.52421352854609));
#6074=CARTESIAN_POINT('Ctrl Pts',(-3.57377297529121,10.7999935431824,-9.52519133405839));
#6075=CARTESIAN_POINT('Ctrl Pts',(-3.52151929394826,10.7993914831061,-9.5707830680104));
#6076=CARTESIAN_POINT('Ctrl Pts',(-3.471345974503,10.7853695274493,-9.61532605886455));
#6077=CARTESIAN_POINT('Ctrl Pts',(-3.38019725243269,10.732768283303,-9.69716213797977));
#6078=CARTESIAN_POINT('Ctrl Pts',(-3.33980840754533,10.6955610403603,-9.73388201238831));
#6079=CARTESIAN_POINT('Ctrl Pts',(-3.27237126424893,10.6027100007305,-9.79556199098284));
#6080=CARTESIAN_POINT('Ctrl Pts',(-3.24585352063431,10.5481399024079,-9.82002563912791));
#6081=CARTESIAN_POINT('Ctrl Pts',(-3.20981007055026,10.4284404207252,-9.85334134343245));
#6082=CARTESIAN_POINT('Ctrl Pts',(-3.20056970723541,10.3645434919288,-9.86192571205886));
#6083=CARTESIAN_POINT('Ctrl Pts',(-3.20056970723541,10.3,-9.86192571205886));
#6084=CARTESIAN_POINT('Ctrl Pts',(-0.631792704843501,8.55,-7.75326817391396));
#6085=CARTESIAN_POINT('Ctrl Pts',(-0.834991311417651,9.0036632750865,-7.92006983598667));
#6086=CARTESIAN_POINT('Ctrl Pts',(-1.49566988838835,9.92282422666408,-8.46240763343771));
#6087=CARTESIAN_POINT('Ctrl Pts',(-2.4392809253967,10.3,-9.23699901463259));
#6088=CARTESIAN_POINT('Ctrl Pts',(-2.97964524869367,10.3,-9.68057325350335));
#6089=CARTESIAN_POINT('Ctrl Pts',(-0.548397919465749,8.61252316424278,-7.68481106663488));
#6090=CARTESIAN_POINT('Ctrl Pts',(-0.758203556464989,9.08283485995978,-7.85706995976732));
#6091=CARTESIAN_POINT('Ctrl Pts',(-1.44107588891048,10.0368946809764,-8.41763131167513));
#6092=CARTESIAN_POINT('Ctrl Pts',(-2.4191013305587,10.4300642961195,-9.22039909496097));
#6093=CARTESIAN_POINT('Ctrl Pts',(-2.97964524869368,10.4308996938996,-9.68057325350336));
#6094=CARTESIAN_POINT('Ctrl Pts',(-0.444205488821814,8.73717474368174,-7.47271433683644));
#6095=CARTESIAN_POINT('Ctrl Pts',(-0.668189113058338,9.24051698337568,-7.65459507761621));
#6096=CARTESIAN_POINT('Ctrl Pts',(-1.39811737270001,10.2640401343665,-8.24831119031061));
#6097=CARTESIAN_POINT('Ctrl Pts',(-2.44685275070505,10.6892468661847,-9.10494880792916));
#6098=CARTESIAN_POINT('Ctrl Pts',(-3.0483741209137,10.6916779063929,-9.59684740273557));
#6099=CARTESIAN_POINT('Ctrl Pts',(-0.51929828740345,8.7953531614089,-7.22300361427281));
#6100=CARTESIAN_POINT('Ctrl Pts',(-0.75263432913427,9.31340664573211,-7.40870669767914));
#6101=CARTESIAN_POINT('Ctrl Pts',(-1.51101626231804,10.3647591848836,-8.01516864837014));
#6102=CARTESIAN_POINT('Ctrl Pts',(-2.5936783056165,10.7986711533466,-8.89156390067438));
#6103=CARTESIAN_POINT('Ctrl Pts',(-3.21383429480239,10.8,-9.39528300367676));
#6104=CARTESIAN_POINT('Ctrl Pts',(-0.592002144605375,8.8,-7.12179705385689));
#6105=CARTESIAN_POINT('Ctrl Pts',(-0.827374204398235,9.31847231438456,-7.30784433588257));
#6106=CARTESIAN_POINT('Ctrl Pts',(-1.59115779405654,10.3689419733304,-7.91518856965149));
#6107=CARTESIAN_POINT('Ctrl Pts',(-2.67637090213119,10.8,-8.79115764808722));
#6108=CARTESIAN_POINT('Ctrl Pts',(-3.29688834256013,10.8,-9.2941061534883));
#6109=CARTESIAN_POINT('',(-2.97964524869367,10.3,-9.68057325350335));
#6110=CARTESIAN_POINT('Ctrl Pts',(-0.755049263446864,8.79993586730237,-7.85444701161874));
#6111=CARTESIAN_POINT('Ctrl Pts',(-0.94359538385798,9.14865005339331,-8.00922074157765));
#6112=CARTESIAN_POINT('Ctrl Pts',(-1.57190762073683,9.9532976150923,-8.52498965938157));
#6113=CARTESIAN_POINT('Ctrl Pts',(-2.4392809253967,10.3,-9.23699901463259));
#6114=CARTESIAN_POINT('Ctrl Pts',(-2.97964524869367,10.3,-9.68057325350335));
#6115=CARTESIAN_POINT('',(-3.29688834256006,10.8,-9.29410615348825));
#6116=CARTESIAN_POINT('Origin',(-3.29688834256011,10.3,-9.29410615348829));
#6117=CARTESIAN_POINT('Ctrl Pts',(-3.29688834256013,10.8,-9.2941061534883));
#6118=CARTESIAN_POINT('Ctrl Pts',(-2.67637090213119,10.8,-8.79115764808722));
#6119=CARTESIAN_POINT('Ctrl Pts',(-1.59115779405654,10.3689419733304,-7.91518856965149));
#6120=CARTESIAN_POINT('Ctrl Pts',(-0.827374204398235,9.31847231438456,-7.30784433588257));
#6121=CARTESIAN_POINT('Ctrl Pts',(-0.592002144605375,8.8,-7.12179705385689));
#6122=CARTESIAN_POINT('Origin',(-1.67397475452528,10.3,-7.96188892794443));
#6123=CARTESIAN_POINT('',(-1.67397475452528,10.8,-7.96188892794443));
#6124=CARTESIAN_POINT('',(-1.35673166065885,10.3,-8.34835602795949));
#6125=CARTESIAN_POINT('Origin',(-4.56083603157342,8.8,-7.50587532648046));
#6126=CARTESIAN_POINT('',(-4.56083603157342,8.8,-7.50587532648046));
#6127=CARTESIAN_POINT('Origin',(-4.42820323027551,8.8,-9.));
#6128=CARTESIAN_POINT('',(-3.20056970723542,8.8,-9.86192571205886));
#6129=CARTESIAN_POINT('Origin',(-0.306980515339462,8.8,-7.48663635992571));
#6130=CARTESIAN_POINT('Origin',(-4.48216110340327,10.3,-4.94700863447338));
#6131=CARTESIAN_POINT('',(-4.96962600206225,10.3,-4.41733027713407));
#6132=CARTESIAN_POINT('',(-4.68429806002284,10.3,-4.43419135947563));
#6133=CARTESIAN_POINT('',(-4.45266571100233,10.3,-4.44787937082807));
#6134=CARTESIAN_POINT('',(-4.71379345242378,10.8,-4.93332062312094));
#6135=CARTESIAN_POINT('Origin',(-4.71379345242378,10.3,-4.93332062312094));
#6136=CARTESIAN_POINT('',(-5.07429105437937,10.8,-4.91201748783366));
#6137=CARTESIAN_POINT('',(-4.48216110340327,10.8,-4.94700863447338));
#6138=CARTESIAN_POINT('Ctrl Pts',(-5.07429105437937,10.8,-4.91201748783366));
#6139=CARTESIAN_POINT('Ctrl Pts',(-5.07395853593898,10.8,-4.91056751570188));
#6140=CARTESIAN_POINT('Ctrl Pts',(-5.07362628694718,10.7999935431824,-4.90911748859763));
#6141=CARTESIAN_POINT('Ctrl Pts',(-5.05815031956555,10.7993914831061,-4.84151905775598));
#6142=CARTESIAN_POINT('Ctrl Pts',(-5.04374096458709,10.7853695274494,-4.77599188394608));
#6143=CARTESIAN_POINT('Ctrl Pts',(-5.018102139826,10.732768283303,-4.65620923059048));
#6144=CARTESIAN_POINT('Ctrl Pts',(-5.00701027857233,10.6955610403603,-4.60276226078073));
#6145=CARTESIAN_POINT('Ctrl Pts',(-4.98870706537302,10.6027100007305,-4.51322355159872));
#6146=CARTESIAN_POINT('Ctrl Pts',(-4.98163313173327,10.5481399024079,-4.47784530588419));
#6147=CARTESIAN_POINT('Ctrl Pts',(-4.97205584773931,10.4284404207252,-4.4297065265211));
#6148=CARTESIAN_POINT('Ctrl Pts',(-4.96962600206225,10.3645434919288,-4.41733027713407));
#6149=CARTESIAN_POINT('Ctrl Pts',(-4.96962600206225,10.3,-4.41733027713407));
#6150=CARTESIAN_POINT('Ctrl Pts',(-4.68429806002284,10.3,-4.43419135947563));
#6151=CARTESIAN_POINT('Ctrl Pts',(-4.16088032188209,10.3,-4.46512204757699));
#6152=CARTESIAN_POINT('Ctrl Pts',(-2.9390980107054,10.0216846558175,-4.5373216786575));
#6153=CARTESIAN_POINT('Ctrl Pts',(-2.00191686040404,9.15488436757484,-4.59270317558081));
#6154=CARTESIAN_POINT('Ctrl Pts',(-1.65200394931073,8.55,-4.6133808223761));
#6155=CARTESIAN_POINT('Ctrl Pts',(-4.68429806002284,10.4308996938996,-4.43419135947563));
#6156=CARTESIAN_POINT('Ctrl Pts',(-4.14131820450462,10.4302731455637,-4.46629830923596));
#6157=CARTESIAN_POINT('Ctrl Pts',(-2.87461675387928,10.1397546655706,-4.54114260961718));
#6158=CARTESIAN_POINT('Ctrl Pts',(-1.90561482350824,9.23960542602071,-4.59835927695894));
#6159=CARTESIAN_POINT('Ctrl Pts',(-1.54429807262463,8.61252316424278,-4.61974556058748));
#6160=CARTESIAN_POINT('Ctrl Pts',(-4.69068697542205,10.6916963823983,-4.54230636928296));
#6161=CARTESIAN_POINT('Ctrl Pts',(-4.10885816168762,10.6898731022397,-4.5755980685967));
#6162=CARTESIAN_POINT('Ctrl Pts',(-2.752529850441,10.3750344811865,-4.6527088463915));
#6163=CARTESIAN_POINT('Ctrl Pts',(-1.71947475337123,9.40830514416327,-4.70942371350997));
#6164=CARTESIAN_POINT('Ctrl Pts',(-1.33532358543381,8.73718215702503,-4.73007749908249));
#6165=CARTESIAN_POINT('Ctrl Pts',(-4.70607157675032,10.8,-4.80264888746596));
#6166=CARTESIAN_POINT('Ctrl Pts',(-4.10772503012288,10.7990033650086,-4.83489796512517));
#6167=CARTESIAN_POINT('Ctrl Pts',(-2.71239592387365,10.4781408300119,-4.90858650054086));
#6168=CARTESIAN_POINT('Ctrl Pts',(-1.64654750890218,9.48609114141189,-4.95880401478001));
#6169=CARTESIAN_POINT('Ctrl Pts',(-1.24931236585898,8.79535316140889,-4.97625130310404));
#6170=CARTESIAN_POINT('Ctrl Pts',(-4.71379345242378,10.8,-4.93332062312094));
#6171=CARTESIAN_POINT('Ctrl Pts',(-4.11556730007692,10.8,-4.96494278908031));
#6172=CARTESIAN_POINT('Ctrl Pts',(-2.71917844149127,10.4819253209343,-5.03692072650224));
#6173=CARTESIAN_POINT('Ctrl Pts',(-1.64834442540446,9.49129642008552,-5.08464046895877));
#6174=CARTESIAN_POINT('Ctrl Pts',(-1.24864329824423,8.8,-5.10086338547082));
#6175=CARTESIAN_POINT('',(-1.24864329824423,8.8,-5.10086338547082));
#6176=CARTESIAN_POINT('',(-1.8111004292291,8.79999999999986,-4.6039792235387));
#6177=CARTESIAN_POINT('Ctrl Pts',(-1.24864329824423,8.8,-5.10086338547082));
#6178=CARTESIAN_POINT('Ctrl Pts',(-1.2492985826186,8.8,-5.07650938062574));
#6179=CARTESIAN_POINT('Ctrl Pts',(-1.25206945221644,8.79995414611254,-5.05238192030697));
#6180=CARTESIAN_POINT('Ctrl Pts',(-1.25679280955678,8.79991101105198,-5.02865262228413));
#6181=CARTESIAN_POINT('Ctrl Pts',(-1.26177034827267,8.79986555473384,-5.00364636273207));
#6182=CARTESIAN_POINT('Ctrl Pts',(-1.26891617895917,8.79982298346298,-4.97908144717217));
#6183=CARTESIAN_POINT('Ctrl Pts',(-1.27807789699247,8.79979912310022,-4.9551469228104));
#6184=CARTESIAN_POINT('Ctrl Pts',(-1.28059372520648,8.79979257099136,-4.94857444901679));
#6185=CARTESIAN_POINT('Ctrl Pts',(-1.28326177639397,8.79978720906076,-4.94204948722266));
#6186=CARTESIAN_POINT('Ctrl Pts',(-1.28607936080807,8.79978288337793,-4.93557594117913));
#6187=CARTESIAN_POINT('Ctrl Pts',(-1.29603274839227,8.79976760248783,-4.91270751796779));
#6188=CARTESIAN_POINT('Ctrl Pts',(-1.30774105512947,8.79976730058407,-4.89072960790628));
#6189=CARTESIAN_POINT('Ctrl Pts',(-1.32100766002058,8.79978860869894,-4.86976692198513));
#6190=CARTESIAN_POINT('Ctrl Pts',(-1.33515702354832,8.79981133465377,-4.84740938092238));
#6191=CARTESIAN_POINT('Ctrl Pts',(-1.35107897750524,8.79985846691173,-4.82620580420941));
#6192=CARTESIAN_POINT('Ctrl Pts',(-1.36858171968918,8.79990415834862,-4.80629320996638));
#6193=CARTESIAN_POINT('Ctrl Pts',(-1.37547805999987,8.79992216145321,-4.79844735216161));
#6194=CARTESIAN_POINT('Ctrl Pts',(-1.38262029839243,8.79993960305396,-4.79080184142438));
#6195=CARTESIAN_POINT('Ctrl Pts',(-1.38999848697683,8.79995368269542,-4.78336497597726));
#6196=CARTESIAN_POINT('Ctrl Pts',(-1.39743852413399,8.79996788036121,-4.77586577009136));
#6197=CARTESIAN_POINT('Ctrl Pts',(-1.40509772010521,8.79997873814215,-4.7685997425558));
#6198=CARTESIAN_POINT('Ctrl Pts',(-1.41296333275436,8.79998485954165,-4.76157244993705));
#6199=CARTESIAN_POINT('Ctrl Pts',(-1.43185975081376,8.79999956564645,-4.74469001940395));
#6200=CARTESIAN_POINT('Ctrl Pts',(-1.45194400599246,8.7999885051469,-4.72918433396567));
#6201=CARTESIAN_POINT('Ctrl Pts',(-1.47296988939827,8.7999742197062,-4.7150226136087));
#6202=CARTESIAN_POINT('Ctrl Pts',(-1.49534251127041,8.79995901926221,-4.69995381442959));
#6203=CARTESIAN_POINT('Ctrl Pts',(-1.51878159362766,8.79993977645971,-4.68640617895838));
#6204=CARTESIAN_POINT('Ctrl Pts',(-1.54304244089163,8.7999218134443,-4.6743578566442));
#6205=CARTESIAN_POINT('Ctrl Pts',(-1.55114484160898,8.79991581433193,-4.67033407568144));
#6206=CARTESIAN_POINT('Ctrl Pts',(-1.55933928154006,8.79990981362732,-4.66647769345747));
#6207=CARTESIAN_POINT('Ctrl Pts',(-1.56761771230438,8.79990363395816,-4.66278844243069));
#6208=CARTESIAN_POINT('Ctrl Pts',(-1.59428623090342,8.79988372648697,-4.65090371905437));
#6209=CARTESIAN_POINT('Ctrl Pts',(-1.62174365029348,8.79986921145338,-4.64078847972223));
#6210=CARTESIAN_POINT('Ctrl Pts',(-1.64972691508037,8.79985881218994,-4.63242640912196));
#6211=CARTESIAN_POINT('Ctrl Pts',(-1.67908600880837,8.79984790163492,-4.62365320783959));
#6212=CARTESIAN_POINT('Ctrl Pts',(-1.70902462982892,8.79984086357457,-4.61680914852786));
#6213=CARTESIAN_POINT('Ctrl Pts',(-1.73928666264455,8.79982927393194,-4.61190791677235));
#6214=CARTESIAN_POINT('Ctrl Pts',(-1.76312980428318,8.79982014257277,-4.60804628713027));
#6215=CARTESIAN_POINT('Ctrl Pts',(-1.78717482315816,8.79980793549925,-4.60539128761399));
#6216=CARTESIAN_POINT('Ctrl Pts',(-1.81131124967077,8.79978982033697,-4.60396676537985));
#6217=CARTESIAN_POINT('Ctrl Pts',(-1.24864329824423,8.8,-5.10086338547082));
#6218=CARTESIAN_POINT('Ctrl Pts',(-1.64834442540446,9.49129642008552,-5.08464046895877));
#6219=CARTESIAN_POINT('Ctrl Pts',(-2.71917844149127,10.4819253209343,-5.03692072650224));
#6220=CARTESIAN_POINT('Ctrl Pts',(-4.11556730007692,10.8,-4.96494278908031));
#6221=CARTESIAN_POINT('Ctrl Pts',(-4.71379345242378,10.8,-4.93332062312094));
#6222=CARTESIAN_POINT('Ctrl Pts',(-4.68429806002284,10.3,-4.43419135947563));
#6223=CARTESIAN_POINT('Ctrl Pts',(-4.16088032188209,10.3,-4.46512204757699));
#6224=CARTESIAN_POINT('Ctrl Pts',(-3.03783655302325,10.0441767570191,-4.53148685336697));
#6225=CARTESIAN_POINT('Ctrl Pts',(-2.15525252014924,9.29114213990132,-4.58364200489285));
#6226=CARTESIAN_POINT('Ctrl Pts',(-1.81134064670691,8.79983181741661,-4.60396502820036));
#6227=CARTESIAN_POINT('Origin',(-5.45617516294619,10.3,-5.83622770614123));
#6228=CARTESIAN_POINT('',(-4.68525290502666,10.3,-7.12295956330661));
#6229=CARTESIAN_POINT('Origin',(-5.45617516294619,10.3,-5.83622770614123));
#6230=CARTESIAN_POINT('',(-4.89048202923381,10.8,-6.66084354304389));
#6231=CARTESIAN_POINT('Origin',(-5.45617516294619,10.8,-5.83622770614123));
#6232=CARTESIAN_POINT('Ctrl Pts',(-4.89048202923381,10.8,-6.6608435430439));
#6233=CARTESIAN_POINT('Ctrl Pts',(-4.88985531096159,10.8,-6.66219269533454));
#6234=CARTESIAN_POINT('Ctrl Pts',(-4.88922884482043,10.7999935431824,-6.66354195741793));
#6235=CARTESIAN_POINT('Ctrl Pts',(-4.86003656040424,10.7993914831062,-6.7264455658134));
#6236=CARTESIAN_POINT('Ctrl Pts',(-4.83231821890254,10.7853695274494,-6.7875449403015));
#6237=CARTESIAN_POINT('Ctrl Pts',(-4.78233544998702,10.732768283303,-6.8993794438842));
#6238=CARTESIAN_POINT('Ctrl Pts',(-4.76037372265185,10.6955610403603,-6.94935234154253));
#6239=CARTESIAN_POINT('Ctrl Pts',(-4.72385433415555,10.6027100007305,-7.03312896309806));
#6240=CARTESIAN_POINT('Ctrl Pts',(-4.7095794320534,10.5481399024079,-7.06626335575812));
#6241=CARTESIAN_POINT('Ctrl Pts',(-4.69020281968188,10.4284404207252,-7.11135895798575));
#6242=CARTESIAN_POINT('Ctrl Pts',(-4.68525290502667,10.3645434919288,-7.12295956330661));
#6243=CARTESIAN_POINT('Ctrl Pts',(-4.68525290502667,10.3,-7.12295956330661));
#6244=CARTESIAN_POINT('Ctrl Pts',(-1.48089005433321,8.55,-6.24142078237371));
#6245=CARTESIAN_POINT('Ctrl Pts',(-1.81885740416828,9.15488436737922,-6.33439755792965));
#6246=CARTESIAN_POINT('Ctrl Pts',(-2.72404390357995,10.021685697519,-6.58341960705109));
#6247=CARTESIAN_POINT('Ctrl Pts',(-3.90411672631822,10.3,-6.90806447595026));
#6248=CARTESIAN_POINT('Ctrl Pts',(-4.40966567923731,10.3,-7.04714392120152));
#6249=CARTESIAN_POINT('Ctrl Pts',(-1.37686111295092,8.61252316424278,-6.21280181803013));
#6250=CARTESIAN_POINT('Ctrl Pts',(-1.72583576743028,9.2396054258179,-6.30884273661593));
#6251=CARTESIAN_POINT('Ctrl Pts',(-2.66176617539129,10.1397557144622,-6.56627578197592));
#6252=CARTESIAN_POINT('Ctrl Pts',(-3.88522664669666,10.4302731455639,-6.90284672553246));
#6253=CARTESIAN_POINT('Ctrl Pts',(-4.40966567923731,10.4308996938996,-7.04714392120152));
#6254=CARTESIAN_POINT('Ctrl Pts',(-1.19540165355964,8.73717806799312,-6.06142605866855));
#6255=CARTESIAN_POINT('Ctrl Pts',(-1.56686403319639,9.40830105491429,-6.1614980282955));
#6256=CARTESIAN_POINT('Ctrl Pts',(-2.56554803440214,10.3750275179442,-6.43175552195375));
#6257=CARTESIAN_POINT('Ctrl Pts',(-3.87620333464398,10.6898629112951,-6.78917677987131));
#6258=CARTESIAN_POINT('Ctrl Pts',(-4.43839605915977,10.691686191453,-6.94270998805976));
#6259=CARTESIAN_POINT('Ctrl Pts',(-1.16244326334019,8.79535316140889,-5.80275560427902));
#6260=CARTESIAN_POINT('Ctrl Pts',(-1.54737037009491,9.48609114118847,-5.90241145770259));
#6261=CARTESIAN_POINT('Ctrl Pts',(-2.57948634779476,10.4781418687256,-6.17313381776774));
#6262=CARTESIAN_POINT('Ctrl Pts',(-3.92900374148242,10.799003365009,-6.53531744281126));
#6263=CARTESIAN_POINT('Ctrl Pts',(-4.50757002002285,10.8,-6.69126504290333));
#6264=CARTESIAN_POINT('Ctrl Pts',(-1.18769712519929,8.8,-5.68072748791045));
#6265=CARTESIAN_POINT('Ctrl Pts',(-1.57529088961428,9.49129641986191,-5.77969843191126));
#6266=CARTESIAN_POINT('Ctrl Pts',(-2.61280251961908,10.4819265114503,-6.04901407388864));
#6267=CARTESIAN_POINT('Ctrl Pts',(-3.96371247825289,10.8,-6.40974490987747));
#6268=CARTESIAN_POINT('Ctrl Pts',(-4.54229133568813,10.8,-6.56505426641624));
#6269=CARTESIAN_POINT('',(-4.40966567923731,10.3,-7.04714392120152));
#6270=CARTESIAN_POINT('Ctrl Pts',(-1.63478718328772,8.79983183594368,-6.28375877397109));
#6271=CARTESIAN_POINT('Ctrl Pts',(-1.96695830092531,9.29114228712758,-6.37514097247586));
#6272=CARTESIAN_POINT('Ctrl Pts',(-2.81941168128721,10.0441777132831,-6.6096558350994));
#6273=CARTESIAN_POINT('Ctrl Pts',(-3.90411672631822,10.3,-6.90806447595026));
#6274=CARTESIAN_POINT('Ctrl Pts',(-4.40966567923731,10.3,-7.04714392120152));
#6275=CARTESIAN_POINT('',(-4.54229133568804,10.8,-6.56505426641622));
#6276=CARTESIAN_POINT('Origin',(-4.54229133568811,10.3,-6.56505426641624));
#6277=CARTESIAN_POINT('Ctrl Pts',(-4.54229133568813,10.8,-6.56505426641624));
#6278=CARTESIAN_POINT('Ctrl Pts',(-3.96371247825289,10.8,-6.40974490987747));
#6279=CARTESIAN_POINT('Ctrl Pts',(-2.61280251961908,10.4819265114503,-6.04901407388864));
#6280=CARTESIAN_POINT('Ctrl Pts',(-1.57529088961428,9.49129641986191,-5.77969843191126));
#6281=CARTESIAN_POINT('Ctrl Pts',(-1.18769712519929,8.8,-5.68072748791045));
#6282=CARTESIAN_POINT('Origin',(-2.53745728765048,10.3,-6.01351280715316));
#6283=CARTESIAN_POINT('',(-2.53745728765048,10.8,-6.01351280715316));
#6284=CARTESIAN_POINT('',(-2.40483163119968,10.3,-6.49560246193844));
#6285=CARTESIAN_POINT('Origin',(-4.96962600206225,8.8,-4.41733027713407));
#6286=CARTESIAN_POINT('',(-4.96962600206225,8.8,-4.41733027713407));
#6287=CARTESIAN_POINT('',(-4.96962600206225,8.8,-4.41733027713407));
#6288=CARTESIAN_POINT('',(-1.23065368115344,8.8,-4.63827996655125));
#6289=CARTESIAN_POINT('Origin',(-5.45617516294619,8.8,-5.83622770614123));
#6290=CARTESIAN_POINT('',(-4.68525290502666,8.8,-7.12295956330661));
#6291=CARTESIAN_POINT('Origin',(-5.45617516294619,8.8,-5.83622770614123));
#6292=CARTESIAN_POINT('Origin',(-1.07571042506606,8.8,-6.12995351943072));
#6293=CARTESIAN_POINT('Origin',(-3.87817086691606,10.3,-2.10070720634216));
#6294=CARTESIAN_POINT('',(-4.08684977737263,10.3,-1.42953411625945));
#6295=CARTESIAN_POINT('',(-3.83304775201425,10.3,-1.56099081076435));
#6296=CARTESIAN_POINT('',(-3.6482113240108,10.3,-1.65672679165385));
#6297=CARTESIAN_POINT('',(-4.0630072949195,10.8,-2.00497122545266));
#6298=CARTESIAN_POINT('Origin',(-4.0630072949195,10.3,-2.00497122545266));
#6299=CARTESIAN_POINT('',(-4.38367347594335,10.8,-1.83888225852112));
#6300=CARTESIAN_POINT('',(-3.87817086691606,10.8,-2.10070720634216));
#6301=CARTESIAN_POINT('Ctrl Pts',(-4.38367347594335,10.8,-1.83888225852112));
#6302=CARTESIAN_POINT('Ctrl Pts',(-4.38277994843512,10.8,-1.83769289050064));
#6303=CARTESIAN_POINT('Ctrl Pts',(-4.38188664472109,10.7999935431824,-1.83650336266567));
#6304=CARTESIAN_POINT('Ctrl Pts',(-4.34025388617928,10.7993914831061,-1.7810437662477));
#6305=CARTESIAN_POINT('Ctrl Pts',(-4.30043798268547,10.7853695274494,-1.7270425269343));
#6306=CARTESIAN_POINT('Ctrl Pts',(-4.22829575646109,10.732768283303,-1.62804387757264));
#6307=CARTESIAN_POINT('Ctrl Pts',(-4.19642399591301,10.6955610403603,-1.58372910748997));
#6308=CARTESIAN_POINT('Ctrl Pts',(-4.14328450463648,10.6027100007305,-1.50937601392775));
#6309=CARTESIAN_POINT('Ctrl Pts',(-4.12243251579238,10.5481399024079,-1.47993360627786));
#6310=CARTESIAN_POINT('Ctrl Pts',(-4.09410342598323,10.4284404207252,-1.43985207539574));
#6311=CARTESIAN_POINT('Ctrl Pts',(-4.08684977737263,10.3645434919288,-1.42953411625944));
#6312=CARTESIAN_POINT('Ctrl Pts',(-4.08684977737263,10.3,-1.42953411625944));
#6313=CARTESIAN_POINT('Ctrl Pts',(-3.83304775201425,10.3,-1.56099081076435));
#6314=CARTESIAN_POINT('Ctrl Pts',(-3.36746249866491,10.3,-1.80214057436103));
#6315=CARTESIAN_POINT('Ctrl Pts',(-2.28065844672734,10.0217198701136,-2.36505045674085));
#6316=CARTESIAN_POINT('Ctrl Pts',(-1.4470431557197,9.15488436818242,-2.79682128477057));
#6317=CARTESIAN_POINT('Ctrl Pts',(-1.13579216155148,8.55,-2.95803365806405));
#6318=CARTESIAN_POINT('Ctrl Pts',(-3.83304775201425,10.4308996938996,-1.56099081076435));
#6319=CARTESIAN_POINT('Ctrl Pts',(-3.35007004389394,10.4302731455631,-1.81117177281922));
#6320=CARTESIAN_POINT('Ctrl Pts',(-2.22330728145294,10.1397901229105,-2.39476709781675));
#6321=CARTESIAN_POINT('Ctrl Pts',(-1.36136741104942,9.2396054266506,-2.84115795769558));
#6322=CARTESIAN_POINT('Ctrl Pts',(-1.03998671939764,8.61252316424278,-3.00765606246899));
#6323=CARTESIAN_POINT('Ctrl Pts',(-3.88284632488238,10.6917231869593,-1.65713637947418));
#6324=CARTESIAN_POINT('Ctrl Pts',(-3.36486020847057,10.6898999067989,-1.92420095897082));
#6325=CARTESIAN_POINT('Ctrl Pts',(-2.1571242954833,10.3750978640902,-2.54633221493711));
#6326=CARTESIAN_POINT('Ctrl Pts',(-1.23646686312232,9.40831589994429,-3.01831837262583));
#6327=CARTESIAN_POINT('Ctrl Pts',(-0.893927959671498,8.73719291213192,-3.19343490127514));
#6328=CARTESIAN_POINT('Ctrl Pts',(-4.00280402736834,10.8,-1.88873742469245));
#6329=CARTESIAN_POINT('Ctrl Pts',(-3.46930413865422,10.7990033650076,-2.16156788914647));
#6330=CARTESIAN_POINT('Ctrl Pts',(-2.22457091110359,10.4781759431742,-2.79642338858286));
#6331=CARTESIAN_POINT('Ctrl Pts',(-1.27130372527765,9.48609114210574,-3.27581278052566));
#6332=CARTESIAN_POINT('Ctrl Pts',(-0.915507815860823,8.7953531614089,-3.4533217602937));
#6333=CARTESIAN_POINT('Ctrl Pts',(-4.0630072949195,10.8,-2.00497122545266));
#6334=CARTESIAN_POINT('Ctrl Pts',(-3.5293624038931,10.8,-2.27718000880479));
#6335=CARTESIAN_POINT('Ctrl Pts',(-2.28295544167442,10.4819655658441,-2.9109091577683));
#6336=CARTESIAN_POINT('Ctrl Pts',(-1.32412758713806,9.49129642077992,-3.39003922986061));
#6337=CARTESIAN_POINT('Ctrl Pts',(-0.965580892249057,8.8,-3.56743269642287));
#6338=CARTESIAN_POINT('Ctrl Pts',(-0.965580892249057,8.8,-3.56743269642287));
#6339=CARTESIAN_POINT('Ctrl Pts',(-1.32412758713806,9.49129642077992,-3.39003922986061));
#6340=CARTESIAN_POINT('Ctrl Pts',(-2.28295544167442,10.4819655658441,-2.9109091577683));
#6341=CARTESIAN_POINT('Ctrl Pts',(-3.5293624038931,10.8,-2.27718000880479));
#6342=CARTESIAN_POINT('Ctrl Pts',(-4.0630072949195,10.8,-2.00497122545266));
#6343=CARTESIAN_POINT('Ctrl Pts',(-3.83304775201425,10.3,-1.56099081076435));
#6344=CARTESIAN_POINT('Ctrl Pts',(-3.36746249866491,10.3,-1.80214057436103));
#6345=CARTESIAN_POINT('Ctrl Pts',(-2.36848853259984,10.0442090830136,-2.3195588860941));
#6346=CARTESIAN_POINT('Ctrl Pts',(-1.583434013064,9.29114712217343,-2.72617767488663));
#6347=CARTESIAN_POINT('Ctrl Pts',(-1.27752293200688,8.79983244477013,-2.8846242415419));
#6348=CARTESIAN_POINT('Origin',(-5.10845213036123,10.3,-2.52786404500042));
#6349=CARTESIAN_POINT('',(-4.92754059956541,10.3,-4.01691441957649));
#6350=CARTESIAN_POINT('Origin',(-5.10845213036123,10.3,-2.52786404500042));
#6351=CARTESIAN_POINT('',(-4.92706721496761,10.8,-3.5112762233202));
#6352=CARTESIAN_POINT('Origin',(-5.10845213036123,10.8,-2.52786404500042));
#6353=CARTESIAN_POINT('Ctrl Pts',(-4.92706721496761,10.8,-3.5112762233202));
#6354=CARTESIAN_POINT('Ctrl Pts',(-4.9270434290105,10.8,-3.51276364455336));
#6355=CARTESIAN_POINT('Ctrl Pts',(-4.92701991804329,10.7999935431824,-3.51425106353623));
#6356=CARTESIAN_POINT('Ctrl Pts',(-4.92593664173282,10.7993914831061,-3.58358994102286));
#6357=CARTESIAN_POINT('Ctrl Pts',(-4.92546603123387,10.7853695274493,-3.65068106222474));
#6358=CARTESIAN_POINT('Ctrl Pts',(-4.92529169029797,10.732768283303,-3.77317678862052));
#6359=CARTESIAN_POINT('Ctrl Pts',(-4.92555446268725,10.6955610403603,-3.82776194153398));
#6360=CARTESIAN_POINT('Ctrl Pts',(-4.9262673630303,10.6027100007305,-3.91914946709684));
#6361=CARTESIAN_POINT('Ctrl Pts',(-4.9267035626975,10.5481399024079,-3.95522536676445));
#6362=CARTESIAN_POINT('Ctrl Pts',(-4.92734418034854,10.4284404207252,-4.00430342760933));
#6363=CARTESIAN_POINT('Ctrl Pts',(-4.92754059956541,10.3645434919288,-4.01691441957649));
#6364=CARTESIAN_POINT('Ctrl Pts',(-4.92754059956541,10.3,-4.01691441957649));
#6365=CARTESIAN_POINT('Ctrl Pts',(-1.64165534817793,8.55,-4.51492045960729));
#6366=CARTESIAN_POINT('Ctrl Pts',(-1.90157954780656,9.00366327639557,-4.4755265637582));
#6367=CARTESIAN_POINT('Ctrl Pts',(-2.74669099067498,9.92283092747362,-4.3474421752757));
#6368=CARTESIAN_POINT('Ctrl Pts',(-3.95372793186995,10.3,-4.16450465881752));
#6369=CARTESIAN_POINT('Ctrl Pts',(-4.64494214149877,10.3,-4.05974480720526));
#6370=CARTESIAN_POINT('Ctrl Pts',(-1.53497979982935,8.61252316424278,-4.53108811712935));
#6371=CARTESIAN_POINT('Ctrl Pts',(-1.80338047878048,9.0828348613169,-4.49043584113248));
#6372=CARTESIAN_POINT('Ctrl Pts',(-2.67688513602043,10.036901141267,-4.35805194567222));
#6373=CARTESIAN_POINT('Ctrl Pts',(-3.92788900285806,10.4300642961171,-4.16839350599745));
#6374=CARTESIAN_POINT('Ctrl Pts',(-4.64494214149877,10.4308996938996,-4.05974480720525));
#6375=CARTESIAN_POINT('Ctrl Pts',(-1.3076277284421,8.73718568124117,-4.46662383327783));
#6376=CARTESIAN_POINT('Ctrl Pts',(-1.59266575892892,9.24052792238753,-4.42187353216862));
#6377=CARTESIAN_POINT('Ctrl Pts',(-2.5223004441948,10.2640659842353,-4.27670614258709));
#6378=CARTESIAN_POINT('Ctrl Pts',(-3.86066612863984,10.6892741254585,-4.07054581267465));
#6379=CARTESIAN_POINT('Ctrl Pts',(-4.62871438543158,10.6917051656738,-3.95267272365978));
#6380=CARTESIAN_POINT('Ctrl Pts',(-1.17231852679291,8.79535316140889,-4.24370385749967));
#6381=CARTESIAN_POINT('Ctrl Pts',(-1.466455100239,9.313406647227,-4.19456100215061));
#6382=CARTESIAN_POINT('Ctrl Pts',(-2.42459665254696,10.3647647383663,-4.03677588807943));
#6383=CARTESIAN_POINT('Ctrl Pts',(-3.8003316267574,10.7986711533428,-3.81862383743439));
#6384=CARTESIAN_POINT('Ctrl Pts',(-4.58963322700631,10.8,-3.69481199155134));
#6385=CARTESIAN_POINT('Ctrl Pts',(-1.14575577116961,8.8,-4.12195395508921));
#6386=CARTESIAN_POINT('Ctrl Pts',(-1.44151049604368,9.31847231588066,-4.07152835727994));
#6387=CARTESIAN_POINT('Ctrl Pts',(-2.40392111406422,10.3689496313984,-3.91031947273611));
#6388=CARTESIAN_POINT('Ctrl Pts',(-3.78104738694989,10.8,-3.6899863655556));
#6389=CARTESIAN_POINT('Ctrl Pts',(-4.57001817966735,10.8,-3.56539027860914));
#6390=CARTESIAN_POINT('',(-1.14575577116961,8.8,-4.12195395508921));
#6391=CARTESIAN_POINT('',(-1.79922989057453,8.79999999997712,-4.49103859281494));
#6392=CARTESIAN_POINT('Ctrl Pts',(-1.79922989060614,8.8,-4.49103859281015));
#6393=CARTESIAN_POINT('Ctrl Pts',(-1.70889216406224,8.8,-4.50473010362676));
#6394=CARTESIAN_POINT('Ctrl Pts',(-1.61605043165339,8.80000000000336,-4.50177965643701));
#6395=CARTESIAN_POINT('Ctrl Pts',(-1.4539889758494,8.80000000000336,-4.46129038287017));
#6396=CARTESIAN_POINT('Ctrl Pts',(-1.38413563870735,8.8000000000113,-4.42975797012437));
#6397=CARTESIAN_POINT('Ctrl Pts',(-1.27923597972363,8.8000000000113,-4.35171607928143));
#6398=CARTESIAN_POINT('Ctrl Pts',(-1.24061944897321,8.79999999999992,-4.31211622789031));
#6399=CARTESIAN_POINT('Ctrl Pts',(-1.1800140113055,8.79999999999992,-4.2224206754896));
#6400=CARTESIAN_POINT('Ctrl Pts',(-1.15821404020881,8.8,-4.17368222892142));
#6401=CARTESIAN_POINT('Ctrl Pts',(-1.14575577116961,8.8,-4.12195395508921));
#6402=CARTESIAN_POINT('',(-4.64494214149877,10.3,-4.05974480720526));
#6403=CARTESIAN_POINT('Ctrl Pts',(-1.79932037031704,8.79993603933318,-4.4910248797803));
#6404=CARTESIAN_POINT('Ctrl Pts',(-2.04050118837921,9.14865099217942,-4.45447171527651));
#6405=CARTESIAN_POINT('Ctrl Pts',(-2.84421181034875,9.95330376210945,-4.33266200082932));
#6406=CARTESIAN_POINT('Ctrl Pts',(-3.95372793186995,10.3,-4.16450465881752));
#6407=CARTESIAN_POINT('Ctrl Pts',(-4.64494214149877,10.3,-4.05974480720526));
#6408=CARTESIAN_POINT('',(-4.57001817966725,10.8,-3.56539027860916));
#6409=CARTESIAN_POINT('Origin',(-4.57001817966733,10.3,-3.56539027860915));
#6410=CARTESIAN_POINT('Ctrl Pts',(-4.57001817966735,10.8,-3.56539027860914));
#6411=CARTESIAN_POINT('Ctrl Pts',(-3.78104738694989,10.8,-3.6899863655556));
#6412=CARTESIAN_POINT('Ctrl Pts',(-2.40392111406422,10.3689496313984,-3.91031947273611));
#6413=CARTESIAN_POINT('Ctrl Pts',(-1.44151049604368,9.31847231588066,-4.07152835727994));
#6414=CARTESIAN_POINT('Ctrl Pts',(-1.14575577116961,8.8,-4.12195395508921));
#6415=CARTESIAN_POINT('Origin',(-2.48481085434258,10.3,-3.88142256923455));
#6416=CARTESIAN_POINT('',(-2.48481085434258,10.8,-3.88142256923455));
#6417=CARTESIAN_POINT('',(-2.55973481617402,10.3,-4.37577709783066));
#6418=CARTESIAN_POINT('Origin',(-4.08684977737263,8.8,-1.42953411625945));
#6419=CARTESIAN_POINT('',(-4.08684977737263,8.8,-1.42953411625945));
#6420=CARTESIAN_POINT('Origin',(-5.10845213036123,8.8,-2.52786404500042));
#6421=CARTESIAN_POINT('',(-4.92754059956541,8.8,-4.01691441957649));
#6422=CARTESIAN_POINT('',(-4.92754059956541,8.8,-4.01691441957649));
#6423=CARTESIAN_POINT('Origin',(-5.10845213036123,8.8,-2.52786404500042));
#6424=CARTESIAN_POINT('Origin',(-1.22616751798933,8.8,-4.57789145012069));
#6425=CARTESIAN_POINT('',(0.626350769642073,8.8,-4.85865758342325));
#6426=CARTESIAN_POINT('Origin',(-2.12745252284403,10.3,0.217774297856469));
#6427=CARTESIAN_POINT('',(-2.06514738652364,10.3,0.940896056652186));
#6428=CARTESIAN_POINT('',(-1.88675595374977,10.3,0.717573806710411));
#6429=CARTESIAN_POINT('',(-1.73679092351964,10.3,0.529837616452725));
#6430=CARTESIAN_POINT('',(-2.27741755307416,10.8,0.405510488114155));
#6431=CARTESIAN_POINT('Origin',(-2.27741755307416,10.3,0.405510488114155));
#6432=CARTESIAN_POINT('',(-2.50280621730643,10.8,0.687666995436588));
#6433=CARTESIAN_POINT('',(-2.12745252284403,10.8,0.217774297856469));
#6434=CARTESIAN_POINT('Ctrl Pts',(-2.50280621730643,10.8,0.687666995436588));
#6435=CARTESIAN_POINT('Ctrl Pts',(-2.50150617975372,10.8,0.688390106810115));
#6436=CARTESIAN_POINT('Ctrl Pts',(-2.50020628164468,10.7999935431824,0.689113455206805));
#6437=CARTESIAN_POINT('Ctrl Pts',(-2.43961541411768,10.799391483106,0.722844749145031));
#6438=CARTESIAN_POINT('Ctrl Pts',(-2.3812774935379,10.7853695274494,0.755982749099238));
#6439=CARTESIAN_POINT('Ctrl Pts',(-2.27510591215602,10.732768283303,0.817079628617803));
#6440=CARTESIAN_POINT('Ctrl Pts',(-2.22796516925815,10.6955610403603,0.844599772639056));
#6441=CARTESIAN_POINT('Ctrl Pts',(-2.14917770070324,10.6027100007305,0.890910925227933));
#6442=CARTESIAN_POINT('Ctrl Pts',(-2.11815315496031,10.5481399024079,0.909326635054649));
#6443=CARTESIAN_POINT('Ctrl Pts',(-2.07597061632569,10.4284404207252,0.934420456637003));
#6444=CARTESIAN_POINT('Ctrl Pts',(-2.06514738652364,10.3645434919288,0.940896056652186));
#6445=CARTESIAN_POINT('Ctrl Pts',(-2.06514738652364,10.3,0.940896056652186));
#6446=CARTESIAN_POINT('Origin',(-3.44515860381916,10.3,0.353044850870863));
#6447=CARTESIAN_POINT('',(-3.67944500644608,10.8,-0.619122769215374));
#6448=CARTESIAN_POINT('Origin',(-3.44515860381916,10.8,0.353044850870863));
#6449=CARTESIAN_POINT('',(-3.8855390473513,10.3,-1.08085370375371));
#6450=CARTESIAN_POINT('Ctrl Pts',(-3.67944500644609,10.8,-0.619122769215395));
#6451=CARTESIAN_POINT('Ctrl Pts',(-3.68002826561222,10.8,-0.620491270746882));
#6452=CARTESIAN_POINT('Ctrl Pts',(-3.68061177507887,10.7999935431824,-0.62185965837417));
#6453=CARTESIAN_POINT('Ctrl Pts',(-3.70782481518947,10.7993914831061,-0.68564448310995));
#6454=CARTESIAN_POINT('Ctrl Pts',(-3.73468330852382,10.7853695274493,-0.747126686666773));
#6455=CARTESIAN_POINT('Ctrl Pts',(-3.78434754069911,10.732768283303,-0.859103011943342));
#6456=CARTESIAN_POINT('Ctrl Pts',(-3.80678937707952,10.6955610403603,-0.908862151282652));
#6457=CARTESIAN_POINT('Ctrl Pts',(-3.84461129931611,10.6027100007305,-0.992058847453414));
#6458=CARTESIAN_POINT('Ctrl Pts',(-3.85968317786744,10.5481399024079,-1.02483840333678));
#6459=CARTESIAN_POINT('Ctrl Pts',(-3.88023025692935,10.4284404207252,-1.06941288021865));
#6460=CARTESIAN_POINT('Ctrl Pts',(-3.8855390473513,10.3645434919288,-1.08085370375371));
#6461=CARTESIAN_POINT('Ctrl Pts',(-3.8855390473513,10.3,-1.08085370375371));
#6462=CARTESIAN_POINT('Origin',(-3.44515860381916,10.3,0.353044850870863));
#6463=CARTESIAN_POINT('Ctrl Pts',(-1.08629080656505,8.55,-2.87229479618406));
#6464=CARTESIAN_POINT('Ctrl Pts',(-1.38153031339038,9.15488436626615,-2.68334971552654));
#6465=CARTESIAN_POINT('Ctrl Pts',(-2.17225613905063,10.0217340078076,-2.17730715870928));
#6466=CARTESIAN_POINT('Ctrl Pts',(-3.20315875106654,10.3,-1.5175581323277));
#6467=CARTESIAN_POINT('Ctrl Pts',(-3.64479319773345,10.3,-1.23492435799348));
#6468=CARTESIAN_POINT('Ctrl Pts',(-0.995413822676593,8.61252316424278,-2.93045354070762));
#6469=CARTESIAN_POINT('Ctrl Pts',(-1.30029575595235,9.239605424664,-2.73537875045606));
#6470=CARTESIAN_POINT('Ctrl Pts',(-2.11784574055482,10.1398043581826,-2.21211612799346));
#6471=CARTESIAN_POINT('Ctrl Pts',(-3.18664127644197,10.4302731455651,-1.52810484073102));
#6472=CARTESIAN_POINT('Ctrl Pts',(-3.64479319773345,10.4308996938996,-1.23492435799348));
#6473=CARTESIAN_POINT('Ctrl Pts',(-0.761493677763805,8.73719823278219,-2.96406929603709));
#6474=CARTESIAN_POINT('Ctrl Pts',(-1.08441849089904,9.40832121846844,-2.75498016885127));
#6475=CARTESIAN_POINT('Ctrl Pts',(-1.953494173174,10.3751254083025,-2.19366493087496));
#6476=CARTESIAN_POINT('Ctrl Pts',(-3.09615736013704,10.6899131672676,-1.4587927583859));
#6477=CARTESIAN_POINT('Ctrl Pts',(-3.58643512708484,10.6917364474222,-1.14373591351205));
#6478=CARTESIAN_POINT('Ctrl Pts',(-0.547216554996671,8.79535316140889,-2.81542258449338));
#6479=CARTESIAN_POINT('Ctrl Pts',(-0.878841794533469,9.48609113991747,-2.59604877895482));
#6480=CARTESIAN_POINT('Ctrl Pts',(-1.77063491953175,10.4781900402932,-2.01019158382964));
#6481=CARTESIAN_POINT('Ctrl Pts',(-2.94280638583749,10.7990033650108,-1.24964702740501));
#6482=CARTESIAN_POINT('Ctrl Pts',(-3.44583444174444,10.8,-0.924037804120956));
#6483=CARTESIAN_POINT('Ctrl Pts',(-0.4734301236533,8.8,-2.71500256023095));
#6484=CARTESIAN_POINT('Ctrl Pts',(-0.806330718551473,9.49129641858989,-2.49318874799796));
#6485=CARTESIAN_POINT('Ctrl Pts',(-1.70067577600847,10.4819817232087,-1.90238856612105));
#6486=CARTESIAN_POINT('Ctrl Pts',(-2.87271248584598,10.8,-1.13982898417037));
#6487=CARTESIAN_POINT('Ctrl Pts',(-3.37527465128326,10.8,-0.813783344650707));
#6488=CARTESIAN_POINT('',(-3.64479319773345,10.3,-1.23492435799348));
#6489=CARTESIAN_POINT('Ctrl Pts',(-1.22073030778989,8.79983269659818,-2.78625725102073));
#6490=CARTESIAN_POINT('Ctrl Pts',(-1.51090386421669,9.29114912098061,-2.60055423785259));
#6491=CARTESIAN_POINT('Ctrl Pts',(-2.25556848630843,10.0442220611905,-2.12398957143359));
#6492=CARTESIAN_POINT('Ctrl Pts',(-3.20315875106654,10.3,-1.5175581323277));
#6493=CARTESIAN_POINT('Ctrl Pts',(-3.64479319773345,10.3,-1.23492435799348));
#6494=CARTESIAN_POINT('',(-3.3752746512832,10.8,-0.813783344650754));
#6495=CARTESIAN_POINT('Origin',(-3.37527465128325,10.3,-0.813783344650719));
#6496=CARTESIAN_POINT('Ctrl Pts',(-3.37527465128326,10.8,-0.813783344650707));
#6497=CARTESIAN_POINT('Ctrl Pts',(-2.87271248584598,10.8,-1.13982898417037));
#6498=CARTESIAN_POINT('Ctrl Pts',(-1.70067577600847,10.4819817232087,-1.90238856612105));
#6499=CARTESIAN_POINT('Ctrl Pts',(-0.806330718551473,9.49129641858989,-2.49318874799796));
#6500=CARTESIAN_POINT('Ctrl Pts',(-0.4734301236533,8.8,-2.71500256023095));
#6501=CARTESIAN_POINT('Origin',(-1.59405019251523,10.3,-1.95371750403873));
#6502=CARTESIAN_POINT('',(-1.59405019251523,10.8,-1.95371750403873));
#6503=CARTESIAN_POINT('',(-1.86356873896543,10.3,-2.3748585173815));
#6504=CARTESIAN_POINT('Ctrl Pts',(-1.88675595374977,10.3,0.717573806710411));
#6505=CARTESIAN_POINT('Ctrl Pts',(-1.45042415779657,10.3,0.17134466959194));
#6506=CARTESIAN_POINT('Ctrl Pts',(-0.688455288444816,9.92288442165722,-0.782538595110112));
#6507=CARTESIAN_POINT('Ctrl Pts',(-0.154997092676782,9.00366327467575,-1.45035701372108));
#6508=CARTESIAN_POINT('Ctrl Pts',(0.00908112107486744,8.55,-1.65576102495458));
#6509=CARTESIAN_POINT('Ctrl Pts',(-1.88675595374977,10.4308996938996,0.717573806710411));
#6510=CARTESIAN_POINT('Ctrl Pts',(-1.4341368529031,10.4300642961202,0.150911924328481));
#6511=CARTESIAN_POINT('Ctrl Pts',(-0.644365712785167,10.0369527171944,-0.83768875615622));
#6512=CARTESIAN_POINT('Ctrl Pts',(-0.0929857451853499,9.08283485953395,
-1.52794526346395));
#6513=CARTESIAN_POINT('Ctrl Pts',(0.0764204973829409,8.61252316424278,-1.74006093102606));
#6514=CARTESIAN_POINT('Ctrl Pts',(-1.97133076118023,10.6917543884826,0.650014837203214));
#6515=CARTESIAN_POINT('Ctrl Pts',(-1.48522554511773,10.6893233482766,0.0438020822947668));
#6516=CARTESIAN_POINT('Ctrl Pts',(-0.637460965070173,10.264165545926,-1.01223500047283));
#6517=CARTESIAN_POINT('Ctrl Pts',(-0.0469506584853221,9.24054767072146,
-1.74471086197875));
#6518=CARTESIAN_POINT('Ctrl Pts',(0.13432325365846,8.73720543148327,-1.96918588601943));
#6519=CARTESIAN_POINT('Ctrl Pts',(-2.17514258553439,10.8,0.487208473877225));
#6520=CARTESIAN_POINT('Ctrl Pts',(-1.67326758348835,10.7986711533478,-0.134440837887888));
#6521=CARTESIAN_POINT('Ctrl Pts',(-0.796456969456435,10.3648090811937,-1.21681340327245));
#6522=CARTESIAN_POINT('Ctrl Pts',(-0.180758182736877,9.31340664526306,-1.9676686200199));
#6523=CARTESIAN_POINT('Ctrl Pts',(0.00886906441407549,8.79535316140889,
-2.19782693625926));
#6524=CARTESIAN_POINT('Ctrl Pts',(-2.27741755307416,10.8,0.405510488114154));
#6525=CARTESIAN_POINT('Ctrl Pts',(-1.77502878211218,10.8,-0.215460215395827));
#6526=CARTESIAN_POINT('Ctrl Pts',(-0.895629078043109,10.3690107676083,-1.29795382709909));
#6527=CARTESIAN_POINT('Ctrl Pts',(-0.274835276584727,9.31847231391513,-2.05078760337861));
#6528=CARTESIAN_POINT('Ctrl Pts',(-0.083288066170004,8.8,-2.28170590862879));
#6529=CARTESIAN_POINT('Ctrl Pts',(-0.083288066170004,8.8,-2.28170590862879));
#6530=CARTESIAN_POINT('Ctrl Pts',(-0.274835276584727,9.31847231391513,-2.05078760337861));
#6531=CARTESIAN_POINT('Ctrl Pts',(-0.895629078043109,10.3690107676083,-1.29795382709909));
#6532=CARTESIAN_POINT('Ctrl Pts',(-1.77502878211218,10.8,-0.215460215395827));
#6533=CARTESIAN_POINT('Ctrl Pts',(-2.27741755307416,10.8,0.405510488114154));
#6534=CARTESIAN_POINT('Ctrl Pts',(-1.88675595374977,10.3,0.717573806710411));
#6535=CARTESIAN_POINT('Ctrl Pts',(-1.45042415779657,10.3,0.17134466959194));
#6536=CARTESIAN_POINT('Ctrl Pts',(-0.750017272120259,9.95335283580312,-0.705471213053119));
#6537=CARTESIAN_POINT('Ctrl Pts',(-0.242688411412327,9.14865847899329,-1.34057919369984));
#6538=CARTESIAN_POINT('Ctrl Pts',(-0.0904443435585604,8.7999374119318,-1.53116843470048));
#6539=CARTESIAN_POINT('Origin',(-2.06514738652364,8.8,0.940896056652186));
#6540=CARTESIAN_POINT('',(-2.06514738652364,8.8,0.940896056652186));
#6541=CARTESIAN_POINT('Origin',(-3.44515860381916,8.8,0.353044850870863));
#6542=CARTESIAN_POINT('',(-3.8855390473513,8.8,-1.08085370375371));
#6543=CARTESIAN_POINT('Origin',(-0.732336395883054,8.8,-3.09881578382058));
#6544=CARTESIAN_POINT('Origin',(0.394718373856415,10.3,1.64941664672542));
#6545=CARTESIAN_POINT('',(0.745910460517302,10.3,2.28409133002233));
#6546=CARTESIAN_POINT('',(0.818045801344782,10.3,2.00751797047757));
#6547=CARTESIAN_POINT('',(0.878533090027542,10.3,1.77560428643808));
#6548=CARTESIAN_POINT('',(0.334231085173655,10.8,1.88133033076491));
#6549=CARTESIAN_POINT('Origin',(0.334231085173655,10.3,1.88133033076491));
#6550=CARTESIAN_POINT('',(0.243091685370448,10.8,2.23076695505079));
#6551=CARTESIAN_POINT('',(0.394718373856415,10.8,1.64941664672542));
#6552=CARTESIAN_POINT('Ctrl Pts',(0.243091685370448,10.8,2.23076695505079));
#6553=CARTESIAN_POINT('Ctrl Pts',(0.244573444663992,10.8,2.23089877725137));
#6554=CARTESIAN_POINT('Ctrl Pts',(0.246055172975331,10.7999935431824,2.23103087270023));
#6555=CARTESIAN_POINT('Ctrl Pts',(0.315127438044033,10.7993914831061,2.2372014169991));
#6556=CARTESIAN_POINT('Ctrl Pts',(0.38190021925639,10.7853695274493,2.24374631635184));
#6557=CARTESIAN_POINT('Ctrl Pts',(0.50374312483616,10.732768283303,2.25637722051084));
#6558=CARTESIAN_POINT('Ctrl Pts',(0.558001787376583,10.6955610403603,2.26234425555676));
#6559=CARTESIAN_POINT('Ctrl Pts',(0.648814164135054,10.6027100007304,2.27260584816605));
#6560=CARTESIAN_POINT('Ctrl Pts',(0.684646840968704,10.5481399024079,2.27681061663908));
#6561=CARTESIAN_POINT('Ctrl Pts',(0.733389084282549,10.4284404207252,2.28257777919987));
#6562=CARTESIAN_POINT('Ctrl Pts',(0.745910460517302,10.3645434919288,2.28409133002233));
#6563=CARTESIAN_POINT('Ctrl Pts',(0.745910460517302,10.3,2.28409133002233));
#6564=CARTESIAN_POINT('Origin',(-0.753893144606408,10.3,2.3083636611408));
#6565=CARTESIAN_POINT('',(-1.36334061781452,10.8,1.51553721266658));
#6566=CARTESIAN_POINT('Origin',(-0.753893144606408,10.8,2.3083636611408));
#6567=CARTESIAN_POINT('',(-1.73941978304907,10.3,1.17755101312173));
#6568=CARTESIAN_POINT('Ctrl Pts',(-1.36334061781452,10.8,1.51553721266658));
#6569=CARTESIAN_POINT('Ctrl Pts',(-1.36443007129533,10.8,1.51452425718399));
#6570=CARTESIAN_POINT('Ctrl Pts',(-1.36551970710804,10.7999935431824,1.51351150756444));
#6571=CARTESIAN_POINT('Ctrl Pts',(-1.41632368178213,10.7993914831061,1.4663097112429));
#6572=CARTESIAN_POINT('Ctrl Pts',(-1.46586720145029,10.7853695274493,1.42106725687467));
#6573=CARTESIAN_POINT('Ctrl Pts',(-1.55678260980826,10.732768283303,1.3389720566307));
#6574=CARTESIAN_POINT('Ctrl Pts',(-1.59752311279196,10.6955610403603,1.30264273810489));
#6575=CARTESIAN_POINT('Ctrl Pts',(-1.665914302966,10.6027100007305,1.2420223359124));
#6576=CARTESIAN_POINT('Ctrl Pts',(-1.69301579567623,10.5481399024079,1.21820700681843));
#6577=CARTESIAN_POINT('Ctrl Pts',(-1.72991655951486,10.4284404207252,1.18584344589886));
#6578=CARTESIAN_POINT('Ctrl Pts',(-1.73941978304907,10.3645434919288,1.17755101312173));
#6579=CARTESIAN_POINT('Ctrl Pts',(-1.73941978304907,10.3,1.17755101312173));
#6580=CARTESIAN_POINT('Origin',(-0.753893144606408,10.3,2.3083636611408));
#6581=CARTESIAN_POINT('Ctrl Pts',(0.0891759959320826,8.55,-1.59756869209555));
#6582=CARTESIAN_POINT('Ctrl Pts',(-0.103687826995899,9.15488436746858,-1.30487404542564));
#6583=CARTESIAN_POINT('Ctrl Pts',(-0.620219930324262,10.0217539657492,-0.520972849327205));
#6584=CARTESIAN_POINT('Ctrl Pts',(-1.29365805571436,10.3,0.501052594183295));
#6585=CARTESIAN_POINT('Ctrl Pts',(-1.58215368638636,10.3,0.938880308076978));
#6586=CARTESIAN_POINT('Ctrl Pts',(0.148540959254629,8.61252316424278,-1.68766234833689));
#6587=CARTESIAN_POINT('Ctrl Pts',(-0.0506384810670415,9.23960542591055,
-1.38544600512619));
#6588=CARTESIAN_POINT('Ctrl Pts',(-0.584672192332514,10.1398244538705,-0.574902455593578));
#6589=CARTESIAN_POINT('Ctrl Pts',(-1.28285832454935,10.4302731455638,0.484699434414965));
#6590=CARTESIAN_POINT('Ctrl Pts',(-1.58215368638636,10.4308996938996,0.938880308076982));
#6591=CARTESIAN_POINT('Ctrl Pts',(0.348557804877578,8.73720661555609,-1.81353775297373));
#6592=CARTESIAN_POINT('Ctrl Pts',(0.138595517955638,9.40832960257642,-1.49117997548936));
#6593=CARTESIAN_POINT('Ctrl Pts',(-0.427033701922256,10.3751661450202,-0.624916208128409));
#6594=CARTESIAN_POINT('Ctrl Pts',(-1.17202283542594,10.6899340593459,0.51120455279107));
#6595=CARTESIAN_POINT('Ctrl Pts',(-1.49176869957784,10.6917573395042,0.998437236396381));
#6596=CARTESIAN_POINT('Ctrl Pts',(0.604776842251825,8.7953531614089,-1.76487459289097));
#6597=CARTESIAN_POINT('Ctrl Pts',(0.391049475852009,9.48609114129054,-1.42958251196053));
#6598=CARTESIAN_POINT('Ctrl Pts',(-0.185350498552476,10.4782099409065,-0.53165480785694));
#6599=CARTESIAN_POINT('Ctrl Pts',(-0.946845071537124,10.7990033650088,0.639906719959642));
#6600=CARTESIAN_POINT('Ctrl Pts',(-1.27394686529487,10.8,1.14196549068788));
#6601=CARTESIAN_POINT('Ctrl Pts',(0.713028605007314,8.8,-1.7031479812588));
#6602=CARTESIAN_POINT('Ctrl Pts',(0.499128583641862,9.49129641996407,-1.36510810953218));
#6603=CARTESIAN_POINT('Ctrl Pts',(-0.0775886225247441,10.4820045322848,
-0.461632029097334));
#6604=CARTESIAN_POINT('Ctrl Pts',(-0.83814408533821,10.8,0.711720736940784));
#6605=CARTESIAN_POINT('Ctrl Pts',(-1.16464276049778,10.8,1.21398869901346));
#6606=CARTESIAN_POINT('',(-1.58215368638636,10.3,0.938880308076977));
#6607=CARTESIAN_POINT('Ctrl Pts',(0.0013543025136828,8.79983305215529,-1.46428843696626));
#6608=CARTESIAN_POINT('Ctrl Pts',(-0.188199533957147,9.29115194527611,-1.17661710312843));
#6609=CARTESIAN_POINT('Ctrl Pts',(-0.674643743218878,10.0442403821486,-0.438377998495241));
#6610=CARTESIAN_POINT('Ctrl Pts',(-1.29365805571436,10.3,0.501052594183295));
#6611=CARTESIAN_POINT('Ctrl Pts',(-1.58215368638636,10.3,0.938880308076978));
#6612=CARTESIAN_POINT('',(-1.16464276049773,10.8,1.21398869901338));
#6613=CARTESIAN_POINT('Origin',(-1.16464276049776,10.3,1.21398869901344));
#6614=CARTESIAN_POINT('Ctrl Pts',(-1.16464276049778,10.8,1.21398869901346));
#6615=CARTESIAN_POINT('Ctrl Pts',(-0.83814408533821,10.8,0.711720736940784));
#6616=CARTESIAN_POINT('Ctrl Pts',(-0.0775886225247441,10.4820045322848,
-0.461632029097334));
#6617=CARTESIAN_POINT('Ctrl Pts',(0.499128583641862,9.49129641996407,-1.36510810953218));
#6618=CARTESIAN_POINT('Ctrl Pts',(0.713028605007314,8.8,-1.7031479812588));
#6619=CARTESIAN_POINT('Origin',(-0.0144505708785929,10.3,-0.531569858481226));
#6620=CARTESIAN_POINT('',(-0.0144505708785929,10.8,-0.531569858481226));
#6621=CARTESIAN_POINT('',(-0.431961496767187,10.3,-0.806678249417688));
#6622=CARTESIAN_POINT('Ctrl Pts',(0.818045801344782,10.3,2.00751797047757));
#6623=CARTESIAN_POINT('Ctrl Pts',(0.994483326416851,10.3,1.33104069180703));
#6624=CARTESIAN_POINT('Ctrl Pts',(1.30259571781727,9.92287515668635,0.149710178504414));
#6625=CARTESIAN_POINT('Ctrl Pts',(1.5183093381236,9.00366327579616,-0.67735516815237));
#6626=CARTESIAN_POINT('Ctrl Pts',(1.58465690715497,8.55,-0.931737692087769));
#6627=CARTESIAN_POINT('Ctrl Pts',(0.818045801344782,10.4308996938996,2.00751797047757));
#6628=CARTESIAN_POINT('Ctrl Pts',(1.00105177361846,10.4300642961182,1.30574980640484));
#6629=CARTESIAN_POINT('Ctrl Pts',(1.32044232296924,10.0369437843472,0.0813952568067124));
#6630=CARTESIAN_POINT('Ctrl Pts',(1.54340153869887,9.08283486069549,-0.773457848562176));
#6631=CARTESIAN_POINT('Ctrl Pts',(1.61188662769458,8.61252316424278,-1.03613888022543));
#6632=CARTESIAN_POINT('Ctrl Pts',(0.713305944930269,10.6917562313488,1.98019991911818));
#6633=CARTESIAN_POINT('Ctrl Pts',(0.910816216567129,10.6893251911368,1.22868020488765));
#6634=CARTESIAN_POINT('Ctrl Pts',(1.25575662586943,10.2641549735274,-0.0808673398713375));
#6635=CARTESIAN_POINT('Ctrl Pts',(1.49729203054357,9.24054841139933,-0.990208066785763));
#6636=CARTESIAN_POINT('Ctrl Pts',(1.57159177202246,8.73720617091799,-1.26900694854349));
#6637=CARTESIAN_POINT('Ctrl Pts',(0.460893481675476,10.8,1.9143661775895));
#6638=CARTESIAN_POINT('Ctrl Pts',(0.666531556369144,10.7986711533445,1.14233031709728));
#6639=CARTESIAN_POINT('Ctrl Pts',(1.02729640536179,10.3648014007236,-0.203091671116963));
#6640=CARTESIAN_POINT('Ctrl Pts',(1.28436582511237,9.31340664654254,-1.1394648568979));
#6641=CARTESIAN_POINT('Ctrl Pts',(1.36398511466585,8.79535316140889,-1.42685329188871));
#6642=CARTESIAN_POINT('Ctrl Pts',(0.334231085173655,10.8,1.88133033076491));
#6643=CARTESIAN_POINT('Ctrl Pts',(0.540614525972249,10.8,1.10970544111852));
#6644=CARTESIAN_POINT('Ctrl Pts',(0.903695136379115,10.3690001790701,-0.236878826998708));
#6645=CARTESIAN_POINT('Ctrl Pts',(1.16461458708868,9.31847231519564,-1.17713322524348));
#6646=CARTESIAN_POINT('Ctrl Pts',(1.24567873498516,8.8,-1.46599686415935));
#6647=CARTESIAN_POINT('Ctrl Pts',(1.24567873498516,8.8,-1.46599686415935));
#6648=CARTESIAN_POINT('Ctrl Pts',(1.16461458708868,9.31847231519564,-1.17713322524348));
#6649=CARTESIAN_POINT('Ctrl Pts',(0.903695136379115,10.3690001790701,-0.236878826998708));
#6650=CARTESIAN_POINT('Ctrl Pts',(0.540614525972249,10.8,1.10970544111852));
#6651=CARTESIAN_POINT('Ctrl Pts',(0.334231085173655,10.8,1.88133033076491));
#6652=CARTESIAN_POINT('Ctrl Pts',(0.818045801344782,10.3,2.00751797047757));
#6653=CARTESIAN_POINT('Ctrl Pts',(0.994483326416851,10.3,1.33104069180703));
#6654=CARTESIAN_POINT('Ctrl Pts',(1.27770228532916,9.95334433640337,0.245153828937906));
#6655=CARTESIAN_POINT('Ctrl Pts',(1.48284974674691,9.14865718283282,-0.541399917887582));
#6656=CARTESIAN_POINT('Ctrl Pts',(1.54441215711286,8.79993717425563,-0.777435714783662));
#6657=CARTESIAN_POINT('Origin',(0.745910460517302,8.8,2.28409133002233));
#6658=CARTESIAN_POINT('',(0.745910460517302,8.8,2.28409133002233));
#6659=CARTESIAN_POINT('Origin',(-0.753893144606408,8.8,2.3083636611408));
#6660=CARTESIAN_POINT('',(-1.73941978304907,8.8,1.17755101312173));
#6661=CARTESIAN_POINT('Origin',(0.320395053925694,8.8,-1.94847214021428));
#6662=CARTESIAN_POINT('Origin',(3.28610081229119,10.3,1.95995075928863));
#6663=CARTESIAN_POINT('',(3.86026632433801,10.3,2.36780103853932));
#6664=CARTESIAN_POINT('',(3.81367271746102,10.3,2.08579861584695));
#6665=CARTESIAN_POINT('',(3.77941268556435,10.3,1.87844373083266));
#6666=CARTESIAN_POINT('',(3.32036084418786,10.8,2.16730564430292));
#6667=CARTESIAN_POINT('Origin',(3.32036084418786,10.3,2.16730564430292));
#6668=CARTESIAN_POINT('',(3.37922953901509,10.8,2.52360161868106));
#6669=CARTESIAN_POINT('',(3.28610081229119,10.8,1.95995075928863));
#6670=CARTESIAN_POINT('Ctrl Pts',(3.37922953901509,10.8,2.52360161868106));
#6671=CARTESIAN_POINT('Ctrl Pts',(3.38063681040615,10.8,2.5231193584528));
#6672=CARTESIAN_POINT('Ctrl Pts',(3.38204416463438,10.7999935431824,2.5226373604507));
#6673=CARTESIAN_POINT('Ctrl Pts',(3.44765460511087,10.7993914831061,2.50018021194252));
#6674=CARTESIAN_POINT('Ctrl Pts',(3.51131662647354,10.7853695274493,2.47900033813778));
#6675=CARTESIAN_POINT('Ctrl Pts',(3.62776311096855,10.732768283303,2.44098126886004));
#6676=CARTESIAN_POINT('Ctrl Pts',(3.67975787747381,10.6955610403603,2.42436344036236));
#6677=CARTESIAN_POINT('Ctrl Pts',(3.76689287748975,10.6027100007305,2.39680115040629));
#6678=CARTESIAN_POINT('Ctrl Pts',(3.80133789005994,10.5481399024079,2.38606793485753));
#6679=CARTESIAN_POINT('Ctrl Pts',(3.84821186137467,10.4284404207252,2.37151124359697));
#6680=CARTESIAN_POINT('Ctrl Pts',(3.86026632433801,10.3645434919288,2.36780103853932));
#6681=CARTESIAN_POINT('Ctrl Pts',(3.86026632433801,10.3,2.36780103853932));
#6682=CARTESIAN_POINT('Origin',(2.5,10.3,3.));
#6683=CARTESIAN_POINT('',(1.62077046098485,10.8,2.52360161868116));
#6684=CARTESIAN_POINT('Origin',(2.5,10.8,3.));
#6685=CARTESIAN_POINT('',(1.13973367566199,10.3,2.36780103853932));
#6686=CARTESIAN_POINT('Ctrl Pts',(1.62077046098447,10.8,2.52360161868109));
#6687=CARTESIAN_POINT('Ctrl Pts',(1.61936318959331,10.8,2.52311935845279));
#6688=CARTESIAN_POINT('Ctrl Pts',(1.61795583536621,10.7999935431824,2.5226373604509));
#6689=CARTESIAN_POINT('Ctrl Pts',(1.55234539488958,10.7993914831061,2.50018021194268));
#6690=CARTESIAN_POINT('Ctrl Pts',(1.48868337352663,10.7853695274494,2.47900033813785));
#6691=CARTESIAN_POINT('Ctrl Pts',(1.37223688903146,10.732768283303,2.44098126886005));
#6692=CARTESIAN_POINT('Ctrl Pts',(1.32024212252619,10.6955610403603,2.42436344036237));
#6693=CARTESIAN_POINT('Ctrl Pts',(1.23310712251024,10.6027100007304,2.39680115040629));
#6694=CARTESIAN_POINT('Ctrl Pts',(1.19866210994006,10.5481399024079,2.38606793485753));
#6695=CARTESIAN_POINT('Ctrl Pts',(1.15178813862534,10.4284404207252,2.37151124359697));
#6696=CARTESIAN_POINT('Ctrl Pts',(1.13973367566199,10.3645434919288,2.36780103853932));
#6697=CARTESIAN_POINT('Ctrl Pts',(1.13973367566199,10.3,2.36780103853932));
#6698=CARTESIAN_POINT('Origin',(2.5,10.3,3.));
#6699=CARTESIAN_POINT('Ctrl Pts',(1.68149617038107,8.55,-0.91115387126177));
#6700=CARTESIAN_POINT('Ctrl Pts',(1.63864099689118,9.00366327538861,-0.651777884745875));
#6701=CARTESIAN_POINT('Ctrl Pts',(1.49930561245802,9.92285829822798,0.191533432204959));
#6702=CARTESIAN_POINT('Ctrl Pts',(1.30029168029279,10.3,1.39604226467843));
#6703=CARTESIAN_POINT('Ctrl Pts',(1.18632728253895,10.3,2.0857986158471));
#6704=CARTESIAN_POINT('Ctrl Pts',(1.69908437166547,8.61252316424278,-1.01760442758159));
#6705=CARTESIAN_POINT('Ctrl Pts',(1.65480661265513,9.08283486027297,-0.749777969338503));
#6706=CARTESIAN_POINT('Ctrl Pts',(1.51078742593725,10.0369275305551,0.121865679334497));
#6707=CARTESIAN_POINT('Ctrl Pts',(1.30457783501305,10.430064296119,1.37026626305767));
#6708=CARTESIAN_POINT('Ctrl Pts',(1.18632728253895,10.4308996938996,2.0857986158471));
#6709=CARTESIAN_POINT('Ctrl Pts',(1.83062136607289,8.73720082137156,-1.21393961754735));
#6710=CARTESIAN_POINT('Ctrl Pts',(1.78509983618643,9.24054306140067,-0.929023738347202));
#6711=CARTESIAN_POINT('Ctrl Pts',(1.63588995288128,10.2641248812573,-4.59556726695986E-5));
#6712=CARTESIAN_POINT('Ctrl Pts',(1.41837230341419,10.6893118586593,1.33656395965819));
#6713=CARTESIAN_POINT('Ctrl Pts',(1.2931363092469,10.6917428988692,2.10344604509198));
#6714=CARTESIAN_POINT('Ctrl Pts',(2.08447154103685,8.79535316140889,-1.27370917436936));
#6715=CARTESIAN_POINT('Ctrl Pts',(2.04031597408187,9.31340664607708,-0.978782692712408));
#6716=CARTESIAN_POINT('Ctrl Pts',(1.89430070538537,10.3647874268626,-0.0187937479343746));
#6717=CARTESIAN_POINT('Ctrl Pts',(1.67664595445779,10.7986711533457,1.35703676118141));
#6718=CARTESIAN_POINT('Ctrl Pts',(1.55049040939515,10.8,2.14596715415199));
#6719=CARTESIAN_POINT('Ctrl Pts',(2.20847092198764,8.8,-1.26134906728734));
#6720=CARTESIAN_POINT('Ctrl Pts',(2.16503527931587,9.31847231472981,-0.964487242955134));
#6721=CARTESIAN_POINT('Ctrl Pts',(2.02095796231984,10.3689809122605,0.000615797339888474));
#6722=CARTESIAN_POINT('Ctrl Pts',(1.80494661815384,10.8,1.37844752417449));
#6723=CARTESIAN_POINT('Ctrl Pts',(1.67963915581212,10.8,2.16730564430309));
#6724=CARTESIAN_POINT('',(1.18632728253895,10.3,2.0857986158471));
#6725=CARTESIAN_POINT('Ctrl Pts',(1.6555012098146,8.79993674161063,-0.753822375614945));
#6726=CARTESIAN_POINT('Ctrl Pts',(1.61573667234266,9.1486548227853,-0.513152106538416));
#6727=CARTESIAN_POINT('Ctrl Pts',(1.48322659364208,9.95332887108231,0.288849835989325));
#6728=CARTESIAN_POINT('Ctrl Pts',(1.30029168029279,10.3,1.39604226467843));
#6729=CARTESIAN_POINT('Ctrl Pts',(1.18632728253895,10.3,2.0857986158471));
#6730=CARTESIAN_POINT('',(1.67963915581212,10.8,2.16730564430301));
#6731=CARTESIAN_POINT('Origin',(1.67963915581212,10.3,2.16730564430307));
#6732=CARTESIAN_POINT('Ctrl Pts',(1.67963915581212,10.8,2.16730564430309));
#6733=CARTESIAN_POINT('Ctrl Pts',(1.80494661815384,10.8,1.37844752417449));
#6734=CARTESIAN_POINT('Ctrl Pts',(2.02095796231984,10.3689809122605,0.000615797339888474));
#6735=CARTESIAN_POINT('Ctrl Pts',(2.16503527931587,9.31847231472981,-0.964487242955134));
#6736=CARTESIAN_POINT('Ctrl Pts',(2.20847092198764,8.8,-1.26134906728734));
#6737=CARTESIAN_POINT('Origin',(2.01903234987782,10.3,0.113167547106354));
#6738=CARTESIAN_POINT('',(2.01903234987782,10.8,0.113167547106354));
#6739=CARTESIAN_POINT('',(1.52572047660465,10.3,0.0316605186503805));
#6740=CARTESIAN_POINT('Ctrl Pts',(3.81367271746102,10.3,2.08579861584695));
#6741=CARTESIAN_POINT('Ctrl Pts',(3.72819941914565,10.3,1.56848135247047));
#6742=CARTESIAN_POINT('Ctrl Pts',(3.52868195673037,10.0217114616896,0.36092496133111));
#6743=CARTESIAN_POINT('Ctrl Pts',(3.37564406093879,9.15488436718478,-0.56531922257393));
#6744=CARTESIAN_POINT('Ctrl Pts',(3.31850382961893,8.55,-0.91115387126177));
#6745=CARTESIAN_POINT('Ctrl Pts',(3.81367271746102,10.4308996938996,2.08579861584695));
#6746=CARTESIAN_POINT('Ctrl Pts',(3.72498480310546,10.4302731455641,1.54914935125489));
#6747=CARTESIAN_POINT('Ctrl Pts',(3.51814213941444,10.1397816564539,0.297197461540661));
#6748=CARTESIAN_POINT('Ctrl Pts',(3.35995264034832,9.23960542561636,-0.660502483257481));
#6749=CARTESIAN_POINT('Ctrl Pts',(3.30091562833452,8.61252316424278,-1.01760442758159));
#6750=CARTESIAN_POINT('Ctrl Pts',(3.70684782637631,10.6917268194095,2.10344866626977));
#6751=CARTESIAN_POINT('Ctrl Pts',(3.61292083075084,10.6899035392521,1.52828710219444));
#6752=CARTESIAN_POINT('Ctrl Pts',(3.39445069376376,10.3750908108703,0.187418843759512));
#6753=CARTESIAN_POINT('Ctrl Pts',(3.23006214494876,9.40831735632779,-0.834038534224076));
#6754=CARTESIAN_POINT('Ctrl Pts',(3.16936677176681,8.73719436962227,-1.21392637315763));
#6755=CARTESIAN_POINT('Ctrl Pts',(3.44950959060482,10.8,2.14596715415182));
#6756=CARTESIAN_POINT('Ctrl Pts',(3.35489293180785,10.7990033650093,1.5542693594239));
#6757=CARTESIAN_POINT('Ctrl Pts',(3.13575397338284,10.4781675589113,0.174278956887902));
#6758=CARTESIAN_POINT('Ctrl Pts',(2.97440254823646,9.48609114096654,-0.880473865493393));
#6759=CARTESIAN_POINT('Ctrl Pts',(2.91552845896315,8.79535316140889,-1.27370917436936));
#6760=CARTESIAN_POINT('Ctrl Pts',(3.32036084418786,10.8,2.16730564430292));
#6761=CARTESIAN_POINT('Ctrl Pts',(3.22638024743156,10.8,1.57566205420648));
#6762=CARTESIAN_POINT('Ctrl Pts',(3.00883020615524,10.4819559562167,0.194430523862539));
#6763=CARTESIAN_POINT('Ctrl Pts',(2.8494432682414,9.4912964196398,-0.865533301511036));
#6764=CARTESIAN_POINT('Ctrl Pts',(2.79152907801236,8.8,-1.26134906728734));
#6765=CARTESIAN_POINT('Ctrl Pts',(2.79152907801236,8.8,-1.26134906728734));
#6766=CARTESIAN_POINT('Ctrl Pts',(2.8494432682414,9.4912964196398,-0.865533301511036));
#6767=CARTESIAN_POINT('Ctrl Pts',(3.00883020615524,10.4819559562167,0.194430523862539));
#6768=CARTESIAN_POINT('Ctrl Pts',(3.22638024743156,10.8,1.57566205420648));
#6769=CARTESIAN_POINT('Ctrl Pts',(3.32036084418786,10.8,2.16730564430292));
#6770=CARTESIAN_POINT('Ctrl Pts',(3.81367271746102,10.3,2.08579861584695));
#6771=CARTESIAN_POINT('Ctrl Pts',(3.72819941914565,10.3,1.56848135247047));
#6772=CARTESIAN_POINT('Ctrl Pts',(3.54480597075541,10.0442013642796,0.458513693420292));
#6773=CARTESIAN_POINT('Ctrl Pts',(3.40068315325912,9.2911459319481,-0.413773009055939));
#6774=CARTESIAN_POINT('Ctrl Pts',(3.34452315180837,8.79983229496835,-0.753674929706366));
#6775=CARTESIAN_POINT('Origin',(3.86026632433801,8.8,2.36780103853932));
#6776=CARTESIAN_POINT('',(3.86026632433801,8.8,2.36780103853932));
#6777=CARTESIAN_POINT('Origin',(2.5,8.8,3.));
#6778=CARTESIAN_POINT('',(1.13973367566199,8.8,2.36780103853932));
#6779=CARTESIAN_POINT('Origin',(1.75,8.8,-1.32576538582523));
#6780=CARTESIAN_POINT('Origin',(9.34222852763078,10.3,-6.5100158290911));
#6781=CARTESIAN_POINT('',(9.68525290502667,10.3,-7.12295956330661));
#6782=CARTESIAN_POINT('',(9.40966567923715,10.3,-7.04714392120147));
#6783=CARTESIAN_POINT('',(9.20960287117998,10.3,-6.99210548387638));
#6784=CARTESIAN_POINT('',(9.54229133568796,10.8,-6.56505426641619));
#6785=CARTESIAN_POINT('Origin',(9.54229133568796,10.3,-6.56505426641619));
#6786=CARTESIAN_POINT('',(9.89048202923381,10.8,-6.66084354304389));
#6787=CARTESIAN_POINT('',(9.34222852763078,10.8,-6.5100158290911));
#6788=CARTESIAN_POINT('Ctrl Pts',(9.89048202923381,10.8,-6.66084354304389));
#6789=CARTESIAN_POINT('Ctrl Pts',(9.88985531096153,10.8,-6.66219269533468));
#6790=CARTESIAN_POINT('Ctrl Pts',(9.88922884482029,10.7999935431824,-6.66354195741823));
#6791=CARTESIAN_POINT('Ctrl Pts',(9.86003656040395,10.7993914831061,-6.72644556581404));
#6792=CARTESIAN_POINT('Ctrl Pts',(9.83231821890245,10.7853695274493,-6.78754494030169));
#6793=CARTESIAN_POINT('Ctrl Pts',(9.78233544998702,10.732768283303,-6.89937944388419));
#6794=CARTESIAN_POINT('Ctrl Pts',(9.76037372265185,10.6955610403603,-6.94935234154253));
#6795=CARTESIAN_POINT('Ctrl Pts',(9.72385433415555,10.6027100007305,-7.03312896309805));
#6796=CARTESIAN_POINT('Ctrl Pts',(9.7095794320534,10.5481399024079,-7.06626335575811));
#6797=CARTESIAN_POINT('Ctrl Pts',(9.69020281968188,10.4284404207252,-7.11135895798574));
#6798=CARTESIAN_POINT('Ctrl Pts',(9.68525290502667,10.3645434919288,-7.12295956330661));
#6799=CARTESIAN_POINT('Ctrl Pts',(9.68525290502667,10.3,-7.12295956330661));
#6800=CARTESIAN_POINT('Origin',(10.4561751629462,10.3,-5.83622770614122));
#6801=CARTESIAN_POINT('',(10.0742910543794,10.8,-4.91201748783365));
#6802=CARTESIAN_POINT('Origin',(10.4561751629462,10.8,-5.83622770614122));
#6803=CARTESIAN_POINT('',(9.96962600206225,10.3,-4.41733027713406));
#6804=CARTESIAN_POINT('Ctrl Pts',(10.0742910543794,10.8,-4.91201748783363));
#6805=CARTESIAN_POINT('Ctrl Pts',(10.0739585359389,10.8,-4.9105675157017));
#6806=CARTESIAN_POINT('Ctrl Pts',(10.0736262869471,10.7999935431824,-4.90911748859728));
#6807=CARTESIAN_POINT('Ctrl Pts',(10.0581503195655,10.7993914831061,-4.84151905775554));
#6808=CARTESIAN_POINT('Ctrl Pts',(10.0437409645871,10.7853695274493,-4.7759918839459));
#6809=CARTESIAN_POINT('Ctrl Pts',(10.018102139826,10.732768283303,-4.65620923059046));
#6810=CARTESIAN_POINT('Ctrl Pts',(10.0070102785723,10.6955610403603,-4.60276226078072));
#6811=CARTESIAN_POINT('Ctrl Pts',(9.98870706537302,10.6027100007305,-4.51322355159871));
#6812=CARTESIAN_POINT('Ctrl Pts',(9.98163313173327,10.5481399024079,-4.47784530588418));
#6813=CARTESIAN_POINT('Ctrl Pts',(9.9720558477393,10.4284404207252,-4.4297065265211));
#6814=CARTESIAN_POINT('Ctrl Pts',(9.96962600206225,10.3645434919288,-4.41733027713406));
#6815=CARTESIAN_POINT('Ctrl Pts',(9.96962600206225,10.3,-4.41733027713406));
#6816=CARTESIAN_POINT('Origin',(10.4561751629462,10.3,-5.83622770614122));
#6817=CARTESIAN_POINT('Ctrl Pts',(6.65200394931073,8.55,-4.61338082237609));
#6818=CARTESIAN_POINT('Ctrl Pts',(6.91443863263072,9.00366327568115,-4.59787258727962));
#6819=CARTESIAN_POINT('Ctrl Pts',(7.76773061259678,9.92280338170482,-4.54744841139007));
#6820=CARTESIAN_POINT('Ctrl Pts',(8.98640774250197,10.3,-4.47543227694409));
#6821=CARTESIAN_POINT('Ctrl Pts',(9.684298060023,10.3,-4.43419135947561));
#6822=CARTESIAN_POINT('Ctrl Pts',(6.54429807262463,8.61252316424278,-4.61974556058748));
#6823=CARTESIAN_POINT('Ctrl Pts',(6.81528563578735,9.08283486057625,-4.60370584786607));
#6824=CARTESIAN_POINT('Ctrl Pts',(7.69724424520188,10.0368745835033,-4.55158281594694));
#6825=CARTESIAN_POINT('Ctrl Pts',(8.96032491933202,10.4300642961184,-4.47700062582273));
#6826=CARTESIAN_POINT('Ctrl Pts',(9.68429806002301,10.4308996938996,-4.43419135947561));
#6827=CARTESIAN_POINT('Ctrl Pts',(6.335345715369,8.7371701910542,-4.73010194680365));
#6828=CARTESIAN_POINT('Ctrl Pts',(6.62345909132207,9.24051243140789,-4.71461160762426));
#6829=CARTESIAN_POINT('Ctrl Pts',(7.56297712638332,10.2640069066258,-4.66332591149194));
#6830=CARTESIAN_POINT('Ctrl Pts',(8.91491698302031,10.6892355198337,-4.58672507211961));
#6831=CARTESIAN_POINT('Ctrl Pts',(9.69068873466625,10.6916665600451,-4.54233613970129));
#6832=CARTESIAN_POINT('Ctrl Pts',(6.24931236585898,8.7953531614089,-4.97625130310404));
#6833=CARTESIAN_POINT('Ctrl Pts',(6.54723872314139,9.31340664641116,-4.96316583686101));
#6834=CARTESIAN_POINT('Ctrl Pts',(7.51726451728861,10.3647419059283,-4.9182916343148));
#6835=CARTESIAN_POINT('Ctrl Pts',(8.90827618124722,10.7986711533449,-4.84564765767822));
#6836=CARTESIAN_POINT('Ctrl Pts',(9.7060715767505,10.8,-4.80264888746594));
#6837=CARTESIAN_POINT('Ctrl Pts',(6.24864329824423,8.8,-5.10086338547082));
#6838=CARTESIAN_POINT('Ctrl Pts',(6.54841914361441,9.31847231506415,-5.08869619808678));
#6839=CARTESIAN_POINT('Ctrl Pts',(7.52333669233631,10.3689181505198,-5.04628281649026));
#6840=CARTESIAN_POINT('Ctrl Pts',(8.91615858262812,10.8,-4.97548351106675));
#6841=CARTESIAN_POINT('Ctrl Pts',(9.71379345242396,10.8,-4.93332062312093));
#6842=CARTESIAN_POINT('',(9.684298060023,10.3,-4.43419135947561));
#6843=CARTESIAN_POINT('Ctrl Pts',(6.81119279241529,8.79993533244965,-4.60397376545675));
#6844=CARTESIAN_POINT('Ctrl Pts',(7.05470496379722,9.14864713597069,-4.58958373150671));
#6845=CARTESIAN_POINT('Ctrl Pts',(7.86619204879034,9.95327849267009,-4.54162996132429));
#6846=CARTESIAN_POINT('Ctrl Pts',(8.98640774250197,10.3,-4.47543227694409));
#6847=CARTESIAN_POINT('Ctrl Pts',(9.684298060023,10.3,-4.43419135947561));
#6848=CARTESIAN_POINT('',(9.71379345242387,10.8,-4.93332062312093));
#6849=CARTESIAN_POINT('Origin',(9.71379345242394,10.3,-4.93332062312093));
#6850=CARTESIAN_POINT('Ctrl Pts',(9.71379345242396,10.8,-4.93332062312093));
#6851=CARTESIAN_POINT('Ctrl Pts',(8.91615858262812,10.8,-4.97548351106675));
#6852=CARTESIAN_POINT('Ctrl Pts',(7.52333669233631,10.3689181505198,-5.04628281649026));
#6853=CARTESIAN_POINT('Ctrl Pts',(6.54841914361441,9.31847231506415,-5.08869619808678));
#6854=CARTESIAN_POINT('Ctrl Pts',(6.24864329824423,8.8,-5.10086338547082));
#6855=CARTESIAN_POINT('Origin',(7.61359966235592,10.3,-5.05742883409549));
#6856=CARTESIAN_POINT('',(7.61359966235592,10.8,-5.05742883409549));
#6857=CARTESIAN_POINT('',(7.58410426995498,10.3,-4.55829957045018));
#6858=CARTESIAN_POINT('Ctrl Pts',(9.40966567923715,10.3,-7.04714392120147));
#6859=CARTESIAN_POINT('Ctrl Pts',(8.90411672631809,10.3,-6.90806447595021));
#6860=CARTESIAN_POINT('Ctrl Pts',(7.72405280619758,10.0216683132629,-6.58342205621276));
#6861=CARTESIAN_POINT('Ctrl Pts',(6.81885740416827,9.15488436737919,-6.33439755792964));
#6862=CARTESIAN_POINT('Ctrl Pts',(6.48089005433322,8.55,-6.2414207823737));
#6863=CARTESIAN_POINT('Ctrl Pts',(9.40966567923715,10.4308996938996,-7.04714392120147));
#6864=CARTESIAN_POINT('Ctrl Pts',(8.88522664669652,10.4302731455639,-6.90284672553241));
#6865=CARTESIAN_POINT('Ctrl Pts',(7.66177437274735,10.1397382102223,-6.56627795559657));
#6866=CARTESIAN_POINT('Ctrl Pts',(6.72583576743027,9.23960542581789,-6.30884273661592));
#6867=CARTESIAN_POINT('Ctrl Pts',(6.37686111295092,8.61252316424278,-6.21280181803012));
#6868=CARTESIAN_POINT('Ctrl Pts',(9.43840337632622,10.6916586056645,-6.94268339041319));
#6869=CARTESIAN_POINT('Ctrl Pts',(8.87621065181044,10.6898353255065,-6.78915018222474));
#6870=CARTESIAN_POINT('Ctrl Pts',(7.56557606518474,10.3749848319115,-6.4317362467144));
#6871=CARTESIAN_POINT('Ctrl Pts',(6.56688875790842,9.40828998634639,-6.16148016424608));
#6872=CARTESIAN_POINT('Ctrl Pts',(6.19542637827167,8.73716699942523,-6.06140819461913));
#6873=CARTESIAN_POINT('Ctrl Pts',(9.50757002002267,10.8,-6.69126504290328));
#6874=CARTESIAN_POINT('Ctrl Pts',(8.92900374148225,10.799003365009,-6.5353174428112));
#6875=CARTESIAN_POINT('Ctrl Pts',(7.57949108318839,10.4781245343925,-6.17313593864583));
#6876=CARTESIAN_POINT('Ctrl Pts',(6.54737037009492,9.48609114118848,-5.90241145770259));
#6877=CARTESIAN_POINT('Ctrl Pts',(6.1624432633402,8.79535316140889,-5.80275560427901));
#6878=CARTESIAN_POINT('Ctrl Pts',(9.54229133568795,10.8,-6.56505426641619));
#6879=CARTESIAN_POINT('Ctrl Pts',(8.96371247825271,10.8,-6.40974490987742));
#6880=CARTESIAN_POINT('Ctrl Pts',(7.61281255237799,10.481906643729,-6.04901775298711));
#6881=CARTESIAN_POINT('Ctrl Pts',(6.57529088961429,9.49129641986192,-5.77969843191125));
#6882=CARTESIAN_POINT('Ctrl Pts',(6.1876971251993,8.8,-5.68072748791045));
#6883=CARTESIAN_POINT('Ctrl Pts',(6.1876971251993,8.8,-5.68072748791045));
#6884=CARTESIAN_POINT('Ctrl Pts',(6.57529088961429,9.49129641986192,-5.77969843191125));
#6885=CARTESIAN_POINT('Ctrl Pts',(7.61281255237799,10.481906643729,-6.04901775298711));
#6886=CARTESIAN_POINT('Ctrl Pts',(8.96371247825271,10.8,-6.40974490987742));
#6887=CARTESIAN_POINT('Ctrl Pts',(9.54229133568795,10.8,-6.56505426641619));
#6888=CARTESIAN_POINT('Ctrl Pts',(9.40966567923715,10.3,-7.04714392120147));
#6889=CARTESIAN_POINT('Ctrl Pts',(8.90411672631809,10.3,-6.90806447595021));
#6890=CARTESIAN_POINT('Ctrl Pts',(7.81941995328314,10.0441617548935,-6.60965811077339));
#6891=CARTESIAN_POINT('Ctrl Pts',(6.96695976321647,9.29113982773718,-6.37514137476062));
#6892=CARTESIAN_POINT('Ctrl Pts',(6.63478761062873,8.79983152626763,-6.28375889153508));
#6893=CARTESIAN_POINT('Origin',(9.68525290502667,8.8,-7.12295956330661));
#6894=CARTESIAN_POINT('',(9.68525290502667,8.8,-7.12295956330661));
#6895=CARTESIAN_POINT('Origin',(10.4561751629462,8.8,-5.83622770614122));
#6896=CARTESIAN_POINT('',(9.96962600206225,8.8,-4.41733027713406));
#6897=CARTESIAN_POINT('Origin',(6.23250311996754,8.8,-4.6381706763783));
#6898=CARTESIAN_POINT('Origin',(9.33549739513062,10.3,-3.60093405396245));
#6899=CARTESIAN_POINT('',(9.92754059956541,10.3,-4.01691441957648));
#6900=CARTESIAN_POINT('',(9.64494214149859,10.3,-4.05974480720528));
#6901=CARTESIAN_POINT('',(9.41042135696206,10.3,-4.09528858255855));
#6902=CARTESIAN_POINT('',(9.57001817966716,10.8,-3.56539027860917));
#6903=CARTESIAN_POINT('Origin',(9.57001817966716,10.3,-3.56539027860917));
#6904=CARTESIAN_POINT('',(9.92706721496761,10.8,-3.5112762233202));
#6905=CARTESIAN_POINT('',(9.33549739513062,10.8,-3.60093405396245));
#6906=CARTESIAN_POINT('Ctrl Pts',(9.92706721496761,10.8,-3.5112762233202));
#6907=CARTESIAN_POINT('Ctrl Pts',(9.9270434290105,10.8,-3.5127636445532));
#6908=CARTESIAN_POINT('Ctrl Pts',(9.9270199180433,10.7999935431824,-3.51425106353589));
#6909=CARTESIAN_POINT('Ctrl Pts',(9.92593664173284,10.7993914831061,-3.58358994102239));
#6910=CARTESIAN_POINT('Ctrl Pts',(9.92546603123388,10.7853695274494,-3.65068106222456));
#6911=CARTESIAN_POINT('Ctrl Pts',(9.92529169029797,10.732768283303,-3.77317678862052));
#6912=CARTESIAN_POINT('Ctrl Pts',(9.92555446268725,10.6955610403603,-3.82776194153398));
#6913=CARTESIAN_POINT('Ctrl Pts',(9.9262673630303,10.6027100007305,-3.91914946709684));
#6914=CARTESIAN_POINT('Ctrl Pts',(9.92670356269749,10.5481399024079,-3.95522536676445));
#6915=CARTESIAN_POINT('Ctrl Pts',(9.92734418034853,10.4284404207252,-4.00430342760933));
#6916=CARTESIAN_POINT('Ctrl Pts',(9.92754059956541,10.3645434919288,-4.01691441957648));
#6917=CARTESIAN_POINT('Ctrl Pts',(9.92754059956541,10.3,-4.01691441957648));
#6918=CARTESIAN_POINT('Origin',(10.1084521303612,10.3,-2.52786404500042));
#6919=CARTESIAN_POINT('',(9.38367347594335,10.8,-1.83888225852112));
#6920=CARTESIAN_POINT('Origin',(10.1084521303612,10.8,-2.52786404500042));
#6921=CARTESIAN_POINT('',(9.08684977737263,10.3,-1.42953411625944));
#6922=CARTESIAN_POINT('Ctrl Pts',(9.38367347594335,10.8,-1.83888225852112));
#6923=CARTESIAN_POINT('Ctrl Pts',(9.38277994843494,10.8,-1.8376928905004));
#6924=CARTESIAN_POINT('Ctrl Pts',(9.38188664472067,10.7999935431824,-1.8365033626651));
#6925=CARTESIAN_POINT('Ctrl Pts',(9.34025388617977,10.799391483106,-1.78104376624834));
#6926=CARTESIAN_POINT('Ctrl Pts',(9.30043798268543,10.7853695274493,-1.72704252693427));
#6927=CARTESIAN_POINT('Ctrl Pts',(9.22829575646109,10.732768283303,-1.62804387757264));
#6928=CARTESIAN_POINT('Ctrl Pts',(9.19642399591301,10.6955610403603,-1.58372910748997));
#6929=CARTESIAN_POINT('Ctrl Pts',(9.14328450463648,10.6027100007305,-1.50937601392775));
#6930=CARTESIAN_POINT('Ctrl Pts',(9.12243251579238,10.5481399024079,-1.47993360627786));
#6931=CARTESIAN_POINT('Ctrl Pts',(9.09410342598324,10.4284404207252,-1.43985207539574));
#6932=CARTESIAN_POINT('Ctrl Pts',(9.08684977737263,10.3645434919288,-1.42953411625944));
#6933=CARTESIAN_POINT('Ctrl Pts',(9.08684977737263,10.3,-1.42953411625944));
#6934=CARTESIAN_POINT('Origin',(10.1084521303612,10.3,-2.52786404500042));
#6935=CARTESIAN_POINT('Ctrl Pts',(6.13579216155148,8.55,-2.95803365806405));
#6936=CARTESIAN_POINT('Ctrl Pts',(6.4470431557197,9.15488436818244,-2.79682128477056));
#6937=CARTESIAN_POINT('Ctrl Pts',(7.28067155685986,10.0216920722852,-2.36504366635105));
#6938=CARTESIAN_POINT('Ctrl Pts',(8.36746249866503,10.3,-1.80214057436096));
#6939=CARTESIAN_POINT('Ctrl Pts',(8.83304775201439,10.3,-1.56099081076427));
#6940=CARTESIAN_POINT('Ctrl Pts',(6.03998671939763,8.61252316424277,-3.00765606246899));
#6941=CARTESIAN_POINT('Ctrl Pts',(6.36136741104943,9.23960542665061,-2.84115795769558));
#6942=CARTESIAN_POINT('Ctrl Pts',(7.22331938010427,10.1397621332246,-2.39476097286356));
#6943=CARTESIAN_POINT('Ctrl Pts',(8.35007004389407,10.4302731455631,-1.81117177281915));
#6944=CARTESIAN_POINT('Ctrl Pts',(8.8330477520144,10.4308996938996,-1.56099081076427));
#6945=CARTESIAN_POINT('Ctrl Pts',(5.89396443444198,8.7371784410109,-3.19345102568069));
#6946=CARTESIAN_POINT('Ctrl Pts',(6.23650333789279,9.40830142882326,-3.01833449703138));
#6947=CARTESIAN_POINT('Ctrl Pts',(7.15716964430098,10.3750358067224,-2.54634696071541));
#6948=CARTESIAN_POINT('Ctrl Pts',(8.3648767958424,10.6898638409513,-1.92423298403077));
#6949=CARTESIAN_POINT('Ctrl Pts',(8.88286291225424,10.6916871211117,-1.65716840453411));
#6950=CARTESIAN_POINT('Ctrl Pts',(5.91550781586082,8.79535316140889,-3.45332176029369));
#6951=CARTESIAN_POINT('Ctrl Pts',(6.27130372527763,9.4860911421057,-3.27581278052567));
#6952=CARTESIAN_POINT('Ctrl Pts',(7.2245776125016,10.4781482251707,-2.79641849707258));
#6953=CARTESIAN_POINT('Ctrl Pts',(8.46930413865436,10.7990033650077,-2.16156788914639));
#6954=CARTESIAN_POINT('Ctrl Pts',(9.0028040273685,10.8,-1.88873742469236));
#6955=CARTESIAN_POINT('Ctrl Pts',(5.96558089224905,8.8,-3.56743269642287));
#6956=CARTESIAN_POINT('Ctrl Pts',(6.32412758713804,9.49129642077989,-3.39003922986062));
#6957=CARTESIAN_POINT('Ctrl Pts',(7.28296991053388,10.4819337968974,-2.91090006794001));
#6958=CARTESIAN_POINT('Ctrl Pts',(8.52936240389324,10.8,-2.27718000880472));
#6959=CARTESIAN_POINT('Ctrl Pts',(9.06300729491967,10.8,-2.00497122545257));
#6960=CARTESIAN_POINT('',(8.83304775201439,10.3,-1.56099081076427));
#6961=CARTESIAN_POINT('Ctrl Pts',(6.27752356126426,8.79983194951586,-2.8846239156182));
#6962=CARTESIAN_POINT('Ctrl Pts',(6.58343616640617,9.29114318951922,-2.72617655956359));
#6963=CARTESIAN_POINT('Ctrl Pts',(7.36850071404382,10.0441835651645,-2.31955257671828));
#6964=CARTESIAN_POINT('Ctrl Pts',(8.36746249866503,10.3,-1.80214057436096));
#6965=CARTESIAN_POINT('Ctrl Pts',(8.83304775201439,10.3,-1.56099081076427));
#6966=CARTESIAN_POINT('',(9.06300729491958,10.8,-2.00497122545261));
#6967=CARTESIAN_POINT('Origin',(9.06300729491965,10.3,-2.00497122545258));
#6968=CARTESIAN_POINT('Ctrl Pts',(9.06300729491967,10.8,-2.00497122545257));
#6969=CARTESIAN_POINT('Ctrl Pts',(8.52936240389324,10.8,-2.27718000880472));
#6970=CARTESIAN_POINT('Ctrl Pts',(7.28296991053388,10.4819337968974,-2.91090006794001));
#6971=CARTESIAN_POINT('Ctrl Pts',(6.32412758713804,9.49129642077989,-3.39003922986062));
#6972=CARTESIAN_POINT('Ctrl Pts',(5.96558089224905,8.8,-3.56743269642287));
#6973=CARTESIAN_POINT('Origin',(7.2160669914432,10.3,-2.96159348605141));
#6974=CARTESIAN_POINT('',(7.2160669914432,10.8,-2.96159348605141));
#6975=CARTESIAN_POINT('',(6.98610744853794,10.3,-2.5176130713631));
#6976=CARTESIAN_POINT('Ctrl Pts',(9.64494214149859,10.3,-4.05974480720528));
#6977=CARTESIAN_POINT('Ctrl Pts',(8.95372793186979,10.3,-4.16450465881754));
#6978=CARTESIAN_POINT('Ctrl Pts',(7.74670383546639,9.92281108749588,-4.34744022852978));
#6979=CARTESIAN_POINT('Ctrl Pts',(6.90157954780654,9.00366327639555,-4.4755265637582));
#6980=CARTESIAN_POINT('Ctrl Pts',(6.64165534817793,8.55,-4.51492045960729));
#6981=CARTESIAN_POINT('Ctrl Pts',(9.64494214149859,10.4308996938996,-4.05974480720528));
#6982=CARTESIAN_POINT('Ctrl Pts',(8.92788900285789,10.4300642961171,-4.16839350599748));
#6983=CARTESIAN_POINT('Ctrl Pts',(7.67689811941183,10.0368820128211,-4.35805079946709));
#6984=CARTESIAN_POINT('Ctrl Pts',(6.80338047878047,9.08283486131687,-4.49043584113248));
#6985=CARTESIAN_POINT('Ctrl Pts',(6.53497979982935,8.61252316424278,-4.53108811712934));
#6986=CARTESIAN_POINT('Ctrl Pts',(9.62870961859912,10.6916733545405,-3.95264127170423));
#6987=CARTESIAN_POINT('Ctrl Pts',(8.86066136180737,10.6892423143252,-4.0705143607191));
#6988=CARTESIAN_POINT('Ctrl Pts',(7.52232839859112,10.264020826853,-4.27667246874909));
#6989=CARTESIAN_POINT('Ctrl Pts',(6.59268342687607,9.24051515843521,-4.42184311605054));
#6990=CARTESIAN_POINT('Ctrl Pts',(6.30764539638926,8.73717291728888,-4.46659341715975));
#6991=CARTESIAN_POINT('Ctrl Pts',(9.58963322700611,10.8,-3.69481199155137));
#6992=CARTESIAN_POINT('Ctrl Pts',(8.80033162675718,10.7986711533427,-3.81862383743442));
#6993=CARTESIAN_POINT('Ctrl Pts',(7.42460869527605,10.3647482928281,-4.03677517134214));
#6994=CARTESIAN_POINT('Ctrl Pts',(6.46645510023899,9.31340664722697,-4.19456100215061));
#6995=CARTESIAN_POINT('Ctrl Pts',(6.17231852679291,8.79535316140889,-4.24370385749966));
#6996=CARTESIAN_POINT('Ctrl Pts',(9.57001817966716,10.8,-3.56539027860917));
#6997=CARTESIAN_POINT('Ctrl Pts',(8.78104738694968,10.8,-3.68998636555563));
#6998=CARTESIAN_POINT('Ctrl Pts',(7.40393615204081,10.3689269571382,-3.9103185193417));
#6999=CARTESIAN_POINT('Ctrl Pts',(6.44151049604366,9.31847231588063,-4.07152835727994));
#7000=CARTESIAN_POINT('Ctrl Pts',(6.14575577116961,8.8,-4.12195395508921));
#7001=CARTESIAN_POINT('Ctrl Pts',(6.14575577116961,8.8,-4.12195395508921));
#7002=CARTESIAN_POINT('Ctrl Pts',(6.44151049604366,9.31847231588063,-4.07152835727994));
#7003=CARTESIAN_POINT('Ctrl Pts',(7.40393615204081,10.3689269571382,-3.9103185193417));
#7004=CARTESIAN_POINT('Ctrl Pts',(8.78104738694968,10.8,-3.68998636555563));
#7005=CARTESIAN_POINT('Ctrl Pts',(9.57001817966716,10.8,-3.56539027860917));
#7006=CARTESIAN_POINT('Ctrl Pts',(9.64494214149859,10.3,-4.05974480720528));
#7007=CARTESIAN_POINT('Ctrl Pts',(8.95372793186979,10.3,-4.16450465881754));
#7008=CARTESIAN_POINT('Ctrl Pts',(7.84422373440618,9.95328556164947,-4.33266019362908));
#7009=CARTESIAN_POINT('Ctrl Pts',(7.04050326581122,9.14864821507294,-4.45447140042264));
#7010=CARTESIAN_POINT('Ctrl Pts',(6.79932109048231,8.79993553026296,-4.49102477063265));
#7011=CARTESIAN_POINT('Origin',(9.92754059956541,8.8,-4.01691441957648));
#7012=CARTESIAN_POINT('',(9.92754059956541,8.8,-4.01691441957648));
#7013=CARTESIAN_POINT('Origin',(10.1084521303612,8.8,-2.52786404500042));
#7014=CARTESIAN_POINT('',(9.08684977737263,8.8,-1.42953411625944));
#7015=CARTESIAN_POINT('Origin',(5.76264202642691,8.8,-3.15130667567795));
#7016=CARTESIAN_POINT('Origin',(8.17065151824935,10.3,-0.94473646400529));
#7017=CARTESIAN_POINT('',(8.88553904735129,10.3,-1.08085370375371));
#7018=CARTESIAN_POINT('',(8.64479319773332,10.3,-1.23492435799356));
#7019=CARTESIAN_POINT('',(8.44017006469955,10.3,-1.36587747734806));
#7020=CARTESIAN_POINT('',(8.37527465128312,10.8,-0.81378334465079));
#7021=CARTESIAN_POINT('Origin',(8.37527465128312,10.3,-0.813783344650791));
#7022=CARTESIAN_POINT('',(8.67944500644607,10.8,-0.619122769215372));
#7023=CARTESIAN_POINT('',(8.17065151824935,10.8,-0.94473646400529));
#7024=CARTESIAN_POINT('Ctrl Pts',(8.67944500644607,10.8,-0.619122769215372));
#7025=CARTESIAN_POINT('Ctrl Pts',(8.6800282656122,10.8,-0.62049127074686));
#7026=CARTESIAN_POINT('Ctrl Pts',(8.68061177507886,10.7999935431824,-0.621859658374167));
#7027=CARTESIAN_POINT('Ctrl Pts',(8.70782481518954,10.7993914831061,-0.685644483110027));
#7028=CARTESIAN_POINT('Ctrl Pts',(8.73468330852381,10.7853695274493,-0.747126686666794));
#7029=CARTESIAN_POINT('Ctrl Pts',(8.7843475406991,10.732768283303,-0.859103011943338));
#7030=CARTESIAN_POINT('Ctrl Pts',(8.80678937707953,10.6955610403603,-0.908862151282648));
#7031=CARTESIAN_POINT('Ctrl Pts',(8.84461129931611,10.6027100007305,-0.992058847453416));
#7032=CARTESIAN_POINT('Ctrl Pts',(8.85968317786744,10.5481399024079,-1.02483840333678));
#7033=CARTESIAN_POINT('Ctrl Pts',(8.88023025692935,10.4284404207252,-1.06941288021865));
#7034=CARTESIAN_POINT('Ctrl Pts',(8.88553904735129,10.3645434919288,-1.08085370375371));
#7035=CARTESIAN_POINT('Ctrl Pts',(8.88553904735129,10.3,-1.08085370375371));
#7036=CARTESIAN_POINT('Origin',(8.44515860381915,10.3,0.353044850870866));
#7037=CARTESIAN_POINT('',(7.50280621730642,10.8,0.687666995436587));
#7038=CARTESIAN_POINT('Origin',(8.44515860381915,10.8,0.353044850870866));
#7039=CARTESIAN_POINT('',(7.06514738652364,10.3,0.940896056652188));
#7040=CARTESIAN_POINT('Ctrl Pts',(7.50280621730642,10.8,0.687666995436586));
#7041=CARTESIAN_POINT('Ctrl Pts',(7.50150617975385,10.8,0.688390106810039));
#7042=CARTESIAN_POINT('Ctrl Pts',(7.50020628164497,10.7999935431824,0.689113455206638));
#7043=CARTESIAN_POINT('Ctrl Pts',(7.43961541411668,10.7993914831061,0.722844749145525));
#7044=CARTESIAN_POINT('Ctrl Pts',(7.3812774935378,10.7853695274493,0.755982749099289));
#7045=CARTESIAN_POINT('Ctrl Pts',(7.27510591215601,10.732768283303,0.817079628617802));
#7046=CARTESIAN_POINT('Ctrl Pts',(7.22796516925814,10.6955610403603,0.844599772639065));
#7047=CARTESIAN_POINT('Ctrl Pts',(7.14917770070324,10.6027100007305,0.890910925227937));
#7048=CARTESIAN_POINT('Ctrl Pts',(7.11815315496031,10.5481399024079,0.90932663505465));
#7049=CARTESIAN_POINT('Ctrl Pts',(7.07597061632568,10.4284404207252,0.934420456637006));
#7050=CARTESIAN_POINT('Ctrl Pts',(7.06514738652364,10.3645434919288,0.940896056652187));
#7051=CARTESIAN_POINT('Ctrl Pts',(7.06514738652364,10.3,0.940896056652188));
#7052=CARTESIAN_POINT('Origin',(8.44515860381915,10.3,0.353044850870866));
#7053=CARTESIAN_POINT('Ctrl Pts',(4.99091887892513,8.55,-1.65576102495458));
#7054=CARTESIAN_POINT('Ctrl Pts',(5.20968983059401,9.15488436623436,-1.38188900997657));
#7055=CARTESIAN_POINT('Ctrl Pts',(5.79562056672045,10.0217129578766,-0.648381978460878));
#7056=CARTESIAN_POINT('Ctrl Pts',(6.55950710678494,10.3,0.307901953871654));
#7057=CARTESIAN_POINT('Ctrl Pts',(6.88675595374985,10.3,0.717573806710524));
#7058=CARTESIAN_POINT('Ctrl Pts',(4.92357950261706,8.61252316424278,-1.74006093102606));
#7059=CARTESIAN_POINT('Ctrl Pts',(5.14945449270812,9.23960542463105,-1.45724004094323));
#7060=CARTESIAN_POINT('Ctrl Pts',(5.75531435450116,10.1397831629686,-0.698856554910048));
#7061=CARTESIAN_POINT('Ctrl Pts',(6.54729162811484,10.4302731455651,0.292577394924068));
#7062=CARTESIAN_POINT('Ctrl Pts',(6.88675595374985,10.4308996938996,0.717573806710528));
#7063=CARTESIAN_POINT('Ctrl Pts',(4.8657253676351,8.73718778832685,-1.969185757701));
#7064=CARTESIAN_POINT('Ctrl Pts',(5.10742391716015,9.40831077397781,-1.66988572564675));
#7065=CARTESIAN_POINT('Ctrl Pts',(5.75651348226192,10.3750793359666,-0.864239965112438));
#7066=CARTESIAN_POINT('Ctrl Pts',(6.60678620500519,10.6898871369321,0.195327827302498));
#7067=CARTESIAN_POINT('Ctrl Pts',(6.97136511705207,10.6917104170866,0.649987393483842));
#7068=CARTESIAN_POINT('Ctrl Pts',(4.99113093558592,8.79535316140889,-2.19782693625926));
#7069=CARTESIAN_POINT('Ctrl Pts',(5.24396726512054,9.48609113988115,-1.89094918127343));
#7070=CARTESIAN_POINT('Ctrl Pts',(5.91983596750196,10.4781690508159,-1.06527469666505));
#7071=CARTESIAN_POINT('Ctrl Pts',(6.79873633399996,10.7990033650109,0.0209714900535128));
#7072=CARTESIAN_POINT('Ctrl Pts',(7.17514258553449,10.8,0.487208473877353));
#7073=CARTESIAN_POINT('Ctrl Pts',(5.08328806617,8.8,-2.28170590862879));
#7074=CARTESIAN_POINT('Ctrl Pts',(5.33868434672298,9.49129641855354,-1.97381483496187));
#7075=CARTESIAN_POINT('Ctrl Pts',(6.01973978755426,10.4819576661447,-1.14611378372902));
#7076=CARTESIAN_POINT('Ctrl Pts',(6.90062597485277,10.8,-0.0602175395182095));
#7077=CARTESIAN_POINT('Ctrl Pts',(7.27741755307425,10.8,0.405510488114282));
#7078=CARTESIAN_POINT('',(6.88675595374985,10.3,0.717573806710524));
#7079=CARTESIAN_POINT('Ctrl Pts',(5.09053819081386,8.79983232158909,-1.53105095047));
#7080=CARTESIAN_POINT('Ctrl Pts',(5.30555611057537,9.29114614297002,-1.26187723022858));
#7081=CARTESIAN_POINT('Ctrl Pts',(5.85735409201416,10.0442027377756,-0.571099849206927));
#7082=CARTESIAN_POINT('Ctrl Pts',(6.55950710678494,10.3,0.307901953871654));
#7083=CARTESIAN_POINT('Ctrl Pts',(6.88675595374985,10.3,0.717573806710524));
#7084=CARTESIAN_POINT('',(7.2774175530742,10.8,0.40551048811422));
#7085=CARTESIAN_POINT('Origin',(7.27741755307424,10.3,0.405510488114267));
#7086=CARTESIAN_POINT('Ctrl Pts',(7.27741755307425,10.8,0.405510488114282));
#7087=CARTESIAN_POINT('Ctrl Pts',(6.90062597485277,10.8,-0.0602175395182095));
#7088=CARTESIAN_POINT('Ctrl Pts',(6.01973978755426,10.4819576661447,-1.14611378372902));
#7089=CARTESIAN_POINT('Ctrl Pts',(5.33868434672298,9.49129641855354,-1.97381483496187));
#7090=CARTESIAN_POINT('Ctrl Pts',(5.08328806617,8.8,-2.28170590862879));
#7091=CARTESIAN_POINT('Origin',(5.95919907275459,10.3,-1.24472300327187));
#7092=CARTESIAN_POINT('',(5.95919907275459,10.8,-1.24472300327187));
#7093=CARTESIAN_POINT('',(5.5685374734302,10.3,-0.93265968467561));
#7094=CARTESIAN_POINT('Ctrl Pts',(8.64479319773332,10.3,-1.23492435799356));
#7095=CARTESIAN_POINT('Ctrl Pts',(8.20315875106644,10.3,-1.51755813232776));
#7096=CARTESIAN_POINT('Ctrl Pts',(7.17227071970057,10.0217014156133,-2.17729782749847));
#7097=CARTESIAN_POINT('Ctrl Pts',(6.38153031339037,9.15488436626613,-2.68334971552655));
#7098=CARTESIAN_POINT('Ctrl Pts',(6.08629080656505,8.55,-2.87229479618405));
#7099=CARTESIAN_POINT('Ctrl Pts',(8.64479319773332,10.4308996938996,-1.23492435799356));
#7100=CARTESIAN_POINT('Ctrl Pts',(8.18664127644186,10.430273145565,-1.52810484073109));
#7101=CARTESIAN_POINT('Ctrl Pts',(7.11785905255996,10.1397715410425,-2.21210743372779));
#7102=CARTESIAN_POINT('Ctrl Pts',(6.30029575595234,9.23960542466398,-2.73537875045607));
#7103=CARTESIAN_POINT('Ctrl Pts',(5.99541382267659,8.61252316424278,-2.93045354070762));
#7104=CARTESIAN_POINT('Ctrl Pts',(8.58641391955106,10.6916971040562,-1.14370277530207));
#7105=CARTESIAN_POINT('Ctrl Pts',(8.09613615260328,10.6898738239015,-1.4587596201759));
#7106=CARTESIAN_POINT('Ctrl Pts',(6.95350682756012,10.3750549099274,-2.19361289795324));
#7107=CARTESIAN_POINT('Ctrl Pts',(6.08442315247424,9.40830543227046,-2.75493691531356));
#7108=CARTESIAN_POINT('Ctrl Pts',(5.76149833933902,8.73718244658424,-2.96402604249938));
#7109=CARTESIAN_POINT('Ctrl Pts',(8.4458344417443,10.8,-0.924037804121041));
#7110=CARTESIAN_POINT('Ctrl Pts',(7.94280638583737,10.7990033650108,-1.24964702740508));
#7111=CARTESIAN_POINT('Ctrl Pts',(6.770643815044,10.4781575417003,-2.01018764680027));
#7112=CARTESIAN_POINT('Ctrl Pts',(5.87884179453345,9.48609113991744,-2.59604877895483));
#7113=CARTESIAN_POINT('Ctrl Pts',(5.54721655499667,8.79535316140889,-2.81542258449338));
#7114=CARTESIAN_POINT('Ctrl Pts',(8.37527465128313,10.8,-0.813783344650791));
#7115=CARTESIAN_POINT('Ctrl Pts',(7.87271248584585,10.8,-1.13982898417045));
#7116=CARTESIAN_POINT('Ctrl Pts',(6.70069348804014,10.4819444749867,-1.90237920327646));
#7117=CARTESIAN_POINT('Ctrl Pts',(5.80633071855145,9.49129641858985,-2.49318874799797));
#7118=CARTESIAN_POINT('Ctrl Pts',(5.4734301236533,8.8,-2.71500256023094));
#7119=CARTESIAN_POINT('Ctrl Pts',(5.4734301236533,8.8,-2.71500256023094));
#7120=CARTESIAN_POINT('Ctrl Pts',(5.80633071855145,9.49129641858985,-2.49318874799797));
#7121=CARTESIAN_POINT('Ctrl Pts',(6.70069348804014,10.4819444749867,-1.90237920327646));
#7122=CARTESIAN_POINT('Ctrl Pts',(7.87271248584585,10.8,-1.13982898417045));
#7123=CARTESIAN_POINT('Ctrl Pts',(8.37527465128313,10.8,-0.813783344650791));
#7124=CARTESIAN_POINT('Ctrl Pts',(8.64479319773332,10.3,-1.23492435799356));
#7125=CARTESIAN_POINT('Ctrl Pts',(8.20315875106644,10.3,-1.51755813232776));
#7126=CARTESIAN_POINT('Ctrl Pts',(7.25558203412389,10.0441921422121,-2.12398090120814));
#7127=CARTESIAN_POINT('Ctrl Pts',(6.5109062591211,9.29114451009061,-2.60055270518031));
#7128=CARTESIAN_POINT('Ctrl Pts',(6.22073100766274,8.79983211599093,-2.78625680312155));
#7129=CARTESIAN_POINT('Origin',(8.88553904735129,8.8,-1.08085370375371));
#7130=CARTESIAN_POINT('',(8.88553904735129,8.8,-1.08085370375371));
#7131=CARTESIAN_POINT('Origin',(8.44515860381915,8.8,0.353044850870866));
#7132=CARTESIAN_POINT('',(7.06514738652364,8.8,0.940896056652188));
#7133=CARTESIAN_POINT('Origin',(4.72864048634476,8.8,-1.98409854560449));
#7134=CARTESIAN_POINT('Origin',(2.5,6.8,-5.));
#7135=CARTESIAN_POINT('Origin',(2.5,8.8,-5.));
#7136=CARTESIAN_POINT('Origin',(2.5,10.8,-5.));
#7137=CARTESIAN_POINT('Origin',(7.33689954508196,10.8,-0.622885466474856));
#7138=CARTESIAN_POINT('Origin',(2.5,6.8,-5.));
#7139=CARTESIAN_POINT('Origin',(2.5,8.8,-5.));
#7140=CARTESIAN_POINT('Origin',(2.5,10.8,-5.));
#7141=CARTESIAN_POINT('Origin',(8.68554707839407,10.8,-2.80287774756055));
#7142=CARTESIAN_POINT('Origin',(2.5,6.8,-5.));
#7143=CARTESIAN_POINT('Origin',(2.5,8.8,-5.));
#7144=CARTESIAN_POINT('Origin',(2.5,10.8,-5.));
#7145=CARTESIAN_POINT('Origin',(9.01594279400613,10.8,-5.83622770614122));
#7146=CARTESIAN_POINT('Origin',(2.5,6.8,-5.));
#7147=CARTESIAN_POINT('Origin',(2.5,8.8,-5.));
#7148=CARTESIAN_POINT('Origin',(2.5,10.8,-5.));
#7149=CARTESIAN_POINT('Origin',(8.11759187280749,10.8,-8.34379912712452));
#7150=CARTESIAN_POINT('Origin',(2.5,6.8,-5.));
#7151=CARTESIAN_POINT('Origin',(2.5,8.8,-5.));
#7152=CARTESIAN_POINT('Origin',(2.5,10.8,-5.));
#7153=CARTESIAN_POINT('Origin',(6.37759009611651,10.8,-10.2519076299841));
#7154=CARTESIAN_POINT('Origin',(2.5,6.8,-5.));
#7155=CARTESIAN_POINT('Origin',(2.5,8.8,-5.));
#7156=CARTESIAN_POINT('Origin',(2.5,10.8,-5.));
#7157=CARTESIAN_POINT('Origin',(4.09679957854297,10.8,-11.3815954050726));
#7158=CARTESIAN_POINT('Origin',(2.5,6.8,-5.));
#7159=CARTESIAN_POINT('Origin',(2.5,8.8,-5.));
#7160=CARTESIAN_POINT('Origin',(2.5,10.8,-5.));
#7161=CARTESIAN_POINT('Origin',(0.903200421457035,10.8,-11.3815954050726));
#7162=CARTESIAN_POINT('Origin',(2.5,6.8,-5.));
#7163=CARTESIAN_POINT('Origin',(2.5,8.8,-5.));
#7164=CARTESIAN_POINT('Origin',(2.5,10.8,-5.));
#7165=CARTESIAN_POINT('Origin',(-1.37759009611651,10.8,-10.2519076299841));
#7166=CARTESIAN_POINT('Origin',(2.5,6.8,-5.));
#7167=CARTESIAN_POINT('Origin',(2.5,8.8,-5.));
#7168=CARTESIAN_POINT('Origin',(2.5,10.8,-5.));
#7169=CARTESIAN_POINT('Origin',(-3.11759187280749,10.8,-8.34379912712453));
#7170=CARTESIAN_POINT('Origin',(2.5,6.8,-5.));
#7171=CARTESIAN_POINT('Origin',(2.5,8.8,-5.));
#7172=CARTESIAN_POINT('Origin',(2.5,10.8,-5.));
#7173=CARTESIAN_POINT('Origin',(-4.01594279400613,10.8,-5.83622770614123));
#7174=CARTESIAN_POINT('Origin',(2.5,6.8,-5.));
#7175=CARTESIAN_POINT('Origin',(2.5,8.8,-5.));
#7176=CARTESIAN_POINT('Origin',(2.5,10.8,-5.));
#7177=CARTESIAN_POINT('Origin',(-3.68554707839407,10.8,-2.80287774756055));
#7178=CARTESIAN_POINT('Origin',(2.5,6.8,-5.));
#7179=CARTESIAN_POINT('Origin',(2.5,8.8,-5.));
#7180=CARTESIAN_POINT('Origin',(2.5,10.8,-5.));
#7181=CARTESIAN_POINT('Origin',(-2.33689954508196,10.8,-0.622885466474859));
#7182=CARTESIAN_POINT('Origin',(2.5,6.8,-5.));
#7183=CARTESIAN_POINT('Origin',(2.5,8.8,-5.));
#7184=CARTESIAN_POINT('Origin',(2.5,10.8,-5.));
#7185=CARTESIAN_POINT('Origin',(-0.281589952108406,10.8,0.929945760463262));
#7186=CARTESIAN_POINT('Origin',(2.5,6.8,-5.));
#7187=CARTESIAN_POINT('Origin',(2.5,8.8,-5.));
#7188=CARTESIAN_POINT('Origin',(2.5,10.8,-5.));
#7189=CARTESIAN_POINT('Origin',(2.5,10.8,1.58711730708738));
#7190=CARTESIAN_POINT('Origin',(6.04435798936597,10.3,1.03144171818678));
#7191=CARTESIAN_POINT('',(6.73941978304906,10.3,1.17755101312173));
#7192=CARTESIAN_POINT('',(6.58215368638627,10.3,0.938880308076848));
#7193=CARTESIAN_POINT('',(6.46186891525456,10.3,0.756333327250321));
#7194=CARTESIAN_POINT('',(6.16464276049767,10.8,1.21398869901331));
#7195=CARTESIAN_POINT('Origin',(6.16464276049767,10.3,1.21398869901331));
#7196=CARTESIAN_POINT('',(6.36334061781452,10.8,1.51553721266659));
#7197=CARTESIAN_POINT('',(6.04435798936597,10.8,1.03144171818678));
#7198=CARTESIAN_POINT('Ctrl Pts',(6.36334061781452,10.8,1.51553721266659));
#7199=CARTESIAN_POINT('Ctrl Pts',(6.36443007129543,10.8,1.5145242571839));
#7200=CARTESIAN_POINT('Ctrl Pts',(6.36551970710831,10.7999935431824,1.51351150756421));
#7201=CARTESIAN_POINT('Ctrl Pts',(6.41632368178103,10.799391483106,1.46630971124386));
#7202=CARTESIAN_POINT('Ctrl Pts',(6.46586720145017,10.7853695274494,1.4210672568748));
#7203=CARTESIAN_POINT('Ctrl Pts',(6.55678260980827,10.732768283303,1.33897205663071));
#7204=CARTESIAN_POINT('Ctrl Pts',(6.59752311279197,10.6955610403603,1.3026427381049));
#7205=CARTESIAN_POINT('Ctrl Pts',(6.665914302966,10.6027100007305,1.24202233591242));
#7206=CARTESIAN_POINT('Ctrl Pts',(6.69301579567623,10.5481399024079,1.21820700681844));
#7207=CARTESIAN_POINT('Ctrl Pts',(6.72991655951485,10.4284404207252,1.18584344589886));
#7208=CARTESIAN_POINT('Ctrl Pts',(6.73941978304907,10.3645434919288,1.17755101312174));
#7209=CARTESIAN_POINT('Ctrl Pts',(6.73941978304907,10.3,1.17755101312174));
#7210=CARTESIAN_POINT('Ctrl Pts',(6.58215368638627,10.3,0.938880308076849));
#7211=CARTESIAN_POINT('Ctrl Pts',(6.29365805571428,10.3,0.501052594183185));
#7212=CARTESIAN_POINT('Ctrl Pts',(5.62023180561388,10.0217133301442,-0.520954827110029));
#7213=CARTESIAN_POINT('Ctrl Pts',(5.10368782699588,9.15488436746854,-1.30487404542565));
#7214=CARTESIAN_POINT('Ctrl Pts',(4.91082400406791,8.55,-1.59756869209555));
#7215=CARTESIAN_POINT('Ctrl Pts',(6.58215368638627,10.4308996938996,0.938880308076849));
#7216=CARTESIAN_POINT('Ctrl Pts',(6.28285832454927,10.4302731455638,0.484699434414849));
#7217=CARTESIAN_POINT('Ctrl Pts',(5.58468294564133,10.1397835378039,-0.574885802205703));
#7218=CARTESIAN_POINT('Ctrl Pts',(5.05063848106703,9.23960542591052,-1.3854460051262));
#7219=CARTESIAN_POINT('Ctrl Pts',(4.85145904074537,8.61252316424278,-1.68766234833689));
#7220=CARTESIAN_POINT('Ctrl Pts',(6.4917313293223,10.6917125858784,0.998461860592169));
#7221=CARTESIAN_POINT('Ctrl Pts',(6.17198546517042,10.6898893057202,0.511229176986877));
#7222=CARTESIAN_POINT('Ctrl Pts',(5.42702473019786,10.375081529977,-0.624853406604535));
#7223=CARTESIAN_POINT('Ctrl Pts',(4.86138931416343,9.4083116455568,-1.49113287091776));
#7224=CARTESIAN_POINT('Ctrl Pts',(4.6514270272415,8.73718865853648,-1.81349064840211));
#7225=CARTESIAN_POINT('Ctrl Pts',(6.27394686529476,10.8,1.14196549068774));
#7226=CARTESIAN_POINT('Ctrl Pts',(5.94684507153703,10.7990033650088,0.639906719959511));
#7227=CARTESIAN_POINT('Ctrl Pts',(5.18535863394583,10.4781694219958,-0.531645812623928));
#7228=CARTESIAN_POINT('Ctrl Pts',(4.60895052414798,9.48609114129053,-1.42958251196054));
#7229=CARTESIAN_POINT('Ctrl Pts',(4.39522315774817,8.79535316140889,-1.76487459289097));
#7230=CARTESIAN_POINT('Ctrl Pts',(6.16464276049767,10.8,1.21398869901331));
#7231=CARTESIAN_POINT('Ctrl Pts',(5.83814408533812,10.8,0.711720736940652));
#7232=CARTESIAN_POINT('Ctrl Pts',(5.07760404840319,10.4819580915933,-0.46161238289061));
#7233=CARTESIAN_POINT('Ctrl Pts',(4.50087141635813,9.49129641996406,-1.36510810953219));
#7234=CARTESIAN_POINT('Ctrl Pts',(4.28697139499268,8.8,-1.7031479812588));
#7235=CARTESIAN_POINT('Ctrl Pts',(4.28697139499268,8.8,-1.7031479812588));
#7236=CARTESIAN_POINT('Ctrl Pts',(4.50087141635813,9.49129641996406,-1.36510810953219));
#7237=CARTESIAN_POINT('Ctrl Pts',(5.07760404840319,10.4819580915933,-0.46161238289061));
#7238=CARTESIAN_POINT('Ctrl Pts',(5.83814408533812,10.8,0.711720736940652));
#7239=CARTESIAN_POINT('Ctrl Pts',(6.16464276049767,10.8,1.21398869901331));
#7240=CARTESIAN_POINT('Ctrl Pts',(6.58215368638627,10.3,0.938880308076849));
#7241=CARTESIAN_POINT('Ctrl Pts',(6.29365805571428,10.3,0.501052594183185));
#7242=CARTESIAN_POINT('Ctrl Pts',(5.67465477731129,10.0442030794747,-0.438361252898621));
#7243=CARTESIAN_POINT('Ctrl Pts',(5.18820148449543,9.29114619647205,-1.17661414294591));
#7244=CARTESIAN_POINT('Ctrl Pts',(4.99864626749831,8.79983232825646,-1.46428757190273));
#7245=CARTESIAN_POINT('Origin',(5.7538931446064,10.3,2.30836366114081));
#7246=CARTESIAN_POINT('',(4.25408953948269,10.3,2.28409133002233));
#7247=CARTESIAN_POINT('Origin',(5.7538931446064,10.3,2.30836366114081));
#7248=CARTESIAN_POINT('',(4.75690831462955,10.8,2.23076695505079));
#7249=CARTESIAN_POINT('Origin',(5.7538931446064,10.8,2.30836366114081));
#7250=CARTESIAN_POINT('Ctrl Pts',(4.75690831462955,10.8,2.23076695505079));
#7251=CARTESIAN_POINT('Ctrl Pts',(4.75542655533601,10.8,2.23089877725137));
#7252=CARTESIAN_POINT('Ctrl Pts',(4.75394482702466,10.7999935431824,2.23103087270023));
#7253=CARTESIAN_POINT('Ctrl Pts',(4.68487256195598,10.7993914831061,2.23720141699909));
#7254=CARTESIAN_POINT('Ctrl Pts',(4.61809978074361,10.7853695274493,2.24374631635183));
#7255=CARTESIAN_POINT('Ctrl Pts',(4.49625687516383,10.732768283303,2.25637722051083));
#7256=CARTESIAN_POINT('Ctrl Pts',(4.44199821262341,10.6955610403603,2.26234425555675));
#7257=CARTESIAN_POINT('Ctrl Pts',(4.35118583586494,10.6027100007305,2.27260584816605));
#7258=CARTESIAN_POINT('Ctrl Pts',(4.31535315903129,10.5481399024079,2.27681061663908));
#7259=CARTESIAN_POINT('Ctrl Pts',(4.26661091571744,10.4284404207252,2.28257777919987));
#7260=CARTESIAN_POINT('Ctrl Pts',(4.25408953948269,10.3645434919288,2.28409133002233));
#7261=CARTESIAN_POINT('Ctrl Pts',(4.25408953948269,10.3,2.28409133002233));
#7262=CARTESIAN_POINT('Ctrl Pts',(3.41534309284502,8.55,-0.931737692087768));
#7263=CARTESIAN_POINT('Ctrl Pts',(3.50380651822019,9.15488436772824,-0.592560993507218));
#7264=CARTESIAN_POINT('Ctrl Pts',(3.74073705089962,10.0217102894604,0.315851896072126));
#7265=CARTESIAN_POINT('Ctrl Pts',(4.0496260548512,10.3,1.5001600114748));
#7266=CARTESIAN_POINT('Ctrl Pts',(4.18195419865525,10.3,2.00751797047773));
#7267=CARTESIAN_POINT('Ctrl Pts',(3.38811337230542,8.61252316424278,-1.03613888022543));
#7268=CARTESIAN_POINT('Ctrl Pts',(3.47942682429969,9.23960542617974,-0.685897504674413));
#7269=CARTESIAN_POINT('Ctrl Pts',(3.72444533611544,10.1397804761333,0.253346947748621));
#7270=CARTESIAN_POINT('Ctrl Pts',(4.04469971944999,10.4302731455635,1.48119184742317));
#7271=CARTESIAN_POINT('Ctrl Pts',(4.18195419865526,10.4308996938996,2.00751797047773));
#7272=CARTESIAN_POINT('Ctrl Pts',(3.42844551863927,8.73719134128823,-1.26899022760844));
#7273=CARTESIAN_POINT('Ctrl Pts',(3.52751184061112,9.40831432859667,-0.89725838526481));
#7274=CARTESIAN_POINT('Ctrl Pts',(3.7927996859066,10.3750833224888,0.102750021793088));
#7275=CARTESIAN_POINT('Ctrl Pts',(4.13859711429307,10.6898959918439,1.41655080582017));
#7276=CARTESIAN_POINT('Ctrl Pts',(4.28672981802072,10.6917192720029,1.98019059149309));
#7277=CARTESIAN_POINT('Ctrl Pts',(3.63601488533414,8.79535316140889,-1.4268532918887));
#7278=CARTESIAN_POINT('Ctrl Pts',(3.74217393807212,9.48609114158706,-1.04366871190097));
#7279=CARTESIAN_POINT('Ctrl Pts',(4.0237787346812,10.47816639004,-0.014476176710933));
#7280=CARTESIAN_POINT('Ctrl Pts',(4.38487796230431,10.7990033650084,1.33533928222049));
#7281=CARTESIAN_POINT('Ctrl Pts',(4.53910651832457,10.8,1.91436617758968));
#7282=CARTESIAN_POINT('Ctrl Pts',(3.75432126501483,8.8,-1.46599686415934));
#7283=CARTESIAN_POINT('Ctrl Pts',(3.86240679554347,9.49129642026083,-1.08084534560486));
#7284=CARTESIAN_POINT('Ctrl Pts',(4.14792583400521,10.4819546165261,-0.047690989385061));
#7285=CARTESIAN_POINT('Ctrl Pts',(4.51098133422743,10.8,1.30261166353026));
#7286=CARTESIAN_POINT('Ctrl Pts',(4.66576891482639,10.8,1.88133033076509));
#7287=CARTESIAN_POINT('',(4.18195419865525,10.3,2.00751797047773));
#7288=CARTESIAN_POINT('Ctrl Pts',(3.45562572282729,8.79983227405698,-0.777290479699326));
#7289=CARTESIAN_POINT('Ctrl Pts',(3.54257159310815,9.29114576645414,-0.443932223312463));
#7290=CARTESIAN_POINT('Ctrl Pts',(3.76569993324647,10.0442002881773,0.411561823486194));
#7291=CARTESIAN_POINT('Ctrl Pts',(4.0496260548512,10.3,1.5001600114748));
#7292=CARTESIAN_POINT('Ctrl Pts',(4.18195419865525,10.3,2.00751797047773));
#7293=CARTESIAN_POINT('',(4.66576891482636,10.8,1.881330330765));
#7294=CARTESIAN_POINT('Origin',(4.66576891482638,10.3,1.88133033076507));
#7295=CARTESIAN_POINT('Ctrl Pts',(4.66576891482639,10.8,1.88133033076509));
#7296=CARTESIAN_POINT('Ctrl Pts',(4.51098133422743,10.8,1.30261166353026));
#7297=CARTESIAN_POINT('Ctrl Pts',(4.14792583400521,10.4819546165261,-0.047690989385061));
#7298=CARTESIAN_POINT('Ctrl Pts',(3.86240679554347,9.49129642026083,-1.08084534560486));
#7299=CARTESIAN_POINT('Ctrl Pts',(3.75432126501483,8.8,-1.46599686415934));
#7300=CARTESIAN_POINT('Origin',(4.13288023620743,10.3,-0.161812606086033));
#7301=CARTESIAN_POINT('',(4.13288023620743,10.8,-0.161812606086033));
#7302=CARTESIAN_POINT('',(3.64906552003631,10.3,-0.0356249663733728));
#7303=CARTESIAN_POINT('Origin',(6.73941978304906,8.8,1.17755101312173));
#7304=CARTESIAN_POINT('',(6.73941978304906,8.8,1.17755101312173));
#7305=CARTESIAN_POINT('Origin',(5.7538931446064,8.8,2.30836366114081));
#7306=CARTESIAN_POINT('',(4.25408953948269,8.8,2.28409133002233));
#7307=CARTESIAN_POINT('Origin',(3.3092867596104,8.8,-1.33836717560058));
#7308=CARTESIAN_POINT('Origin',(2.5,6.8,-5.));
#7309=CARTESIAN_POINT('Origin',(2.5,8.8,-5.));
#7310=CARTESIAN_POINT('Origin',(2.5,10.8,-5.));
#7311=CARTESIAN_POINT('Origin',(5.2815899521084,10.8,0.929945760463265));
#7312=CARTESIAN_POINT('Ctrl Pts',(-1.25,8.8,-5.));
#7313=CARTESIAN_POINT('Ctrl Pts',(-1.25,8.8,-8.75));
#7314=CARTESIAN_POINT('Ctrl Pts',(2.5,8.8,-8.75));
#7315=CARTESIAN_POINT('Ctrl Pts',(6.25,8.8,-8.75));
#7316=CARTESIAN_POINT('Ctrl Pts',(6.25,8.8,-5.));
#7317=CARTESIAN_POINT('Ctrl Pts',(6.25,8.8,-1.25));
#7318=CARTESIAN_POINT('Ctrl Pts',(2.5,8.8,-1.25));
#7319=CARTESIAN_POINT('Ctrl Pts',(-1.25,8.8,-1.25));
#7320=CARTESIAN_POINT('Ctrl Pts',(-1.25,8.8,-5.));
#7321=CARTESIAN_POINT('Ctrl Pts',(-0.542893218813452,10.8,-5.));
#7322=CARTESIAN_POINT('Ctrl Pts',(-0.542893218813451,10.8,-8.04289321881345));
#7323=CARTESIAN_POINT('Ctrl Pts',(2.5,10.8,-8.04289321881345));
#7324=CARTESIAN_POINT('Ctrl Pts',(5.54289321881345,10.8,-8.04289321881345));
#7325=CARTESIAN_POINT('Ctrl Pts',(5.54289321881345,10.8,-5.));
#7326=CARTESIAN_POINT('Ctrl Pts',(5.54289321881345,10.8,-1.95710678118655));
#7327=CARTESIAN_POINT('Ctrl Pts',(2.5,10.8,-1.95710678118655));
#7328=CARTESIAN_POINT('Ctrl Pts',(-0.542893218813451,10.8,-1.95710678118655));
#7329=CARTESIAN_POINT('Ctrl Pts',(-0.542893218813452,10.8,-5.));
#7330=CARTESIAN_POINT('Ctrl Pts',(1.57842712474619,10.8,-5.));
#7331=CARTESIAN_POINT('Ctrl Pts',(1.57842712474619,10.8,-5.92157287525381));
#7332=CARTESIAN_POINT('Ctrl Pts',(2.5,10.8,-5.92157287525381));
#7333=CARTESIAN_POINT('Ctrl Pts',(3.42157287525381,10.8,-5.92157287525381));
#7334=CARTESIAN_POINT('Ctrl Pts',(3.42157287525381,10.8,-5.));
#7335=CARTESIAN_POINT('Ctrl Pts',(3.42157287525381,10.8,-4.07842712474619));
#7336=CARTESIAN_POINT('Ctrl Pts',(2.5,10.8,-4.07842712474619));
#7337=CARTESIAN_POINT('Ctrl Pts',(1.57842712474619,10.8,-4.07842712474619));
#7338=CARTESIAN_POINT('Ctrl Pts',(1.57842712474619,10.8,-5.));
#7339=CARTESIAN_POINT('',(1.57842712474619,10.8,-5.));
#7340=CARTESIAN_POINT('Origin',(2.5,10.8,-5.));
#7341=CARTESIAN_POINT('',(-1.25,8.8,-5.));
#7342=CARTESIAN_POINT('Origin',(1.57842712474619,7.8,-5.));
#7343=CARTESIAN_POINT('Origin',(2.5,8.8,-5.));
#7344=CARTESIAN_POINT('Origin',(2.5,8.8,-5.));
#7345=CARTESIAN_POINT('Origin',(2.5,10.8,-5.));
#7346=CARTESIAN_POINT('Origin',(2.5,8.8,-5.));
#7347=UNCERTAINTY_MEASURE_WITH_UNIT(LENGTH_MEASURE(0.01),#7351,
'DISTANCE_ACCURACY_VALUE',
'Maximum model space distance between geometric entities at asserted c
onnectivities');
#7348=UNCERTAINTY_MEASURE_WITH_UNIT(LENGTH_MEASURE(0.01),#7351,
'DISTANCE_ACCURACY_VALUE',
'Maximum model space distance between geometric entities at asserted c
onnectivities');
#7349=(
GEOMETRIC_REPRESENTATION_CONTEXT(3)
GLOBAL_UNCERTAINTY_ASSIGNED_CONTEXT((#7347))
GLOBAL_UNIT_ASSIGNED_CONTEXT((#7351,#7353,#7354))
REPRESENTATION_CONTEXT('','3D')
);
#7350=(
GEOMETRIC_REPRESENTATION_CONTEXT(3)
GLOBAL_UNCERTAINTY_ASSIGNED_CONTEXT((#7348))
GLOBAL_UNIT_ASSIGNED_CONTEXT((#7351,#7353,#7354))
REPRESENTATION_CONTEXT('','3D')
);
#7351=(
LENGTH_UNIT()
NAMED_UNIT(*)
SI_UNIT(.MILLI.,.METRE.)
);
#7352=(
LENGTH_UNIT()
NAMED_UNIT(*)
SI_UNIT($,.METRE.)
);
#7353=(
NAMED_UNIT(*)
PLANE_ANGLE_UNIT()
SI_UNIT($,.RADIAN.)
);
#7354=(
NAMED_UNIT(*)
SI_UNIT($,.STERADIAN.)
SOLID_ANGLE_UNIT()
);
#7355=SHAPE_DEFINITION_REPRESENTATION(#7356,#7357);
#7356=PRODUCT_DEFINITION_SHAPE('',$,#7359);
#7357=SHAPE_REPRESENTATION('',(#2955),#7349);
#7358=PRODUCT_DEFINITION_CONTEXT('part definition',#7363,'design');
#7359=PRODUCT_DEFINITION('PIN1','PIN1 v11',#7360,#7358);
#7360=PRODUCT_DEFINITION_FORMATION('',$,#7365);
#7361=PRODUCT_RELATED_PRODUCT_CATEGORY('PIN1 v11','PIN1 v11',(#7365));
#7362=APPLICATION_PROTOCOL_DEFINITION('international standard',
'automotive_design',2009,#7363);
#7363=APPLICATION_CONTEXT(
'Core Data for Automotive Mechanical Design Process');
#7364=PRODUCT_CONTEXT('part definition',#7363,'mechanical');
#7365=PRODUCT('PIN1','PIN1 v11',$,(#7364));
#7366=PRESENTATION_STYLE_ASSIGNMENT((#7367));
#7367=SURFACE_STYLE_USAGE(.BOTH.,#7368);
#7368=SURFACE_SIDE_STYLE('',(#7369));
#7369=SURFACE_STYLE_FILL_AREA(#7370);
#7370=FILL_AREA_STYLE('Steel - Satin',(#7371));
#7371=FILL_AREA_STYLE_COLOUR('Steel - Satin',#7372);
#7372=COLOUR_RGB('Steel - Satin',0.627450980392157,0.627450980392157,0.627450980392157);
ENDSEC;
END-ISO-10303-21;
