ISO-10303-21;
HEADER;
/* Generated by software containing ST-Developer
 * from STEP Tools, Inc. (www.steptools.com) 
 */

FILE_DESCRIPTION(
/* description */ (''),
/* implementation_level */ '2;1');

FILE_NAME(
/* name */ 'PIN3.step',
/* time_stamp */ '2026-01-18T19:49:42+01:00',
/* author */ (''),
/* organization */ (''),
/* preprocessor_version */ 'ST-DEVELOPER v20.1',
/* originating_system */ 'Autodesk Translation Framework v14.21.0.0',
/* authorisation */ '');

FILE_SCHEMA (('AUTOMOTIVE_DESIGN { 1 0 10303 214 3 1 1 }'));
ENDSEC;

DATA;
#10=MECHANICAL_DESIGN_GEOMETRIC_PRESENTATION_REPRESENTATION('',(#13),#4944);
#11=SHAPE_REPRESENTATION_RELATIONSHIP('SRR','None',#4951,#12);
#12=ADVANCED_BREP_SHAPE_REPRESENTATION('',(#14),#4943);
#13=STYLED_ITEM('',(#4960),#14);
#14=MANIFOLD_SOLID_BREP('Body3',#2784);
#15=B_SPLINE_SURFACE_WITH_KNOTS('',3,3,((#4642,#4643,#4644,#4645,#4646),
(#4647,#4648,#4649,#4650,#4651),(#4652,#4653,#4654,#4655,#4656),(#4657,
#4658,#4659,#4660,#4661),(#4662,#4663,#4664,#4665,#4666),(#4667,#4668,#4669,
#4670,#4671),(#4672,#4673,#4674,#4675,#4676)),.UNSPECIFIED.,.F.,.F.,.F.,
(4,1,1,1,4),(4,1,4),(0.,0.285714285714286,0.5,0.714285714285714,1.),(0.,
0.785398163397448,1.5707963267949),.UNSPECIFIED.);
#16=B_SPLINE_SURFACE_WITH_KNOTS('',3,3,((#4700,#4701,#4702,#4703,#4704),
(#4705,#4706,#4707,#4708,#4709),(#4710,#4711,#4712,#4713,#4714),(#4715,
#4716,#4717,#4718,#4719),(#4720,#4721,#4722,#4723,#4724),(#4725,#4726,#4727,
#4728,#4729),(#4730,#4731,#4732,#4733,#4734)),.UNSPECIFIED.,.F.,.F.,.F.,
(4,1,1,1,4),(4,1,4),(0.,0.285714285714286,0.5,0.714285714285714,1.),(4.71238898038469,
5.49778714378214,6.28318530717959),.UNSPECIFIED.);
#17=FACE_BOUND('',#405,.T.);
#18=FACE_BOUND('',#406,.T.);
#19=FACE_BOUND('',#407,.T.);
#20=FACE_BOUND('',#491,.T.);
#21=FACE_BOUND('',#525,.T.);
#22=SPHERICAL_SURFACE('',#2825,0.3);
#23=ELLIPSE('',#2820,0.424264068711928,0.3);
#24=ELLIPSE('',#2829,0.6,0.3);
#25=ELLIPSE('',#2832,0.2,0.1);
#26=ELLIPSE('',#2833,0.200000000000001,0.1);
#27=ELLIPSE('',#2835,0.2,0.1);
#28=ELLIPSE('',#2837,0.115470053837925,0.1);
#29=ELLIPSE('',#2842,0.599999999999999,0.3);
#30=ELLIPSE('',#2845,0.11180339887499,0.1);
#31=ELLIPSE('',#2846,0.223606797749979,0.1);
#32=ELLIPSE('',#2848,0.11180339887499,0.1);
#33=ELLIPSE('',#2864,0.335410196624969,0.3);
#34=ELLIPSE('',#2866,0.335410196624969,0.3);
#35=ELLIPSE('',#2867,0.570633909777092,0.3);
#36=ELLIPSE('',#2869,0.570633909777094,0.3);
#37=ELLIPSE('',#2893,10.,5.);
#38=ELLIPSE('',#2895,0.23094010767585,0.2);
#39=ELLIPSE('',#2896,0.400000000000001,0.2);
#40=ELLIPSE('',#2898,0.4,0.2);
#41=ELLIPSE('',#2900,0.23094010767585,0.2);
#42=ELLIPSE('',#2902,0.23094010767585,0.2);
#43=ELLIPSE('',#2906,0.4,0.2);
#44=ELLIPSE('',#2911,0.4,0.2);
#45=ELLIPSE('',#2913,0.4,0.2);
#46=ELLIPSE('',#2915,0.23094010767585,0.2);
#47=ELLIPSE('',#2943,0.346410161513776,0.3);
#48=ELLIPSE('',#2944,0.346410161513775,0.3);
#49=ELLIPSE('',#2948,0.223606797749979,0.2);
#50=ELLIPSE('',#2949,0.38042260651806,0.2);
#51=ELLIPSE('',#2951,0.223606797749979,0.2);
#52=ELLIPSE('',#2955,0.235114100916989,0.2);
#53=ELLIPSE('',#2957,0.447213595499958,0.2);
#54=ELLIPSE('',#2959,0.235114100916989,0.2);
#55=ELLIPSE('',#2961,0.282842712474619,0.2);
#56=ELLIPSE('',#2963,0.282842712474619,0.2);
#57=ELLIPSE('',#2965,0.282842712474619,0.2);
#58=ELLIPSE('',#2976,0.223606797749979,0.1);
#59=ELLIPSE('',#2978,0.53851648071345,0.5);
#60=ELLIPSE('',#2979,0.447213595499958,0.4);
#61=ELLIPSE('',#2981,0.53851648071345,0.5);
#62=ELLIPSE('',#2982,0.447213595499958,0.4);
#63=ELLIPSE('',#3003,0.115470053837925,0.1);
#64=ELLIPSE('',#3015,0.23094010767585,0.2);
#65=ELLIPSE('',#3016,0.23094010767585,0.2);
#66=ELLIPSE('',#3020,0.282842712474619,0.2);
#67=ELLIPSE('',#3027,0.115470053837925,0.1);
#68=ELLIPSE('',#3028,0.2,0.1);
#69=ELLIPSE('',#3030,0.115470053837925,0.1);
#70=ELLIPSE('',#3034,0.2,0.1);
#71=ELLIPSE('',#3036,0.115470053837925,0.1);
#72=CYLINDRICAL_SURFACE('',#2812,1.25);
#73=CYLINDRICAL_SURFACE('',#2814,1.25);
#74=CYLINDRICAL_SURFACE('',#2818,0.3);
#75=CYLINDRICAL_SURFACE('',#2821,0.3);
#76=CYLINDRICAL_SURFACE('',#2822,0.3);
#77=CYLINDRICAL_SURFACE('',#2828,0.3);
#78=CYLINDRICAL_SURFACE('',#2831,0.1);
#79=CYLINDRICAL_SURFACE('',#2834,0.1);
#80=CYLINDRICAL_SURFACE('',#2836,0.1);
#81=CYLINDRICAL_SURFACE('',#2841,0.3);
#82=CYLINDRICAL_SURFACE('',#2844,0.1);
#83=CYLINDRICAL_SURFACE('',#2847,0.1);
#84=CYLINDRICAL_SURFACE('',#2865,0.3);
#85=CYLINDRICAL_SURFACE('',#2868,0.3);
#86=CYLINDRICAL_SURFACE('',#2870,0.3);
#87=CYLINDRICAL_SURFACE('',#2883,0.2);
#88=CYLINDRICAL_SURFACE('',#2891,5.);
#89=CYLINDRICAL_SURFACE('',#2894,0.2);
#90=CYLINDRICAL_SURFACE('',#2897,0.2);
#91=CYLINDRICAL_SURFACE('',#2899,0.2);
#92=CYLINDRICAL_SURFACE('',#2905,0.2);
#93=CYLINDRICAL_SURFACE('',#2907,0.2);
#94=CYLINDRICAL_SURFACE('',#2910,0.2);
#95=CYLINDRICAL_SURFACE('',#2912,0.2);
#96=CYLINDRICAL_SURFACE('',#2914,0.2);
#97=CYLINDRICAL_SURFACE('',#2925,1.);
#98=CYLINDRICAL_SURFACE('',#2942,0.3);
#99=CYLINDRICAL_SURFACE('',#2947,0.2);
#100=CYLINDRICAL_SURFACE('',#2950,0.2);
#101=CYLINDRICAL_SURFACE('',#2954,0.2);
#102=CYLINDRICAL_SURFACE('',#2956,0.2);
#103=CYLINDRICAL_SURFACE('',#2958,0.2);
#104=CYLINDRICAL_SURFACE('',#2960,0.2);
#105=CYLINDRICAL_SURFACE('',#2962,0.2);
#106=CYLINDRICAL_SURFACE('',#2964,0.2);
#107=CYLINDRICAL_SURFACE('',#2966,0.2);
#108=CYLINDRICAL_SURFACE('',#2974,0.1);
#109=CYLINDRICAL_SURFACE('',#2980,0.1);
#110=CYLINDRICAL_SURFACE('',#2985,0.5);
#111=CYLINDRICAL_SURFACE('',#2991,1.25);
#112=CYLINDRICAL_SURFACE('',#2999,1.);
#113=CYLINDRICAL_SURFACE('',#3014,0.2);
#114=CYLINDRICAL_SURFACE('',#3017,1.2);
#115=CYLINDRICAL_SURFACE('',#3019,0.2);
#116=CYLINDRICAL_SURFACE('',#3022,0.2);
#117=CYLINDRICAL_SURFACE('',#3026,0.1);
#118=CYLINDRICAL_SURFACE('',#3029,0.1);
#119=CYLINDRICAL_SURFACE('',#3032,0.1);
#120=CYLINDRICAL_SURFACE('',#3033,0.1);
#121=CYLINDRICAL_SURFACE('',#3035,0.1);
#122=CYLINDRICAL_SURFACE('',#3049,10.);
#123=B_SPLINE_CURVE_WITH_KNOTS('',3,(#3881,#3882,#3883,#3884,#3885,#3886),
 .UNSPECIFIED.,.F.,.F.,(4,2,4),(0.,0.0111058478875511,0.0159086548744985),
 .UNSPECIFIED.);
#124=B_SPLINE_CURVE_WITH_KNOTS('',3,(#3888,#3889,#3890,#3891,#3892,#3893,
#3894,#3895),.UNSPECIFIED.,.F.,.F.,(4,2,2,4),(0.20493943749883,0.20817211278684,
0.216398478481165,0.223007407868472),.UNSPECIFIED.);
#125=B_SPLINE_CURVE_WITH_KNOTS('',3,(#3899,#3900,#3901,#3902,#3903,#3904,
#3905,#3906,#3907,#3908),.UNSPECIFIED.,.F.,.F.,(4,2,2,2,4),(0.0179576077308296,
0.0208450023035279,0.0248696964249466,0.0325598584251077,0.0345134880727054),
 .UNSPECIFIED.);
#126=B_SPLINE_CURVE_WITH_KNOTS('',3,(#3935,#3936,#3937,#3938,#3939,#3940,
#3941,#3942),.UNSPECIFIED.,.F.,.F.,(4,2,2,4),(0.0922858759937628,0.103590841779477,
0.114895807565192,0.120743579522228),.UNSPECIFIED.);
#127=B_SPLINE_CURVE_WITH_KNOTS('',3,(#4045,#4046,#4047,#4048,#4049,#4050,
#4051,#4052,#4053,#4054),.UNSPECIFIED.,.F.,.F.,(4,2,2,2,4),(0.033687585053284,
0.0377889594687853,0.0418903338842866,0.0457126031272729,0.0470544177670421),
 .UNSPECIFIED.);
#128=B_SPLINE_CURVE_WITH_KNOTS('',3,(#4062,#4063,#4064,#4065,#4066,#4067,
#4068,#4069,#4070,#4071),.UNSPECIFIED.,.F.,.F.,(4,2,2,2,4),(0.0516433184984474,
0.053030175295469,0.0568991074210387,0.0609537959091447,0.0650084843972507),
 .UNSPECIFIED.);
#129=B_SPLINE_CURVE_WITH_KNOTS('',3,(#4132,#4133,#4134,#4135,#4136,#4137,
#4138,#4139,#4140,#4141),.UNSPECIFIED.,.F.,.F.,(4,2,2,2,4),(0.094927778531161,
0.103422383661792,0.111351670119362,0.118840229203481,0.126041490722296),
 .UNSPECIFIED.);
#130=B_SPLINE_CURVE_WITH_KNOTS('',3,(#4145,#4146,#4147,#4148,#4149,#4150,
#4151,#4152,#4153,#4154),.UNSPECIFIED.,.F.,.F.,(4,2,2,2,4),(0.,0.00720126151881476,
0.0146898206029337,0.0226191070605031,0.0311137121911346),.UNSPECIFIED.);
#131=B_SPLINE_CURVE_WITH_KNOTS('',3,(#4208,#4209,#4210,#4211,#4212,#4213,
#4214,#4215,#4216,#4217),.UNSPECIFIED.,.F.,.F.,(4,2,2,2,4),(0.126758661504657,
0.141872654559607,0.153084311970254,0.161224800941434,0.167456499575742),
 .UNSPECIFIED.);
#132=B_SPLINE_CURVE_WITH_KNOTS('',3,(#4221,#4222,#4223,#4224,#4225,#4226,
#4227,#4228,#4229,#4230),.UNSPECIFIED.,.F.,.F.,(4,2,2,2,4),(0.,0.00623169863430799,
0.0143721876054883,0.025583845016135,0.0406978380710846),.UNSPECIFIED.);
#133=B_SPLINE_CURVE_WITH_KNOTS('',3,(#4269,#4270,#4271,#4272,#4273,#4274,
#4275,#4276,#4277,#4278),.UNSPECIFIED.,.F.,.F.,(4,2,2,2,4),(0.102680790663667,
0.110311237192426,0.117486191406008,0.12509560892071,0.133168706742522),
 .UNSPECIFIED.);
#134=B_SPLINE_CURVE_WITH_KNOTS('',3,(#4283,#4284,#4285,#4286),
 .UNSPECIFIED.,.F.,.F.,(4,4),(0.128341202248554,0.129119442182582),
 .UNSPECIFIED.);
#135=B_SPLINE_CURVE_WITH_KNOTS('',3,(#4299,#4300,#4301,#4302,#4303,#4304,
#4305,#4306,#4307,#4308,#4309,#4310,#4311,#4312),.UNSPECIFIED.,.F.,.F.,
(4,2,2,2,2,2,4),(-0.0383328830853546,-0.0380500840971551,-0.029165162513647,
-0.0207043673670625,-0.0120954309328041,-0.00562809793143324,0.),
 .UNSPECIFIED.);
#136=B_SPLINE_CURVE_WITH_KNOTS('',3,(#4368,#4369,#4370,#4371,#4372,#4373,
#4374,#4375,#4376,#4377),.UNSPECIFIED.,.F.,.F.,(4,2,2,2,4),(0.0302438883856048,
0.0380620851651245,0.0458802819446443,0.0534469373561284,0.0610135927676125),
 .UNSPECIFIED.);
#137=B_SPLINE_CURVE_WITH_KNOTS('',3,(#4393,#4394,#4395,#4396,#4397,#4398,
#4399,#4400,#4401,#4402,#4403,#4404),.UNSPECIFIED.,.F.,.F.,(4,2,2,2,2,4),
(0.0631444734847346,0.0694502369638085,0.078823017232197,0.0881957975005855,
0.0945835165721533,0.100971235643721),.UNSPECIFIED.);
#138=B_SPLINE_CURVE_WITH_KNOTS('',3,(#4418,#4419,#4420,#4421,#4422,#4423),
 .UNSPECIFIED.,.F.,.F.,(4,2,4),(0.187234403812449,0.205386634626935,0.217725000615573),
 .UNSPECIFIED.);
#139=B_SPLINE_CURVE_WITH_KNOTS('',3,(#4491,#4492,#4493,#4494,#4495,#4496,
#4497,#4498,#4499,#4500),.UNSPECIFIED.,.F.,.F.,(4,2,2,2,4),(0.0856436872929308,
0.0929449690450783,0.101360123033957,0.110057921297463,0.121401611939645),
 .UNSPECIFIED.);
#140=B_SPLINE_CURVE_WITH_KNOTS('',3,(#4502,#4503,#4504,#4505,#4506,#4507,
#4508,#4509,#4510,#4511),.UNSPECIFIED.,.F.,.F.,(4,2,2,2,4),(0.22117313723208,
0.232516827874261,0.241214626137767,0.249629780126646,0.256931061878794),
 .UNSPECIFIED.);
#141=B_SPLINE_CURVE_WITH_KNOTS('',3,(#4558,#4559,#4560,#4561,#4562,#4563,
#4564,#4565,#4566,#4567),.UNSPECIFIED.,.F.,.F.,(4,2,2,2,4),(0.0305713388674139,
0.0381460135587098,0.0457206882500057,0.0532557128771078,0.0607907375042099),
 .UNSPECIFIED.);
#142=B_SPLINE_CURVE_WITH_KNOTS('',3,(#4605,#4606,#4607,#4608,#4609,#4610,
#4611,#4612,#4613,#4614),.UNSPECIFIED.,.F.,.F.,(4,2,2,2,4),(0.0607907375042099,
0.068325762131312,0.0758607867584141,0.08343546144971,0.0910101361410059),
 .UNSPECIFIED.);
#143=B_SPLINE_CURVE_WITH_KNOTS('',3,(#4683,#4684,#4685,#4686,#4687,#4688,
#4689,#4690,#4691,#4692,#4693,#4694,#4695),.UNSPECIFIED.,.F.,.F.,(4,3,3,
3,4),(0.,0.00582832058696178,0.0101995610271831,0.0145708014674044,0.0203991220543662),
 .UNSPECIFIED.);
#144=B_SPLINE_CURVE_WITH_KNOTS('',3,(#4737,#4738,#4739,#4740,#4741,#4742,
#4743,#4744,#4745,#4746,#4747,#4748,#4749),.UNSPECIFIED.,.F.,.F.,(4,3,3,
3,4),(0.,0.00582832058696178,0.0101995610271831,0.0145708014674044,0.0203991220543662),
 .UNSPECIFIED.);
#145=B_SPLINE_CURVE_WITH_KNOTS('',3,(#4788,#4789,#4790,#4791,#4792,#4793,
#4794,#4795,#4796,#4797),.UNSPECIFIED.,.F.,.F.,(4,2,2,2,4),(0.0165036454766924,
0.0206521575347021,0.0248006695927117,0.0286465825375988,0.0324924954824859),
 .UNSPECIFIED.);
#146=B_SPLINE_CURVE_WITH_KNOTS('',3,(#4801,#4802,#4803,#4804,#4805,#4806,
#4807,#4808,#4809,#4810),.UNSPECIFIED.,.F.,.F.,(4,2,2,2,4),(-0.0308261243686939,
-0.027058202985671,-0.0232902816026481,-0.019298060189318,-0.0153058387759879),
 .UNSPECIFIED.);
#147=CIRCLE('',#2804,0.95);
#148=CIRCLE('',#2805,0.3);
#149=CIRCLE('',#2806,1.25);
#150=CIRCLE('',#2807,1.25);
#151=CIRCLE('',#2808,1.24580398915498);
#152=CIRCLE('',#2809,0.3);
#153=CIRCLE('',#2810,1.25);
#154=CIRCLE('',#2813,1.25);
#155=CIRCLE('',#2815,1.25);
#156=CIRCLE('',#2819,0.3);
#157=CIRCLE('',#2823,0.3);
#158=CIRCLE('',#2824,0.3);
#159=CIRCLE('',#2826,0.3);
#160=CIRCLE('',#2858,9.);
#161=CIRCLE('',#2859,1.);
#162=CIRCLE('',#2860,1.25);
#163=CIRCLE('',#2861,1.);
#164=CIRCLE('',#2862,1.);
#165=CIRCLE('',#2877,0.2);
#166=CIRCLE('',#2879,4.8);
#167=CIRCLE('',#2880,5.);
#168=CIRCLE('',#2881,4.99988367944079);
#169=CIRCLE('',#2884,0.2);
#170=CIRCLE('',#2885,0.2);
#171=CIRCLE('',#2887,5.);
#172=CIRCLE('',#2888,4.8);
#173=CIRCLE('',#2892,5.);
#174=CIRCLE('',#2921,0.8);
#175=CIRCLE('',#2922,0.2);
#176=CIRCLE('',#2923,1.);
#177=CIRCLE('',#2924,1.);
#178=CIRCLE('',#2926,1.);
#179=CIRCLE('',#2927,1.);
#180=CIRCLE('',#2928,1.);
#181=CIRCLE('',#2939,0.8);
#182=CIRCLE('',#2941,1.);
#183=CIRCLE('',#2975,0.0999999999999997);
#184=CIRCLE('',#2977,0.0999999999999997);
#185=CIRCLE('',#2987,1.05);
#186=CIRCLE('',#2988,0.2);
#187=CIRCLE('',#2989,1.25);
#188=CIRCLE('',#2990,1.25);
#189=CIRCLE('',#2992,1.25);
#190=CIRCLE('',#3000,1.);
#191=CIRCLE('',#3001,1.);
#192=CIRCLE('',#3006,0.2);
#193=CIRCLE('',#3007,1.2);
#194=CIRCLE('',#3008,1.);
#195=CIRCLE('',#3011,0.2);
#196=CIRCLE('',#3012,1.);
#197=CIRCLE('',#3013,1.2);
#198=CIRCLE('',#3046,1.);
#199=CIRCLE('',#3047,10.);
#200=CIRCLE('',#3048,10.);
#201=CIRCLE('',#3050,10.);
#202=CIRCLE('',#3051,10.);
#203=CIRCLE('',#3053,2.);
#204=CIRCLE('',#3054,8.);
#205=TOROIDAL_SURFACE('',#2803,0.95,0.3);
#206=TOROIDAL_SURFACE('',#2878,4.8,0.2);
#207=TOROIDAL_SURFACE('',#2886,4.8,0.2);
#208=TOROIDAL_SURFACE('',#2920,0.8,0.2);
#209=TOROIDAL_SURFACE('',#2940,0.8,0.2);
#210=TOROIDAL_SURFACE('',#2986,1.05,0.2);
#211=TOROIDAL_SURFACE('',#3005,1.,0.2);
#212=TOROIDAL_SURFACE('',#3010,1.,0.2);
#213=TOROIDAL_SURFACE('',#3045,9.,1.);
#214=TOROIDAL_SURFACE('',#3052,8.,2.);
#215=FACE_OUTER_BOUND('',#368,.T.);
#216=FACE_OUTER_BOUND('',#369,.T.);
#217=FACE_OUTER_BOUND('',#370,.T.);
#218=FACE_OUTER_BOUND('',#371,.T.);
#219=FACE_OUTER_BOUND('',#372,.T.);
#220=FACE_OUTER_BOUND('',#373,.T.);
#221=FACE_OUTER_BOUND('',#374,.T.);
#222=FACE_OUTER_BOUND('',#375,.T.);
#223=FACE_OUTER_BOUND('',#376,.T.);
#224=FACE_OUTER_BOUND('',#377,.T.);
#225=FACE_OUTER_BOUND('',#378,.T.);
#226=FACE_OUTER_BOUND('',#379,.T.);
#227=FACE_OUTER_BOUND('',#380,.T.);
#228=FACE_OUTER_BOUND('',#381,.T.);
#229=FACE_OUTER_BOUND('',#382,.T.);
#230=FACE_OUTER_BOUND('',#383,.T.);
#231=FACE_OUTER_BOUND('',#384,.T.);
#232=FACE_OUTER_BOUND('',#385,.T.);
#233=FACE_OUTER_BOUND('',#386,.T.);
#234=FACE_OUTER_BOUND('',#387,.T.);
#235=FACE_OUTER_BOUND('',#388,.T.);
#236=FACE_OUTER_BOUND('',#389,.T.);
#237=FACE_OUTER_BOUND('',#390,.T.);
#238=FACE_OUTER_BOUND('',#391,.T.);
#239=FACE_OUTER_BOUND('',#392,.T.);
#240=FACE_OUTER_BOUND('',#393,.T.);
#241=FACE_OUTER_BOUND('',#394,.T.);
#242=FACE_OUTER_BOUND('',#395,.T.);
#243=FACE_OUTER_BOUND('',#396,.T.);
#244=FACE_OUTER_BOUND('',#397,.T.);
#245=FACE_OUTER_BOUND('',#398,.T.);
#246=FACE_OUTER_BOUND('',#399,.T.);
#247=FACE_OUTER_BOUND('',#400,.T.);
#248=FACE_OUTER_BOUND('',#401,.T.);
#249=FACE_OUTER_BOUND('',#402,.T.);
#250=FACE_OUTER_BOUND('',#403,.T.);
#251=FACE_OUTER_BOUND('',#404,.T.);
#252=FACE_OUTER_BOUND('',#408,.T.);
#253=FACE_OUTER_BOUND('',#409,.T.);
#254=FACE_OUTER_BOUND('',#410,.T.);
#255=FACE_OUTER_BOUND('',#411,.T.);
#256=FACE_OUTER_BOUND('',#412,.T.);
#257=FACE_OUTER_BOUND('',#413,.T.);
#258=FACE_OUTER_BOUND('',#414,.T.);
#259=FACE_OUTER_BOUND('',#415,.T.);
#260=FACE_OUTER_BOUND('',#416,.T.);
#261=FACE_OUTER_BOUND('',#417,.T.);
#262=FACE_OUTER_BOUND('',#418,.T.);
#263=FACE_OUTER_BOUND('',#419,.T.);
#264=FACE_OUTER_BOUND('',#420,.T.);
#265=FACE_OUTER_BOUND('',#421,.T.);
#266=FACE_OUTER_BOUND('',#422,.T.);
#267=FACE_OUTER_BOUND('',#423,.T.);
#268=FACE_OUTER_BOUND('',#424,.T.);
#269=FACE_OUTER_BOUND('',#425,.T.);
#270=FACE_OUTER_BOUND('',#426,.T.);
#271=FACE_OUTER_BOUND('',#427,.T.);
#272=FACE_OUTER_BOUND('',#428,.T.);
#273=FACE_OUTER_BOUND('',#429,.T.);
#274=FACE_OUTER_BOUND('',#430,.T.);
#275=FACE_OUTER_BOUND('',#431,.T.);
#276=FACE_OUTER_BOUND('',#432,.T.);
#277=FACE_OUTER_BOUND('',#433,.T.);
#278=FACE_OUTER_BOUND('',#434,.T.);
#279=FACE_OUTER_BOUND('',#435,.T.);
#280=FACE_OUTER_BOUND('',#436,.T.);
#281=FACE_OUTER_BOUND('',#437,.T.);
#282=FACE_OUTER_BOUND('',#438,.T.);
#283=FACE_OUTER_BOUND('',#439,.T.);
#284=FACE_OUTER_BOUND('',#440,.T.);
#285=FACE_OUTER_BOUND('',#441,.T.);
#286=FACE_OUTER_BOUND('',#442,.T.);
#287=FACE_OUTER_BOUND('',#443,.T.);
#288=FACE_OUTER_BOUND('',#444,.T.);
#289=FACE_OUTER_BOUND('',#445,.T.);
#290=FACE_OUTER_BOUND('',#446,.T.);
#291=FACE_OUTER_BOUND('',#447,.T.);
#292=FACE_OUTER_BOUND('',#448,.T.);
#293=FACE_OUTER_BOUND('',#449,.T.);
#294=FACE_OUTER_BOUND('',#450,.T.);
#295=FACE_OUTER_BOUND('',#451,.T.);
#296=FACE_OUTER_BOUND('',#452,.T.);
#297=FACE_OUTER_BOUND('',#453,.T.);
#298=FACE_OUTER_BOUND('',#454,.T.);
#299=FACE_OUTER_BOUND('',#455,.T.);
#300=FACE_OUTER_BOUND('',#456,.T.);
#301=FACE_OUTER_BOUND('',#457,.T.);
#302=FACE_OUTER_BOUND('',#458,.T.);
#303=FACE_OUTER_BOUND('',#459,.T.);
#304=FACE_OUTER_BOUND('',#460,.T.);
#305=FACE_OUTER_BOUND('',#461,.T.);
#306=FACE_OUTER_BOUND('',#462,.T.);
#307=FACE_OUTER_BOUND('',#463,.T.);
#308=FACE_OUTER_BOUND('',#464,.T.);
#309=FACE_OUTER_BOUND('',#465,.T.);
#310=FACE_OUTER_BOUND('',#466,.T.);
#311=FACE_OUTER_BOUND('',#467,.T.);
#312=FACE_OUTER_BOUND('',#468,.T.);
#313=FACE_OUTER_BOUND('',#469,.T.);
#314=FACE_OUTER_BOUND('',#470,.T.);
#315=FACE_OUTER_BOUND('',#471,.T.);
#316=FACE_OUTER_BOUND('',#472,.T.);
#317=FACE_OUTER_BOUND('',#473,.T.);
#318=FACE_OUTER_BOUND('',#474,.T.);
#319=FACE_OUTER_BOUND('',#475,.T.);
#320=FACE_OUTER_BOUND('',#476,.T.);
#321=FACE_OUTER_BOUND('',#477,.T.);
#322=FACE_OUTER_BOUND('',#478,.T.);
#323=FACE_OUTER_BOUND('',#479,.T.);
#324=FACE_OUTER_BOUND('',#480,.T.);
#325=FACE_OUTER_BOUND('',#481,.T.);
#326=FACE_OUTER_BOUND('',#482,.T.);
#327=FACE_OUTER_BOUND('',#483,.T.);
#328=FACE_OUTER_BOUND('',#484,.T.);
#329=FACE_OUTER_BOUND('',#485,.T.);
#330=FACE_OUTER_BOUND('',#486,.T.);
#331=FACE_OUTER_BOUND('',#487,.T.);
#332=FACE_OUTER_BOUND('',#488,.T.);
#333=FACE_OUTER_BOUND('',#489,.T.);
#334=FACE_OUTER_BOUND('',#490,.T.);
#335=FACE_OUTER_BOUND('',#492,.T.);
#336=FACE_OUTER_BOUND('',#493,.T.);
#337=FACE_OUTER_BOUND('',#494,.T.);
#338=FACE_OUTER_BOUND('',#495,.T.);
#339=FACE_OUTER_BOUND('',#496,.T.);
#340=FACE_OUTER_BOUND('',#497,.T.);
#341=FACE_OUTER_BOUND('',#498,.T.);
#342=FACE_OUTER_BOUND('',#499,.T.);
#343=FACE_OUTER_BOUND('',#500,.T.);
#344=FACE_OUTER_BOUND('',#501,.T.);
#345=FACE_OUTER_BOUND('',#502,.T.);
#346=FACE_OUTER_BOUND('',#503,.T.);
#347=FACE_OUTER_BOUND('',#504,.T.);
#348=FACE_OUTER_BOUND('',#505,.T.);
#349=FACE_OUTER_BOUND('',#506,.T.);
#350=FACE_OUTER_BOUND('',#507,.T.);
#351=FACE_OUTER_BOUND('',#508,.T.);
#352=FACE_OUTER_BOUND('',#509,.T.);
#353=FACE_OUTER_BOUND('',#510,.T.);
#354=FACE_OUTER_BOUND('',#511,.T.);
#355=FACE_OUTER_BOUND('',#512,.T.);
#356=FACE_OUTER_BOUND('',#513,.T.);
#357=FACE_OUTER_BOUND('',#514,.T.);
#358=FACE_OUTER_BOUND('',#515,.T.);
#359=FACE_OUTER_BOUND('',#516,.T.);
#360=FACE_OUTER_BOUND('',#517,.T.);
#361=FACE_OUTER_BOUND('',#518,.T.);
#362=FACE_OUTER_BOUND('',#519,.T.);
#363=FACE_OUTER_BOUND('',#520,.T.);
#364=FACE_OUTER_BOUND('',#521,.T.);
#365=FACE_OUTER_BOUND('',#522,.T.);
#366=FACE_OUTER_BOUND('',#523,.T.);
#367=FACE_OUTER_BOUND('',#524,.T.);
#368=EDGE_LOOP('',(#1734,#1735,#1736,#1737));
#369=EDGE_LOOP('',(#1738,#1739,#1740,#1741));
#370=EDGE_LOOP('',(#1742,#1743,#1744,#1745));
#371=EDGE_LOOP('',(#1746,#1747,#1748,#1749));
#372=EDGE_LOOP('',(#1750,#1751,#1752,#1753));
#373=EDGE_LOOP('',(#1754,#1755,#1756,#1757,#1758,#1759,#1760,#1761,#1762,
#1763,#1764));
#374=EDGE_LOOP('',(#1765,#1766,#1767,#1768));
#375=EDGE_LOOP('',(#1769,#1770,#1771,#1772,#1773,#1774));
#376=EDGE_LOOP('',(#1775,#1776,#1777,#1778,#1779,#1780));
#377=EDGE_LOOP('',(#1781,#1782,#1783,#1784));
#378=EDGE_LOOP('',(#1785));
#379=EDGE_LOOP('',(#1786,#1787,#1788,#1789));
#380=EDGE_LOOP('',(#1790,#1791,#1792,#1793,#1794));
#381=EDGE_LOOP('',(#1795,#1796,#1797,#1798));
#382=EDGE_LOOP('',(#1799,#1800,#1801));
#383=EDGE_LOOP('',(#1802,#1803,#1804,#1805,#1806,#1807,#1808,#1809,#1810,
#1811,#1812));
#384=EDGE_LOOP('',(#1813,#1814,#1815,#1816));
#385=EDGE_LOOP('',(#1817,#1818,#1819,#1820));
#386=EDGE_LOOP('',(#1821,#1822,#1823,#1824));
#387=EDGE_LOOP('',(#1825,#1826,#1827,#1828));
#388=EDGE_LOOP('',(#1829,#1830,#1831,#1832));
#389=EDGE_LOOP('',(#1833,#1834,#1835,#1836));
#390=EDGE_LOOP('',(#1837,#1838,#1839,#1840));
#391=EDGE_LOOP('',(#1841,#1842,#1843,#1844));
#392=EDGE_LOOP('',(#1845,#1846,#1847,#1848));
#393=EDGE_LOOP('',(#1849,#1850,#1851,#1852,#1853,#1854,#1855));
#394=EDGE_LOOP('',(#1856,#1857,#1858,#1859,#1860,#1861));
#395=EDGE_LOOP('',(#1862,#1863,#1864,#1865,#1866,#1867));
#396=EDGE_LOOP('',(#1868,#1869,#1870,#1871));
#397=EDGE_LOOP('',(#1872,#1873,#1874,#1875));
#398=EDGE_LOOP('',(#1876,#1877,#1878,#1879,#1880,#1881,#1882,#1883));
#399=EDGE_LOOP('',(#1884,#1885,#1886,#1887));
#400=EDGE_LOOP('',(#1888,#1889,#1890,#1891));
#401=EDGE_LOOP('',(#1892,#1893,#1894,#1895));
#402=EDGE_LOOP('',(#1896,#1897,#1898,#1899));
#403=EDGE_LOOP('',(#1900,#1901,#1902,#1903,#1904,#1905,#1906,#1907));
#404=EDGE_LOOP('',(#1908));
#405=EDGE_LOOP('',(#1909,#1910,#1911,#1912,#1913,#1914,#1915,#1916,#1917,
#1918,#1919,#1920,#1921,#1922,#1923,#1924,#1925,#1926,#1927,#1928,#1929,
#1930,#1931,#1932,#1933,#1934));
#406=EDGE_LOOP('',(#1935,#1936,#1937,#1938,#1939,#1940,#1941,#1942,#1943,
#1944,#1945,#1946));
#407=EDGE_LOOP('',(#1947,#1948,#1949,#1950,#1951,#1952,#1953,#1954,#1955,
#1956,#1957,#1958,#1959,#1960));
#408=EDGE_LOOP('',(#1961,#1962,#1963,#1964,#1965,#1966));
#409=EDGE_LOOP('',(#1967,#1968,#1969,#1970));
#410=EDGE_LOOP('',(#1971,#1972,#1973,#1974,#1975,#1976));
#411=EDGE_LOOP('',(#1977,#1978,#1979,#1980));
#412=EDGE_LOOP('',(#1981,#1982,#1983,#1984,#1985,#1986,#1987,#1988,#1989));
#413=EDGE_LOOP('',(#1990,#1991,#1992));
#414=EDGE_LOOP('',(#1993,#1994,#1995,#1996));
#415=EDGE_LOOP('',(#1997,#1998,#1999,#2000,#2001,#2002,#2003,#2004,#2005));
#416=EDGE_LOOP('',(#2006,#2007,#2008,#2009));
#417=EDGE_LOOP('',(#2010,#2011,#2012,#2013,#2014,#2015,#2016));
#418=EDGE_LOOP('',(#2017,#2018,#2019,#2020,#2021,#2022));
#419=EDGE_LOOP('',(#2023,#2024,#2025));
#420=EDGE_LOOP('',(#2026,#2027,#2028,#2029,#2030));
#421=EDGE_LOOP('',(#2031,#2032,#2033,#2034));
#422=EDGE_LOOP('',(#2035,#2036,#2037,#2038));
#423=EDGE_LOOP('',(#2039,#2040,#2041,#2042));
#424=EDGE_LOOP('',(#2043,#2044,#2045,#2046,#2047,#2048));
#425=EDGE_LOOP('',(#2049,#2050,#2051,#2052));
#426=EDGE_LOOP('',(#2053,#2054,#2055,#2056));
#427=EDGE_LOOP('',(#2057,#2058,#2059,#2060));
#428=EDGE_LOOP('',(#2061,#2062,#2063,#2064,#2065,#2066,#2067,#2068,#2069));
#429=EDGE_LOOP('',(#2070,#2071,#2072,#2073,#2074,#2075,#2076));
#430=EDGE_LOOP('',(#2077,#2078,#2079,#2080,#2081));
#431=EDGE_LOOP('',(#2082,#2083,#2084,#2085));
#432=EDGE_LOOP('',(#2086,#2087,#2088,#2089));
#433=EDGE_LOOP('',(#2090,#2091,#2092,#2093));
#434=EDGE_LOOP('',(#2094,#2095,#2096,#2097));
#435=EDGE_LOOP('',(#2098,#2099,#2100,#2101));
#436=EDGE_LOOP('',(#2102,#2103,#2104,#2105));
#437=EDGE_LOOP('',(#2106,#2107,#2108,#2109,#2110));
#438=EDGE_LOOP('',(#2111,#2112,#2113,#2114,#2115,#2116));
#439=EDGE_LOOP('',(#2117,#2118,#2119,#2120,#2121,#2122,#2123,#2124,#2125,
#2126,#2127,#2128));
#440=EDGE_LOOP('',(#2129,#2130,#2131,#2132,#2133,#2134));
#441=EDGE_LOOP('',(#2135,#2136,#2137,#2138));
#442=EDGE_LOOP('',(#2139,#2140,#2141,#2142,#2143));
#443=EDGE_LOOP('',(#2144,#2145,#2146,#2147,#2148,#2149,#2150,#2151,#2152,
#2153,#2154,#2155,#2156,#2157,#2158,#2159));
#444=EDGE_LOOP('',(#2160));
#445=EDGE_LOOP('',(#2161,#2162,#2163,#2164));
#446=EDGE_LOOP('',(#2165,#2166,#2167,#2168));
#447=EDGE_LOOP('',(#2169,#2170,#2171,#2172,#2173,#2174,#2175,#2176));
#448=EDGE_LOOP('',(#2177,#2178,#2179));
#449=EDGE_LOOP('',(#2180,#2181,#2182));
#450=EDGE_LOOP('',(#2183,#2184,#2185,#2186));
#451=EDGE_LOOP('',(#2187,#2188,#2189,#2190));
#452=EDGE_LOOP('',(#2191,#2192,#2193));
#453=EDGE_LOOP('',(#2194,#2195));
#454=EDGE_LOOP('',(#2196,#2197,#2198,#2199));
#455=EDGE_LOOP('',(#2200,#2201,#2202,#2203));
#456=EDGE_LOOP('',(#2204,#2205,#2206,#2207,#2208));
#457=EDGE_LOOP('',(#2209,#2210,#2211,#2212,#2213));
#458=EDGE_LOOP('',(#2214,#2215,#2216,#2217));
#459=EDGE_LOOP('',(#2218,#2219,#2220,#2221));
#460=EDGE_LOOP('',(#2222,#2223,#2224,#2225));
#461=EDGE_LOOP('',(#2226,#2227,#2228,#2229));
#462=EDGE_LOOP('',(#2230,#2231,#2232,#2233));
#463=EDGE_LOOP('',(#2234,#2235,#2236,#2237));
#464=EDGE_LOOP('',(#2238,#2239,#2240,#2241));
#465=EDGE_LOOP('',(#2242,#2243,#2244,#2245));
#466=EDGE_LOOP('',(#2246,#2247,#2248,#2249));
#467=EDGE_LOOP('',(#2250,#2251,#2252,#2253));
#468=EDGE_LOOP('',(#2254,#2255,#2256,#2257));
#469=EDGE_LOOP('',(#2258,#2259,#2260,#2261));
#470=EDGE_LOOP('',(#2262,#2263,#2264,#2265));
#471=EDGE_LOOP('',(#2266,#2267,#2268,#2269,#2270,#2271));
#472=EDGE_LOOP('',(#2272,#2273,#2274,#2275,#2276));
#473=EDGE_LOOP('',(#2277,#2278,#2279,#2280,#2281,#2282,#2283));
#474=EDGE_LOOP('',(#2284,#2285,#2286,#2287,#2288,#2289));
#475=EDGE_LOOP('',(#2290,#2291,#2292,#2293));
#476=EDGE_LOOP('',(#2294,#2295,#2296,#2297));
#477=EDGE_LOOP('',(#2298,#2299,#2300,#2301));
#478=EDGE_LOOP('',(#2302,#2303,#2304,#2305));
#479=EDGE_LOOP('',(#2306,#2307,#2308,#2309));
#480=EDGE_LOOP('',(#2310,#2311,#2312,#2313));
#481=EDGE_LOOP('',(#2314,#2315,#2316,#2317));
#482=EDGE_LOOP('',(#2318,#2319,#2320,#2321));
#483=EDGE_LOOP('',(#2322,#2323,#2324,#2325,#2326));
#484=EDGE_LOOP('',(#2327,#2328,#2329,#2330,#2331,#2332,#2333,#2334,#2335,
#2336));
#485=EDGE_LOOP('',(#2337));
#486=EDGE_LOOP('',(#2338,#2339,#2340,#2341));
#487=EDGE_LOOP('',(#2342,#2343,#2344,#2345,#2346));
#488=EDGE_LOOP('',(#2347,#2348,#2349));
#489=EDGE_LOOP('',(#2350,#2351,#2352));
#490=EDGE_LOOP('',(#2353,#2354,#2355,#2356,#2357,#2358,#2359,#2360));
#491=EDGE_LOOP('',(#2361,#2362,#2363,#2364,#2365));
#492=EDGE_LOOP('',(#2366,#2367,#2368,#2369,#2370,#2371,#2372,#2373,#2374,
#2375));
#493=EDGE_LOOP('',(#2376,#2377,#2378,#2379,#2380,#2381,#2382,#2383,#2384,
#2385,#2386,#2387,#2388));
#494=EDGE_LOOP('',(#2389,#2390,#2391,#2392));
#495=EDGE_LOOP('',(#2393,#2394,#2395,#2396));
#496=EDGE_LOOP('',(#2397,#2398,#2399,#2400));
#497=EDGE_LOOP('',(#2401,#2402,#2403,#2404));
#498=EDGE_LOOP('',(#2405,#2406,#2407,#2408,#2409,#2410));
#499=EDGE_LOOP('',(#2411,#2412,#2413,#2414));
#500=EDGE_LOOP('',(#2415,#2416,#2417,#2418,#2419,#2420));
#501=EDGE_LOOP('',(#2421,#2422,#2423,#2424));
#502=EDGE_LOOP('',(#2425,#2426,#2427,#2428));
#503=EDGE_LOOP('',(#2429,#2430,#2431,#2432));
#504=EDGE_LOOP('',(#2433,#2434,#2435,#2436));
#505=EDGE_LOOP('',(#2437,#2438,#2439));
#506=EDGE_LOOP('',(#2440,#2441,#2442,#2443,#2444,#2445));
#507=EDGE_LOOP('',(#2446,#2447,#2448,#2449,#2450));
#508=EDGE_LOOP('',(#2451,#2452,#2453,#2454,#2455));
#509=EDGE_LOOP('',(#2456,#2457,#2458,#2459));
#510=EDGE_LOOP('',(#2460,#2461,#2462,#2463));
#511=EDGE_LOOP('',(#2464,#2465,#2466,#2467));
#512=EDGE_LOOP('',(#2468,#2469,#2470,#2471));
#513=EDGE_LOOP('',(#2472,#2473,#2474,#2475));
#514=EDGE_LOOP('',(#2476,#2477,#2478,#2479));
#515=EDGE_LOOP('',(#2480,#2481,#2482,#2483));
#516=EDGE_LOOP('',(#2484,#2485,#2486,#2487,#2488,#2489,#2490,#2491));
#517=EDGE_LOOP('',(#2492,#2493,#2494,#2495,#2496,#2497,#2498,#2499,#2500));
#518=EDGE_LOOP('',(#2501,#2502,#2503));
#519=EDGE_LOOP('',(#2504,#2505,#2506,#2507,#2508,#2509,#2510,#2511,#2512,
#2513,#2514));
#520=EDGE_LOOP('',(#2515,#2516,#2517,#2518,#2519,#2520));
#521=EDGE_LOOP('',(#2521,#2522,#2523,#2524,#2525));
#522=EDGE_LOOP('',(#2526,#2527,#2528,#2529,#2530,#2531));
#523=EDGE_LOOP('',(#2532,#2533,#2534,#2535,#2536));
#524=EDGE_LOOP('',(#2537));
#525=EDGE_LOOP('',(#2538,#2539,#2540,#2541));
#526=LINE('',#3851,#799);
#527=LINE('',#3853,#800);
#528=LINE('',#3855,#801);
#529=LINE('',#3856,#802);
#530=LINE('',#3859,#803);
#531=LINE('',#3861,#804);
#532=LINE('',#3862,#805);
#533=LINE('',#3865,#806);
#534=LINE('',#3867,#807);
#535=LINE('',#3868,#808);
#536=LINE('',#3870,#809);
#537=LINE('',#3871,#810);
#538=LINE('',#3916,#811);
#539=LINE('',#3918,#812);
#540=LINE('',#3919,#813);
#541=LINE('',#3922,#814);
#542=LINE('',#3926,#815);
#543=LINE('',#3927,#816);
#544=LINE('',#3930,#817);
#545=LINE('',#3934,#818);
#546=LINE('',#3944,#819);
#547=LINE('',#3949,#820);
#548=LINE('',#3953,#821);
#549=LINE('',#3956,#822);
#550=LINE('',#3957,#823);
#551=LINE('',#3962,#824);
#552=LINE('',#3965,#825);
#553=LINE('',#3970,#826);
#554=LINE('',#3972,#827);
#555=LINE('',#3974,#828);
#556=LINE('',#3976,#829);
#557=LINE('',#3978,#830);
#558=LINE('',#3980,#831);
#559=LINE('',#3982,#832);
#560=LINE('',#3983,#833);
#561=LINE('',#3986,#834);
#562=LINE('',#3990,#835);
#563=LINE('',#3991,#836);
#564=LINE('',#3995,#837);
#565=LINE('',#3999,#838);
#566=LINE('',#4003,#839);
#567=LINE('',#4006,#840);
#568=LINE('',#4009,#841);
#569=LINE('',#4012,#842);
#570=LINE('',#4015,#843);
#571=LINE('',#4017,#844);
#572=LINE('',#4018,#845);
#573=LINE('',#4021,#846);
#574=LINE('',#4022,#847);
#575=LINE('',#4025,#848);
#576=LINE('',#4026,#849);
#577=LINE('',#4029,#850);
#578=LINE('',#4033,#851);
#579=LINE('',#4034,#852);
#580=LINE('',#4035,#853);
#581=LINE('',#4039,#854);
#582=LINE('',#4043,#855);
#583=LINE('',#4056,#856);
#584=LINE('',#4060,#857);
#585=LINE('',#4073,#858);
#586=LINE('',#4076,#859);
#587=LINE('',#4079,#860);
#588=LINE('',#4081,#861);
#589=LINE('',#4082,#862);
#590=LINE('',#4085,#863);
#591=LINE('',#4086,#864);
#592=LINE('',#4089,#865);
#593=LINE('',#4090,#866);
#594=LINE('',#4094,#867);
#595=LINE('',#4096,#868);
#596=LINE('',#4098,#869);
#597=LINE('',#4099,#870);
#598=LINE('',#4102,#871);
#599=LINE('',#4104,#872);
#600=LINE('',#4105,#873);
#601=LINE('',#4108,#874);
#602=LINE('',#4110,#875);
#603=LINE('',#4111,#876);
#604=LINE('',#4114,#877);
#605=LINE('',#4116,#878);
#606=LINE('',#4117,#879);
#607=LINE('',#4119,#880);
#608=LINE('',#4120,#881);
#609=LINE('',#4124,#882);
#610=LINE('',#4126,#883);
#611=LINE('',#4128,#884);
#612=LINE('',#4130,#885);
#613=LINE('',#4143,#886);
#614=LINE('',#4156,#887);
#615=LINE('',#4158,#888);
#616=LINE('',#4160,#889);
#617=LINE('',#4164,#890);
#618=LINE('',#4166,#891);
#619=LINE('',#4167,#892);
#620=LINE('',#4168,#893);
#621=LINE('',#4169,#894);
#622=LINE('',#4172,#895);
#623=LINE('',#4174,#896);
#624=LINE('',#4176,#897);
#625=LINE('',#4180,#898);
#626=LINE('',#4182,#899);
#627=LINE('',#4184,#900);
#628=LINE('',#4186,#901);
#629=LINE('',#4188,#902);
#630=LINE('',#4190,#903);
#631=LINE('',#4192,#904);
#632=LINE('',#4193,#905);
#633=LINE('',#4196,#906);
#634=LINE('',#4198,#907);
#635=LINE('',#4200,#908);
#636=LINE('',#4202,#909);
#637=LINE('',#4204,#910);
#638=LINE('',#4206,#911);
#639=LINE('',#4219,#912);
#640=LINE('',#4232,#913);
#641=LINE('',#4234,#914);
#642=LINE('',#4236,#915);
#643=LINE('',#4242,#916);
#644=LINE('',#4247,#917);
#645=LINE('',#4254,#918);
#646=LINE('',#4258,#919);
#647=LINE('',#4260,#920);
#648=LINE('',#4262,#921);
#649=LINE('',#4265,#922);
#650=LINE('',#4289,#923);
#651=LINE('',#4293,#924);
#652=LINE('',#4297,#925);
#653=LINE('',#4318,#926);
#654=LINE('',#4319,#927);
#655=LINE('',#4328,#928);
#656=LINE('',#4332,#929);
#657=LINE('',#4336,#930);
#658=LINE('',#4338,#931);
#659=LINE('',#4342,#932);
#660=LINE('',#4345,#933);
#661=LINE('',#4347,#934);
#662=LINE('',#4349,#935);
#663=LINE('',#4353,#936);
#664=LINE('',#4355,#937);
#665=LINE('',#4357,#938);
#666=LINE('',#4358,#939);
#667=LINE('',#4360,#940);
#668=LINE('',#4362,#941);
#669=LINE('',#4366,#942);
#670=LINE('',#4379,#943);
#671=LINE('',#4382,#944);
#672=LINE('',#4383,#945);
#673=LINE('',#4385,#946);
#674=LINE('',#4386,#947);
#675=LINE('',#4391,#948);
#676=LINE('',#4406,#949);
#677=LINE('',#4410,#950);
#678=LINE('',#4413,#951);
#679=LINE('',#4416,#952);
#680=LINE('',#4426,#953);
#681=LINE('',#4429,#954);
#682=LINE('',#4431,#955);
#683=LINE('',#4433,#956);
#684=LINE('',#4435,#957);
#685=LINE('',#4436,#958);
#686=LINE('',#4438,#959);
#687=LINE('',#4439,#960);
#688=LINE('',#4441,#961);
#689=LINE('',#4443,#962);
#690=LINE('',#4444,#963);
#691=LINE('',#4446,#964);
#692=LINE('',#4448,#965);
#693=LINE('',#4458,#966);
#694=LINE('',#4463,#967);
#695=LINE('',#4467,#968);
#696=LINE('',#4468,#969);
#697=LINE('',#4470,#970);
#698=LINE('',#4471,#971);
#699=LINE('',#4480,#972);
#700=LINE('',#4482,#973);
#701=LINE('',#4483,#974);
#702=LINE('',#4487,#975);
#703=LINE('',#4518,#976);
#704=LINE('',#4521,#977);
#705=LINE('',#4524,#978);
#706=LINE('',#4526,#979);
#707=LINE('',#4528,#980);
#708=LINE('',#4529,#981);
#709=LINE('',#4531,#982);
#710=LINE('',#4532,#983);
#711=LINE('',#4536,#984);
#712=LINE('',#4540,#985);
#713=LINE('',#4544,#986);
#714=LINE('',#4547,#987);
#715=LINE('',#4549,#988);
#716=LINE('',#4550,#989);
#717=LINE('',#4552,#990);
#718=LINE('',#4556,#991);
#719=LINE('',#4569,#992);
#720=LINE('',#4573,#993);
#721=LINE('',#4576,#994);
#722=LINE('',#4579,#995);
#723=LINE('',#4582,#996);
#724=LINE('',#4585,#997);
#725=LINE('',#4588,#998);
#726=LINE('',#4591,#999);
#727=LINE('',#4594,#1000);
#728=LINE('',#4597,#1001);
#729=LINE('',#4600,#1002);
#730=LINE('',#4603,#1003);
#731=LINE('',#4615,#1004);
#732=LINE('',#4617,#1005);
#733=LINE('',#4618,#1006);
#734=LINE('',#4620,#1007);
#735=LINE('',#4622,#1008);
#736=LINE('',#4624,#1009);
#737=LINE('',#4625,#1010);
#738=LINE('',#4627,#1011);
#739=LINE('',#4629,#1012);
#740=LINE('',#4630,#1013);
#741=LINE('',#4632,#1014);
#742=LINE('',#4636,#1015);
#743=LINE('',#4640,#1016);
#744=LINE('',#4698,#1017);
#745=LINE('',#4699,#1018);
#746=LINE('',#4754,#1019);
#747=LINE('',#4755,#1020);
#748=LINE('',#4757,#1021);
#749=LINE('',#4759,#1022);
#750=LINE('',#4760,#1023);
#751=LINE('',#4770,#1024);
#752=LINE('',#4774,#1025);
#753=LINE('',#4780,#1026);
#754=LINE('',#4782,#1027);
#755=LINE('',#4786,#1028);
#756=LINE('',#4811,#1029);
#757=LINE('',#4813,#1030);
#758=LINE('',#4815,#1031);
#759=LINE('',#4817,#1032);
#760=LINE('',#4821,#1033);
#761=LINE('',#4822,#1034);
#762=LINE('',#4825,#1035);
#763=LINE('',#4826,#1036);
#764=LINE('',#4835,#1037);
#765=LINE('',#4836,#1038);
#766=LINE('',#4845,#1039);
#767=LINE('',#4849,#1040);
#768=LINE('',#4852,#1041);
#769=LINE('',#4854,#1042);
#770=LINE('',#4857,#1043);
#771=LINE('',#4858,#1044);
#772=LINE('',#4859,#1045);
#773=LINE('',#4863,#1046);
#774=LINE('',#4865,#1047);
#775=LINE('',#4868,#1048);
#776=LINE('',#4870,#1049);
#777=LINE('',#4873,#1050);
#778=LINE('',#4877,#1051);
#779=LINE('',#4881,#1052);
#780=LINE('',#4885,#1053);
#781=LINE('',#4886,#1054);
#782=LINE('',#4888,#1055);
#783=LINE('',#4889,#1056);
#784=LINE('',#4892,#1057);
#785=LINE('',#4896,#1058);
#786=LINE('',#4899,#1059);
#787=LINE('',#4902,#1060);
#788=LINE('',#4906,#1061);
#789=LINE('',#4908,#1062);
#790=LINE('',#4910,#1063);
#791=LINE('',#4911,#1064);
#792=LINE('',#4913,#1065);
#793=LINE('',#4914,#1066);
#794=LINE('',#4917,#1067);
#795=LINE('',#4918,#1068);
#796=LINE('',#4920,#1069);
#797=LINE('',#4922,#1070);
#798=LINE('',#4932,#1071);
#799=VECTOR('',#3060,10.);
#800=VECTOR('',#3061,10.);
#801=VECTOR('',#3062,10.);
#802=VECTOR('',#3063,10.);
#803=VECTOR('',#3066,10.);
#804=VECTOR('',#3067,10.);
#805=VECTOR('',#3068,10.);
#806=VECTOR('',#3071,10.);
#807=VECTOR('',#3072,10.);
#808=VECTOR('',#3073,10.);
#809=VECTOR('',#3076,10.);
#810=VECTOR('',#3077,10.);
#811=VECTOR('',#3098,10.);
#812=VECTOR('',#3099,10.);
#813=VECTOR('',#3100,10.);
#814=VECTOR('',#3103,10.);
#815=VECTOR('',#3106,10.);
#816=VECTOR('',#3107,10.);
#817=VECTOR('',#3110,10.);
#818=VECTOR('',#3113,10.);
#819=VECTOR('',#3116,10.);
#820=VECTOR('',#3121,10.);
#821=VECTOR('',#3124,10.);
#822=VECTOR('',#3129,10.);
#823=VECTOR('',#3130,10.);
#824=VECTOR('',#3135,10.);
#825=VECTOR('',#3138,10.);
#826=VECTOR('',#3145,10.);
#827=VECTOR('',#3146,10.);
#828=VECTOR('',#3147,10.);
#829=VECTOR('',#3148,10.);
#830=VECTOR('',#3149,0.3);
#831=VECTOR('',#3150,0.3);
#832=VECTOR('',#3151,0.3);
#833=VECTOR('',#3152,10.);
#834=VECTOR('',#3155,10.);
#835=VECTOR('',#3160,10.);
#836=VECTOR('',#3161,10.);
#837=VECTOR('',#3164,10.);
#838=VECTOR('',#3167,10.);
#839=VECTOR('',#3172,10.);
#840=VECTOR('',#3175,10.);
#841=VECTOR('',#3178,10.);
#842=VECTOR('',#3181,10.);
#843=VECTOR('',#3184,10.);
#844=VECTOR('',#3185,10.);
#845=VECTOR('',#3186,10.);
#846=VECTOR('',#3189,10.);
#847=VECTOR('',#3190,10.);
#848=VECTOR('',#3193,10.);
#849=VECTOR('',#3194,10.);
#850=VECTOR('',#3197,10.);
#851=VECTOR('',#3202,10.);
#852=VECTOR('',#3203,10.);
#853=VECTOR('',#3204,10.);
#854=VECTOR('',#3207,10.);
#855=VECTOR('',#3210,10.);
#856=VECTOR('',#3211,10.);
#857=VECTOR('',#3216,10.);
#858=VECTOR('',#3217,10.);
#859=VECTOR('',#3220,10.);
#860=VECTOR('',#3223,10.);
#861=VECTOR('',#3224,10.);
#862=VECTOR('',#3225,10.);
#863=VECTOR('',#3228,10.);
#864=VECTOR('',#3229,10.);
#865=VECTOR('',#3232,10.);
#866=VECTOR('',#3233,10.);
#867=VECTOR('',#3236,10.);
#868=VECTOR('',#3237,10.);
#869=VECTOR('',#3238,10.);
#870=VECTOR('',#3239,10.);
#871=VECTOR('',#3242,10.);
#872=VECTOR('',#3243,10.);
#873=VECTOR('',#3244,10.);
#874=VECTOR('',#3247,10.);
#875=VECTOR('',#3248,10.);
#876=VECTOR('',#3249,10.);
#877=VECTOR('',#3252,10.);
#878=VECTOR('',#3253,10.);
#879=VECTOR('',#3254,10.);
#880=VECTOR('',#3257,10.);
#881=VECTOR('',#3258,10.);
#882=VECTOR('',#3263,10.);
#883=VECTOR('',#3264,10.);
#884=VECTOR('',#3265,10.);
#885=VECTOR('',#3266,10.);
#886=VECTOR('',#3267,10.);
#887=VECTOR('',#3268,10.);
#888=VECTOR('',#3269,10.);
#889=VECTOR('',#3270,10.);
#890=VECTOR('',#3273,10.);
#891=VECTOR('',#3274,10.);
#892=VECTOR('',#3275,10.);
#893=VECTOR('',#3276,10.);
#894=VECTOR('',#3277,10.);
#895=VECTOR('',#3278,10.);
#896=VECTOR('',#3279,10.);
#897=VECTOR('',#3280,10.);
#898=VECTOR('',#3283,10.);
#899=VECTOR('',#3284,10.);
#900=VECTOR('',#3285,10.);
#901=VECTOR('',#3286,10.);
#902=VECTOR('',#3287,10.);
#903=VECTOR('',#3288,10.);
#904=VECTOR('',#3289,10.);
#905=VECTOR('',#3290,10.);
#906=VECTOR('',#3291,10.);
#907=VECTOR('',#3292,10.);
#908=VECTOR('',#3293,10.);
#909=VECTOR('',#3294,10.);
#910=VECTOR('',#3295,10.);
#911=VECTOR('',#3296,10.);
#912=VECTOR('',#3297,10.);
#913=VECTOR('',#3298,10.);
#914=VECTOR('',#3299,10.);
#915=VECTOR('',#3300,10.);
#916=VECTOR('',#3309,10.);
#917=VECTOR('',#3318,10.);
#918=VECTOR('',#3331,10.);
#919=VECTOR('',#3336,10.);
#920=VECTOR('',#3337,10.);
#921=VECTOR('',#3338,10.);
#922=VECTOR('',#3341,10.);
#923=VECTOR('',#3352,10.);
#924=VECTOR('',#3355,10.);
#925=VECTOR('',#3358,10.);
#926=VECTOR('',#3369,10.);
#927=VECTOR('',#3370,10.);
#928=VECTOR('',#3381,10.);
#929=VECTOR('',#3384,10.);
#930=VECTOR('',#3389,10.);
#931=VECTOR('',#3390,10.);
#932=VECTOR('',#3395,10.);
#933=VECTOR('',#3398,10.);
#934=VECTOR('',#3401,10.);
#935=VECTOR('',#3402,10.);
#936=VECTOR('',#3405,10.);
#937=VECTOR('',#3406,10.);
#938=VECTOR('',#3407,10.);
#939=VECTOR('',#3408,10.);
#940=VECTOR('',#3411,10.);
#941=VECTOR('',#3414,10.);
#942=VECTOR('',#3417,10.);
#943=VECTOR('',#3418,10.);
#944=VECTOR('',#3423,10.);
#945=VECTOR('',#3424,10.);
#946=VECTOR('',#3427,10.);
#947=VECTOR('',#3428,10.);
#948=VECTOR('',#3433,10.);
#949=VECTOR('',#3434,10.);
#950=VECTOR('',#3439,10.);
#951=VECTOR('',#3442,10.);
#952=VECTOR('',#3445,10.);
#953=VECTOR('',#3448,10.);
#954=VECTOR('',#3451,10.);
#955=VECTOR('',#3452,10.);
#956=VECTOR('',#3453,10.);
#957=VECTOR('',#3454,10.);
#958=VECTOR('',#3455,10.);
#959=VECTOR('',#3458,10.);
#960=VECTOR('',#3459,10.);
#961=VECTOR('',#3460,10.);
#962=VECTOR('',#3461,10.);
#963=VECTOR('',#3462,10.);
#964=VECTOR('',#3465,10.);
#965=VECTOR('',#3468,10.);
#966=VECTOR('',#3481,1.);
#967=VECTOR('',#3486,10.);
#968=VECTOR('',#3493,10.);
#969=VECTOR('',#3494,10.);
#970=VECTOR('',#3497,10.);
#971=VECTOR('',#3498,10.);
#972=VECTOR('',#3511,10.);
#973=VECTOR('',#3512,10.);
#974=VECTOR('',#3513,10.);
#975=VECTOR('',#3516,10.);
#976=VECTOR('',#3527,10.);
#977=VECTOR('',#3530,10.);
#978=VECTOR('',#3533,10.);
#979=VECTOR('',#3534,10.);
#980=VECTOR('',#3535,10.);
#981=VECTOR('',#3536,10.);
#982=VECTOR('',#3539,10.);
#983=VECTOR('',#3540,10.);
#984=VECTOR('',#3543,10.);
#985=VECTOR('',#3546,10.);
#986=VECTOR('',#3551,10.);
#987=VECTOR('',#3554,10.);
#988=VECTOR('',#3557,10.);
#989=VECTOR('',#3558,10.);
#990=VECTOR('',#3561,10.);
#991=VECTOR('',#3564,10.);
#992=VECTOR('',#3565,10.);
#993=VECTOR('',#3570,10.);
#994=VECTOR('',#3573,10.);
#995=VECTOR('',#3576,10.);
#996=VECTOR('',#3579,10.);
#997=VECTOR('',#3582,10.);
#998=VECTOR('',#3585,10.);
#999=VECTOR('',#3588,10.);
#1000=VECTOR('',#3591,10.);
#1001=VECTOR('',#3594,10.);
#1002=VECTOR('',#3597,10.);
#1003=VECTOR('',#3600,10.);
#1004=VECTOR('',#3601,10.);
#1005=VECTOR('',#3604,10.);
#1006=VECTOR('',#3605,10.);
#1007=VECTOR('',#3608,10.);
#1008=VECTOR('',#3611,10.);
#1009=VECTOR('',#3614,10.);
#1010=VECTOR('',#3615,10.);
#1011=VECTOR('',#3618,10.);
#1012=VECTOR('',#3621,10.);
#1013=VECTOR('',#3622,10.);
#1014=VECTOR('',#3625,10.);
#1015=VECTOR('',#3628,10.);
#1016=VECTOR('',#3631,10.);
#1017=VECTOR('',#3642,10.);
#1018=VECTOR('',#3643,10.);
#1019=VECTOR('',#3650,10.);
#1020=VECTOR('',#3651,10.);
#1021=VECTOR('',#3654,10.);
#1022=VECTOR('',#3657,10.);
#1023=VECTOR('',#3658,10.);
#1024=VECTOR('',#3671,1.25);
#1025=VECTOR('',#3678,10.);
#1026=VECTOR('',#3689,10.);
#1027=VECTOR('',#3690,10.);
#1028=VECTOR('',#3693,10.);
#1029=VECTOR('',#3696,10.);
#1030=VECTOR('',#3699,10.);
#1031=VECTOR('',#3700,10.);
#1032=VECTOR('',#3701,10.);
#1033=VECTOR('',#3704,10.);
#1034=VECTOR('',#3705,10.);
#1035=VECTOR('',#3708,10.);
#1036=VECTOR('',#3709,10.);
#1037=VECTOR('',#3720,10.);
#1038=VECTOR('',#3721,10.);
#1039=VECTOR('',#3732,10.);
#1040=VECTOR('',#3735,10.);
#1041=VECTOR('',#3738,10.);
#1042=VECTOR('',#3741,1.2);
#1043=VECTOR('',#3744,10.);
#1044=VECTOR('',#3745,10.);
#1045=VECTOR('',#3746,10.);
#1046=VECTOR('',#3753,10.);
#1047=VECTOR('',#3756,10.);
#1048=VECTOR('',#3761,10.);
#1049=VECTOR('',#3764,10.);
#1050=VECTOR('',#3767,10.);
#1051=VECTOR('',#3770,10.);
#1052=VECTOR('',#3775,10.);
#1053=VECTOR('',#3780,10.);
#1054=VECTOR('',#3781,10.);
#1055=VECTOR('',#3784,10.);
#1056=VECTOR('',#3785,10.);
#1057=VECTOR('',#3788,10.);
#1058=VECTOR('',#3793,10.);
#1059=VECTOR('',#3796,10.);
#1060=VECTOR('',#3801,10.);
#1061=VECTOR('',#3804,10.);
#1062=VECTOR('',#3805,10.);
#1063=VECTOR('',#3806,10.);
#1064=VECTOR('',#3807,10.);
#1065=VECTOR('',#3810,10.);
#1066=VECTOR('',#3811,10.);
#1067=VECTOR('',#3814,10.);
#1068=VECTOR('',#3815,10.);
#1069=VECTOR('',#3818,10.);
#1070=VECTOR('',#3821,10.);
#1071=VECTOR('',#3834,10.);
#1072=VERTEX_POINT('',#3849);
#1073=VERTEX_POINT('',#3850);
#1074=VERTEX_POINT('',#3852);
#1075=VERTEX_POINT('',#3854);
#1076=VERTEX_POINT('',#3858);
#1077=VERTEX_POINT('',#3860);
#1078=VERTEX_POINT('',#3864);
#1079=VERTEX_POINT('',#3866);
#1080=VERTEX_POINT('',#3874);
#1081=VERTEX_POINT('',#3876);
#1082=VERTEX_POINT('',#3878);
#1083=VERTEX_POINT('',#3880);
#1084=VERTEX_POINT('',#3887);
#1085=VERTEX_POINT('',#3896);
#1086=VERTEX_POINT('',#3898);
#1087=VERTEX_POINT('',#3909);
#1088=VERTEX_POINT('',#3911);
#1089=VERTEX_POINT('',#3915);
#1090=VERTEX_POINT('',#3917);
#1091=VERTEX_POINT('',#3921);
#1092=VERTEX_POINT('',#3923);
#1093=VERTEX_POINT('',#3925);
#1094=VERTEX_POINT('',#3929);
#1095=VERTEX_POINT('',#3931);
#1096=VERTEX_POINT('',#3933);
#1097=VERTEX_POINT('',#3947);
#1098=VERTEX_POINT('',#3948);
#1099=VERTEX_POINT('',#3950);
#1100=VERTEX_POINT('',#3952);
#1101=VERTEX_POINT('',#3959);
#1102=VERTEX_POINT('',#3961);
#1103=VERTEX_POINT('',#3963);
#1104=VERTEX_POINT('',#3969);
#1105=VERTEX_POINT('',#3971);
#1106=VERTEX_POINT('',#3973);
#1107=VERTEX_POINT('',#3975);
#1108=VERTEX_POINT('',#3977);
#1109=VERTEX_POINT('',#3979);
#1110=VERTEX_POINT('',#3981);
#1111=VERTEX_POINT('',#3985);
#1112=VERTEX_POINT('',#3989);
#1113=VERTEX_POINT('',#3993);
#1114=VERTEX_POINT('',#3994);
#1115=VERTEX_POINT('',#3996);
#1116=VERTEX_POINT('',#3998);
#1117=VERTEX_POINT('',#4002);
#1118=VERTEX_POINT('',#4004);
#1119=VERTEX_POINT('',#4008);
#1120=VERTEX_POINT('',#4010);
#1121=VERTEX_POINT('',#4014);
#1122=VERTEX_POINT('',#4016);
#1123=VERTEX_POINT('',#4020);
#1124=VERTEX_POINT('',#4024);
#1125=VERTEX_POINT('',#4028);
#1126=VERTEX_POINT('',#4032);
#1127=VERTEX_POINT('',#4037);
#1128=VERTEX_POINT('',#4038);
#1129=VERTEX_POINT('',#4040);
#1130=VERTEX_POINT('',#4042);
#1131=VERTEX_POINT('',#4044);
#1132=VERTEX_POINT('',#4055);
#1133=VERTEX_POINT('',#4059);
#1134=VERTEX_POINT('',#4061);
#1135=VERTEX_POINT('',#4072);
#1136=VERTEX_POINT('',#4074);
#1137=VERTEX_POINT('',#4078);
#1138=VERTEX_POINT('',#4080);
#1139=VERTEX_POINT('',#4084);
#1140=VERTEX_POINT('',#4088);
#1141=VERTEX_POINT('',#4092);
#1142=VERTEX_POINT('',#4093);
#1143=VERTEX_POINT('',#4095);
#1144=VERTEX_POINT('',#4097);
#1145=VERTEX_POINT('',#4101);
#1146=VERTEX_POINT('',#4103);
#1147=VERTEX_POINT('',#4107);
#1148=VERTEX_POINT('',#4109);
#1149=VERTEX_POINT('',#4113);
#1150=VERTEX_POINT('',#4115);
#1151=VERTEX_POINT('',#4122);
#1152=VERTEX_POINT('',#4125);
#1153=VERTEX_POINT('',#4127);
#1154=VERTEX_POINT('',#4129);
#1155=VERTEX_POINT('',#4131);
#1156=VERTEX_POINT('',#4142);
#1157=VERTEX_POINT('',#4144);
#1158=VERTEX_POINT('',#4155);
#1159=VERTEX_POINT('',#4157);
#1160=VERTEX_POINT('',#4159);
#1161=VERTEX_POINT('',#4161);
#1162=VERTEX_POINT('',#4163);
#1163=VERTEX_POINT('',#4165);
#1164=VERTEX_POINT('',#4170);
#1165=VERTEX_POINT('',#4171);
#1166=VERTEX_POINT('',#4173);
#1167=VERTEX_POINT('',#4175);
#1168=VERTEX_POINT('',#4177);
#1169=VERTEX_POINT('',#4179);
#1170=VERTEX_POINT('',#4181);
#1171=VERTEX_POINT('',#4183);
#1172=VERTEX_POINT('',#4185);
#1173=VERTEX_POINT('',#4187);
#1174=VERTEX_POINT('',#4189);
#1175=VERTEX_POINT('',#4191);
#1176=VERTEX_POINT('',#4194);
#1177=VERTEX_POINT('',#4195);
#1178=VERTEX_POINT('',#4197);
#1179=VERTEX_POINT('',#4199);
#1180=VERTEX_POINT('',#4201);
#1181=VERTEX_POINT('',#4203);
#1182=VERTEX_POINT('',#4205);
#1183=VERTEX_POINT('',#4207);
#1184=VERTEX_POINT('',#4218);
#1185=VERTEX_POINT('',#4220);
#1186=VERTEX_POINT('',#4231);
#1187=VERTEX_POINT('',#4233);
#1188=VERTEX_POINT('',#4235);
#1189=VERTEX_POINT('',#4237);
#1190=VERTEX_POINT('',#4257);
#1191=VERTEX_POINT('',#4259);
#1192=VERTEX_POINT('',#4261);
#1193=VERTEX_POINT('',#4263);
#1194=VERTEX_POINT('',#4267);
#1195=VERTEX_POINT('',#4268);
#1196=VERTEX_POINT('',#4280);
#1197=VERTEX_POINT('',#4282);
#1198=VERTEX_POINT('',#4291);
#1199=VERTEX_POINT('',#4292);
#1200=VERTEX_POINT('',#4294);
#1201=VERTEX_POINT('',#4296);
#1202=VERTEX_POINT('',#4298);
#1203=VERTEX_POINT('',#4322);
#1204=VERTEX_POINT('',#4326);
#1205=VERTEX_POINT('',#4327);
#1206=VERTEX_POINT('',#4329);
#1207=VERTEX_POINT('',#4331);
#1208=VERTEX_POINT('',#4335);
#1209=VERTEX_POINT('',#4337);
#1210=VERTEX_POINT('',#4341);
#1211=VERTEX_POINT('',#4343);
#1212=VERTEX_POINT('',#4348);
#1213=VERTEX_POINT('',#4350);
#1214=VERTEX_POINT('',#4352);
#1215=VERTEX_POINT('',#4354);
#1216=VERTEX_POINT('',#4356);
#1217=VERTEX_POINT('',#4364);
#1218=VERTEX_POINT('',#4365);
#1219=VERTEX_POINT('',#4367);
#1220=VERTEX_POINT('',#4378);
#1221=VERTEX_POINT('',#4389);
#1222=VERTEX_POINT('',#4390);
#1223=VERTEX_POINT('',#4392);
#1224=VERTEX_POINT('',#4405);
#1225=VERTEX_POINT('',#4409);
#1226=VERTEX_POINT('',#4411);
#1227=VERTEX_POINT('',#4415);
#1228=VERTEX_POINT('',#4417);
#1229=VERTEX_POINT('',#4424);
#1230=VERTEX_POINT('',#4428);
#1231=VERTEX_POINT('',#4430);
#1232=VERTEX_POINT('',#4432);
#1233=VERTEX_POINT('',#4434);
#1234=VERTEX_POINT('',#4440);
#1235=VERTEX_POINT('',#4442);
#1236=VERTEX_POINT('',#4450);
#1237=VERTEX_POINT('',#4452);
#1238=VERTEX_POINT('',#4454);
#1239=VERTEX_POINT('',#4460);
#1240=VERTEX_POINT('',#4462);
#1241=VERTEX_POINT('',#4478);
#1242=VERTEX_POINT('',#4479);
#1243=VERTEX_POINT('',#4481);
#1244=VERTEX_POINT('',#4485);
#1245=VERTEX_POINT('',#4486);
#1246=VERTEX_POINT('',#4490);
#1247=VERTEX_POINT('',#4501);
#1248=VERTEX_POINT('',#4514);
#1249=VERTEX_POINT('',#4515);
#1250=VERTEX_POINT('',#4517);
#1251=VERTEX_POINT('',#4519);
#1252=VERTEX_POINT('',#4523);
#1253=VERTEX_POINT('',#4525);
#1254=VERTEX_POINT('',#4527);
#1255=VERTEX_POINT('',#4534);
#1256=VERTEX_POINT('',#4535);
#1257=VERTEX_POINT('',#4537);
#1258=VERTEX_POINT('',#4539);
#1259=VERTEX_POINT('',#4543);
#1260=VERTEX_POINT('',#4545);
#1261=VERTEX_POINT('',#4554);
#1262=VERTEX_POINT('',#4555);
#1263=VERTEX_POINT('',#4557);
#1264=VERTEX_POINT('',#4568);
#1265=VERTEX_POINT('',#4572);
#1266=VERTEX_POINT('',#4574);
#1267=VERTEX_POINT('',#4578);
#1268=VERTEX_POINT('',#4580);
#1269=VERTEX_POINT('',#4584);
#1270=VERTEX_POINT('',#4586);
#1271=VERTEX_POINT('',#4590);
#1272=VERTEX_POINT('',#4592);
#1273=VERTEX_POINT('',#4596);
#1274=VERTEX_POINT('',#4598);
#1275=VERTEX_POINT('',#4602);
#1276=VERTEX_POINT('',#4604);
#1277=VERTEX_POINT('',#4634);
#1278=VERTEX_POINT('',#4635);
#1279=VERTEX_POINT('',#4637);
#1280=VERTEX_POINT('',#4639);
#1281=VERTEX_POINT('',#4677);
#1282=VERTEX_POINT('',#4678);
#1283=VERTEX_POINT('',#4680);
#1284=VERTEX_POINT('',#4682);
#1285=VERTEX_POINT('',#4735);
#1286=VERTEX_POINT('',#4736);
#1287=VERTEX_POINT('',#4753);
#1288=VERTEX_POINT('',#4762);
#1289=VERTEX_POINT('',#4764);
#1290=VERTEX_POINT('',#4766);
#1291=VERTEX_POINT('',#4781);
#1292=VERTEX_POINT('',#4783);
#1293=VERTEX_POINT('',#4785);
#1294=VERTEX_POINT('',#4787);
#1295=VERTEX_POINT('',#4798);
#1296=VERTEX_POINT('',#4800);
#1297=VERTEX_POINT('',#4814);
#1298=VERTEX_POINT('',#4816);
#1299=VERTEX_POINT('',#4818);
#1300=VERTEX_POINT('',#4820);
#1301=VERTEX_POINT('',#4824);
#1302=VERTEX_POINT('',#4828);
#1303=VERTEX_POINT('',#4829);
#1304=VERTEX_POINT('',#4834);
#1305=VERTEX_POINT('',#4838);
#1306=VERTEX_POINT('',#4839);
#1307=VERTEX_POINT('',#4844);
#1308=VERTEX_POINT('',#4846);
#1309=VERTEX_POINT('',#4848);
#1310=VERTEX_POINT('',#4850);
#1311=VERTEX_POINT('',#4856);
#1312=VERTEX_POINT('',#4872);
#1313=VERTEX_POINT('',#4874);
#1314=VERTEX_POINT('',#4876);
#1315=VERTEX_POINT('',#4880);
#1316=VERTEX_POINT('',#4884);
#1317=VERTEX_POINT('',#4891);
#1318=VERTEX_POINT('',#4895);
#1319=VERTEX_POINT('',#4897);
#1320=VERTEX_POINT('',#4904);
#1321=VERTEX_POINT('',#4905);
#1322=VERTEX_POINT('',#4907);
#1323=VERTEX_POINT('',#4909);
#1324=VERTEX_POINT('',#4916);
#1325=VERTEX_POINT('',#4925);
#1326=VERTEX_POINT('',#4927);
#1327=VERTEX_POINT('',#4931);
#1328=VERTEX_POINT('',#4933);
#1329=VERTEX_POINT('',#4937);
#1330=EDGE_CURVE('',#1072,#1073,#526,.T.);
#1331=EDGE_CURVE('',#1073,#1074,#527,.T.);
#1332=EDGE_CURVE('',#1075,#1074,#528,.T.);
#1333=EDGE_CURVE('',#1072,#1075,#529,.T.);
#1334=EDGE_CURVE('',#1076,#1072,#530,.T.);
#1335=EDGE_CURVE('',#1077,#1075,#531,.T.);
#1336=EDGE_CURVE('',#1076,#1077,#532,.T.);
#1337=EDGE_CURVE('',#1078,#1076,#533,.T.);
#1338=EDGE_CURVE('',#1079,#1077,#534,.T.);
#1339=EDGE_CURVE('',#1078,#1079,#535,.T.);
#1340=EDGE_CURVE('',#1073,#1078,#536,.T.);
#1341=EDGE_CURVE('',#1074,#1079,#537,.T.);
#1342=EDGE_CURVE('',#1080,#1080,#147,.T.);
#1343=EDGE_CURVE('',#1080,#1081,#148,.T.);
#1344=EDGE_CURVE('',#1081,#1082,#149,.T.);
#1345=EDGE_CURVE('',#1082,#1083,#123,.T.);
#1346=EDGE_CURVE('',#1083,#1084,#124,.T.);
#1347=EDGE_CURVE('',#1084,#1085,#150,.T.);
#1348=EDGE_CURVE('',#1085,#1086,#125,.F.);
#1349=EDGE_CURVE('',#1086,#1087,#151,.F.);
#1350=EDGE_CURVE('',#1088,#1087,#152,.T.);
#1351=EDGE_CURVE('',#1088,#1081,#153,.T.);
#1352=EDGE_CURVE('',#1089,#1083,#538,.T.);
#1353=EDGE_CURVE('',#1090,#1089,#539,.T.);
#1354=EDGE_CURVE('',#1090,#1084,#540,.T.);
#1355=EDGE_CURVE('',#1088,#1091,#541,.T.);
#1356=EDGE_CURVE('',#1092,#1091,#154,.T.);
#1357=EDGE_CURVE('',#1093,#1092,#542,.T.);
#1358=EDGE_CURVE('',#1093,#1082,#543,.T.);
#1359=EDGE_CURVE('',#1094,#1090,#544,.T.);
#1360=EDGE_CURVE('',#1095,#1094,#155,.T.);
#1361=EDGE_CURVE('',#1095,#1096,#545,.T.);
#1362=EDGE_CURVE('',#1085,#1096,#126,.F.);
#1363=EDGE_CURVE('',#1089,#1093,#546,.T.);
#1364=EDGE_CURVE('',#1097,#1098,#547,.T.);
#1365=EDGE_CURVE('',#1098,#1099,#156,.T.);
#1366=EDGE_CURVE('',#1099,#1100,#548,.T.);
#1367=EDGE_CURVE('',#1100,#1097,#23,.T.);
#1368=EDGE_CURVE('',#1100,#1086,#549,.T.);
#1369=EDGE_CURVE('',#1096,#1097,#550,.T.);
#1370=EDGE_CURVE('',#1101,#1098,#157,.T.);
#1371=EDGE_CURVE('',#1098,#1102,#551,.T.);
#1372=EDGE_CURVE('',#1102,#1103,#158,.F.);
#1373=EDGE_CURVE('',#1103,#1101,#552,.T.);
#1374=EDGE_CURVE('',#1101,#1099,#159,.T.);
#1375=EDGE_CURVE('',#1104,#1099,#553,.T.);
#1376=EDGE_CURVE('',#1105,#1104,#554,.T.);
#1377=EDGE_CURVE('',#1105,#1106,#555,.T.);
#1378=EDGE_CURVE('',#1106,#1107,#556,.T.);
#1379=EDGE_CURVE('',#1108,#1107,#557,.T.);
#1380=EDGE_CURVE('',#1109,#1108,#558,.T.);
#1381=EDGE_CURVE('',#1110,#1109,#559,.T.);
#1382=EDGE_CURVE('',#1110,#1087,#560,.T.);
#1383=EDGE_CURVE('',#1101,#1111,#561,.T.);
#1384=EDGE_CURVE('',#1104,#1111,#24,.T.);
#1385=EDGE_CURVE('',#1103,#1112,#562,.T.);
#1386=EDGE_CURVE('',#1112,#1111,#563,.T.);
#1387=EDGE_CURVE('',#1113,#1114,#564,.T.);
#1388=EDGE_CURVE('',#1115,#1114,#25,.T.);
#1389=EDGE_CURVE('',#1115,#1116,#565,.T.);
#1390=EDGE_CURVE('',#1116,#1113,#26,.T.);
#1391=EDGE_CURVE('',#1116,#1117,#566,.T.);
#1392=EDGE_CURVE('',#1117,#1118,#27,.T.);
#1393=EDGE_CURVE('',#1118,#1113,#567,.T.);
#1394=EDGE_CURVE('',#1117,#1119,#568,.T.);
#1395=EDGE_CURVE('',#1119,#1120,#28,.F.);
#1396=EDGE_CURVE('',#1120,#1118,#569,.T.);
#1397=EDGE_CURVE('',#1121,#1113,#570,.T.);
#1398=EDGE_CURVE('',#1122,#1121,#571,.T.);
#1399=EDGE_CURVE('',#1122,#1114,#572,.T.);
#1400=EDGE_CURVE('',#1123,#1118,#573,.T.);
#1401=EDGE_CURVE('',#1121,#1123,#574,.T.);
#1402=EDGE_CURVE('',#1124,#1120,#575,.T.);
#1403=EDGE_CURVE('',#1123,#1124,#576,.T.);
#1404=EDGE_CURVE('',#1111,#1125,#577,.T.);
#1405=EDGE_CURVE('',#1125,#1105,#29,.T.);
#1406=EDGE_CURVE('',#1126,#1097,#578,.T.);
#1407=EDGE_CURVE('',#1124,#1126,#579,.T.);
#1408=EDGE_CURVE('',#1119,#1102,#580,.T.);
#1409=EDGE_CURVE('',#1127,#1128,#581,.T.);
#1410=EDGE_CURVE('',#1129,#1128,#30,.T.);
#1411=EDGE_CURVE('',#1129,#1130,#582,.F.);
#1412=EDGE_CURVE('',#1131,#1130,#127,.T.);
#1413=EDGE_CURVE('',#1131,#1132,#583,.T.);
#1414=EDGE_CURVE('',#1132,#1127,#31,.T.);
#1415=EDGE_CURVE('',#1132,#1133,#584,.T.);
#1416=EDGE_CURVE('',#1133,#1134,#128,.F.);
#1417=EDGE_CURVE('',#1135,#1134,#585,.T.);
#1418=EDGE_CURVE('',#1135,#1136,#32,.F.);
#1419=EDGE_CURVE('',#1136,#1127,#586,.T.);
#1420=EDGE_CURVE('',#1137,#1127,#587,.T.);
#1421=EDGE_CURVE('',#1137,#1138,#588,.T.);
#1422=EDGE_CURVE('',#1138,#1128,#589,.T.);
#1423=EDGE_CURVE('',#1139,#1136,#590,.T.);
#1424=EDGE_CURVE('',#1139,#1137,#591,.T.);
#1425=EDGE_CURVE('',#1140,#1115,#592,.T.);
#1426=EDGE_CURVE('',#1112,#1140,#593,.T.);
#1427=EDGE_CURVE('',#1141,#1142,#594,.T.);
#1428=EDGE_CURVE('',#1143,#1141,#595,.T.);
#1429=EDGE_CURVE('',#1144,#1143,#596,.T.);
#1430=EDGE_CURVE('',#1142,#1144,#597,.T.);
#1431=EDGE_CURVE('',#1142,#1145,#598,.T.);
#1432=EDGE_CURVE('',#1146,#1144,#599,.T.);
#1433=EDGE_CURVE('',#1145,#1146,#600,.T.);
#1434=EDGE_CURVE('',#1145,#1147,#601,.T.);
#1435=EDGE_CURVE('',#1148,#1146,#602,.T.);
#1436=EDGE_CURVE('',#1147,#1148,#603,.T.);
#1437=EDGE_CURVE('',#1147,#1149,#604,.T.);
#1438=EDGE_CURVE('',#1150,#1148,#605,.T.);
#1439=EDGE_CURVE('',#1149,#1150,#606,.T.);
#1440=EDGE_CURVE('',#1150,#1139,#607,.T.);
#1441=EDGE_CURVE('',#1138,#1143,#608,.T.);
#1442=EDGE_CURVE('',#1151,#1151,#160,.T.);
#1443=EDGE_CURVE('',#1126,#1095,#609,.T.);
#1444=EDGE_CURVE('',#1094,#1152,#610,.T.);
#1445=EDGE_CURVE('',#1152,#1153,#611,.T.);
#1446=EDGE_CURVE('',#1153,#1154,#612,.T.);
#1447=EDGE_CURVE('',#1155,#1154,#129,.F.);
#1448=EDGE_CURVE('',#1155,#1156,#613,.T.);
#1449=EDGE_CURVE('',#1157,#1156,#130,.F.);
#1450=EDGE_CURVE('',#1157,#1158,#614,.T.);
#1451=EDGE_CURVE('',#1158,#1159,#615,.T.);
#1452=EDGE_CURVE('',#1159,#1160,#616,.T.);
#1453=EDGE_CURVE('',#1160,#1161,#161,.T.);
#1454=EDGE_CURVE('',#1161,#1162,#617,.T.);
#1455=EDGE_CURVE('',#1162,#1163,#618,.T.);
#1456=EDGE_CURVE('',#1163,#1092,#619,.T.);
#1457=EDGE_CURVE('',#1091,#1141,#620,.T.);
#1458=EDGE_CURVE('',#1149,#1122,#621,.T.);
#1459=EDGE_CURVE('',#1164,#1165,#622,.T.);
#1460=EDGE_CURVE('',#1165,#1166,#623,.T.);
#1461=EDGE_CURVE('',#1166,#1167,#624,.T.);
#1462=EDGE_CURVE('',#1167,#1168,#162,.T.);
#1463=EDGE_CURVE('',#1168,#1169,#625,.T.);
#1464=EDGE_CURVE('',#1169,#1170,#626,.T.);
#1465=EDGE_CURVE('',#1170,#1171,#627,.T.);
#1466=EDGE_CURVE('',#1171,#1172,#628,.T.);
#1467=EDGE_CURVE('',#1172,#1173,#629,.T.);
#1468=EDGE_CURVE('',#1173,#1174,#630,.T.);
#1469=EDGE_CURVE('',#1174,#1175,#631,.T.);
#1470=EDGE_CURVE('',#1175,#1164,#632,.T.);
#1471=EDGE_CURVE('',#1176,#1177,#633,.T.);
#1472=EDGE_CURVE('',#1177,#1178,#634,.T.);
#1473=EDGE_CURVE('',#1178,#1179,#635,.T.);
#1474=EDGE_CURVE('',#1179,#1180,#636,.T.);
#1475=EDGE_CURVE('',#1180,#1181,#637,.T.);
#1476=EDGE_CURVE('',#1181,#1182,#638,.T.);
#1477=EDGE_CURVE('',#1183,#1182,#131,.F.);
#1478=EDGE_CURVE('',#1183,#1184,#639,.T.);
#1479=EDGE_CURVE('',#1185,#1184,#132,.F.);
#1480=EDGE_CURVE('',#1185,#1186,#640,.T.);
#1481=EDGE_CURVE('',#1186,#1187,#641,.T.);
#1482=EDGE_CURVE('',#1187,#1188,#642,.T.);
#1483=EDGE_CURVE('',#1188,#1189,#163,.T.);
#1484=EDGE_CURVE('',#1189,#1176,#164,.T.);
#1485=EDGE_CURVE('',#1107,#1135,#33,.T.);
#1486=EDGE_CURVE('',#1150,#1106,#643,.T.);
#1487=EDGE_CURVE('',#1129,#1110,#34,.T.);
#1488=EDGE_CURVE('',#1130,#1109,#35,.F.);
#1489=EDGE_CURVE('',#1133,#1131,#644,.T.);
#1490=EDGE_CURVE('',#1134,#1108,#36,.T.);
#1491=EDGE_CURVE('',#1140,#1125,#645,.T.);
#1492=EDGE_CURVE('',#1190,#1090,#646,.T.);
#1493=EDGE_CURVE('',#1191,#1190,#647,.T.);
#1494=EDGE_CURVE('',#1191,#1192,#648,.T.);
#1495=EDGE_CURVE('',#1193,#1192,#165,.F.);
#1496=EDGE_CURVE('',#1193,#1152,#649,.T.);
#1497=EDGE_CURVE('',#1194,#1195,#133,.F.);
#1498=EDGE_CURVE('',#1195,#1185,#166,.T.);
#1499=EDGE_CURVE('',#1184,#1196,#167,.T.);
#1500=EDGE_CURVE('',#1196,#1197,#134,.F.);
#1501=EDGE_CURVE('',#1194,#1197,#168,.T.);
#1502=EDGE_CURVE('',#1186,#1195,#650,.T.);
#1503=EDGE_CURVE('',#1198,#1199,#651,.T.);
#1504=EDGE_CURVE('',#1199,#1200,#169,.F.);
#1505=EDGE_CURVE('',#1200,#1201,#652,.T.);
#1506=EDGE_CURVE('',#1201,#1202,#135,.T.);
#1507=EDGE_CURVE('',#1202,#1198,#170,.T.);
#1508=EDGE_CURVE('',#1201,#1183,#171,.T.);
#1509=EDGE_CURVE('',#1182,#1202,#172,.T.);
#1510=EDGE_CURVE('',#1181,#1198,#653,.T.);
#1511=EDGE_CURVE('',#1199,#1180,#654,.T.);
#1512=EDGE_CURVE('',#1203,#1200,#173,.T.);
#1513=EDGE_CURVE('',#1203,#1196,#37,.F.);
#1514=EDGE_CURVE('',#1204,#1205,#655,.T.);
#1515=EDGE_CURVE('',#1205,#1206,#38,.F.);
#1516=EDGE_CURVE('',#1206,#1207,#656,.T.);
#1517=EDGE_CURVE('',#1207,#1204,#39,.T.);
#1518=EDGE_CURVE('',#1208,#1204,#657,.T.);
#1519=EDGE_CURVE('',#1207,#1209,#658,.T.);
#1520=EDGE_CURVE('',#1209,#1208,#40,.T.);
#1521=EDGE_CURVE('',#1209,#1210,#659,.T.);
#1522=EDGE_CURVE('',#1210,#1211,#41,.F.);
#1523=EDGE_CURVE('',#1211,#1208,#660,.T.);
#1524=EDGE_CURVE('',#1179,#1204,#661,.T.);
#1525=EDGE_CURVE('',#1178,#1212,#662,.T.);
#1526=EDGE_CURVE('',#1213,#1212,#42,.F.);
#1527=EDGE_CURVE('',#1213,#1214,#663,.T.);
#1528=EDGE_CURVE('',#1214,#1215,#664,.T.);
#1529=EDGE_CURVE('',#1216,#1215,#665,.T.);
#1530=EDGE_CURVE('',#1205,#1216,#666,.T.);
#1531=EDGE_CURVE('',#1203,#1208,#667,.T.);
#1532=EDGE_CURVE('',#1197,#1211,#668,.T.);
#1533=EDGE_CURVE('',#1217,#1218,#669,.T.);
#1534=EDGE_CURVE('',#1218,#1219,#136,.F.);
#1535=EDGE_CURVE('',#1219,#1220,#670,.T.);
#1536=EDGE_CURVE('',#1220,#1217,#43,.T.);
#1537=EDGE_CURVE('',#1220,#1213,#671,.T.);
#1538=EDGE_CURVE('',#1212,#1217,#672,.T.);
#1539=EDGE_CURVE('',#1177,#1217,#673,.T.);
#1540=EDGE_CURVE('',#1218,#1176,#674,.T.);
#1541=EDGE_CURVE('',#1221,#1222,#675,.T.);
#1542=EDGE_CURVE('',#1222,#1223,#137,.F.);
#1543=EDGE_CURVE('',#1223,#1224,#676,.T.);
#1544=EDGE_CURVE('',#1224,#1221,#44,.T.);
#1545=EDGE_CURVE('',#1224,#1225,#677,.T.);
#1546=EDGE_CURVE('',#1225,#1226,#45,.T.);
#1547=EDGE_CURVE('',#1226,#1221,#678,.T.);
#1548=EDGE_CURVE('',#1225,#1227,#679,.T.);
#1549=EDGE_CURVE('',#1227,#1228,#138,.F.);
#1550=EDGE_CURVE('',#1228,#1229,#46,.T.);
#1551=EDGE_CURVE('',#1229,#1226,#680,.T.);
#1552=EDGE_CURVE('',#1230,#1221,#681,.T.);
#1553=EDGE_CURVE('',#1230,#1231,#682,.T.);
#1554=EDGE_CURVE('',#1231,#1232,#683,.T.);
#1555=EDGE_CURVE('',#1233,#1232,#684,.T.);
#1556=EDGE_CURVE('',#1222,#1233,#685,.T.);
#1557=EDGE_CURVE('',#1194,#1226,#686,.T.);
#1558=EDGE_CURVE('',#1210,#1206,#687,.T.);
#1559=EDGE_CURVE('',#1234,#1216,#688,.T.);
#1560=EDGE_CURVE('',#1234,#1235,#689,.T.);
#1561=EDGE_CURVE('',#1235,#1230,#690,.T.);
#1562=EDGE_CURVE('',#1187,#1229,#691,.T.);
#1563=EDGE_CURVE('',#1188,#1228,#692,.T.);
#1564=EDGE_CURVE('',#1236,#1236,#174,.T.);
#1565=EDGE_CURVE('',#1236,#1237,#175,.T.);
#1566=EDGE_CURVE('',#1237,#1238,#176,.T.);
#1567=EDGE_CURVE('',#1238,#1237,#177,.T.);
#1568=EDGE_CURVE('',#1238,#1189,#693,.T.);
#1569=EDGE_CURVE('',#1227,#1223,#178,.T.);
#1570=EDGE_CURVE('',#1239,#1233,#179,.T.);
#1571=EDGE_CURVE('',#1239,#1240,#694,.T.);
#1572=EDGE_CURVE('',#1240,#1219,#180,.T.);
#1573=EDGE_CURVE('',#1232,#1239,#695,.T.);
#1574=EDGE_CURVE('',#1240,#1231,#696,.T.);
#1575=EDGE_CURVE('',#1215,#1234,#697,.T.);
#1576=EDGE_CURVE('',#1235,#1214,#698,.T.);
#1577=EDGE_CURVE('',#1241,#1242,#699,.T.);
#1578=EDGE_CURVE('',#1242,#1243,#700,.T.);
#1579=EDGE_CURVE('',#1243,#1241,#701,.T.);
#1580=EDGE_CURVE('',#1244,#1245,#702,.T.);
#1581=EDGE_CURVE('',#1244,#1245,#181,.T.);
#1582=EDGE_CURVE('',#1246,#1244,#139,.T.);
#1583=EDGE_CURVE('',#1245,#1247,#140,.T.);
#1584=EDGE_CURVE('',#1247,#1246,#182,.T.);
#1585=EDGE_CURVE('',#1248,#1249,#47,.T.);
#1586=EDGE_CURVE('',#1249,#1250,#703,.T.);
#1587=EDGE_CURVE('',#1250,#1251,#48,.T.);
#1588=EDGE_CURVE('',#1251,#1248,#704,.T.);
#1589=EDGE_CURVE('',#1249,#1252,#705,.T.);
#1590=EDGE_CURVE('',#1253,#1252,#706,.T.);
#1591=EDGE_CURVE('',#1254,#1253,#707,.T.);
#1592=EDGE_CURVE('',#1254,#1250,#708,.T.);
#1593=EDGE_CURVE('',#1175,#1248,#709,.T.);
#1594=EDGE_CURVE('',#1252,#1174,#710,.T.);
#1595=EDGE_CURVE('',#1255,#1256,#711,.T.);
#1596=EDGE_CURVE('',#1256,#1257,#49,.F.);
#1597=EDGE_CURVE('',#1257,#1258,#712,.T.);
#1598=EDGE_CURVE('',#1258,#1255,#50,.T.);
#1599=EDGE_CURVE('',#1258,#1259,#713,.T.);
#1600=EDGE_CURVE('',#1260,#1259,#51,.T.);
#1601=EDGE_CURVE('',#1260,#1255,#714,.T.);
#1602=EDGE_CURVE('',#1172,#1255,#715,.T.);
#1603=EDGE_CURVE('',#1256,#1171,#716,.T.);
#1604=EDGE_CURVE('',#1173,#1260,#717,.T.);
#1605=EDGE_CURVE('',#1261,#1262,#718,.T.);
#1606=EDGE_CURVE('',#1262,#1263,#141,.F.);
#1607=EDGE_CURVE('',#1263,#1264,#719,.T.);
#1608=EDGE_CURVE('',#1264,#1261,#52,.T.);
#1609=EDGE_CURVE('',#1264,#1265,#720,.T.);
#1610=EDGE_CURVE('',#1265,#1266,#53,.T.);
#1611=EDGE_CURVE('',#1266,#1261,#721,.T.);
#1612=EDGE_CURVE('',#1265,#1267,#722,.T.);
#1613=EDGE_CURVE('',#1267,#1268,#54,.T.);
#1614=EDGE_CURVE('',#1268,#1266,#723,.T.);
#1615=EDGE_CURVE('',#1267,#1269,#724,.T.);
#1616=EDGE_CURVE('',#1269,#1270,#55,.T.);
#1617=EDGE_CURVE('',#1270,#1268,#725,.T.);
#1618=EDGE_CURVE('',#1269,#1271,#726,.T.);
#1619=EDGE_CURVE('',#1271,#1272,#56,.T.);
#1620=EDGE_CURVE('',#1272,#1270,#727,.T.);
#1621=EDGE_CURVE('',#1271,#1273,#728,.T.);
#1622=EDGE_CURVE('',#1273,#1274,#57,.T.);
#1623=EDGE_CURVE('',#1274,#1272,#729,.T.);
#1624=EDGE_CURVE('',#1273,#1275,#730,.T.);
#1625=EDGE_CURVE('',#1275,#1276,#142,.F.);
#1626=EDGE_CURVE('',#1276,#1274,#731,.T.);
#1627=EDGE_CURVE('',#1261,#1169,#732,.T.);
#1628=EDGE_CURVE('',#1262,#1168,#733,.T.);
#1629=EDGE_CURVE('',#1170,#1266,#734,.T.);
#1630=EDGE_CURVE('',#1257,#1268,#735,.T.);
#1631=EDGE_CURVE('',#1260,#1270,#736,.T.);
#1632=EDGE_CURVE('',#1259,#1257,#737,.T.);
#1633=EDGE_CURVE('',#1253,#1272,#738,.T.);
#1634=EDGE_CURVE('',#1166,#1274,#739,.T.);
#1635=EDGE_CURVE('',#1165,#1254,#740,.T.);
#1636=EDGE_CURVE('',#1167,#1276,#741,.T.);
#1637=EDGE_CURVE('',#1277,#1278,#742,.T.);
#1638=EDGE_CURVE('',#1278,#1279,#183,.T.);
#1639=EDGE_CURVE('',#1279,#1280,#743,.T.);
#1640=EDGE_CURVE('',#1280,#1277,#58,.T.);
#1641=EDGE_CURVE('',#1281,#1282,#184,.T.);
#1642=EDGE_CURVE('',#1282,#1283,#59,.T.);
#1643=EDGE_CURVE('',#1283,#1284,#143,.F.);
#1644=EDGE_CURVE('',#1284,#1281,#60,.T.);
#1645=EDGE_CURVE('',#1280,#1282,#744,.T.);
#1646=EDGE_CURVE('',#1281,#1277,#745,.T.);
#1647=EDGE_CURVE('',#1285,#1286,#144,.F.);
#1648=EDGE_CURVE('',#1286,#1279,#61,.T.);
#1649=EDGE_CURVE('',#1278,#1285,#62,.T.);
#1650=EDGE_CURVE('',#1287,#1277,#746,.T.);
#1651=EDGE_CURVE('',#1287,#1285,#747,.T.);
#1652=EDGE_CURVE('',#1284,#1287,#748,.T.);
#1653=EDGE_CURVE('',#1283,#1286,#749,.T.);
#1654=EDGE_CURVE('',#1282,#1279,#750,.T.);
#1655=EDGE_CURVE('',#1288,#1288,#185,.T.);
#1656=EDGE_CURVE('',#1288,#1289,#186,.T.);
#1657=EDGE_CURVE('',#1289,#1290,#187,.T.);
#1658=EDGE_CURVE('',#1290,#1289,#188,.T.);
#1659=EDGE_CURVE('',#1290,#1262,#751,.T.);
#1660=EDGE_CURVE('',#1275,#1263,#189,.T.);
#1661=EDGE_CURVE('',#1164,#1251,#752,.T.);
#1662=EDGE_CURVE('',#1246,#1160,#753,.T.);
#1663=EDGE_CURVE('',#1291,#1247,#754,.T.);
#1664=EDGE_CURVE('',#1292,#1291,#190,.T.);
#1665=EDGE_CURVE('',#1293,#1292,#755,.T.);
#1666=EDGE_CURVE('',#1294,#1293,#145,.T.);
#1667=EDGE_CURVE('',#1295,#1294,#191,.T.);
#1668=EDGE_CURVE('',#1296,#1295,#146,.T.);
#1669=EDGE_CURVE('',#1161,#1296,#756,.T.);
#1670=EDGE_CURVE('',#1159,#1242,#757,.T.);
#1671=EDGE_CURVE('',#1297,#1241,#758,.T.);
#1672=EDGE_CURVE('',#1297,#1298,#759,.T.);
#1673=EDGE_CURVE('',#1299,#1298,#63,.F.);
#1674=EDGE_CURVE('',#1299,#1300,#760,.T.);
#1675=EDGE_CURVE('',#1291,#1300,#761,.T.);
#1676=EDGE_CURVE('',#1301,#1296,#762,.T.);
#1677=EDGE_CURVE('',#1162,#1301,#763,.T.);
#1678=EDGE_CURVE('',#1302,#1303,#192,.T.);
#1679=EDGE_CURVE('',#1303,#1155,#193,.T.);
#1680=EDGE_CURVE('',#1154,#1302,#194,.T.);
#1681=EDGE_CURVE('',#1153,#1304,#764,.T.);
#1682=EDGE_CURVE('',#1302,#1304,#765,.T.);
#1683=EDGE_CURVE('',#1305,#1306,#195,.T.);
#1684=EDGE_CURVE('',#1306,#1157,#196,.T.);
#1685=EDGE_CURVE('',#1156,#1305,#197,.T.);
#1686=EDGE_CURVE('',#1305,#1307,#766,.T.);
#1687=EDGE_CURVE('',#1307,#1308,#64,.F.);
#1688=EDGE_CURVE('',#1309,#1308,#767,.T.);
#1689=EDGE_CURVE('',#1309,#1310,#65,.F.);
#1690=EDGE_CURVE('',#1310,#1306,#768,.T.);
#1691=EDGE_CURVE('',#1303,#1305,#769,.T.);
#1692=EDGE_CURVE('',#1311,#1303,#770,.T.);
#1693=EDGE_CURVE('',#1192,#1311,#771,.T.);
#1694=EDGE_CURVE('',#1307,#1191,#772,.T.);
#1695=EDGE_CURVE('',#1311,#1304,#66,.T.);
#1696=EDGE_CURVE('',#1158,#1310,#773,.T.);
#1697=EDGE_CURVE('',#1304,#1193,#774,.T.);
#1698=EDGE_CURVE('',#1300,#1292,#775,.T.);
#1699=EDGE_CURVE('',#1309,#1243,#776,.T.);
#1700=EDGE_CURVE('',#1093,#1312,#777,.T.);
#1701=EDGE_CURVE('',#1312,#1313,#67,.F.);
#1702=EDGE_CURVE('',#1313,#1314,#778,.T.);
#1703=EDGE_CURVE('',#1314,#1089,#68,.T.);
#1704=EDGE_CURVE('',#1314,#1315,#779,.T.);
#1705=EDGE_CURVE('',#1315,#1190,#69,.T.);
#1706=EDGE_CURVE('',#1313,#1316,#780,.T.);
#1707=EDGE_CURVE('',#1316,#1315,#781,.T.);
#1708=EDGE_CURVE('',#1293,#1299,#782,.T.);
#1709=EDGE_CURVE('',#1298,#1294,#783,.T.);
#1710=EDGE_CURVE('',#1295,#1317,#784,.T.);
#1711=EDGE_CURVE('',#1317,#1301,#70,.T.);
#1712=EDGE_CURVE('',#1317,#1318,#785,.T.);
#1713=EDGE_CURVE('',#1318,#1319,#71,.F.);
#1714=EDGE_CURVE('',#1319,#1301,#786,.T.);
#1715=EDGE_CURVE('',#1163,#1319,#787,.T.);
#1716=EDGE_CURVE('',#1320,#1321,#788,.T.);
#1717=EDGE_CURVE('',#1322,#1320,#789,.T.);
#1718=EDGE_CURVE('',#1323,#1322,#790,.T.);
#1719=EDGE_CURVE('',#1321,#1323,#791,.T.);
#1720=EDGE_CURVE('',#1323,#1297,#792,.T.);
#1721=EDGE_CURVE('',#1318,#1322,#793,.T.);
#1722=EDGE_CURVE('',#1324,#1320,#794,.T.);
#1723=EDGE_CURVE('',#1324,#1312,#795,.T.);
#1724=EDGE_CURVE('',#1321,#1324,#796,.T.);
#1725=EDGE_CURVE('',#1316,#1308,#797,.T.);
#1726=EDGE_CURVE('',#1151,#1325,#198,.T.);
#1727=EDGE_CURVE('',#1325,#1326,#199,.T.);
#1728=EDGE_CURVE('',#1326,#1325,#200,.T.);
#1729=EDGE_CURVE('',#1326,#1327,#798,.T.);
#1730=EDGE_CURVE('',#1328,#1327,#201,.T.);
#1731=EDGE_CURVE('',#1327,#1328,#202,.T.);
#1732=EDGE_CURVE('',#1328,#1329,#203,.T.);
#1733=EDGE_CURVE('',#1329,#1329,#204,.T.);
#1734=ORIENTED_EDGE('',*,*,#1330,.T.);
#1735=ORIENTED_EDGE('',*,*,#1331,.T.);
#1736=ORIENTED_EDGE('',*,*,#1332,.F.);
#1737=ORIENTED_EDGE('',*,*,#1333,.F.);
#1738=ORIENTED_EDGE('',*,*,#1334,.T.);
#1739=ORIENTED_EDGE('',*,*,#1333,.T.);
#1740=ORIENTED_EDGE('',*,*,#1335,.F.);
#1741=ORIENTED_EDGE('',*,*,#1336,.F.);
#1742=ORIENTED_EDGE('',*,*,#1337,.T.);
#1743=ORIENTED_EDGE('',*,*,#1336,.T.);
#1744=ORIENTED_EDGE('',*,*,#1338,.F.);
#1745=ORIENTED_EDGE('',*,*,#1339,.F.);
#1746=ORIENTED_EDGE('',*,*,#1340,.T.);
#1747=ORIENTED_EDGE('',*,*,#1339,.T.);
#1748=ORIENTED_EDGE('',*,*,#1341,.F.);
#1749=ORIENTED_EDGE('',*,*,#1331,.F.);
#1750=ORIENTED_EDGE('',*,*,#1340,.F.);
#1751=ORIENTED_EDGE('',*,*,#1330,.F.);
#1752=ORIENTED_EDGE('',*,*,#1334,.F.);
#1753=ORIENTED_EDGE('',*,*,#1337,.F.);
#1754=ORIENTED_EDGE('',*,*,#1342,.T.);
#1755=ORIENTED_EDGE('',*,*,#1343,.T.);
#1756=ORIENTED_EDGE('',*,*,#1344,.T.);
#1757=ORIENTED_EDGE('',*,*,#1345,.T.);
#1758=ORIENTED_EDGE('',*,*,#1346,.T.);
#1759=ORIENTED_EDGE('',*,*,#1347,.T.);
#1760=ORIENTED_EDGE('',*,*,#1348,.T.);
#1761=ORIENTED_EDGE('',*,*,#1349,.T.);
#1762=ORIENTED_EDGE('',*,*,#1350,.F.);
#1763=ORIENTED_EDGE('',*,*,#1351,.T.);
#1764=ORIENTED_EDGE('',*,*,#1343,.F.);
#1765=ORIENTED_EDGE('',*,*,#1346,.F.);
#1766=ORIENTED_EDGE('',*,*,#1352,.F.);
#1767=ORIENTED_EDGE('',*,*,#1353,.F.);
#1768=ORIENTED_EDGE('',*,*,#1354,.T.);
#1769=ORIENTED_EDGE('',*,*,#1351,.F.);
#1770=ORIENTED_EDGE('',*,*,#1355,.T.);
#1771=ORIENTED_EDGE('',*,*,#1356,.F.);
#1772=ORIENTED_EDGE('',*,*,#1357,.F.);
#1773=ORIENTED_EDGE('',*,*,#1358,.T.);
#1774=ORIENTED_EDGE('',*,*,#1344,.F.);
#1775=ORIENTED_EDGE('',*,*,#1347,.F.);
#1776=ORIENTED_EDGE('',*,*,#1354,.F.);
#1777=ORIENTED_EDGE('',*,*,#1359,.F.);
#1778=ORIENTED_EDGE('',*,*,#1360,.F.);
#1779=ORIENTED_EDGE('',*,*,#1361,.T.);
#1780=ORIENTED_EDGE('',*,*,#1362,.F.);
#1781=ORIENTED_EDGE('',*,*,#1345,.F.);
#1782=ORIENTED_EDGE('',*,*,#1358,.F.);
#1783=ORIENTED_EDGE('',*,*,#1363,.F.);
#1784=ORIENTED_EDGE('',*,*,#1352,.T.);
#1785=ORIENTED_EDGE('',*,*,#1342,.F.);
#1786=ORIENTED_EDGE('',*,*,#1364,.T.);
#1787=ORIENTED_EDGE('',*,*,#1365,.T.);
#1788=ORIENTED_EDGE('',*,*,#1366,.T.);
#1789=ORIENTED_EDGE('',*,*,#1367,.T.);
#1790=ORIENTED_EDGE('',*,*,#1368,.T.);
#1791=ORIENTED_EDGE('',*,*,#1348,.F.);
#1792=ORIENTED_EDGE('',*,*,#1362,.T.);
#1793=ORIENTED_EDGE('',*,*,#1369,.T.);
#1794=ORIENTED_EDGE('',*,*,#1367,.F.);
#1795=ORIENTED_EDGE('',*,*,#1370,.T.);
#1796=ORIENTED_EDGE('',*,*,#1371,.T.);
#1797=ORIENTED_EDGE('',*,*,#1372,.T.);
#1798=ORIENTED_EDGE('',*,*,#1373,.T.);
#1799=ORIENTED_EDGE('',*,*,#1370,.F.);
#1800=ORIENTED_EDGE('',*,*,#1374,.T.);
#1801=ORIENTED_EDGE('',*,*,#1365,.F.);
#1802=ORIENTED_EDGE('',*,*,#1368,.F.);
#1803=ORIENTED_EDGE('',*,*,#1366,.F.);
#1804=ORIENTED_EDGE('',*,*,#1375,.F.);
#1805=ORIENTED_EDGE('',*,*,#1376,.F.);
#1806=ORIENTED_EDGE('',*,*,#1377,.T.);
#1807=ORIENTED_EDGE('',*,*,#1378,.T.);
#1808=ORIENTED_EDGE('',*,*,#1379,.F.);
#1809=ORIENTED_EDGE('',*,*,#1380,.F.);
#1810=ORIENTED_EDGE('',*,*,#1381,.F.);
#1811=ORIENTED_EDGE('',*,*,#1382,.T.);
#1812=ORIENTED_EDGE('',*,*,#1349,.F.);
#1813=ORIENTED_EDGE('',*,*,#1374,.F.);
#1814=ORIENTED_EDGE('',*,*,#1383,.T.);
#1815=ORIENTED_EDGE('',*,*,#1384,.F.);
#1816=ORIENTED_EDGE('',*,*,#1375,.T.);
#1817=ORIENTED_EDGE('',*,*,#1373,.F.);
#1818=ORIENTED_EDGE('',*,*,#1385,.T.);
#1819=ORIENTED_EDGE('',*,*,#1386,.T.);
#1820=ORIENTED_EDGE('',*,*,#1383,.F.);
#1821=ORIENTED_EDGE('',*,*,#1387,.T.);
#1822=ORIENTED_EDGE('',*,*,#1388,.F.);
#1823=ORIENTED_EDGE('',*,*,#1389,.T.);
#1824=ORIENTED_EDGE('',*,*,#1390,.T.);
#1825=ORIENTED_EDGE('',*,*,#1391,.T.);
#1826=ORIENTED_EDGE('',*,*,#1392,.T.);
#1827=ORIENTED_EDGE('',*,*,#1393,.T.);
#1828=ORIENTED_EDGE('',*,*,#1390,.F.);
#1829=ORIENTED_EDGE('',*,*,#1394,.T.);
#1830=ORIENTED_EDGE('',*,*,#1395,.T.);
#1831=ORIENTED_EDGE('',*,*,#1396,.T.);
#1832=ORIENTED_EDGE('',*,*,#1392,.F.);
#1833=ORIENTED_EDGE('',*,*,#1387,.F.);
#1834=ORIENTED_EDGE('',*,*,#1397,.F.);
#1835=ORIENTED_EDGE('',*,*,#1398,.F.);
#1836=ORIENTED_EDGE('',*,*,#1399,.T.);
#1837=ORIENTED_EDGE('',*,*,#1393,.F.);
#1838=ORIENTED_EDGE('',*,*,#1400,.F.);
#1839=ORIENTED_EDGE('',*,*,#1401,.F.);
#1840=ORIENTED_EDGE('',*,*,#1397,.T.);
#1841=ORIENTED_EDGE('',*,*,#1396,.F.);
#1842=ORIENTED_EDGE('',*,*,#1402,.F.);
#1843=ORIENTED_EDGE('',*,*,#1403,.F.);
#1844=ORIENTED_EDGE('',*,*,#1400,.T.);
#1845=ORIENTED_EDGE('',*,*,#1404,.T.);
#1846=ORIENTED_EDGE('',*,*,#1405,.T.);
#1847=ORIENTED_EDGE('',*,*,#1376,.T.);
#1848=ORIENTED_EDGE('',*,*,#1384,.T.);
#1849=ORIENTED_EDGE('',*,*,#1364,.F.);
#1850=ORIENTED_EDGE('',*,*,#1406,.F.);
#1851=ORIENTED_EDGE('',*,*,#1407,.F.);
#1852=ORIENTED_EDGE('',*,*,#1402,.T.);
#1853=ORIENTED_EDGE('',*,*,#1395,.F.);
#1854=ORIENTED_EDGE('',*,*,#1408,.T.);
#1855=ORIENTED_EDGE('',*,*,#1371,.F.);
#1856=ORIENTED_EDGE('',*,*,#1409,.T.);
#1857=ORIENTED_EDGE('',*,*,#1410,.F.);
#1858=ORIENTED_EDGE('',*,*,#1411,.T.);
#1859=ORIENTED_EDGE('',*,*,#1412,.F.);
#1860=ORIENTED_EDGE('',*,*,#1413,.T.);
#1861=ORIENTED_EDGE('',*,*,#1414,.T.);
#1862=ORIENTED_EDGE('',*,*,#1415,.T.);
#1863=ORIENTED_EDGE('',*,*,#1416,.T.);
#1864=ORIENTED_EDGE('',*,*,#1417,.F.);
#1865=ORIENTED_EDGE('',*,*,#1418,.T.);
#1866=ORIENTED_EDGE('',*,*,#1419,.T.);
#1867=ORIENTED_EDGE('',*,*,#1414,.F.);
#1868=ORIENTED_EDGE('',*,*,#1409,.F.);
#1869=ORIENTED_EDGE('',*,*,#1420,.F.);
#1870=ORIENTED_EDGE('',*,*,#1421,.T.);
#1871=ORIENTED_EDGE('',*,*,#1422,.T.);
#1872=ORIENTED_EDGE('',*,*,#1419,.F.);
#1873=ORIENTED_EDGE('',*,*,#1423,.F.);
#1874=ORIENTED_EDGE('',*,*,#1424,.T.);
#1875=ORIENTED_EDGE('',*,*,#1420,.T.);
#1876=ORIENTED_EDGE('',*,*,#1425,.F.);
#1877=ORIENTED_EDGE('',*,*,#1426,.F.);
#1878=ORIENTED_EDGE('',*,*,#1385,.F.);
#1879=ORIENTED_EDGE('',*,*,#1372,.F.);
#1880=ORIENTED_EDGE('',*,*,#1408,.F.);
#1881=ORIENTED_EDGE('',*,*,#1394,.F.);
#1882=ORIENTED_EDGE('',*,*,#1391,.F.);
#1883=ORIENTED_EDGE('',*,*,#1389,.F.);
#1884=ORIENTED_EDGE('',*,*,#1427,.F.);
#1885=ORIENTED_EDGE('',*,*,#1428,.F.);
#1886=ORIENTED_EDGE('',*,*,#1429,.F.);
#1887=ORIENTED_EDGE('',*,*,#1430,.F.);
#1888=ORIENTED_EDGE('',*,*,#1431,.F.);
#1889=ORIENTED_EDGE('',*,*,#1430,.T.);
#1890=ORIENTED_EDGE('',*,*,#1432,.F.);
#1891=ORIENTED_EDGE('',*,*,#1433,.F.);
#1892=ORIENTED_EDGE('',*,*,#1434,.F.);
#1893=ORIENTED_EDGE('',*,*,#1433,.T.);
#1894=ORIENTED_EDGE('',*,*,#1435,.F.);
#1895=ORIENTED_EDGE('',*,*,#1436,.F.);
#1896=ORIENTED_EDGE('',*,*,#1437,.F.);
#1897=ORIENTED_EDGE('',*,*,#1436,.T.);
#1898=ORIENTED_EDGE('',*,*,#1438,.F.);
#1899=ORIENTED_EDGE('',*,*,#1439,.F.);
#1900=ORIENTED_EDGE('',*,*,#1424,.F.);
#1901=ORIENTED_EDGE('',*,*,#1440,.F.);
#1902=ORIENTED_EDGE('',*,*,#1438,.T.);
#1903=ORIENTED_EDGE('',*,*,#1435,.T.);
#1904=ORIENTED_EDGE('',*,*,#1432,.T.);
#1905=ORIENTED_EDGE('',*,*,#1429,.T.);
#1906=ORIENTED_EDGE('',*,*,#1441,.F.);
#1907=ORIENTED_EDGE('',*,*,#1421,.F.);
#1908=ORIENTED_EDGE('',*,*,#1442,.F.);
#1909=ORIENTED_EDGE('',*,*,#1403,.T.);
#1910=ORIENTED_EDGE('',*,*,#1407,.T.);
#1911=ORIENTED_EDGE('',*,*,#1443,.T.);
#1912=ORIENTED_EDGE('',*,*,#1360,.T.);
#1913=ORIENTED_EDGE('',*,*,#1444,.T.);
#1914=ORIENTED_EDGE('',*,*,#1445,.T.);
#1915=ORIENTED_EDGE('',*,*,#1446,.T.);
#1916=ORIENTED_EDGE('',*,*,#1447,.F.);
#1917=ORIENTED_EDGE('',*,*,#1448,.T.);
#1918=ORIENTED_EDGE('',*,*,#1449,.F.);
#1919=ORIENTED_EDGE('',*,*,#1450,.T.);
#1920=ORIENTED_EDGE('',*,*,#1451,.T.);
#1921=ORIENTED_EDGE('',*,*,#1452,.T.);
#1922=ORIENTED_EDGE('',*,*,#1453,.T.);
#1923=ORIENTED_EDGE('',*,*,#1454,.T.);
#1924=ORIENTED_EDGE('',*,*,#1455,.T.);
#1925=ORIENTED_EDGE('',*,*,#1456,.T.);
#1926=ORIENTED_EDGE('',*,*,#1356,.T.);
#1927=ORIENTED_EDGE('',*,*,#1457,.T.);
#1928=ORIENTED_EDGE('',*,*,#1427,.T.);
#1929=ORIENTED_EDGE('',*,*,#1431,.T.);
#1930=ORIENTED_EDGE('',*,*,#1434,.T.);
#1931=ORIENTED_EDGE('',*,*,#1437,.T.);
#1932=ORIENTED_EDGE('',*,*,#1458,.T.);
#1933=ORIENTED_EDGE('',*,*,#1398,.T.);
#1934=ORIENTED_EDGE('',*,*,#1401,.T.);
#1935=ORIENTED_EDGE('',*,*,#1459,.T.);
#1936=ORIENTED_EDGE('',*,*,#1460,.T.);
#1937=ORIENTED_EDGE('',*,*,#1461,.T.);
#1938=ORIENTED_EDGE('',*,*,#1462,.T.);
#1939=ORIENTED_EDGE('',*,*,#1463,.T.);
#1940=ORIENTED_EDGE('',*,*,#1464,.T.);
#1941=ORIENTED_EDGE('',*,*,#1465,.T.);
#1942=ORIENTED_EDGE('',*,*,#1466,.T.);
#1943=ORIENTED_EDGE('',*,*,#1467,.T.);
#1944=ORIENTED_EDGE('',*,*,#1468,.T.);
#1945=ORIENTED_EDGE('',*,*,#1469,.T.);
#1946=ORIENTED_EDGE('',*,*,#1470,.T.);
#1947=ORIENTED_EDGE('',*,*,#1471,.T.);
#1948=ORIENTED_EDGE('',*,*,#1472,.T.);
#1949=ORIENTED_EDGE('',*,*,#1473,.T.);
#1950=ORIENTED_EDGE('',*,*,#1474,.T.);
#1951=ORIENTED_EDGE('',*,*,#1475,.T.);
#1952=ORIENTED_EDGE('',*,*,#1476,.T.);
#1953=ORIENTED_EDGE('',*,*,#1477,.F.);
#1954=ORIENTED_EDGE('',*,*,#1478,.T.);
#1955=ORIENTED_EDGE('',*,*,#1479,.F.);
#1956=ORIENTED_EDGE('',*,*,#1480,.T.);
#1957=ORIENTED_EDGE('',*,*,#1481,.T.);
#1958=ORIENTED_EDGE('',*,*,#1482,.T.);
#1959=ORIENTED_EDGE('',*,*,#1483,.T.);
#1960=ORIENTED_EDGE('',*,*,#1484,.T.);
#1961=ORIENTED_EDGE('',*,*,#1440,.T.);
#1962=ORIENTED_EDGE('',*,*,#1423,.T.);
#1963=ORIENTED_EDGE('',*,*,#1418,.F.);
#1964=ORIENTED_EDGE('',*,*,#1485,.F.);
#1965=ORIENTED_EDGE('',*,*,#1378,.F.);
#1966=ORIENTED_EDGE('',*,*,#1486,.F.);
#1967=ORIENTED_EDGE('',*,*,#1487,.T.);
#1968=ORIENTED_EDGE('',*,*,#1381,.T.);
#1969=ORIENTED_EDGE('',*,*,#1488,.F.);
#1970=ORIENTED_EDGE('',*,*,#1411,.F.);
#1971=ORIENTED_EDGE('',*,*,#1489,.T.);
#1972=ORIENTED_EDGE('',*,*,#1412,.T.);
#1973=ORIENTED_EDGE('',*,*,#1488,.T.);
#1974=ORIENTED_EDGE('',*,*,#1380,.T.);
#1975=ORIENTED_EDGE('',*,*,#1490,.F.);
#1976=ORIENTED_EDGE('',*,*,#1416,.F.);
#1977=ORIENTED_EDGE('',*,*,#1485,.T.);
#1978=ORIENTED_EDGE('',*,*,#1417,.T.);
#1979=ORIENTED_EDGE('',*,*,#1490,.T.);
#1980=ORIENTED_EDGE('',*,*,#1379,.T.);
#1981=ORIENTED_EDGE('',*,*,#1428,.T.);
#1982=ORIENTED_EDGE('',*,*,#1457,.F.);
#1983=ORIENTED_EDGE('',*,*,#1355,.F.);
#1984=ORIENTED_EDGE('',*,*,#1350,.T.);
#1985=ORIENTED_EDGE('',*,*,#1382,.F.);
#1986=ORIENTED_EDGE('',*,*,#1487,.F.);
#1987=ORIENTED_EDGE('',*,*,#1410,.T.);
#1988=ORIENTED_EDGE('',*,*,#1422,.F.);
#1989=ORIENTED_EDGE('',*,*,#1441,.T.);
#1990=ORIENTED_EDGE('',*,*,#1413,.F.);
#1991=ORIENTED_EDGE('',*,*,#1489,.F.);
#1992=ORIENTED_EDGE('',*,*,#1415,.F.);
#1993=ORIENTED_EDGE('',*,*,#1369,.F.);
#1994=ORIENTED_EDGE('',*,*,#1361,.F.);
#1995=ORIENTED_EDGE('',*,*,#1443,.F.);
#1996=ORIENTED_EDGE('',*,*,#1406,.T.);
#1997=ORIENTED_EDGE('',*,*,#1405,.F.);
#1998=ORIENTED_EDGE('',*,*,#1491,.F.);
#1999=ORIENTED_EDGE('',*,*,#1425,.T.);
#2000=ORIENTED_EDGE('',*,*,#1388,.T.);
#2001=ORIENTED_EDGE('',*,*,#1399,.F.);
#2002=ORIENTED_EDGE('',*,*,#1458,.F.);
#2003=ORIENTED_EDGE('',*,*,#1439,.T.);
#2004=ORIENTED_EDGE('',*,*,#1486,.T.);
#2005=ORIENTED_EDGE('',*,*,#1377,.F.);
#2006=ORIENTED_EDGE('',*,*,#1404,.F.);
#2007=ORIENTED_EDGE('',*,*,#1386,.F.);
#2008=ORIENTED_EDGE('',*,*,#1426,.T.);
#2009=ORIENTED_EDGE('',*,*,#1491,.T.);
#2010=ORIENTED_EDGE('',*,*,#1359,.T.);
#2011=ORIENTED_EDGE('',*,*,#1492,.F.);
#2012=ORIENTED_EDGE('',*,*,#1493,.F.);
#2013=ORIENTED_EDGE('',*,*,#1494,.T.);
#2014=ORIENTED_EDGE('',*,*,#1495,.F.);
#2015=ORIENTED_EDGE('',*,*,#1496,.T.);
#2016=ORIENTED_EDGE('',*,*,#1444,.F.);
#2017=ORIENTED_EDGE('',*,*,#1497,.T.);
#2018=ORIENTED_EDGE('',*,*,#1498,.T.);
#2019=ORIENTED_EDGE('',*,*,#1479,.T.);
#2020=ORIENTED_EDGE('',*,*,#1499,.T.);
#2021=ORIENTED_EDGE('',*,*,#1500,.T.);
#2022=ORIENTED_EDGE('',*,*,#1501,.F.);
#2023=ORIENTED_EDGE('',*,*,#1498,.F.);
#2024=ORIENTED_EDGE('',*,*,#1502,.F.);
#2025=ORIENTED_EDGE('',*,*,#1480,.F.);
#2026=ORIENTED_EDGE('',*,*,#1503,.T.);
#2027=ORIENTED_EDGE('',*,*,#1504,.T.);
#2028=ORIENTED_EDGE('',*,*,#1505,.T.);
#2029=ORIENTED_EDGE('',*,*,#1506,.T.);
#2030=ORIENTED_EDGE('',*,*,#1507,.T.);
#2031=ORIENTED_EDGE('',*,*,#1508,.T.);
#2032=ORIENTED_EDGE('',*,*,#1477,.T.);
#2033=ORIENTED_EDGE('',*,*,#1509,.T.);
#2034=ORIENTED_EDGE('',*,*,#1506,.F.);
#2035=ORIENTED_EDGE('',*,*,#1503,.F.);
#2036=ORIENTED_EDGE('',*,*,#1510,.F.);
#2037=ORIENTED_EDGE('',*,*,#1475,.F.);
#2038=ORIENTED_EDGE('',*,*,#1511,.F.);
#2039=ORIENTED_EDGE('',*,*,#1507,.F.);
#2040=ORIENTED_EDGE('',*,*,#1509,.F.);
#2041=ORIENTED_EDGE('',*,*,#1476,.F.);
#2042=ORIENTED_EDGE('',*,*,#1510,.T.);
#2043=ORIENTED_EDGE('',*,*,#1499,.F.);
#2044=ORIENTED_EDGE('',*,*,#1478,.F.);
#2045=ORIENTED_EDGE('',*,*,#1508,.F.);
#2046=ORIENTED_EDGE('',*,*,#1505,.F.);
#2047=ORIENTED_EDGE('',*,*,#1512,.F.);
#2048=ORIENTED_EDGE('',*,*,#1513,.T.);
#2049=ORIENTED_EDGE('',*,*,#1514,.T.);
#2050=ORIENTED_EDGE('',*,*,#1515,.T.);
#2051=ORIENTED_EDGE('',*,*,#1516,.T.);
#2052=ORIENTED_EDGE('',*,*,#1517,.T.);
#2053=ORIENTED_EDGE('',*,*,#1518,.T.);
#2054=ORIENTED_EDGE('',*,*,#1517,.F.);
#2055=ORIENTED_EDGE('',*,*,#1519,.T.);
#2056=ORIENTED_EDGE('',*,*,#1520,.T.);
#2057=ORIENTED_EDGE('',*,*,#1521,.T.);
#2058=ORIENTED_EDGE('',*,*,#1522,.T.);
#2059=ORIENTED_EDGE('',*,*,#1523,.T.);
#2060=ORIENTED_EDGE('',*,*,#1520,.F.);
#2061=ORIENTED_EDGE('',*,*,#1514,.F.);
#2062=ORIENTED_EDGE('',*,*,#1524,.F.);
#2063=ORIENTED_EDGE('',*,*,#1473,.F.);
#2064=ORIENTED_EDGE('',*,*,#1525,.T.);
#2065=ORIENTED_EDGE('',*,*,#1526,.F.);
#2066=ORIENTED_EDGE('',*,*,#1527,.T.);
#2067=ORIENTED_EDGE('',*,*,#1528,.T.);
#2068=ORIENTED_EDGE('',*,*,#1529,.F.);
#2069=ORIENTED_EDGE('',*,*,#1530,.F.);
#2070=ORIENTED_EDGE('',*,*,#1518,.F.);
#2071=ORIENTED_EDGE('',*,*,#1531,.F.);
#2072=ORIENTED_EDGE('',*,*,#1512,.T.);
#2073=ORIENTED_EDGE('',*,*,#1504,.F.);
#2074=ORIENTED_EDGE('',*,*,#1511,.T.);
#2075=ORIENTED_EDGE('',*,*,#1474,.F.);
#2076=ORIENTED_EDGE('',*,*,#1524,.T.);
#2077=ORIENTED_EDGE('',*,*,#1523,.F.);
#2078=ORIENTED_EDGE('',*,*,#1532,.F.);
#2079=ORIENTED_EDGE('',*,*,#1500,.F.);
#2080=ORIENTED_EDGE('',*,*,#1513,.F.);
#2081=ORIENTED_EDGE('',*,*,#1531,.T.);
#2082=ORIENTED_EDGE('',*,*,#1533,.T.);
#2083=ORIENTED_EDGE('',*,*,#1534,.T.);
#2084=ORIENTED_EDGE('',*,*,#1535,.T.);
#2085=ORIENTED_EDGE('',*,*,#1536,.T.);
#2086=ORIENTED_EDGE('',*,*,#1537,.T.);
#2087=ORIENTED_EDGE('',*,*,#1526,.T.);
#2088=ORIENTED_EDGE('',*,*,#1538,.T.);
#2089=ORIENTED_EDGE('',*,*,#1536,.F.);
#2090=ORIENTED_EDGE('',*,*,#1533,.F.);
#2091=ORIENTED_EDGE('',*,*,#1539,.F.);
#2092=ORIENTED_EDGE('',*,*,#1471,.F.);
#2093=ORIENTED_EDGE('',*,*,#1540,.F.);
#2094=ORIENTED_EDGE('',*,*,#1538,.F.);
#2095=ORIENTED_EDGE('',*,*,#1525,.F.);
#2096=ORIENTED_EDGE('',*,*,#1472,.F.);
#2097=ORIENTED_EDGE('',*,*,#1539,.T.);
#2098=ORIENTED_EDGE('',*,*,#1541,.T.);
#2099=ORIENTED_EDGE('',*,*,#1542,.T.);
#2100=ORIENTED_EDGE('',*,*,#1543,.T.);
#2101=ORIENTED_EDGE('',*,*,#1544,.T.);
#2102=ORIENTED_EDGE('',*,*,#1545,.T.);
#2103=ORIENTED_EDGE('',*,*,#1546,.T.);
#2104=ORIENTED_EDGE('',*,*,#1547,.T.);
#2105=ORIENTED_EDGE('',*,*,#1544,.F.);
#2106=ORIENTED_EDGE('',*,*,#1548,.T.);
#2107=ORIENTED_EDGE('',*,*,#1549,.T.);
#2108=ORIENTED_EDGE('',*,*,#1550,.T.);
#2109=ORIENTED_EDGE('',*,*,#1551,.T.);
#2110=ORIENTED_EDGE('',*,*,#1546,.F.);
#2111=ORIENTED_EDGE('',*,*,#1541,.F.);
#2112=ORIENTED_EDGE('',*,*,#1552,.F.);
#2113=ORIENTED_EDGE('',*,*,#1553,.T.);
#2114=ORIENTED_EDGE('',*,*,#1554,.T.);
#2115=ORIENTED_EDGE('',*,*,#1555,.F.);
#2116=ORIENTED_EDGE('',*,*,#1556,.F.);
#2117=ORIENTED_EDGE('',*,*,#1547,.F.);
#2118=ORIENTED_EDGE('',*,*,#1557,.F.);
#2119=ORIENTED_EDGE('',*,*,#1501,.T.);
#2120=ORIENTED_EDGE('',*,*,#1532,.T.);
#2121=ORIENTED_EDGE('',*,*,#1522,.F.);
#2122=ORIENTED_EDGE('',*,*,#1558,.T.);
#2123=ORIENTED_EDGE('',*,*,#1515,.F.);
#2124=ORIENTED_EDGE('',*,*,#1530,.T.);
#2125=ORIENTED_EDGE('',*,*,#1559,.F.);
#2126=ORIENTED_EDGE('',*,*,#1560,.T.);
#2127=ORIENTED_EDGE('',*,*,#1561,.T.);
#2128=ORIENTED_EDGE('',*,*,#1552,.T.);
#2129=ORIENTED_EDGE('',*,*,#1551,.F.);
#2130=ORIENTED_EDGE('',*,*,#1562,.F.);
#2131=ORIENTED_EDGE('',*,*,#1481,.F.);
#2132=ORIENTED_EDGE('',*,*,#1502,.T.);
#2133=ORIENTED_EDGE('',*,*,#1497,.F.);
#2134=ORIENTED_EDGE('',*,*,#1557,.T.);
#2135=ORIENTED_EDGE('',*,*,#1550,.F.);
#2136=ORIENTED_EDGE('',*,*,#1563,.F.);
#2137=ORIENTED_EDGE('',*,*,#1482,.F.);
#2138=ORIENTED_EDGE('',*,*,#1562,.T.);
#2139=ORIENTED_EDGE('',*,*,#1564,.T.);
#2140=ORIENTED_EDGE('',*,*,#1565,.T.);
#2141=ORIENTED_EDGE('',*,*,#1566,.T.);
#2142=ORIENTED_EDGE('',*,*,#1567,.T.);
#2143=ORIENTED_EDGE('',*,*,#1565,.F.);
#2144=ORIENTED_EDGE('',*,*,#1567,.F.);
#2145=ORIENTED_EDGE('',*,*,#1568,.T.);
#2146=ORIENTED_EDGE('',*,*,#1483,.F.);
#2147=ORIENTED_EDGE('',*,*,#1563,.T.);
#2148=ORIENTED_EDGE('',*,*,#1549,.F.);
#2149=ORIENTED_EDGE('',*,*,#1569,.T.);
#2150=ORIENTED_EDGE('',*,*,#1542,.F.);
#2151=ORIENTED_EDGE('',*,*,#1556,.T.);
#2152=ORIENTED_EDGE('',*,*,#1570,.F.);
#2153=ORIENTED_EDGE('',*,*,#1571,.T.);
#2154=ORIENTED_EDGE('',*,*,#1572,.T.);
#2155=ORIENTED_EDGE('',*,*,#1534,.F.);
#2156=ORIENTED_EDGE('',*,*,#1540,.T.);
#2157=ORIENTED_EDGE('',*,*,#1484,.F.);
#2158=ORIENTED_EDGE('',*,*,#1568,.F.);
#2159=ORIENTED_EDGE('',*,*,#1566,.F.);
#2160=ORIENTED_EDGE('',*,*,#1564,.F.);
#2161=ORIENTED_EDGE('',*,*,#1573,.F.);
#2162=ORIENTED_EDGE('',*,*,#1554,.F.);
#2163=ORIENTED_EDGE('',*,*,#1574,.F.);
#2164=ORIENTED_EDGE('',*,*,#1571,.F.);
#2165=ORIENTED_EDGE('',*,*,#1575,.F.);
#2166=ORIENTED_EDGE('',*,*,#1528,.F.);
#2167=ORIENTED_EDGE('',*,*,#1576,.F.);
#2168=ORIENTED_EDGE('',*,*,#1560,.F.);
#2169=ORIENTED_EDGE('',*,*,#1535,.F.);
#2170=ORIENTED_EDGE('',*,*,#1572,.F.);
#2171=ORIENTED_EDGE('',*,*,#1574,.T.);
#2172=ORIENTED_EDGE('',*,*,#1553,.F.);
#2173=ORIENTED_EDGE('',*,*,#1561,.F.);
#2174=ORIENTED_EDGE('',*,*,#1576,.T.);
#2175=ORIENTED_EDGE('',*,*,#1527,.F.);
#2176=ORIENTED_EDGE('',*,*,#1537,.F.);
#2177=ORIENTED_EDGE('',*,*,#1575,.T.);
#2178=ORIENTED_EDGE('',*,*,#1559,.T.);
#2179=ORIENTED_EDGE('',*,*,#1529,.T.);
#2180=ORIENTED_EDGE('',*,*,#1573,.T.);
#2181=ORIENTED_EDGE('',*,*,#1570,.T.);
#2182=ORIENTED_EDGE('',*,*,#1555,.T.);
#2183=ORIENTED_EDGE('',*,*,#1516,.F.);
#2184=ORIENTED_EDGE('',*,*,#1558,.F.);
#2185=ORIENTED_EDGE('',*,*,#1521,.F.);
#2186=ORIENTED_EDGE('',*,*,#1519,.F.);
#2187=ORIENTED_EDGE('',*,*,#1543,.F.);
#2188=ORIENTED_EDGE('',*,*,#1569,.F.);
#2189=ORIENTED_EDGE('',*,*,#1548,.F.);
#2190=ORIENTED_EDGE('',*,*,#1545,.F.);
#2191=ORIENTED_EDGE('',*,*,#1577,.T.);
#2192=ORIENTED_EDGE('',*,*,#1578,.T.);
#2193=ORIENTED_EDGE('',*,*,#1579,.T.);
#2194=ORIENTED_EDGE('',*,*,#1580,.T.);
#2195=ORIENTED_EDGE('',*,*,#1581,.F.);
#2196=ORIENTED_EDGE('',*,*,#1582,.T.);
#2197=ORIENTED_EDGE('',*,*,#1581,.T.);
#2198=ORIENTED_EDGE('',*,*,#1583,.T.);
#2199=ORIENTED_EDGE('',*,*,#1584,.T.);
#2200=ORIENTED_EDGE('',*,*,#1585,.T.);
#2201=ORIENTED_EDGE('',*,*,#1586,.T.);
#2202=ORIENTED_EDGE('',*,*,#1587,.T.);
#2203=ORIENTED_EDGE('',*,*,#1588,.T.);
#2204=ORIENTED_EDGE('',*,*,#1586,.F.);
#2205=ORIENTED_EDGE('',*,*,#1589,.T.);
#2206=ORIENTED_EDGE('',*,*,#1590,.F.);
#2207=ORIENTED_EDGE('',*,*,#1591,.F.);
#2208=ORIENTED_EDGE('',*,*,#1592,.T.);
#2209=ORIENTED_EDGE('',*,*,#1585,.F.);
#2210=ORIENTED_EDGE('',*,*,#1593,.F.);
#2211=ORIENTED_EDGE('',*,*,#1469,.F.);
#2212=ORIENTED_EDGE('',*,*,#1594,.F.);
#2213=ORIENTED_EDGE('',*,*,#1589,.F.);
#2214=ORIENTED_EDGE('',*,*,#1595,.T.);
#2215=ORIENTED_EDGE('',*,*,#1596,.T.);
#2216=ORIENTED_EDGE('',*,*,#1597,.T.);
#2217=ORIENTED_EDGE('',*,*,#1598,.T.);
#2218=ORIENTED_EDGE('',*,*,#1599,.T.);
#2219=ORIENTED_EDGE('',*,*,#1600,.F.);
#2220=ORIENTED_EDGE('',*,*,#1601,.T.);
#2221=ORIENTED_EDGE('',*,*,#1598,.F.);
#2222=ORIENTED_EDGE('',*,*,#1595,.F.);
#2223=ORIENTED_EDGE('',*,*,#1602,.F.);
#2224=ORIENTED_EDGE('',*,*,#1466,.F.);
#2225=ORIENTED_EDGE('',*,*,#1603,.F.);
#2226=ORIENTED_EDGE('',*,*,#1601,.F.);
#2227=ORIENTED_EDGE('',*,*,#1604,.F.);
#2228=ORIENTED_EDGE('',*,*,#1467,.F.);
#2229=ORIENTED_EDGE('',*,*,#1602,.T.);
#2230=ORIENTED_EDGE('',*,*,#1605,.T.);
#2231=ORIENTED_EDGE('',*,*,#1606,.T.);
#2232=ORIENTED_EDGE('',*,*,#1607,.T.);
#2233=ORIENTED_EDGE('',*,*,#1608,.T.);
#2234=ORIENTED_EDGE('',*,*,#1609,.T.);
#2235=ORIENTED_EDGE('',*,*,#1610,.T.);
#2236=ORIENTED_EDGE('',*,*,#1611,.T.);
#2237=ORIENTED_EDGE('',*,*,#1608,.F.);
#2238=ORIENTED_EDGE('',*,*,#1612,.T.);
#2239=ORIENTED_EDGE('',*,*,#1613,.T.);
#2240=ORIENTED_EDGE('',*,*,#1614,.T.);
#2241=ORIENTED_EDGE('',*,*,#1610,.F.);
#2242=ORIENTED_EDGE('',*,*,#1615,.T.);
#2243=ORIENTED_EDGE('',*,*,#1616,.T.);
#2244=ORIENTED_EDGE('',*,*,#1617,.T.);
#2245=ORIENTED_EDGE('',*,*,#1613,.F.);
#2246=ORIENTED_EDGE('',*,*,#1618,.T.);
#2247=ORIENTED_EDGE('',*,*,#1619,.T.);
#2248=ORIENTED_EDGE('',*,*,#1620,.T.);
#2249=ORIENTED_EDGE('',*,*,#1616,.F.);
#2250=ORIENTED_EDGE('',*,*,#1621,.T.);
#2251=ORIENTED_EDGE('',*,*,#1622,.T.);
#2252=ORIENTED_EDGE('',*,*,#1623,.T.);
#2253=ORIENTED_EDGE('',*,*,#1619,.F.);
#2254=ORIENTED_EDGE('',*,*,#1624,.T.);
#2255=ORIENTED_EDGE('',*,*,#1625,.T.);
#2256=ORIENTED_EDGE('',*,*,#1626,.T.);
#2257=ORIENTED_EDGE('',*,*,#1622,.F.);
#2258=ORIENTED_EDGE('',*,*,#1605,.F.);
#2259=ORIENTED_EDGE('',*,*,#1627,.T.);
#2260=ORIENTED_EDGE('',*,*,#1463,.F.);
#2261=ORIENTED_EDGE('',*,*,#1628,.F.);
#2262=ORIENTED_EDGE('',*,*,#1611,.F.);
#2263=ORIENTED_EDGE('',*,*,#1629,.F.);
#2264=ORIENTED_EDGE('',*,*,#1464,.F.);
#2265=ORIENTED_EDGE('',*,*,#1627,.F.);
#2266=ORIENTED_EDGE('',*,*,#1614,.F.);
#2267=ORIENTED_EDGE('',*,*,#1630,.F.);
#2268=ORIENTED_EDGE('',*,*,#1596,.F.);
#2269=ORIENTED_EDGE('',*,*,#1603,.T.);
#2270=ORIENTED_EDGE('',*,*,#1465,.F.);
#2271=ORIENTED_EDGE('',*,*,#1629,.T.);
#2272=ORIENTED_EDGE('',*,*,#1617,.F.);
#2273=ORIENTED_EDGE('',*,*,#1631,.F.);
#2274=ORIENTED_EDGE('',*,*,#1600,.T.);
#2275=ORIENTED_EDGE('',*,*,#1632,.T.);
#2276=ORIENTED_EDGE('',*,*,#1630,.T.);
#2277=ORIENTED_EDGE('',*,*,#1620,.F.);
#2278=ORIENTED_EDGE('',*,*,#1633,.F.);
#2279=ORIENTED_EDGE('',*,*,#1590,.T.);
#2280=ORIENTED_EDGE('',*,*,#1594,.T.);
#2281=ORIENTED_EDGE('',*,*,#1468,.F.);
#2282=ORIENTED_EDGE('',*,*,#1604,.T.);
#2283=ORIENTED_EDGE('',*,*,#1631,.T.);
#2284=ORIENTED_EDGE('',*,*,#1623,.F.);
#2285=ORIENTED_EDGE('',*,*,#1634,.F.);
#2286=ORIENTED_EDGE('',*,*,#1460,.F.);
#2287=ORIENTED_EDGE('',*,*,#1635,.T.);
#2288=ORIENTED_EDGE('',*,*,#1591,.T.);
#2289=ORIENTED_EDGE('',*,*,#1633,.T.);
#2290=ORIENTED_EDGE('',*,*,#1626,.F.);
#2291=ORIENTED_EDGE('',*,*,#1636,.F.);
#2292=ORIENTED_EDGE('',*,*,#1461,.F.);
#2293=ORIENTED_EDGE('',*,*,#1634,.T.);
#2294=ORIENTED_EDGE('',*,*,#1637,.T.);
#2295=ORIENTED_EDGE('',*,*,#1638,.T.);
#2296=ORIENTED_EDGE('',*,*,#1639,.T.);
#2297=ORIENTED_EDGE('',*,*,#1640,.T.);
#2298=ORIENTED_EDGE('',*,*,#1641,.T.);
#2299=ORIENTED_EDGE('',*,*,#1642,.T.);
#2300=ORIENTED_EDGE('',*,*,#1643,.T.);
#2301=ORIENTED_EDGE('',*,*,#1644,.T.);
#2302=ORIENTED_EDGE('',*,*,#1645,.T.);
#2303=ORIENTED_EDGE('',*,*,#1641,.F.);
#2304=ORIENTED_EDGE('',*,*,#1646,.T.);
#2305=ORIENTED_EDGE('',*,*,#1640,.F.);
#2306=ORIENTED_EDGE('',*,*,#1647,.T.);
#2307=ORIENTED_EDGE('',*,*,#1648,.T.);
#2308=ORIENTED_EDGE('',*,*,#1638,.F.);
#2309=ORIENTED_EDGE('',*,*,#1649,.T.);
#2310=ORIENTED_EDGE('',*,*,#1649,.F.);
#2311=ORIENTED_EDGE('',*,*,#1637,.F.);
#2312=ORIENTED_EDGE('',*,*,#1650,.F.);
#2313=ORIENTED_EDGE('',*,*,#1651,.T.);
#2314=ORIENTED_EDGE('',*,*,#1646,.F.);
#2315=ORIENTED_EDGE('',*,*,#1644,.F.);
#2316=ORIENTED_EDGE('',*,*,#1652,.T.);
#2317=ORIENTED_EDGE('',*,*,#1650,.T.);
#2318=ORIENTED_EDGE('',*,*,#1648,.F.);
#2319=ORIENTED_EDGE('',*,*,#1653,.F.);
#2320=ORIENTED_EDGE('',*,*,#1642,.F.);
#2321=ORIENTED_EDGE('',*,*,#1654,.T.);
#2322=ORIENTED_EDGE('',*,*,#1655,.T.);
#2323=ORIENTED_EDGE('',*,*,#1656,.T.);
#2324=ORIENTED_EDGE('',*,*,#1657,.T.);
#2325=ORIENTED_EDGE('',*,*,#1658,.T.);
#2326=ORIENTED_EDGE('',*,*,#1656,.F.);
#2327=ORIENTED_EDGE('',*,*,#1658,.F.);
#2328=ORIENTED_EDGE('',*,*,#1659,.T.);
#2329=ORIENTED_EDGE('',*,*,#1628,.T.);
#2330=ORIENTED_EDGE('',*,*,#1462,.F.);
#2331=ORIENTED_EDGE('',*,*,#1636,.T.);
#2332=ORIENTED_EDGE('',*,*,#1625,.F.);
#2333=ORIENTED_EDGE('',*,*,#1660,.T.);
#2334=ORIENTED_EDGE('',*,*,#1606,.F.);
#2335=ORIENTED_EDGE('',*,*,#1659,.F.);
#2336=ORIENTED_EDGE('',*,*,#1657,.F.);
#2337=ORIENTED_EDGE('',*,*,#1655,.F.);
#2338=ORIENTED_EDGE('',*,*,#1588,.F.);
#2339=ORIENTED_EDGE('',*,*,#1661,.F.);
#2340=ORIENTED_EDGE('',*,*,#1470,.F.);
#2341=ORIENTED_EDGE('',*,*,#1593,.T.);
#2342=ORIENTED_EDGE('',*,*,#1587,.F.);
#2343=ORIENTED_EDGE('',*,*,#1592,.F.);
#2344=ORIENTED_EDGE('',*,*,#1635,.F.);
#2345=ORIENTED_EDGE('',*,*,#1459,.F.);
#2346=ORIENTED_EDGE('',*,*,#1661,.T.);
#2347=ORIENTED_EDGE('',*,*,#1597,.F.);
#2348=ORIENTED_EDGE('',*,*,#1632,.F.);
#2349=ORIENTED_EDGE('',*,*,#1599,.F.);
#2350=ORIENTED_EDGE('',*,*,#1639,.F.);
#2351=ORIENTED_EDGE('',*,*,#1654,.F.);
#2352=ORIENTED_EDGE('',*,*,#1645,.F.);
#2353=ORIENTED_EDGE('',*,*,#1607,.F.);
#2354=ORIENTED_EDGE('',*,*,#1660,.F.);
#2355=ORIENTED_EDGE('',*,*,#1624,.F.);
#2356=ORIENTED_EDGE('',*,*,#1621,.F.);
#2357=ORIENTED_EDGE('',*,*,#1618,.F.);
#2358=ORIENTED_EDGE('',*,*,#1615,.F.);
#2359=ORIENTED_EDGE('',*,*,#1612,.F.);
#2360=ORIENTED_EDGE('',*,*,#1609,.F.);
#2361=ORIENTED_EDGE('',*,*,#1643,.F.);
#2362=ORIENTED_EDGE('',*,*,#1653,.T.);
#2363=ORIENTED_EDGE('',*,*,#1647,.F.);
#2364=ORIENTED_EDGE('',*,*,#1651,.F.);
#2365=ORIENTED_EDGE('',*,*,#1652,.F.);
#2366=ORIENTED_EDGE('',*,*,#1662,.F.);
#2367=ORIENTED_EDGE('',*,*,#1584,.F.);
#2368=ORIENTED_EDGE('',*,*,#1663,.F.);
#2369=ORIENTED_EDGE('',*,*,#1664,.F.);
#2370=ORIENTED_EDGE('',*,*,#1665,.F.);
#2371=ORIENTED_EDGE('',*,*,#1666,.F.);
#2372=ORIENTED_EDGE('',*,*,#1667,.F.);
#2373=ORIENTED_EDGE('',*,*,#1668,.F.);
#2374=ORIENTED_EDGE('',*,*,#1669,.F.);
#2375=ORIENTED_EDGE('',*,*,#1453,.F.);
#2376=ORIENTED_EDGE('',*,*,#1662,.T.);
#2377=ORIENTED_EDGE('',*,*,#1452,.F.);
#2378=ORIENTED_EDGE('',*,*,#1670,.T.);
#2379=ORIENTED_EDGE('',*,*,#1577,.F.);
#2380=ORIENTED_EDGE('',*,*,#1671,.F.);
#2381=ORIENTED_EDGE('',*,*,#1672,.T.);
#2382=ORIENTED_EDGE('',*,*,#1673,.F.);
#2383=ORIENTED_EDGE('',*,*,#1674,.T.);
#2384=ORIENTED_EDGE('',*,*,#1675,.F.);
#2385=ORIENTED_EDGE('',*,*,#1663,.T.);
#2386=ORIENTED_EDGE('',*,*,#1583,.F.);
#2387=ORIENTED_EDGE('',*,*,#1580,.F.);
#2388=ORIENTED_EDGE('',*,*,#1582,.F.);
#2389=ORIENTED_EDGE('',*,*,#1669,.T.);
#2390=ORIENTED_EDGE('',*,*,#1676,.F.);
#2391=ORIENTED_EDGE('',*,*,#1677,.F.);
#2392=ORIENTED_EDGE('',*,*,#1454,.F.);
#2393=ORIENTED_EDGE('',*,*,#1678,.T.);
#2394=ORIENTED_EDGE('',*,*,#1679,.T.);
#2395=ORIENTED_EDGE('',*,*,#1447,.T.);
#2396=ORIENTED_EDGE('',*,*,#1680,.T.);
#2397=ORIENTED_EDGE('',*,*,#1680,.F.);
#2398=ORIENTED_EDGE('',*,*,#1446,.F.);
#2399=ORIENTED_EDGE('',*,*,#1681,.T.);
#2400=ORIENTED_EDGE('',*,*,#1682,.F.);
#2401=ORIENTED_EDGE('',*,*,#1683,.T.);
#2402=ORIENTED_EDGE('',*,*,#1684,.T.);
#2403=ORIENTED_EDGE('',*,*,#1449,.T.);
#2404=ORIENTED_EDGE('',*,*,#1685,.T.);
#2405=ORIENTED_EDGE('',*,*,#1683,.F.);
#2406=ORIENTED_EDGE('',*,*,#1686,.T.);
#2407=ORIENTED_EDGE('',*,*,#1687,.T.);
#2408=ORIENTED_EDGE('',*,*,#1688,.F.);
#2409=ORIENTED_EDGE('',*,*,#1689,.T.);
#2410=ORIENTED_EDGE('',*,*,#1690,.T.);
#2411=ORIENTED_EDGE('',*,*,#1679,.F.);
#2412=ORIENTED_EDGE('',*,*,#1691,.T.);
#2413=ORIENTED_EDGE('',*,*,#1685,.F.);
#2414=ORIENTED_EDGE('',*,*,#1448,.F.);
#2415=ORIENTED_EDGE('',*,*,#1691,.F.);
#2416=ORIENTED_EDGE('',*,*,#1692,.F.);
#2417=ORIENTED_EDGE('',*,*,#1693,.F.);
#2418=ORIENTED_EDGE('',*,*,#1494,.F.);
#2419=ORIENTED_EDGE('',*,*,#1694,.F.);
#2420=ORIENTED_EDGE('',*,*,#1686,.F.);
#2421=ORIENTED_EDGE('',*,*,#1678,.F.);
#2422=ORIENTED_EDGE('',*,*,#1682,.T.);
#2423=ORIENTED_EDGE('',*,*,#1695,.F.);
#2424=ORIENTED_EDGE('',*,*,#1692,.T.);
#2425=ORIENTED_EDGE('',*,*,#1684,.F.);
#2426=ORIENTED_EDGE('',*,*,#1690,.F.);
#2427=ORIENTED_EDGE('',*,*,#1696,.F.);
#2428=ORIENTED_EDGE('',*,*,#1450,.F.);
#2429=ORIENTED_EDGE('',*,*,#1697,.T.);
#2430=ORIENTED_EDGE('',*,*,#1495,.T.);
#2431=ORIENTED_EDGE('',*,*,#1693,.T.);
#2432=ORIENTED_EDGE('',*,*,#1695,.T.);
#2433=ORIENTED_EDGE('',*,*,#1697,.F.);
#2434=ORIENTED_EDGE('',*,*,#1681,.F.);
#2435=ORIENTED_EDGE('',*,*,#1445,.F.);
#2436=ORIENTED_EDGE('',*,*,#1496,.F.);
#2437=ORIENTED_EDGE('',*,*,#1664,.T.);
#2438=ORIENTED_EDGE('',*,*,#1675,.T.);
#2439=ORIENTED_EDGE('',*,*,#1698,.T.);
#2440=ORIENTED_EDGE('',*,*,#1696,.T.);
#2441=ORIENTED_EDGE('',*,*,#1689,.F.);
#2442=ORIENTED_EDGE('',*,*,#1699,.T.);
#2443=ORIENTED_EDGE('',*,*,#1578,.F.);
#2444=ORIENTED_EDGE('',*,*,#1670,.F.);
#2445=ORIENTED_EDGE('',*,*,#1451,.F.);
#2446=ORIENTED_EDGE('',*,*,#1363,.T.);
#2447=ORIENTED_EDGE('',*,*,#1700,.T.);
#2448=ORIENTED_EDGE('',*,*,#1701,.T.);
#2449=ORIENTED_EDGE('',*,*,#1702,.T.);
#2450=ORIENTED_EDGE('',*,*,#1703,.T.);
#2451=ORIENTED_EDGE('',*,*,#1704,.T.);
#2452=ORIENTED_EDGE('',*,*,#1705,.T.);
#2453=ORIENTED_EDGE('',*,*,#1492,.T.);
#2454=ORIENTED_EDGE('',*,*,#1353,.T.);
#2455=ORIENTED_EDGE('',*,*,#1703,.F.);
#2456=ORIENTED_EDGE('',*,*,#1704,.F.);
#2457=ORIENTED_EDGE('',*,*,#1702,.F.);
#2458=ORIENTED_EDGE('',*,*,#1706,.T.);
#2459=ORIENTED_EDGE('',*,*,#1707,.T.);
#2460=ORIENTED_EDGE('',*,*,#1666,.T.);
#2461=ORIENTED_EDGE('',*,*,#1708,.T.);
#2462=ORIENTED_EDGE('',*,*,#1673,.T.);
#2463=ORIENTED_EDGE('',*,*,#1709,.T.);
#2464=ORIENTED_EDGE('',*,*,#1668,.T.);
#2465=ORIENTED_EDGE('',*,*,#1710,.T.);
#2466=ORIENTED_EDGE('',*,*,#1711,.T.);
#2467=ORIENTED_EDGE('',*,*,#1676,.T.);
#2468=ORIENTED_EDGE('',*,*,#1712,.T.);
#2469=ORIENTED_EDGE('',*,*,#1713,.T.);
#2470=ORIENTED_EDGE('',*,*,#1714,.T.);
#2471=ORIENTED_EDGE('',*,*,#1711,.F.);
#2472=ORIENTED_EDGE('',*,*,#1665,.T.);
#2473=ORIENTED_EDGE('',*,*,#1698,.F.);
#2474=ORIENTED_EDGE('',*,*,#1674,.F.);
#2475=ORIENTED_EDGE('',*,*,#1708,.F.);
#2476=ORIENTED_EDGE('',*,*,#1714,.F.);
#2477=ORIENTED_EDGE('',*,*,#1715,.F.);
#2478=ORIENTED_EDGE('',*,*,#1455,.F.);
#2479=ORIENTED_EDGE('',*,*,#1677,.T.);
#2480=ORIENTED_EDGE('',*,*,#1716,.F.);
#2481=ORIENTED_EDGE('',*,*,#1717,.F.);
#2482=ORIENTED_EDGE('',*,*,#1718,.F.);
#2483=ORIENTED_EDGE('',*,*,#1719,.F.);
#2484=ORIENTED_EDGE('',*,*,#1667,.T.);
#2485=ORIENTED_EDGE('',*,*,#1709,.F.);
#2486=ORIENTED_EDGE('',*,*,#1672,.F.);
#2487=ORIENTED_EDGE('',*,*,#1720,.F.);
#2488=ORIENTED_EDGE('',*,*,#1718,.T.);
#2489=ORIENTED_EDGE('',*,*,#1721,.F.);
#2490=ORIENTED_EDGE('',*,*,#1712,.F.);
#2491=ORIENTED_EDGE('',*,*,#1710,.F.);
#2492=ORIENTED_EDGE('',*,*,#1357,.T.);
#2493=ORIENTED_EDGE('',*,*,#1456,.F.);
#2494=ORIENTED_EDGE('',*,*,#1715,.T.);
#2495=ORIENTED_EDGE('',*,*,#1713,.F.);
#2496=ORIENTED_EDGE('',*,*,#1721,.T.);
#2497=ORIENTED_EDGE('',*,*,#1717,.T.);
#2498=ORIENTED_EDGE('',*,*,#1722,.F.);
#2499=ORIENTED_EDGE('',*,*,#1723,.T.);
#2500=ORIENTED_EDGE('',*,*,#1700,.F.);
#2501=ORIENTED_EDGE('',*,*,#1716,.T.);
#2502=ORIENTED_EDGE('',*,*,#1724,.T.);
#2503=ORIENTED_EDGE('',*,*,#1722,.T.);
#2504=ORIENTED_EDGE('',*,*,#1725,.F.);
#2505=ORIENTED_EDGE('',*,*,#1706,.F.);
#2506=ORIENTED_EDGE('',*,*,#1701,.F.);
#2507=ORIENTED_EDGE('',*,*,#1723,.F.);
#2508=ORIENTED_EDGE('',*,*,#1724,.F.);
#2509=ORIENTED_EDGE('',*,*,#1719,.T.);
#2510=ORIENTED_EDGE('',*,*,#1720,.T.);
#2511=ORIENTED_EDGE('',*,*,#1671,.T.);
#2512=ORIENTED_EDGE('',*,*,#1579,.F.);
#2513=ORIENTED_EDGE('',*,*,#1699,.F.);
#2514=ORIENTED_EDGE('',*,*,#1688,.T.);
#2515=ORIENTED_EDGE('',*,*,#1694,.T.);
#2516=ORIENTED_EDGE('',*,*,#1493,.T.);
#2517=ORIENTED_EDGE('',*,*,#1705,.F.);
#2518=ORIENTED_EDGE('',*,*,#1707,.F.);
#2519=ORIENTED_EDGE('',*,*,#1725,.T.);
#2520=ORIENTED_EDGE('',*,*,#1687,.F.);
#2521=ORIENTED_EDGE('',*,*,#1442,.T.);
#2522=ORIENTED_EDGE('',*,*,#1726,.T.);
#2523=ORIENTED_EDGE('',*,*,#1727,.T.);
#2524=ORIENTED_EDGE('',*,*,#1728,.T.);
#2525=ORIENTED_EDGE('',*,*,#1726,.F.);
#2526=ORIENTED_EDGE('',*,*,#1728,.F.);
#2527=ORIENTED_EDGE('',*,*,#1729,.T.);
#2528=ORIENTED_EDGE('',*,*,#1730,.F.);
#2529=ORIENTED_EDGE('',*,*,#1731,.F.);
#2530=ORIENTED_EDGE('',*,*,#1729,.F.);
#2531=ORIENTED_EDGE('',*,*,#1727,.F.);
#2532=ORIENTED_EDGE('',*,*,#1731,.T.);
#2533=ORIENTED_EDGE('',*,*,#1732,.T.);
#2534=ORIENTED_EDGE('',*,*,#1733,.T.);
#2535=ORIENTED_EDGE('',*,*,#1732,.F.);
#2536=ORIENTED_EDGE('',*,*,#1730,.T.);
#2537=ORIENTED_EDGE('',*,*,#1733,.F.);
#2538=ORIENTED_EDGE('',*,*,#1332,.T.);
#2539=ORIENTED_EDGE('',*,*,#1341,.T.);
#2540=ORIENTED_EDGE('',*,*,#1338,.T.);
#2541=ORIENTED_EDGE('',*,*,#1335,.T.);
#2542=PLANE('',#2798);
#2543=PLANE('',#2799);
#2544=PLANE('',#2800);
#2545=PLANE('',#2801);
#2546=PLANE('',#2802);
#2547=PLANE('',#2811);
#2548=PLANE('',#2816);
#2549=PLANE('',#2817);
#2550=PLANE('',#2827);
#2551=PLANE('',#2830);
#2552=PLANE('',#2838);
#2553=PLANE('',#2839);
#2554=PLANE('',#2840);
#2555=PLANE('',#2843);
#2556=PLANE('',#2849);
#2557=PLANE('',#2850);
#2558=PLANE('',#2851);
#2559=PLANE('',#2852);
#2560=PLANE('',#2853);
#2561=PLANE('',#2854);
#2562=PLANE('',#2855);
#2563=PLANE('',#2856);
#2564=PLANE('',#2857);
#2565=PLANE('',#2863);
#2566=PLANE('',#2871);
#2567=PLANE('',#2872);
#2568=PLANE('',#2873);
#2569=PLANE('',#2874);
#2570=PLANE('',#2875);
#2571=PLANE('',#2876);
#2572=PLANE('',#2882);
#2573=PLANE('',#2889);
#2574=PLANE('',#2890);
#2575=PLANE('',#2901);
#2576=PLANE('',#2903);
#2577=PLANE('',#2904);
#2578=PLANE('',#2908);
#2579=PLANE('',#2909);
#2580=PLANE('',#2916);
#2581=PLANE('',#2917);
#2582=PLANE('',#2918);
#2583=PLANE('',#2919);
#2584=PLANE('',#2929);
#2585=PLANE('',#2930);
#2586=PLANE('',#2931);
#2587=PLANE('',#2932);
#2588=PLANE('',#2933);
#2589=PLANE('',#2934);
#2590=PLANE('',#2935);
#2591=PLANE('',#2936);
#2592=PLANE('',#2937);
#2593=PLANE('',#2938);
#2594=PLANE('',#2945);
#2595=PLANE('',#2946);
#2596=PLANE('',#2952);
#2597=PLANE('',#2953);
#2598=PLANE('',#2967);
#2599=PLANE('',#2968);
#2600=PLANE('',#2969);
#2601=PLANE('',#2970);
#2602=PLANE('',#2971);
#2603=PLANE('',#2972);
#2604=PLANE('',#2973);
#2605=PLANE('',#2983);
#2606=PLANE('',#2984);
#2607=PLANE('',#2993);
#2608=PLANE('',#2994);
#2609=PLANE('',#2995);
#2610=PLANE('',#2996);
#2611=PLANE('',#2997);
#2612=PLANE('',#2998);
#2613=PLANE('',#3002);
#2614=PLANE('',#3004);
#2615=PLANE('',#3009);
#2616=PLANE('',#3018);
#2617=PLANE('',#3021);
#2618=PLANE('',#3023);
#2619=PLANE('',#3024);
#2620=PLANE('',#3025);
#2621=PLANE('',#3031);
#2622=PLANE('',#3037);
#2623=PLANE('',#3038);
#2624=PLANE('',#3039);
#2625=PLANE('',#3040);
#2626=PLANE('',#3041);
#2627=PLANE('',#3042);
#2628=PLANE('',#3043);
#2629=PLANE('',#3044);
#2630=PLANE('',#3055);
#2631=ADVANCED_FACE('',(#215),#2542,.T.);
#2632=ADVANCED_FACE('',(#216),#2543,.T.);
#2633=ADVANCED_FACE('',(#217),#2544,.T.);
#2634=ADVANCED_FACE('',(#218),#2545,.T.);
#2635=ADVANCED_FACE('',(#219),#2546,.F.);
#2636=ADVANCED_FACE('',(#220),#205,.T.);
#2637=ADVANCED_FACE('',(#221),#2547,.T.);
#2638=ADVANCED_FACE('',(#222),#72,.T.);
#2639=ADVANCED_FACE('',(#223),#73,.T.);
#2640=ADVANCED_FACE('',(#224),#2548,.T.);
#2641=ADVANCED_FACE('',(#225),#2549,.T.);
#2642=ADVANCED_FACE('',(#226),#74,.T.);
#2643=ADVANCED_FACE('',(#227),#75,.T.);
#2644=ADVANCED_FACE('',(#228),#76,.T.);
#2645=ADVANCED_FACE('',(#229),#22,.T.);
#2646=ADVANCED_FACE('',(#230),#2550,.T.);
#2647=ADVANCED_FACE('',(#231),#77,.T.);
#2648=ADVANCED_FACE('',(#232),#2551,.T.);
#2649=ADVANCED_FACE('',(#233),#78,.T.);
#2650=ADVANCED_FACE('',(#234),#79,.T.);
#2651=ADVANCED_FACE('',(#235),#80,.T.);
#2652=ADVANCED_FACE('',(#236),#2552,.T.);
#2653=ADVANCED_FACE('',(#237),#2553,.T.);
#2654=ADVANCED_FACE('',(#238),#2554,.T.);
#2655=ADVANCED_FACE('',(#239),#81,.T.);
#2656=ADVANCED_FACE('',(#240),#2555,.T.);
#2657=ADVANCED_FACE('',(#241),#82,.T.);
#2658=ADVANCED_FACE('',(#242),#83,.T.);
#2659=ADVANCED_FACE('',(#243),#2556,.T.);
#2660=ADVANCED_FACE('',(#244),#2557,.T.);
#2661=ADVANCED_FACE('',(#245),#2558,.T.);
#2662=ADVANCED_FACE('',(#246),#2559,.T.);
#2663=ADVANCED_FACE('',(#247),#2560,.T.);
#2664=ADVANCED_FACE('',(#248),#2561,.T.);
#2665=ADVANCED_FACE('',(#249),#2562,.T.);
#2666=ADVANCED_FACE('',(#250),#2563,.T.);
#2667=ADVANCED_FACE('',(#251,#17,#18,#19),#2564,.T.);
#2668=ADVANCED_FACE('',(#252),#2565,.T.);
#2669=ADVANCED_FACE('',(#253),#84,.T.);
#2670=ADVANCED_FACE('',(#254),#85,.T.);
#2671=ADVANCED_FACE('',(#255),#86,.T.);
#2672=ADVANCED_FACE('',(#256),#2566,.T.);
#2673=ADVANCED_FACE('',(#257),#2567,.T.);
#2674=ADVANCED_FACE('',(#258),#2568,.T.);
#2675=ADVANCED_FACE('',(#259),#2569,.T.);
#2676=ADVANCED_FACE('',(#260),#2570,.T.);
#2677=ADVANCED_FACE('',(#261),#2571,.T.);
#2678=ADVANCED_FACE('',(#262),#206,.T.);
#2679=ADVANCED_FACE('',(#263),#2572,.T.);
#2680=ADVANCED_FACE('',(#264),#87,.T.);
#2681=ADVANCED_FACE('',(#265),#207,.T.);
#2682=ADVANCED_FACE('',(#266),#2573,.T.);
#2683=ADVANCED_FACE('',(#267),#2574,.T.);
#2684=ADVANCED_FACE('',(#268),#88,.T.);
#2685=ADVANCED_FACE('',(#269),#89,.T.);
#2686=ADVANCED_FACE('',(#270),#90,.T.);
#2687=ADVANCED_FACE('',(#271),#91,.T.);
#2688=ADVANCED_FACE('',(#272),#2575,.T.);
#2689=ADVANCED_FACE('',(#273),#2576,.T.);
#2690=ADVANCED_FACE('',(#274),#2577,.T.);
#2691=ADVANCED_FACE('',(#275),#92,.T.);
#2692=ADVANCED_FACE('',(#276),#93,.T.);
#2693=ADVANCED_FACE('',(#277),#2578,.T.);
#2694=ADVANCED_FACE('',(#278),#2579,.T.);
#2695=ADVANCED_FACE('',(#279),#94,.T.);
#2696=ADVANCED_FACE('',(#280),#95,.T.);
#2697=ADVANCED_FACE('',(#281),#96,.T.);
#2698=ADVANCED_FACE('',(#282),#2580,.T.);
#2699=ADVANCED_FACE('',(#283),#2581,.T.);
#2700=ADVANCED_FACE('',(#284),#2582,.T.);
#2701=ADVANCED_FACE('',(#285),#2583,.T.);
#2702=ADVANCED_FACE('',(#286),#208,.T.);
#2703=ADVANCED_FACE('',(#287),#97,.T.);
#2704=ADVANCED_FACE('',(#288),#2584,.T.);
#2705=ADVANCED_FACE('',(#289),#2585,.T.);
#2706=ADVANCED_FACE('',(#290),#2586,.T.);
#2707=ADVANCED_FACE('',(#291),#2587,.T.);
#2708=ADVANCED_FACE('',(#292),#2588,.T.);
#2709=ADVANCED_FACE('',(#293),#2589,.T.);
#2710=ADVANCED_FACE('',(#294),#2590,.T.);
#2711=ADVANCED_FACE('',(#295),#2591,.T.);
#2712=ADVANCED_FACE('',(#296),#2592,.T.);
#2713=ADVANCED_FACE('',(#297),#2593,.T.);
#2714=ADVANCED_FACE('',(#298),#209,.T.);
#2715=ADVANCED_FACE('',(#299),#98,.T.);
#2716=ADVANCED_FACE('',(#300),#2594,.T.);
#2717=ADVANCED_FACE('',(#301),#2595,.T.);
#2718=ADVANCED_FACE('',(#302),#99,.T.);
#2719=ADVANCED_FACE('',(#303),#100,.T.);
#2720=ADVANCED_FACE('',(#304),#2596,.T.);
#2721=ADVANCED_FACE('',(#305),#2597,.T.);
#2722=ADVANCED_FACE('',(#306),#101,.T.);
#2723=ADVANCED_FACE('',(#307),#102,.T.);
#2724=ADVANCED_FACE('',(#308),#103,.T.);
#2725=ADVANCED_FACE('',(#309),#104,.T.);
#2726=ADVANCED_FACE('',(#310),#105,.T.);
#2727=ADVANCED_FACE('',(#311),#106,.T.);
#2728=ADVANCED_FACE('',(#312),#107,.T.);
#2729=ADVANCED_FACE('',(#313),#2598,.T.);
#2730=ADVANCED_FACE('',(#314),#2599,.T.);
#2731=ADVANCED_FACE('',(#315),#2600,.T.);
#2732=ADVANCED_FACE('',(#316),#2601,.T.);
#2733=ADVANCED_FACE('',(#317),#2602,.T.);
#2734=ADVANCED_FACE('',(#318),#2603,.T.);
#2735=ADVANCED_FACE('',(#319),#2604,.T.);
#2736=ADVANCED_FACE('',(#320),#108,.T.);
#2737=ADVANCED_FACE('',(#321),#15,.F.);
#2738=ADVANCED_FACE('',(#322),#109,.T.);
#2739=ADVANCED_FACE('',(#323),#16,.F.);
#2740=ADVANCED_FACE('',(#324),#2605,.T.);
#2741=ADVANCED_FACE('',(#325),#2606,.T.);
#2742=ADVANCED_FACE('',(#326),#110,.T.);
#2743=ADVANCED_FACE('',(#327),#210,.T.);
#2744=ADVANCED_FACE('',(#328),#111,.T.);
#2745=ADVANCED_FACE('',(#329),#2607,.T.);
#2746=ADVANCED_FACE('',(#330),#2608,.T.);
#2747=ADVANCED_FACE('',(#331),#2609,.T.);
#2748=ADVANCED_FACE('',(#332),#2610,.T.);
#2749=ADVANCED_FACE('',(#333),#2611,.T.);
#2750=ADVANCED_FACE('',(#334,#20),#2612,.T.);
#2751=ADVANCED_FACE('',(#335),#112,.T.);
#2752=ADVANCED_FACE('',(#336),#2613,.T.);
#2753=ADVANCED_FACE('',(#337),#2614,.T.);
#2754=ADVANCED_FACE('',(#338),#211,.T.);
#2755=ADVANCED_FACE('',(#339),#2615,.T.);
#2756=ADVANCED_FACE('',(#340),#212,.T.);
#2757=ADVANCED_FACE('',(#341),#113,.T.);
#2758=ADVANCED_FACE('',(#342),#114,.T.);
#2759=ADVANCED_FACE('',(#343),#2616,.T.);
#2760=ADVANCED_FACE('',(#344),#115,.T.);
#2761=ADVANCED_FACE('',(#345),#2617,.T.);
#2762=ADVANCED_FACE('',(#346),#116,.T.);
#2763=ADVANCED_FACE('',(#347),#2618,.T.);
#2764=ADVANCED_FACE('',(#348),#2619,.T.);
#2765=ADVANCED_FACE('',(#349),#2620,.T.);
#2766=ADVANCED_FACE('',(#350),#117,.T.);
#2767=ADVANCED_FACE('',(#351),#118,.T.);
#2768=ADVANCED_FACE('',(#352),#2621,.T.);
#2769=ADVANCED_FACE('',(#353),#119,.T.);
#2770=ADVANCED_FACE('',(#354),#120,.T.);
#2771=ADVANCED_FACE('',(#355),#121,.T.);
#2772=ADVANCED_FACE('',(#356),#2622,.T.);
#2773=ADVANCED_FACE('',(#357),#2623,.T.);
#2774=ADVANCED_FACE('',(#358),#2624,.T.);
#2775=ADVANCED_FACE('',(#359),#2625,.T.);
#2776=ADVANCED_FACE('',(#360),#2626,.T.);
#2777=ADVANCED_FACE('',(#361),#2627,.T.);
#2778=ADVANCED_FACE('',(#362),#2628,.T.);
#2779=ADVANCED_FACE('',(#363),#2629,.T.);
#2780=ADVANCED_FACE('',(#364),#213,.T.);
#2781=ADVANCED_FACE('',(#365),#122,.T.);
#2782=ADVANCED_FACE('',(#366),#214,.T.);
#2783=ADVANCED_FACE('',(#367,#21),#2630,.F.);
#2784=CLOSED_SHELL('',(#2631,#2632,#2633,#2634,#2635,#2636,#2637,#2638,
#2639,#2640,#2641,#2642,#2643,#2644,#2645,#2646,#2647,#2648,#2649,#2650,
#2651,#2652,#2653,#2654,#2655,#2656,#2657,#2658,#2659,#2660,#2661,#2662,
#2663,#2664,#2665,#2666,#2667,#2668,#2669,#2670,#2671,#2672,#2673,#2674,
#2675,#2676,#2677,#2678,#2679,#2680,#2681,#2682,#2683,#2684,#2685,#2686,
#2687,#2688,#2689,#2690,#2691,#2692,#2693,#2694,#2695,#2696,#2697,#2698,
#2699,#2700,#2701,#2702,#2703,#2704,#2705,#2706,#2707,#2708,#2709,#2710,
#2711,#2712,#2713,#2714,#2715,#2716,#2717,#2718,#2719,#2720,#2721,#2722,
#2723,#2724,#2725,#2726,#2727,#2728,#2729,#2730,#2731,#2732,#2733,#2734,
#2735,#2736,#2737,#2738,#2739,#2740,#2741,#2742,#2743,#2744,#2745,#2746,
#2747,#2748,#2749,#2750,#2751,#2752,#2753,#2754,#2755,#2756,#2757,#2758,
#2759,#2760,#2761,#2762,#2763,#2764,#2765,#2766,#2767,#2768,#2769,#2770,
#2771,#2772,#2773,#2774,#2775,#2776,#2777,#2778,#2779,#2780,#2781,#2782,
#2783));
#2785=DERIVED_UNIT_ELEMENT(#2787,1.);
#2786=DERIVED_UNIT_ELEMENT(#4946,-3.);
#2787=(
MASS_UNIT()
NAMED_UNIT(*)
SI_UNIT(.KILO.,.GRAM.)
);
#2788=DERIVED_UNIT((#2785,#2786));
#2789=MEASURE_REPRESENTATION_ITEM('density measure',
POSITIVE_RATIO_MEASURE(7850.),#2788);
#2790=PROPERTY_DEFINITION_REPRESENTATION(#2795,#2792);
#2791=PROPERTY_DEFINITION_REPRESENTATION(#2796,#2793);
#2792=REPRESENTATION('material name',(#2794),#4943);
#2793=REPRESENTATION('density',(#2789),#4943);
#2794=DESCRIPTIVE_REPRESENTATION_ITEM('Steel','Steel');
#2795=PROPERTY_DEFINITION('material property','material name',#4953);
#2796=PROPERTY_DEFINITION('material property','density of part',#4953);
#2797=AXIS2_PLACEMENT_3D('',#3847,#3056,#3057);
#2798=AXIS2_PLACEMENT_3D('',#3848,#3058,#3059);
#2799=AXIS2_PLACEMENT_3D('',#3857,#3064,#3065);
#2800=AXIS2_PLACEMENT_3D('',#3863,#3069,#3070);
#2801=AXIS2_PLACEMENT_3D('',#3869,#3074,#3075);
#2802=AXIS2_PLACEMENT_3D('',#3872,#3078,#3079);
#2803=AXIS2_PLACEMENT_3D('',#3873,#3080,#3081);
#2804=AXIS2_PLACEMENT_3D('',#3875,#3082,#3083);
#2805=AXIS2_PLACEMENT_3D('',#3877,#3084,#3085);
#2806=AXIS2_PLACEMENT_3D('',#3879,#3086,#3087);
#2807=AXIS2_PLACEMENT_3D('',#3897,#3088,#3089);
#2808=AXIS2_PLACEMENT_3D('',#3910,#3090,#3091);
#2809=AXIS2_PLACEMENT_3D('',#3912,#3092,#3093);
#2810=AXIS2_PLACEMENT_3D('',#3913,#3094,#3095);
#2811=AXIS2_PLACEMENT_3D('',#3914,#3096,#3097);
#2812=AXIS2_PLACEMENT_3D('',#3920,#3101,#3102);
#2813=AXIS2_PLACEMENT_3D('',#3924,#3104,#3105);
#2814=AXIS2_PLACEMENT_3D('',#3928,#3108,#3109);
#2815=AXIS2_PLACEMENT_3D('',#3932,#3111,#3112);
#2816=AXIS2_PLACEMENT_3D('',#3943,#3114,#3115);
#2817=AXIS2_PLACEMENT_3D('',#3945,#3117,#3118);
#2818=AXIS2_PLACEMENT_3D('',#3946,#3119,#3120);
#2819=AXIS2_PLACEMENT_3D('',#3951,#3122,#3123);
#2820=AXIS2_PLACEMENT_3D('',#3954,#3125,#3126);
#2821=AXIS2_PLACEMENT_3D('',#3955,#3127,#3128);
#2822=AXIS2_PLACEMENT_3D('',#3958,#3131,#3132);
#2823=AXIS2_PLACEMENT_3D('',#3960,#3133,#3134);
#2824=AXIS2_PLACEMENT_3D('',#3964,#3136,#3137);
#2825=AXIS2_PLACEMENT_3D('',#3966,#3139,#3140);
#2826=AXIS2_PLACEMENT_3D('',#3967,#3141,#3142);
#2827=AXIS2_PLACEMENT_3D('',#3968,#3143,#3144);
#2828=AXIS2_PLACEMENT_3D('',#3984,#3153,#3154);
#2829=AXIS2_PLACEMENT_3D('',#3987,#3156,#3157);
#2830=AXIS2_PLACEMENT_3D('',#3988,#3158,#3159);
#2831=AXIS2_PLACEMENT_3D('',#3992,#3162,#3163);
#2832=AXIS2_PLACEMENT_3D('',#3997,#3165,#3166);
#2833=AXIS2_PLACEMENT_3D('',#4000,#3168,#3169);
#2834=AXIS2_PLACEMENT_3D('',#4001,#3170,#3171);
#2835=AXIS2_PLACEMENT_3D('',#4005,#3173,#3174);
#2836=AXIS2_PLACEMENT_3D('',#4007,#3176,#3177);
#2837=AXIS2_PLACEMENT_3D('',#4011,#3179,#3180);
#2838=AXIS2_PLACEMENT_3D('',#4013,#3182,#3183);
#2839=AXIS2_PLACEMENT_3D('',#4019,#3187,#3188);
#2840=AXIS2_PLACEMENT_3D('',#4023,#3191,#3192);
#2841=AXIS2_PLACEMENT_3D('',#4027,#3195,#3196);
#2842=AXIS2_PLACEMENT_3D('',#4030,#3198,#3199);
#2843=AXIS2_PLACEMENT_3D('',#4031,#3200,#3201);
#2844=AXIS2_PLACEMENT_3D('',#4036,#3205,#3206);
#2845=AXIS2_PLACEMENT_3D('',#4041,#3208,#3209);
#2846=AXIS2_PLACEMENT_3D('',#4057,#3212,#3213);
#2847=AXIS2_PLACEMENT_3D('',#4058,#3214,#3215);
#2848=AXIS2_PLACEMENT_3D('',#4075,#3218,#3219);
#2849=AXIS2_PLACEMENT_3D('',#4077,#3221,#3222);
#2850=AXIS2_PLACEMENT_3D('',#4083,#3226,#3227);
#2851=AXIS2_PLACEMENT_3D('',#4087,#3230,#3231);
#2852=AXIS2_PLACEMENT_3D('',#4091,#3234,#3235);
#2853=AXIS2_PLACEMENT_3D('',#4100,#3240,#3241);
#2854=AXIS2_PLACEMENT_3D('',#4106,#3245,#3246);
#2855=AXIS2_PLACEMENT_3D('',#4112,#3250,#3251);
#2856=AXIS2_PLACEMENT_3D('',#4118,#3255,#3256);
#2857=AXIS2_PLACEMENT_3D('',#4121,#3259,#3260);
#2858=AXIS2_PLACEMENT_3D('',#4123,#3261,#3262);
#2859=AXIS2_PLACEMENT_3D('',#4162,#3271,#3272);
#2860=AXIS2_PLACEMENT_3D('',#4178,#3281,#3282);
#2861=AXIS2_PLACEMENT_3D('',#4238,#3301,#3302);
#2862=AXIS2_PLACEMENT_3D('',#4239,#3303,#3304);
#2863=AXIS2_PLACEMENT_3D('',#4240,#3305,#3306);
#2864=AXIS2_PLACEMENT_3D('',#4241,#3307,#3308);
#2865=AXIS2_PLACEMENT_3D('',#4243,#3310,#3311);
#2866=AXIS2_PLACEMENT_3D('',#4244,#3312,#3313);
#2867=AXIS2_PLACEMENT_3D('',#4245,#3314,#3315);
#2868=AXIS2_PLACEMENT_3D('',#4246,#3316,#3317);
#2869=AXIS2_PLACEMENT_3D('',#4248,#3319,#3320);
#2870=AXIS2_PLACEMENT_3D('',#4249,#3321,#3322);
#2871=AXIS2_PLACEMENT_3D('',#4250,#3323,#3324);
#2872=AXIS2_PLACEMENT_3D('',#4251,#3325,#3326);
#2873=AXIS2_PLACEMENT_3D('',#4252,#3327,#3328);
#2874=AXIS2_PLACEMENT_3D('',#4253,#3329,#3330);
#2875=AXIS2_PLACEMENT_3D('',#4255,#3332,#3333);
#2876=AXIS2_PLACEMENT_3D('',#4256,#3334,#3335);
#2877=AXIS2_PLACEMENT_3D('',#4264,#3339,#3340);
#2878=AXIS2_PLACEMENT_3D('',#4266,#3342,#3343);
#2879=AXIS2_PLACEMENT_3D('',#4279,#3344,#3345);
#2880=AXIS2_PLACEMENT_3D('',#4281,#3346,#3347);
#2881=AXIS2_PLACEMENT_3D('',#4287,#3348,#3349);
#2882=AXIS2_PLACEMENT_3D('',#4288,#3350,#3351);
#2883=AXIS2_PLACEMENT_3D('',#4290,#3353,#3354);
#2884=AXIS2_PLACEMENT_3D('',#4295,#3356,#3357);
#2885=AXIS2_PLACEMENT_3D('',#4313,#3359,#3360);
#2886=AXIS2_PLACEMENT_3D('',#4314,#3361,#3362);
#2887=AXIS2_PLACEMENT_3D('',#4315,#3363,#3364);
#2888=AXIS2_PLACEMENT_3D('',#4316,#3365,#3366);
#2889=AXIS2_PLACEMENT_3D('',#4317,#3367,#3368);
#2890=AXIS2_PLACEMENT_3D('',#4320,#3371,#3372);
#2891=AXIS2_PLACEMENT_3D('',#4321,#3373,#3374);
#2892=AXIS2_PLACEMENT_3D('',#4323,#3375,#3376);
#2893=AXIS2_PLACEMENT_3D('',#4324,#3377,#3378);
#2894=AXIS2_PLACEMENT_3D('',#4325,#3379,#3380);
#2895=AXIS2_PLACEMENT_3D('',#4330,#3382,#3383);
#2896=AXIS2_PLACEMENT_3D('',#4333,#3385,#3386);
#2897=AXIS2_PLACEMENT_3D('',#4334,#3387,#3388);
#2898=AXIS2_PLACEMENT_3D('',#4339,#3391,#3392);
#2899=AXIS2_PLACEMENT_3D('',#4340,#3393,#3394);
#2900=AXIS2_PLACEMENT_3D('',#4344,#3396,#3397);
#2901=AXIS2_PLACEMENT_3D('',#4346,#3399,#3400);
#2902=AXIS2_PLACEMENT_3D('',#4351,#3403,#3404);
#2903=AXIS2_PLACEMENT_3D('',#4359,#3409,#3410);
#2904=AXIS2_PLACEMENT_3D('',#4361,#3412,#3413);
#2905=AXIS2_PLACEMENT_3D('',#4363,#3415,#3416);
#2906=AXIS2_PLACEMENT_3D('',#4380,#3419,#3420);
#2907=AXIS2_PLACEMENT_3D('',#4381,#3421,#3422);
#2908=AXIS2_PLACEMENT_3D('',#4384,#3425,#3426);
#2909=AXIS2_PLACEMENT_3D('',#4387,#3429,#3430);
#2910=AXIS2_PLACEMENT_3D('',#4388,#3431,#3432);
#2911=AXIS2_PLACEMENT_3D('',#4407,#3435,#3436);
#2912=AXIS2_PLACEMENT_3D('',#4408,#3437,#3438);
#2913=AXIS2_PLACEMENT_3D('',#4412,#3440,#3441);
#2914=AXIS2_PLACEMENT_3D('',#4414,#3443,#3444);
#2915=AXIS2_PLACEMENT_3D('',#4425,#3446,#3447);
#2916=AXIS2_PLACEMENT_3D('',#4427,#3449,#3450);
#2917=AXIS2_PLACEMENT_3D('',#4437,#3456,#3457);
#2918=AXIS2_PLACEMENT_3D('',#4445,#3463,#3464);
#2919=AXIS2_PLACEMENT_3D('',#4447,#3466,#3467);
#2920=AXIS2_PLACEMENT_3D('',#4449,#3469,#3470);
#2921=AXIS2_PLACEMENT_3D('',#4451,#3471,#3472);
#2922=AXIS2_PLACEMENT_3D('',#4453,#3473,#3474);
#2923=AXIS2_PLACEMENT_3D('',#4455,#3475,#3476);
#2924=AXIS2_PLACEMENT_3D('',#4456,#3477,#3478);
#2925=AXIS2_PLACEMENT_3D('',#4457,#3479,#3480);
#2926=AXIS2_PLACEMENT_3D('',#4459,#3482,#3483);
#2927=AXIS2_PLACEMENT_3D('',#4461,#3484,#3485);
#2928=AXIS2_PLACEMENT_3D('',#4464,#3487,#3488);
#2929=AXIS2_PLACEMENT_3D('',#4465,#3489,#3490);
#2930=AXIS2_PLACEMENT_3D('',#4466,#3491,#3492);
#2931=AXIS2_PLACEMENT_3D('',#4469,#3495,#3496);
#2932=AXIS2_PLACEMENT_3D('',#4472,#3499,#3500);
#2933=AXIS2_PLACEMENT_3D('',#4473,#3501,#3502);
#2934=AXIS2_PLACEMENT_3D('',#4474,#3503,#3504);
#2935=AXIS2_PLACEMENT_3D('',#4475,#3505,#3506);
#2936=AXIS2_PLACEMENT_3D('',#4476,#3507,#3508);
#2937=AXIS2_PLACEMENT_3D('',#4477,#3509,#3510);
#2938=AXIS2_PLACEMENT_3D('',#4484,#3514,#3515);
#2939=AXIS2_PLACEMENT_3D('',#4488,#3517,#3518);
#2940=AXIS2_PLACEMENT_3D('',#4489,#3519,#3520);
#2941=AXIS2_PLACEMENT_3D('',#4512,#3521,#3522);
#2942=AXIS2_PLACEMENT_3D('',#4513,#3523,#3524);
#2943=AXIS2_PLACEMENT_3D('',#4516,#3525,#3526);
#2944=AXIS2_PLACEMENT_3D('',#4520,#3528,#3529);
#2945=AXIS2_PLACEMENT_3D('',#4522,#3531,#3532);
#2946=AXIS2_PLACEMENT_3D('',#4530,#3537,#3538);
#2947=AXIS2_PLACEMENT_3D('',#4533,#3541,#3542);
#2948=AXIS2_PLACEMENT_3D('',#4538,#3544,#3545);
#2949=AXIS2_PLACEMENT_3D('',#4541,#3547,#3548);
#2950=AXIS2_PLACEMENT_3D('',#4542,#3549,#3550);
#2951=AXIS2_PLACEMENT_3D('',#4546,#3552,#3553);
#2952=AXIS2_PLACEMENT_3D('',#4548,#3555,#3556);
#2953=AXIS2_PLACEMENT_3D('',#4551,#3559,#3560);
#2954=AXIS2_PLACEMENT_3D('',#4553,#3562,#3563);
#2955=AXIS2_PLACEMENT_3D('',#4570,#3566,#3567);
#2956=AXIS2_PLACEMENT_3D('',#4571,#3568,#3569);
#2957=AXIS2_PLACEMENT_3D('',#4575,#3571,#3572);
#2958=AXIS2_PLACEMENT_3D('',#4577,#3574,#3575);
#2959=AXIS2_PLACEMENT_3D('',#4581,#3577,#3578);
#2960=AXIS2_PLACEMENT_3D('',#4583,#3580,#3581);
#2961=AXIS2_PLACEMENT_3D('',#4587,#3583,#3584);
#2962=AXIS2_PLACEMENT_3D('',#4589,#3586,#3587);
#2963=AXIS2_PLACEMENT_3D('',#4593,#3589,#3590);
#2964=AXIS2_PLACEMENT_3D('',#4595,#3592,#3593);
#2965=AXIS2_PLACEMENT_3D('',#4599,#3595,#3596);
#2966=AXIS2_PLACEMENT_3D('',#4601,#3598,#3599);
#2967=AXIS2_PLACEMENT_3D('',#4616,#3602,#3603);
#2968=AXIS2_PLACEMENT_3D('',#4619,#3606,#3607);
#2969=AXIS2_PLACEMENT_3D('',#4621,#3609,#3610);
#2970=AXIS2_PLACEMENT_3D('',#4623,#3612,#3613);
#2971=AXIS2_PLACEMENT_3D('',#4626,#3616,#3617);
#2972=AXIS2_PLACEMENT_3D('',#4628,#3619,#3620);
#2973=AXIS2_PLACEMENT_3D('',#4631,#3623,#3624);
#2974=AXIS2_PLACEMENT_3D('',#4633,#3626,#3627);
#2975=AXIS2_PLACEMENT_3D('',#4638,#3629,#3630);
#2976=AXIS2_PLACEMENT_3D('',#4641,#3632,#3633);
#2977=AXIS2_PLACEMENT_3D('',#4679,#3634,#3635);
#2978=AXIS2_PLACEMENT_3D('',#4681,#3636,#3637);
#2979=AXIS2_PLACEMENT_3D('',#4696,#3638,#3639);
#2980=AXIS2_PLACEMENT_3D('',#4697,#3640,#3641);
#2981=AXIS2_PLACEMENT_3D('',#4750,#3644,#3645);
#2982=AXIS2_PLACEMENT_3D('',#4751,#3646,#3647);
#2983=AXIS2_PLACEMENT_3D('',#4752,#3648,#3649);
#2984=AXIS2_PLACEMENT_3D('',#4756,#3652,#3653);
#2985=AXIS2_PLACEMENT_3D('',#4758,#3655,#3656);
#2986=AXIS2_PLACEMENT_3D('',#4761,#3659,#3660);
#2987=AXIS2_PLACEMENT_3D('',#4763,#3661,#3662);
#2988=AXIS2_PLACEMENT_3D('',#4765,#3663,#3664);
#2989=AXIS2_PLACEMENT_3D('',#4767,#3665,#3666);
#2990=AXIS2_PLACEMENT_3D('',#4768,#3667,#3668);
#2991=AXIS2_PLACEMENT_3D('',#4769,#3669,#3670);
#2992=AXIS2_PLACEMENT_3D('',#4771,#3672,#3673);
#2993=AXIS2_PLACEMENT_3D('',#4772,#3674,#3675);
#2994=AXIS2_PLACEMENT_3D('',#4773,#3676,#3677);
#2995=AXIS2_PLACEMENT_3D('',#4775,#3679,#3680);
#2996=AXIS2_PLACEMENT_3D('',#4776,#3681,#3682);
#2997=AXIS2_PLACEMENT_3D('',#4777,#3683,#3684);
#2998=AXIS2_PLACEMENT_3D('',#4778,#3685,#3686);
#2999=AXIS2_PLACEMENT_3D('',#4779,#3687,#3688);
#3000=AXIS2_PLACEMENT_3D('',#4784,#3691,#3692);
#3001=AXIS2_PLACEMENT_3D('',#4799,#3694,#3695);
#3002=AXIS2_PLACEMENT_3D('',#4812,#3697,#3698);
#3003=AXIS2_PLACEMENT_3D('',#4819,#3702,#3703);
#3004=AXIS2_PLACEMENT_3D('',#4823,#3706,#3707);
#3005=AXIS2_PLACEMENT_3D('',#4827,#3710,#3711);
#3006=AXIS2_PLACEMENT_3D('',#4830,#3712,#3713);
#3007=AXIS2_PLACEMENT_3D('',#4831,#3714,#3715);
#3008=AXIS2_PLACEMENT_3D('',#4832,#3716,#3717);
#3009=AXIS2_PLACEMENT_3D('',#4833,#3718,#3719);
#3010=AXIS2_PLACEMENT_3D('',#4837,#3722,#3723);
#3011=AXIS2_PLACEMENT_3D('',#4840,#3724,#3725);
#3012=AXIS2_PLACEMENT_3D('',#4841,#3726,#3727);
#3013=AXIS2_PLACEMENT_3D('',#4842,#3728,#3729);
#3014=AXIS2_PLACEMENT_3D('',#4843,#3730,#3731);
#3015=AXIS2_PLACEMENT_3D('',#4847,#3733,#3734);
#3016=AXIS2_PLACEMENT_3D('',#4851,#3736,#3737);
#3017=AXIS2_PLACEMENT_3D('',#4853,#3739,#3740);
#3018=AXIS2_PLACEMENT_3D('',#4855,#3742,#3743);
#3019=AXIS2_PLACEMENT_3D('',#4860,#3747,#3748);
#3020=AXIS2_PLACEMENT_3D('',#4861,#3749,#3750);
#3021=AXIS2_PLACEMENT_3D('',#4862,#3751,#3752);
#3022=AXIS2_PLACEMENT_3D('',#4864,#3754,#3755);
#3023=AXIS2_PLACEMENT_3D('',#4866,#3757,#3758);
#3024=AXIS2_PLACEMENT_3D('',#4867,#3759,#3760);
#3025=AXIS2_PLACEMENT_3D('',#4869,#3762,#3763);
#3026=AXIS2_PLACEMENT_3D('',#4871,#3765,#3766);
#3027=AXIS2_PLACEMENT_3D('',#4875,#3768,#3769);
#3028=AXIS2_PLACEMENT_3D('',#4878,#3771,#3772);
#3029=AXIS2_PLACEMENT_3D('',#4879,#3773,#3774);
#3030=AXIS2_PLACEMENT_3D('',#4882,#3776,#3777);
#3031=AXIS2_PLACEMENT_3D('',#4883,#3778,#3779);
#3032=AXIS2_PLACEMENT_3D('',#4887,#3782,#3783);
#3033=AXIS2_PLACEMENT_3D('',#4890,#3786,#3787);
#3034=AXIS2_PLACEMENT_3D('',#4893,#3789,#3790);
#3035=AXIS2_PLACEMENT_3D('',#4894,#3791,#3792);
#3036=AXIS2_PLACEMENT_3D('',#4898,#3794,#3795);
#3037=AXIS2_PLACEMENT_3D('',#4900,#3797,#3798);
#3038=AXIS2_PLACEMENT_3D('',#4901,#3799,#3800);
#3039=AXIS2_PLACEMENT_3D('',#4903,#3802,#3803);
#3040=AXIS2_PLACEMENT_3D('',#4912,#3808,#3809);
#3041=AXIS2_PLACEMENT_3D('',#4915,#3812,#3813);
#3042=AXIS2_PLACEMENT_3D('',#4919,#3816,#3817);
#3043=AXIS2_PLACEMENT_3D('',#4921,#3819,#3820);
#3044=AXIS2_PLACEMENT_3D('',#4923,#3822,#3823);
#3045=AXIS2_PLACEMENT_3D('',#4924,#3824,#3825);
#3046=AXIS2_PLACEMENT_3D('',#4926,#3826,#3827);
#3047=AXIS2_PLACEMENT_3D('',#4928,#3828,#3829);
#3048=AXIS2_PLACEMENT_3D('',#4929,#3830,#3831);
#3049=AXIS2_PLACEMENT_3D('',#4930,#3832,#3833);
#3050=AXIS2_PLACEMENT_3D('',#4934,#3835,#3836);
#3051=AXIS2_PLACEMENT_3D('',#4935,#3837,#3838);
#3052=AXIS2_PLACEMENT_3D('',#4936,#3839,#3840);
#3053=AXIS2_PLACEMENT_3D('',#4938,#3841,#3842);
#3054=AXIS2_PLACEMENT_3D('',#4939,#3843,#3844);
#3055=AXIS2_PLACEMENT_3D('',#4940,#3845,#3846);
#3056=DIRECTION('axis',(0.,0.,1.));
#3057=DIRECTION('refdir',(1.,0.,0.));
#3058=DIRECTION('center_axis',(0.,0.,1.));
#3059=DIRECTION('ref_axis',(1.,0.,0.));
#3060=DIRECTION('',(1.,0.,0.));
#3061=DIRECTION('',(0.,1.,0.));
#3062=DIRECTION('',(1.,0.,0.));
#3063=DIRECTION('',(0.,1.,0.));
#3064=DIRECTION('center_axis',(-1.,0.,0.));
#3065=DIRECTION('ref_axis',(0.,0.,1.));
#3066=DIRECTION('',(0.,0.,1.));
#3067=DIRECTION('',(0.,0.,1.));
#3068=DIRECTION('',(0.,1.,0.));
#3069=DIRECTION('center_axis',(0.,0.,-1.));
#3070=DIRECTION('ref_axis',(-1.,0.,0.));
#3071=DIRECTION('',(-1.,0.,0.));
#3072=DIRECTION('',(-1.,0.,0.));
#3073=DIRECTION('',(0.,1.,0.));
#3074=DIRECTION('center_axis',(1.,0.,0.));
#3075=DIRECTION('ref_axis',(0.,0.,-1.));
#3076=DIRECTION('',(0.,0.,-1.));
#3077=DIRECTION('',(0.,0.,-1.));
#3078=DIRECTION('center_axis',(0.,1.,0.));
#3079=DIRECTION('ref_axis',(-1.,0.,0.));
#3080=DIRECTION('center_axis',(0.,1.,0.));
#3081=DIRECTION('ref_axis',(0.,0.,1.));
#3082=DIRECTION('center_axis',(0.,-1.,0.));
#3083=DIRECTION('ref_axis',(0.505360069775932,0.,0.862908569824211));
#3084=DIRECTION('center_axis',(-1.,0.,1.11022302462516E-16));
#3085=DIRECTION('ref_axis',(-1.11022302462516E-16,0.,-1.));
#3086=DIRECTION('center_axis',(0.,1.,0.));
#3087=DIRECTION('ref_axis',(0.505360069775932,0.,0.862908569824211));
#3088=DIRECTION('center_axis',(0.,1.,0.));
#3089=DIRECTION('ref_axis',(0.505360069775932,0.,0.862908569824211));
#3090=DIRECTION('center_axis',(0.,-1.,0.));
#3091=DIRECTION('ref_axis',(0.,0.,1.));
#3092=DIRECTION('center_axis',(0.707106781186548,0.,0.707106781186547));
#3093=DIRECTION('ref_axis',(0.707106781186547,0.,-0.707106781186548));
#3094=DIRECTION('center_axis',(0.,1.,0.));
#3095=DIRECTION('ref_axis',(0.505360069775932,0.,0.862908569824211));
#3096=DIRECTION('center_axis',(0.,0.,-1.));
#3097=DIRECTION('ref_axis',(-1.,0.,0.));
#3098=DIRECTION('',(0.,1.,0.));
#3099=DIRECTION('',(1.,0.,0.));
#3100=DIRECTION('',(0.,1.,0.));
#3101=DIRECTION('center_axis',(0.,1.,0.));
#3102=DIRECTION('ref_axis',(-0.707106781186547,0.,0.707106781186548));
#3103=DIRECTION('',(0.,-1.,0.));
#3104=DIRECTION('center_axis',(0.,-1.,0.));
#3105=DIRECTION('ref_axis',(-0.707106781186547,0.,0.707106781186548));
#3106=DIRECTION('',(0.,-1.,0.));
#3107=DIRECTION('',(0.,1.,0.));
#3108=DIRECTION('center_axis',(0.,1.,0.));
#3109=DIRECTION('ref_axis',(-0.707106781186547,0.,0.707106781186548));
#3110=DIRECTION('',(0.,1.,0.));
#3111=DIRECTION('center_axis',(0.,-1.,0.));
#3112=DIRECTION('ref_axis',(-0.707106781186547,0.,0.707106781186548));
#3113=DIRECTION('',(0.,1.,0.));
#3114=DIRECTION('center_axis',(-0.866025403784439,0.,0.5));
#3115=DIRECTION('ref_axis',(0.5,0.,0.866025403784439));
#3116=DIRECTION('',(-0.5,0.,-0.866025403784439));
#3117=DIRECTION('center_axis',(0.,1.,0.));
#3118=DIRECTION('ref_axis',(-1.,0.,0.));
#3119=DIRECTION('center_axis',(0.707106781186548,0.,-0.707106781186548));
#3120=DIRECTION('ref_axis',(0.5,0.70710678118655,0.499999999999997));
#3121=DIRECTION('',(0.707106781186548,0.,-0.707106781186548));
#3122=DIRECTION('center_axis',(-0.707106781186548,-1.30841038223647E-15,
0.707106781186548));
#3123=DIRECTION('ref_axis',(0.707106781186548,0.,0.707106781186548));
#3124=DIRECTION('',(-0.707106781186548,0.,0.707106781186548));
#3125=DIRECTION('center_axis',(1.,-9.25185853854289E-16,-6.5420519111824E-16));
#3126=DIRECTION('ref_axis',(6.54205191118239E-16,-9.25185853854291E-16,
1.));
#3127=DIRECTION('center_axis',(0.707106781186548,0.,0.707106781186547));
#3128=DIRECTION('ref_axis',(-0.499999999999998,0.707106781186551,0.499999999999998));
#3129=DIRECTION('',(-0.707106781186548,0.,-0.707106781186547));
#3130=DIRECTION('',(0.707106781186548,0.,0.707106781186547));
#3131=DIRECTION('center_axis',(0.,1.,0.));
#3132=DIRECTION('ref_axis',(0.965925826289068,0.,0.258819045102523));
#3133=DIRECTION('center_axis',(0.,-1.,0.));
#3134=DIRECTION('ref_axis',(0.965925826289068,0.,-0.258819045102521));
#3135=DIRECTION('',(0.,-1.,0.));
#3136=DIRECTION('center_axis',(0.,-1.,0.));
#3137=DIRECTION('ref_axis',(0.965925826289068,0.,0.258819045102523));
#3138=DIRECTION('',(0.,1.,0.));
#3139=DIRECTION('center_axis',(0.,0.,1.));
#3140=DIRECTION('ref_axis',(1.,0.,0.));
#3141=DIRECTION('center_axis',(0.258819045102522,0.,0.965925826289068));
#3142=DIRECTION('ref_axis',(0.683012701892216,0.707106781186551,-0.183012701892219));
#3143=DIRECTION('center_axis',(0.,1.,0.));
#3144=DIRECTION('ref_axis',(-1.,0.,0.));
#3145=DIRECTION('',(0.258819045102522,0.,0.965925826289068));
#3146=DIRECTION('',(-0.965925826289069,0.,-0.258819045102519));
#3147=DIRECTION('',(-0.707106781186548,0.,-0.707106781186548));
#3148=DIRECTION('',(-0.707106781186547,0.,0.707106781186548));
#3149=DIRECTION('',(-0.948683298050514,0.,-0.316227766016837));
#3150=DIRECTION('',(0.707106781186547,0.,-0.707106781186547));
#3151=DIRECTION('',(0.316227766016838,0.,0.948683298050514));
#3152=DIRECTION('',(-0.707106781186547,0.,0.707106781186548));
#3153=DIRECTION('center_axis',(-0.258819045102522,0.,-0.965925826289068));
#3154=DIRECTION('ref_axis',(0.683012701892216,0.707106781186551,-0.183012701892219));
#3155=DIRECTION('',(-0.258819045102522,0.,-0.965925826289068));
#3156=DIRECTION('center_axis',(0.707106781186547,0.,-0.707106781186548));
#3157=DIRECTION('ref_axis',(-0.707106781186548,0.,-0.707106781186547));
#3158=DIRECTION('center_axis',(0.965925826289068,0.,-0.258819045102522));
#3159=DIRECTION('ref_axis',(-0.258819045102522,0.,-0.965925826289068));
#3160=DIRECTION('',(-0.258819045102522,0.,-0.965925826289068));
#3161=DIRECTION('',(0.,1.,0.));
#3162=DIRECTION('center_axis',(-0.965925826289069,0.,-0.25881904510252));
#3163=DIRECTION('ref_axis',(0.183012701892221,0.707106781186539,-0.683012701892228));
#3164=DIRECTION('',(-0.965925826289069,0.,-0.258819045102519));
#3165=DIRECTION('center_axis',(-0.707106781186548,0.,0.707106781186548));
#3166=DIRECTION('ref_axis',(-0.707106781186547,-8.67361737988405E-17,-0.707106781186548));
#3167=DIRECTION('',(0.965925826289069,0.,0.258819045102519));
#3168=DIRECTION('center_axis',(-0.25881904510252,1.0723930924262E-14,-0.965925826289069));
#3169=DIRECTION('ref_axis',(0.965925826289069,6.1914644058936E-15,-0.25881904510252));
#3170=DIRECTION('center_axis',(0.707106781186547,0.,-0.707106781186548));
#3171=DIRECTION('ref_axis',(0.500000000000006,0.707106781186538,0.500000000000006));
#3172=DIRECTION('',(-0.707106781186547,0.,0.707106781186548));
#3173=DIRECTION('center_axis',(0.965925826289069,0.,0.258819045102519));
#3174=DIRECTION('ref_axis',(-0.258819045102519,0.,0.965925826289069));
#3175=DIRECTION('',(0.707106781186547,0.,-0.707106781186548));
#3176=DIRECTION('center_axis',(0.258819045102522,0.,0.965925826289068));
#3177=DIRECTION('ref_axis',(-0.683012701892224,0.707106781186543,0.183012701892222));
#3178=DIRECTION('',(-0.258819045102522,0.,-0.965925826289068));
#3179=DIRECTION('center_axis',(-0.707106781186548,0.,-0.707106781186548));
#3180=DIRECTION('ref_axis',(-0.707106781186547,-4.50694379621148E-16,0.707106781186548));
#3181=DIRECTION('',(0.258819045102522,0.,0.965925826289068));
#3182=DIRECTION('center_axis',(0.25881904510252,0.,-0.965925826289069));
#3183=DIRECTION('ref_axis',(-0.965925826289069,0.,-0.258819045102519));
#3184=DIRECTION('',(0.,1.,0.));
#3185=DIRECTION('',(0.965925826289069,0.,0.258819045102519));
#3186=DIRECTION('',(0.,1.,0.));
#3187=DIRECTION('center_axis',(0.707106781186548,0.,0.707106781186547));
#3188=DIRECTION('ref_axis',(0.707106781186547,0.,-0.707106781186548));
#3189=DIRECTION('',(0.,1.,0.));
#3190=DIRECTION('',(-0.707106781186547,0.,0.707106781186548));
#3191=DIRECTION('center_axis',(-0.965925826289068,0.,0.258819045102522));
#3192=DIRECTION('ref_axis',(0.258819045102522,0.,0.965925826289068));
#3193=DIRECTION('',(0.,1.,0.));
#3194=DIRECTION('',(-0.258819045102522,0.,-0.965925826289068));
#3195=DIRECTION('center_axis',(0.965925826289069,0.,0.25881904510252));
#3196=DIRECTION('ref_axis',(-0.183012701892218,0.707106781186549,0.683012701892218));
#3197=DIRECTION('',(0.965925826289069,0.,0.258819045102519));
#3198=DIRECTION('center_axis',(-0.707106781186548,0.,0.707106781186548));
#3199=DIRECTION('ref_axis',(0.707106781186547,-1.44560289664734E-16,0.707106781186548));
#3200=DIRECTION('center_axis',(0.707106781186548,0.,0.707106781186548));
#3201=DIRECTION('ref_axis',(0.707106781186548,0.,-0.707106781186548));
#3202=DIRECTION('',(0.,1.,0.));
#3203=DIRECTION('',(-0.707106781186548,0.,0.707106781186548));
#3204=DIRECTION('',(-0.707106781186548,0.,0.707106781186548));
#3205=DIRECTION('center_axis',(0.316227766016838,0.,0.948683298050514));
#3206=DIRECTION('ref_axis',(-0.670820393249929,0.707106781186557,0.223606797749971));
#3207=DIRECTION('',(0.316227766016838,0.,0.948683298050514));
#3208=DIRECTION('center_axis',(0.707106781186548,0.,0.707106781186547));
#3209=DIRECTION('ref_axis',(-0.707106781186548,3.87895961444886E-16,0.707106781186548));
#3210=DIRECTION('',(-0.316227766016838,0.,-0.948683298050514));
#3211=DIRECTION('',(-0.316227766016838,0.,-0.948683298050514));
#3212=DIRECTION('center_axis',(-0.707106781186548,1.96261557335468E-15,
0.707106781186547));
#3213=DIRECTION('ref_axis',(-0.707106781186547,9.81307786677336E-16,-0.707106781186548));
#3214=DIRECTION('center_axis',(-0.948683298050514,0.,-0.316227766016837));
#3215=DIRECTION('ref_axis',(0.223606797749979,0.707106781186556,-0.670820393249928));
#3216=DIRECTION('',(0.948683298050514,0.,0.316227766016837));
#3217=DIRECTION('',(0.948683298050514,0.,0.316227766016837));
#3218=DIRECTION('center_axis',(0.707106781186548,0.,0.707106781186547));
#3219=DIRECTION('ref_axis',(0.707106781186547,-6.20633538311818E-16,-0.707106781186548));
#3220=DIRECTION('',(-0.948683298050514,0.,-0.316227766016837));
#3221=DIRECTION('center_axis',(-0.948683298050514,0.,0.316227766016838));
#3222=DIRECTION('ref_axis',(0.316227766016838,0.,0.948683298050514));
#3223=DIRECTION('',(0.,1.,0.));
#3224=DIRECTION('',(0.316227766016838,0.,0.948683298050514));
#3225=DIRECTION('',(0.,1.,0.));
#3226=DIRECTION('center_axis',(0.316227766016837,0.,-0.948683298050514));
#3227=DIRECTION('ref_axis',(-0.948683298050514,0.,-0.316227766016837));
#3228=DIRECTION('',(0.,1.,0.));
#3229=DIRECTION('',(-0.948683298050514,0.,-0.316227766016837));
#3230=DIRECTION('center_axis',(0.,1.,0.));
#3231=DIRECTION('ref_axis',(0.,0.,1.));
#3232=DIRECTION('',(0.707106781186548,0.,0.707106781186548));
#3233=DIRECTION('',(0.965925826289069,0.,0.258819045102519));
#3234=DIRECTION('center_axis',(-0.948683298050514,0.,0.316227766016838));
#3235=DIRECTION('ref_axis',(0.316227766016838,0.,0.948683298050514));
#3236=DIRECTION('',(-0.316227766016838,0.,-0.948683298050514));
#3237=DIRECTION('',(0.,-1.,0.));
#3238=DIRECTION('',(0.316227766016838,0.,0.948683298050514));
#3239=DIRECTION('',(0.,1.,0.));
#3240=DIRECTION('center_axis',(0.316227766016837,0.,-0.948683298050514));
#3241=DIRECTION('ref_axis',(-0.948683298050514,0.,-0.316227766016837));
#3242=DIRECTION('',(0.948683298050514,0.,0.316227766016837));
#3243=DIRECTION('',(-0.948683298050514,0.,-0.316227766016837));
#3244=DIRECTION('',(0.,1.,0.));
#3245=DIRECTION('center_axis',(-0.989949493661167,0.,0.141421356237309));
#3246=DIRECTION('ref_axis',(0.141421356237309,0.,0.989949493661167));
#3247=DIRECTION('',(-0.141421356237309,0.,-0.989949493661167));
#3248=DIRECTION('',(0.141421356237309,0.,0.989949493661167));
#3249=DIRECTION('',(0.,1.,0.));
#3250=DIRECTION('center_axis',(0.316227766016837,0.,-0.948683298050514));
#3251=DIRECTION('ref_axis',(-0.948683298050514,0.,-0.316227766016837));
#3252=DIRECTION('',(0.948683298050514,0.,0.316227766016837));
#3253=DIRECTION('',(-0.948683298050514,0.,-0.316227766016837));
#3254=DIRECTION('',(0.,1.,0.));
#3255=DIRECTION('center_axis',(0.,1.,0.));
#3256=DIRECTION('ref_axis',(0.,0.,1.));
#3257=DIRECTION('',(-0.707106781186547,0.,0.707106781186548));
#3258=DIRECTION('',(-0.707106781186547,0.,0.707106781186548));
#3259=DIRECTION('center_axis',(0.,1.,0.));
#3260=DIRECTION('ref_axis',(-1.,0.,0.));
#3261=DIRECTION('center_axis',(0.,-1.,0.));
#3262=DIRECTION('ref_axis',(-1.,0.,0.));
#3263=DIRECTION('',(-0.707106781186548,0.,-0.707106781186547));
#3264=DIRECTION('',(-1.,0.,0.));
#3265=DIRECTION('',(0.,0.,1.));
#3266=DIRECTION('',(-1.,0.,0.));
#3267=DIRECTION('',(0.,0.,-1.));
#3268=DIRECTION('',(1.,0.,0.));
#3269=DIRECTION('',(0.5,0.,-0.866025403784438));
#3270=DIRECTION('',(0.5,0.,0.866025403784439));
#3271=DIRECTION('center_axis',(0.,-1.,0.));
#3272=DIRECTION('ref_axis',(-1.,0.,0.));
#3273=DIRECTION('',(0.499999999999999,0.,0.866025403784439));
#3274=DIRECTION('',(-1.,0.,0.));
#3275=DIRECTION('',(0.5,0.,0.866025403784439));
#3276=DIRECTION('',(0.707106781186547,0.,-0.707106781186548));
#3277=DIRECTION('',(0.707106781186548,0.,0.707106781186548));
#3278=DIRECTION('',(0.499999999999999,0.,-0.866025403784439));
#3279=DIRECTION('',(-1.,0.,0.));
#3280=DIRECTION('',(0.,0.,-1.));
#3281=DIRECTION('center_axis',(0.,-1.,0.));
#3282=DIRECTION('ref_axis',(-1.,0.,0.));
#3283=DIRECTION('',(1.,0.,0.));
#3284=DIRECTION('',(0.447213595499958,0.,-0.894427190999916));
#3285=DIRECTION('',(0.447213595499958,0.,0.894427190999916));
#3286=DIRECTION('',(0.6,0.,-0.8));
#3287=DIRECTION('',(0.447213595499958,0.,0.894427190999916));
#3288=DIRECTION('',(0.,0.,1.));
#3289=DIRECTION('',(0.500000000000001,0.,0.866025403784438));
#3290=DIRECTION('',(-1.,0.,0.));
#3291=DIRECTION('',(-0.500000000000001,0.,-0.866025403784438));
#3292=DIRECTION('',(1.,0.,-8.51872100573125E-16));
#3293=DIRECTION('',(-0.500000000000001,0.,-0.866025403784438));
#3294=DIRECTION('',(1.,0.,-1.4493306230129E-16));
#3295=DIRECTION('',(-7.40148699627053E-16,0.,-1.));
#3296=DIRECTION('',(1.,0.,-2.31296468633454E-16));
#3297=DIRECTION('',(7.40148699627054E-16,0.,1.));
#3298=DIRECTION('',(-1.,0.,4.62592937266908E-16));
#3299=DIRECTION('',(-0.5,0.,0.866025403784438));
#3300=DIRECTION('',(-0.500000000000001,0.,-0.866025403784438));
#3301=DIRECTION('center_axis',(0.,-1.,0.));
#3302=DIRECTION('ref_axis',(1.,0.,1.38777878078145E-16));
#3303=DIRECTION('center_axis',(0.,-1.,0.));
#3304=DIRECTION('ref_axis',(1.,0.,1.38777878078145E-16));
#3305=DIRECTION('center_axis',(-0.707106781186548,0.,-0.707106781186547));
#3306=DIRECTION('ref_axis',(-0.707106781186547,0.,0.707106781186548));
#3307=DIRECTION('center_axis',(0.707106781186548,0.,0.707106781186547));
#3308=DIRECTION('ref_axis',(-0.707106781186547,-2.58597307629924E-16,0.707106781186548));
#3309=DIRECTION('',(0.,1.,0.));
#3310=DIRECTION('center_axis',(0.316227766016838,0.,0.948683298050514));
#3311=DIRECTION('ref_axis',(0.935414346693485,0.16666666666667,-0.311804782231162));
#3312=DIRECTION('center_axis',(0.707106781186548,0.,0.707106781186547));
#3313=DIRECTION('ref_axis',(0.707106781186547,-2.58597307629924E-17,-0.707106781186548));
#3314=DIRECTION('center_axis',(-0.97324898946773,0.,-0.229752920547362));
#3315=DIRECTION('ref_axis',(0.229752920547362,1.51999683707409E-17,-0.97324898946773));
#3316=DIRECTION('center_axis',(0.707106781186548,0.,-0.707106781186548));
#3317=DIRECTION('ref_axis',(-0.697216688778397,0.166666666666671,-0.697216688778395));
#3318=DIRECTION('',(-0.707106781186548,0.,0.707106781186548));
#3319=DIRECTION('center_axis',(-0.229752920547363,0.,-0.97324898946773));
#3320=DIRECTION('ref_axis',(-0.97324898946773,-1.51999683707409E-17,0.229752920547363));
#3321=DIRECTION('center_axis',(-0.948683298050514,0.,-0.316227766016837));
#3322=DIRECTION('ref_axis',(-0.311804782231161,0.16666666666667,0.935414346693485));
#3323=DIRECTION('center_axis',(-0.707106781186548,0.,-0.707106781186547));
#3324=DIRECTION('ref_axis',(-0.707106781186547,0.,0.707106781186548));
#3325=DIRECTION('center_axis',(0.,1.,0.));
#3326=DIRECTION('ref_axis',(0.,0.,1.));
#3327=DIRECTION('center_axis',(-0.707106781186547,0.,0.707106781186548));
#3328=DIRECTION('ref_axis',(0.707106781186548,0.,0.707106781186547));
#3329=DIRECTION('center_axis',(0.707106781186548,0.,-0.707106781186548));
#3330=DIRECTION('ref_axis',(-0.707106781186548,0.,-0.707106781186548));
#3331=DIRECTION('',(0.,1.,0.));
#3332=DIRECTION('center_axis',(-0.25881904510252,0.,0.965925826289069));
#3333=DIRECTION('ref_axis',(0.965925826289069,0.,0.258819045102519));
#3334=DIRECTION('center_axis',(0.,0.,1.));
#3335=DIRECTION('ref_axis',(1.,0.,0.));
#3336=DIRECTION('',(1.,0.,0.));
#3337=DIRECTION('',(0.,1.,0.));
#3338=DIRECTION('',(1.,0.,0.));
#3339=DIRECTION('center_axis',(0.,0.,-1.));
#3340=DIRECTION('ref_axis',(0.70710678118654,0.707106781186555,0.));
#3341=DIRECTION('',(0.,-1.,0.));
#3342=DIRECTION('center_axis',(-4.62592937266908E-16,0.,-1.));
#3343=DIRECTION('ref_axis',(-1.,0.,4.66293670342566E-16));
#3344=DIRECTION('center_axis',(-4.62592937266908E-16,0.,-1.));
#3345=DIRECTION('ref_axis',(0.486590881525816,0.873629964009894,-2.25093505132322E-16));
#3346=DIRECTION('center_axis',(4.62592937266908E-16,0.,1.));
#3347=DIRECTION('ref_axis',(0.486590881525816,0.873629964009894,-2.22044604925031E-16));
#3348=DIRECTION('center_axis',(3.74572074014716E-16,0.,1.));
#3349=DIRECTION('ref_axis',(-1.,0.,3.74572074014716E-16));
#3350=DIRECTION('center_axis',(4.62592937266908E-16,0.,1.));
#3351=DIRECTION('ref_axis',(1.,0.,-4.62592937266908E-16));
#3352=DIRECTION('',(0.,1.,0.));
#3353=DIRECTION('center_axis',(7.40148699627053E-16,9.27158181078207E-18,
1.));
#3354=DIRECTION('ref_axis',(-0.640886453833549,0.767635690476061,1.08270253839838E-15));
#3355=DIRECTION('',(7.40148699627053E-16,9.27158181078207E-18,1.));
#3356=DIRECTION('center_axis',(1.4493306230129E-16,0.,1.));
#3357=DIRECTION('ref_axis',(-0.640886453833549,0.767635690476061,1.08270253839838E-15));
#3358=DIRECTION('',(-7.00732496948991E-16,-1.64234181496179E-17,-1.));
#3359=DIRECTION('center_axis',(2.31296468633454E-16,0.,1.));
#3360=DIRECTION('ref_axis',(-0.640886453833549,0.767635690476061,1.08270253839838E-15));
#3361=DIRECTION('center_axis',(2.31296468633454E-16,0.,1.));
#3362=DIRECTION('ref_axis',(1.,0.,-2.66453525910038E-16));
#3363=DIRECTION('center_axis',(-2.31296468633454E-16,0.,-1.));
#3364=DIRECTION('ref_axis',(0.38461539194049,0.923076920024796,-9.0205620750794E-17));
#3365=DIRECTION('center_axis',(2.31296468633454E-16,0.,1.));
#3366=DIRECTION('ref_axis',(0.38461539194049,0.923076920024796,-8.89601819379073E-17));
#3367=DIRECTION('center_axis',(-1.,0.,7.40148699627053E-16));
#3368=DIRECTION('ref_axis',(7.40148699627053E-16,0.,1.));
#3369=DIRECTION('',(0.,1.,0.));
#3370=DIRECTION('',(0.,-1.,0.));
#3371=DIRECTION('center_axis',(-2.31296468633454E-16,0.,-1.));
#3372=DIRECTION('ref_axis',(-1.,0.,2.31296468633454E-16));
#3373=DIRECTION('center_axis',(-7.00732496948991E-16,-1.64234181496179E-17,
-1.));
#3374=DIRECTION('ref_axis',(0.131387942321904,0.991331028775159,-1.11022302462516E-16));
#3375=DIRECTION('center_axis',(1.4493306230129E-16,0.,1.));
#3376=DIRECTION('ref_axis',(0.131387942321904,0.991331028775159,-1.11022302462516E-16));
#3377=DIRECTION('center_axis',(-0.866025403784439,0.,-0.499999999999999));
#3378=DIRECTION('ref_axis',(0.499999999999999,0.,-0.866025403784439));
#3379=DIRECTION('center_axis',(0.500000000000001,0.,0.866025403784438));
#3380=DIRECTION('ref_axis',(-0.612372435695794,0.707106781186548,0.353553390593274));
#3381=DIRECTION('',(0.500000000000001,0.,0.866025403784438));
#3382=DIRECTION('center_axis',(2.86551210762524E-16,0.,1.));
#3383=DIRECTION('ref_axis',(-1.,-5.25810109558005E-16,2.12459368048518E-16));
#3384=DIRECTION('',(-0.500000000000001,0.,-0.866025403784438));
#3385=DIRECTION('center_axis',(-0.5,0.,0.866025403784439));
#3386=DIRECTION('ref_axis',(-0.866025403784439,0.,-0.5));
#3387=DIRECTION('center_axis',(-1.,0.,1.4493306230129E-16));
#3388=DIRECTION('ref_axis',(0.,0.707106781186548,-0.707106781186548));
#3389=DIRECTION('',(-1.,0.,1.4493306230129E-16));
#3390=DIRECTION('',(1.,0.,-1.4493306230129E-16));
#3391=DIRECTION('center_axis',(-0.5,0.,-0.866025403784438));
#3392=DIRECTION('ref_axis',(0.866025403784438,0.,-0.5));
#3393=DIRECTION('center_axis',(0.499999999999999,0.,-0.866025403784439));
#3394=DIRECTION('ref_axis',(0.612372435695795,0.707106781186548,0.353553390593273));
#3395=DIRECTION('',(-0.499999999999999,0.,0.866025403784439));
#3396=DIRECTION('center_axis',(2.86551210762524E-16,0.,1.));
#3397=DIRECTION('ref_axis',(1.,0.,-2.65574210060648E-16));
#3398=DIRECTION('',(0.499999999999999,0.,-0.866025403784439));
#3399=DIRECTION('center_axis',(-0.866025403784438,0.,0.500000000000001));
#3400=DIRECTION('ref_axis',(0.500000000000001,0.,0.866025403784438));
#3401=DIRECTION('',(0.,1.,0.));
#3402=DIRECTION('',(0.,1.,0.));
#3403=DIRECTION('center_axis',(0.866025403784438,0.,-0.500000000000001));
#3404=DIRECTION('ref_axis',(-0.500000000000001,0.,-0.866025403784438));
#3405=DIRECTION('',(0.500000000000001,0.,0.866025403784438));
#3406=DIRECTION('',(0.,-1.,0.));
#3407=DIRECTION('',(-0.500000000000001,0.,-0.866025403784438));
#3408=DIRECTION('',(0.,-1.,0.));
#3409=DIRECTION('center_axis',(-1.4493306230129E-16,0.,-1.));
#3410=DIRECTION('ref_axis',(-1.,0.,1.4493306230129E-16));
#3411=DIRECTION('',(0.,1.,0.));
#3412=DIRECTION('center_axis',(0.866025403784439,0.,0.499999999999999));
#3413=DIRECTION('ref_axis',(0.499999999999999,0.,-0.866025403784439));
#3414=DIRECTION('',(0.,1.,0.));
#3415=DIRECTION('center_axis',(0.500000000000001,0.,0.866025403784438));
#3416=DIRECTION('ref_axis',(-0.612372435695795,0.707106781186547,0.353553390593274));
#3417=DIRECTION('',(0.500000000000001,0.,0.866025403784438));
#3418=DIRECTION('',(-0.500000000000001,0.,-0.866025403784438));
#3419=DIRECTION('center_axis',(-0.499999999999999,0.,0.866025403784439));
#3420=DIRECTION('ref_axis',(-0.866025403784439,0.,-0.499999999999999));
#3421=DIRECTION('center_axis',(-1.,0.,8.51872100573125E-16));
#3422=DIRECTION('ref_axis',(-9.81307786677358E-16,0.707106781186548,-0.707106781186548));
#3423=DIRECTION('',(1.,0.,-8.51872100573125E-16));
#3424=DIRECTION('',(-1.,0.,8.51872100573125E-16));
#3425=DIRECTION('center_axis',(-0.866025403784438,0.,0.500000000000001));
#3426=DIRECTION('ref_axis',(0.500000000000001,0.,0.866025403784438));
#3427=DIRECTION('',(0.,1.,0.));
#3428=DIRECTION('',(0.,-1.,0.));
#3429=DIRECTION('center_axis',(-8.51872100573125E-16,0.,-1.));
#3430=DIRECTION('ref_axis',(-1.,0.,8.51872100573125E-16));
#3431=DIRECTION('center_axis',(0.500000000000001,0.,0.866025403784438));
#3432=DIRECTION('ref_axis',(-0.612372435695794,0.707106781186548,0.353553390593274));
#3433=DIRECTION('',(0.500000000000001,0.,0.866025403784438));
#3434=DIRECTION('',(-0.500000000000001,0.,-0.866025403784438));
#3435=DIRECTION('center_axis',(-0.5,0.,0.866025403784439));
#3436=DIRECTION('ref_axis',(-0.866025403784439,0.,-0.499999999999999));
#3437=DIRECTION('center_axis',(-1.,0.,2.86551210762524E-16));
#3438=DIRECTION('ref_axis',(0.,0.707106781186548,-0.707106781186548));
#3439=DIRECTION('',(1.,0.,-2.86551210762524E-16));
#3440=DIRECTION('center_axis',(-0.5,0.,-0.866025403784439));
#3441=DIRECTION('ref_axis',(0.866025403784439,0.,-0.5));
#3442=DIRECTION('',(-1.,0.,2.86551210762524E-16));
#3443=DIRECTION('center_axis',(0.5,0.,-0.866025403784438));
#3444=DIRECTION('ref_axis',(0.612372435695794,0.707106781186548,0.353553390593274));
#3445=DIRECTION('',(-0.5,0.,0.866025403784438));
#3446=DIRECTION('center_axis',(0.866025403784438,0.,-0.500000000000001));
#3447=DIRECTION('ref_axis',(0.500000000000001,-7.5115729936858E-17,0.866025403784438));
#3448=DIRECTION('',(0.5,0.,-0.866025403784438));
#3449=DIRECTION('center_axis',(-0.866025403784438,0.,0.500000000000001));
#3450=DIRECTION('ref_axis',(0.500000000000001,0.,0.866025403784438));
#3451=DIRECTION('',(0.,1.,0.));
#3452=DIRECTION('',(0.500000000000001,0.,0.866025403784438));
#3453=DIRECTION('',(0.,-1.,0.));
#3454=DIRECTION('',(-0.500000000000001,0.,-0.866025403784438));
#3455=DIRECTION('',(0.,-1.,0.));
#3456=DIRECTION('center_axis',(-2.86551210762524E-16,0.,-1.));
#3457=DIRECTION('ref_axis',(-1.,0.,2.86551210762524E-16));
#3458=DIRECTION('',(0.,1.,0.));
#3459=DIRECTION('',(-1.,0.,2.86551210762524E-16));
#3460=DIRECTION('',(1.,0.,-2.86551210762524E-16));
#3461=DIRECTION('',(0.,1.,0.));
#3462=DIRECTION('',(-1.,0.,2.86551210762524E-16));
#3463=DIRECTION('center_axis',(0.866025403784438,0.,0.5));
#3464=DIRECTION('ref_axis',(0.5,0.,-0.866025403784438));
#3465=DIRECTION('',(0.,1.,0.));
#3466=DIRECTION('center_axis',(-0.866025403784438,0.,0.500000000000001));
#3467=DIRECTION('ref_axis',(0.500000000000001,0.,0.866025403784438));
#3468=DIRECTION('',(0.,1.,0.));
#3469=DIRECTION('center_axis',(0.,1.,0.));
#3470=DIRECTION('ref_axis',(0.,0.,1.));
#3471=DIRECTION('center_axis',(0.,-1.,0.));
#3472=DIRECTION('ref_axis',(1.,0.,1.38777878078145E-16));
#3473=DIRECTION('center_axis',(-1.,0.,1.38777878078145E-16));
#3474=DIRECTION('ref_axis',(-1.38777878078145E-16,0.,-1.));
#3475=DIRECTION('center_axis',(0.,1.,0.));
#3476=DIRECTION('ref_axis',(1.,0.,1.38777878078145E-16));
#3477=DIRECTION('center_axis',(0.,1.,0.));
#3478=DIRECTION('ref_axis',(1.,0.,1.38777878078145E-16));
#3479=DIRECTION('center_axis',(0.,1.,0.));
#3480=DIRECTION('ref_axis',(1.,0.,1.38777878078145E-16));
#3481=DIRECTION('',(0.,-1.,0.));
#3482=DIRECTION('center_axis',(0.,1.,0.));
#3483=DIRECTION('ref_axis',(1.,0.,1.38777878078145E-16));
#3484=DIRECTION('center_axis',(0.,-1.,0.));
#3485=DIRECTION('ref_axis',(1.,0.,1.38777878078145E-16));
#3486=DIRECTION('',(0.,1.,0.));
#3487=DIRECTION('center_axis',(0.,1.,0.));
#3488=DIRECTION('ref_axis',(1.,0.,1.38777878078145E-16));
#3489=DIRECTION('center_axis',(0.,1.,0.));
#3490=DIRECTION('ref_axis',(-1.,0.,0.));
#3491=DIRECTION('center_axis',(0.866025403784439,0.,0.499999999999999));
#3492=DIRECTION('ref_axis',(0.499999999999999,0.,-0.866025403784439));
#3493=DIRECTION('',(-0.499999999999999,0.,0.866025403784439));
#3494=DIRECTION('',(0.499999999999999,0.,-0.866025403784439));
#3495=DIRECTION('center_axis',(0.866025403784439,0.,0.499999999999999));
#3496=DIRECTION('ref_axis',(0.499999999999999,0.,-0.866025403784439));
#3497=DIRECTION('',(-0.499999999999999,0.,0.866025403784439));
#3498=DIRECTION('',(0.499999999999999,0.,-0.866025403784439));
#3499=DIRECTION('center_axis',(0.,1.,0.));
#3500=DIRECTION('ref_axis',(-1.,0.,0.));
#3501=DIRECTION('center_axis',(0.,1.,0.));
#3502=DIRECTION('ref_axis',(-1.,0.,0.));
#3503=DIRECTION('center_axis',(0.,1.,0.));
#3504=DIRECTION('ref_axis',(-1.,0.,0.));
#3505=DIRECTION('center_axis',(0.,1.,0.));
#3506=DIRECTION('ref_axis',(0.,0.,1.));
#3507=DIRECTION('center_axis',(0.,1.,0.));
#3508=DIRECTION('ref_axis',(0.,0.,1.));
#3509=DIRECTION('center_axis',(0.,1.,0.));
#3510=DIRECTION('ref_axis',(0.,0.,1.));
#3511=DIRECTION('',(-0.5,0.,-0.866025403784439));
#3512=DIRECTION('',(-0.5,0.,0.866025403784438));
#3513=DIRECTION('',(1.,0.,0.));
#3514=DIRECTION('center_axis',(0.,1.,0.));
#3515=DIRECTION('ref_axis',(-1.,0.,0.));
#3516=DIRECTION('',(0.5,0.,0.866025403784439));
#3517=DIRECTION('center_axis',(0.,-1.,0.));
#3518=DIRECTION('ref_axis',(-1.,0.,0.));
#3519=DIRECTION('center_axis',(0.,1.,0.));
#3520=DIRECTION('ref_axis',(0.866025403784439,0.,-0.5));
#3521=DIRECTION('center_axis',(0.,1.,0.));
#3522=DIRECTION('ref_axis',(-1.,0.,0.));
#3523=DIRECTION('center_axis',(1.,0.,0.));
#3524=DIRECTION('ref_axis',(0.,0.707106781186545,0.70710678118655));
#3525=DIRECTION('center_axis',(-0.866025403784438,0.,0.500000000000001));
#3526=DIRECTION('ref_axis',(0.500000000000001,0.,0.866025403784438));
#3527=DIRECTION('',(-1.,0.,0.));
#3528=DIRECTION('center_axis',(0.866025403784439,0.,0.5));
#3529=DIRECTION('ref_axis',(-0.499999999999999,0.,0.866025403784439));
#3530=DIRECTION('',(1.,0.,0.));
#3531=DIRECTION('center_axis',(0.,1.,0.));
#3532=DIRECTION('ref_axis',(0.,0.,1.));
#3533=DIRECTION('',(-0.500000000000001,0.,-0.866025403784438));
#3534=DIRECTION('',(0.,0.,-1.));
#3535=DIRECTION('',(1.,0.,0.));
#3536=DIRECTION('',(-0.499999999999999,0.,0.866025403784439));
#3537=DIRECTION('center_axis',(0.866025403784438,0.,-0.500000000000001));
#3538=DIRECTION('ref_axis',(-0.500000000000001,0.,-0.866025403784438));
#3539=DIRECTION('',(0.,1.,0.));
#3540=DIRECTION('',(0.,-1.,0.));
#3541=DIRECTION('center_axis',(-0.6,0.,0.8));
#3542=DIRECTION('ref_axis',(-0.565685424949238,0.707106781186548,-0.424264068711929));
#3543=DIRECTION('',(-0.6,0.,0.8));
#3544=DIRECTION('center_axis',(-0.894427190999916,0.,0.447213595499958));
#3545=DIRECTION('ref_axis',(-0.447213595499958,7.75791922889773E-17,-0.894427190999916));
#3546=DIRECTION('',(0.6,0.,-0.8));
#3547=DIRECTION('center_axis',(-0.995959313953112,0.,-0.0898055953159147));
#3548=DIRECTION('ref_axis',(0.0898055953159147,0.,-0.995959313953112));
#3549=DIRECTION('center_axis',(-0.447213595499958,0.,-0.894427190999916));
#3550=DIRECTION('ref_axis',(0.632455532033675,0.707106781186549,-0.316227766016837));
#3551=DIRECTION('',(0.447213595499958,0.,0.894427190999916));
#3552=DIRECTION('center_axis',(0.,0.,1.));
#3553=DIRECTION('ref_axis',(1.,-4.65475153733863E-16,0.));
#3554=DIRECTION('',(-0.447213595499958,0.,-0.894427190999916));
#3555=DIRECTION('center_axis',(-0.8,0.,-0.6));
#3556=DIRECTION('ref_axis',(-0.6,0.,0.8));
#3557=DIRECTION('',(0.,1.,0.));
#3558=DIRECTION('',(0.,-1.,0.));
#3559=DIRECTION('center_axis',(0.894427190999916,0.,-0.447213595499958));
#3560=DIRECTION('ref_axis',(-0.447213595499958,0.,-0.894427190999916));
#3561=DIRECTION('',(0.,1.,0.));
#3562=DIRECTION('center_axis',(-1.,0.,0.));
#3563=DIRECTION('ref_axis',(0.,0.707106781186548,-0.707106781186548));
#3564=DIRECTION('',(-1.,0.,0.));
#3565=DIRECTION('',(1.,0.,0.));
#3566=DIRECTION('center_axis',(-0.85065080835204,0.,0.525731112119133));
#3567=DIRECTION('ref_axis',(0.525731112119133,0.,0.85065080835204));
#3568=DIRECTION('center_axis',(-0.447213595499958,0.,0.894427190999916));
#3569=DIRECTION('ref_axis',(-0.632455532033675,0.707106781186549,-0.316227766016837));
#3570=DIRECTION('',(0.447213595499958,0.,-0.894427190999916));
#3571=DIRECTION('center_axis',(-1.,0.,0.));
#3572=DIRECTION('ref_axis',(0.,0.,-1.));
#3573=DIRECTION('',(-0.447213595499958,0.,0.894427190999916));
#3574=DIRECTION('center_axis',(-0.447213595499958,0.,-0.894427190999916));
#3575=DIRECTION('ref_axis',(0.632455532033675,0.707106781186549,-0.316227766016837));
#3576=DIRECTION('',(0.447213595499958,0.,0.894427190999916));
#3577=DIRECTION('center_axis',(-0.85065080835204,0.,-0.525731112119133));
#3578=DIRECTION('ref_axis',(-0.525731112119133,0.,0.85065080835204));
#3579=DIRECTION('',(-0.447213595499958,0.,-0.894427190999916));
#3580=DIRECTION('center_axis',(-1.,0.,0.));
#3581=DIRECTION('ref_axis',(0.,0.707106781186548,-0.707106781186548));
#3582=DIRECTION('',(1.,0.,0.));
#3583=DIRECTION('center_axis',(-0.707106781186548,0.,-0.707106781186548));
#3584=DIRECTION('ref_axis',(0.707106781186547,0.,-0.707106781186547));
#3585=DIRECTION('',(-1.,0.,0.));
#3586=DIRECTION('center_axis',(0.,0.,-1.));
#3587=DIRECTION('ref_axis',(0.707106781186548,0.707106781186548,0.));
#3588=DIRECTION('',(0.,0.,1.));
#3589=DIRECTION('center_axis',(0.707106781186547,0.,-0.707106781186548));
#3590=DIRECTION('ref_axis',(0.707106781186548,0.,0.707106781186547));
#3591=DIRECTION('',(0.,0.,-1.));
#3592=DIRECTION('center_axis',(1.,0.,0.));
#3593=DIRECTION('ref_axis',(0.,0.707106781186548,0.707106781186547));
#3594=DIRECTION('',(-1.,0.,0.));
#3595=DIRECTION('center_axis',(0.707106781186547,0.,0.707106781186548));
#3596=DIRECTION('ref_axis',(-0.707106781186548,0.,0.707106781186547));
#3597=DIRECTION('',(1.,0.,0.));
#3598=DIRECTION('center_axis',(0.,0.,1.));
#3599=DIRECTION('ref_axis',(-0.707106781186548,0.707106781186548,0.));
#3600=DIRECTION('',(0.,0.,-1.));
#3601=DIRECTION('',(0.,0.,1.));
#3602=DIRECTION('center_axis',(0.,0.,-1.));
#3603=DIRECTION('ref_axis',(-1.,0.,0.));
#3604=DIRECTION('',(0.,-1.,0.));
#3605=DIRECTION('',(0.,-1.,0.));
#3606=DIRECTION('center_axis',(-0.894427190999916,0.,-0.447213595499958));
#3607=DIRECTION('ref_axis',(-0.447213595499958,0.,0.894427190999916));
#3608=DIRECTION('',(0.,1.,0.));
#3609=DIRECTION('center_axis',(0.894427190999916,0.,-0.447213595499958));
#3610=DIRECTION('ref_axis',(-0.447213595499958,0.,-0.894427190999916));
#3611=DIRECTION('',(0.,1.,0.));
#3612=DIRECTION('center_axis',(0.,0.,-1.));
#3613=DIRECTION('ref_axis',(-1.,0.,0.));
#3614=DIRECTION('',(0.,1.,0.));
#3615=DIRECTION('',(-1.,0.,0.));
#3616=DIRECTION('center_axis',(1.,0.,0.));
#3617=DIRECTION('ref_axis',(0.,0.,-1.));
#3618=DIRECTION('',(0.,1.,0.));
#3619=DIRECTION('center_axis',(0.,0.,1.));
#3620=DIRECTION('ref_axis',(1.,0.,0.));
#3621=DIRECTION('',(0.,1.,0.));
#3622=DIRECTION('',(0.,1.,0.));
#3623=DIRECTION('center_axis',(-1.,0.,0.));
#3624=DIRECTION('ref_axis',(0.,0.,1.));
#3625=DIRECTION('',(0.,1.,0.));
#3626=DIRECTION('center_axis',(-0.447213595499958,0.,0.894427190999916));
#3627=DIRECTION('ref_axis',(-0.632455532033678,0.707106781186545,-0.316227766016839));
#3628=DIRECTION('',(-0.447213595499958,0.,0.894427190999916));
#3629=DIRECTION('center_axis',(0.447213595499958,0.,-0.894427190999916));
#3630=DIRECTION('ref_axis',(-0.894427190999916,0.,-0.447213595499958));
#3631=DIRECTION('',(0.447213595499958,0.,-0.894427190999916));
#3632=DIRECTION('center_axis',(-1.,0.,0.));
#3633=DIRECTION('ref_axis',(0.,0.,-1.));
#3634=DIRECTION('center_axis',(0.447213595499958,0.,0.894427190999916));
#3635=DIRECTION('ref_axis',(0.894427190999916,0.,-0.447213595499958));
#3636=DIRECTION('center_axis',(0.928476690885259,0.,-0.371390676354104));
#3637=DIRECTION('ref_axis',(0.371390676354104,0.,0.928476690885259));
#3638=DIRECTION('center_axis',(-0.894427190999916,0.,0.447213595499958));
#3639=DIRECTION('ref_axis',(0.447213595499958,0.,0.894427190999916));
#3640=DIRECTION('center_axis',(-0.447213595499958,0.,-0.894427190999916));
#3641=DIRECTION('ref_axis',(0.632455532033678,0.707106781186545,-0.316227766016839));
#3642=DIRECTION('',(0.447213595499958,0.,0.894427190999916));
#3643=DIRECTION('',(-0.447213595499958,0.,-0.894427190999916));
#3644=DIRECTION('center_axis',(-0.928476690885259,0.,-0.371390676354104));
#3645=DIRECTION('ref_axis',(-0.371390676354104,0.,0.928476690885259));
#3646=DIRECTION('center_axis',(0.894427190999916,0.,0.447213595499958));
#3647=DIRECTION('ref_axis',(-0.447213595499958,0.,0.894427190999916));
#3648=DIRECTION('center_axis',(-0.894427190999916,0.,-0.447213595499958));
#3649=DIRECTION('ref_axis',(-0.447213595499958,0.,0.894427190999916));
#3650=DIRECTION('',(0.,1.,0.));
#3651=DIRECTION('',(-0.447213595499958,0.,0.894427190999916));
#3652=DIRECTION('center_axis',(0.894427190999916,0.,-0.447213595499958));
#3653=DIRECTION('ref_axis',(-0.447213595499958,0.,-0.894427190999916));
#3654=DIRECTION('',(-0.447213595499958,0.,-0.894427190999916));
#3655=DIRECTION('center_axis',(1.,0.,0.));
#3656=DIRECTION('ref_axis',(0.,0.707106781186547,0.707106781186548));
#3657=DIRECTION('',(-1.,0.,0.));
#3658=DIRECTION('',(-1.,0.,0.));
#3659=DIRECTION('center_axis',(0.,1.,0.));
#3660=DIRECTION('ref_axis',(0.,0.,1.));
#3661=DIRECTION('center_axis',(0.,-1.,0.));
#3662=DIRECTION('ref_axis',(-1.,0.,0.));
#3663=DIRECTION('center_axis',(-1.,0.,0.));
#3664=DIRECTION('ref_axis',(0.,0.,-1.));
#3665=DIRECTION('center_axis',(0.,1.,0.));
#3666=DIRECTION('ref_axis',(-1.,0.,0.));
#3667=DIRECTION('center_axis',(0.,1.,0.));
#3668=DIRECTION('ref_axis',(-1.,0.,0.));
#3669=DIRECTION('center_axis',(0.,1.,0.));
#3670=DIRECTION('ref_axis',(-1.,0.,0.));
#3671=DIRECTION('',(0.,-1.,0.));
#3672=DIRECTION('center_axis',(0.,1.,0.));
#3673=DIRECTION('ref_axis',(-1.,0.,0.));
#3674=DIRECTION('center_axis',(0.,1.,0.));
#3675=DIRECTION('ref_axis',(-1.,0.,0.));
#3676=DIRECTION('center_axis',(0.,0.,1.));
#3677=DIRECTION('ref_axis',(1.,0.,0.));
#3678=DIRECTION('',(0.,1.,0.));
#3679=DIRECTION('center_axis',(-0.866025403784439,0.,-0.5));
#3680=DIRECTION('ref_axis',(-0.499999999999999,0.,0.866025403784439));
#3681=DIRECTION('center_axis',(0.,1.,0.));
#3682=DIRECTION('ref_axis',(0.,0.,1.));
#3683=DIRECTION('center_axis',(0.,1.,0.));
#3684=DIRECTION('ref_axis',(0.,0.,1.));
#3685=DIRECTION('center_axis',(0.,1.,0.));
#3686=DIRECTION('ref_axis',(-1.,0.,0.));
#3687=DIRECTION('center_axis',(0.,1.,0.));
#3688=DIRECTION('ref_axis',(0.866025403784438,0.,-0.5));
#3689=DIRECTION('',(0.,-1.,0.));
#3690=DIRECTION('',(0.,1.,0.));
#3691=DIRECTION('center_axis',(0.,-1.,0.));
#3692=DIRECTION('ref_axis',(-1.,0.,0.));
#3693=DIRECTION('',(0.,-1.,0.));
#3694=DIRECTION('center_axis',(0.,-1.,0.));
#3695=DIRECTION('ref_axis',(-1.,0.,0.));
#3696=DIRECTION('',(0.,1.,0.));
#3697=DIRECTION('center_axis',(0.866025403784439,0.,-0.5));
#3698=DIRECTION('ref_axis',(-0.5,0.,-0.866025403784439));
#3699=DIRECTION('',(0.,1.,0.));
#3700=DIRECTION('',(0.,1.,0.));
#3701=DIRECTION('',(-0.5,0.,-0.866025403784439));
#3702=DIRECTION('center_axis',(-0.866025403784439,0.,0.5));
#3703=DIRECTION('ref_axis',(-0.5,-2.25347189810574E-16,-0.866025403784438));
#3704=DIRECTION('',(0.,-1.,0.));
#3705=DIRECTION('',(0.5,0.,0.866025403784439));
#3706=DIRECTION('center_axis',(0.866025403784439,0.,-0.499999999999999));
#3707=DIRECTION('ref_axis',(-0.499999999999999,0.,-0.866025403784439));
#3708=DIRECTION('',(-0.499999999999999,0.,-0.866025403784439));
#3709=DIRECTION('',(0.,1.,0.));
#3710=DIRECTION('center_axis',(0.,0.,-1.));
#3711=DIRECTION('ref_axis',(-1.,0.,0.));
#3712=DIRECTION('center_axis',(-1.,0.,0.));
#3713=DIRECTION('ref_axis',(0.,-1.11022302462516E-14,1.));
#3714=DIRECTION('center_axis',(0.,0.,1.));
#3715=DIRECTION('ref_axis',(-0.774574801050134,0.632482314043757,0.));
#3716=DIRECTION('center_axis',(0.,0.,-1.));
#3717=DIRECTION('ref_axis',(-0.774574801050134,0.632482314043757,0.));
#3718=DIRECTION('center_axis',(0.,0.,1.));
#3719=DIRECTION('ref_axis',(1.,0.,0.));
#3720=DIRECTION('',(0.,1.,0.));
#3721=DIRECTION('',(1.,0.,0.));
#3722=DIRECTION('center_axis',(0.,0.,1.));
#3723=DIRECTION('ref_axis',(1.,0.,0.));
#3724=DIRECTION('center_axis',(-1.,0.,0.));
#3725=DIRECTION('ref_axis',(0.,1.,0.));
#3726=DIRECTION('center_axis',(0.,0.,1.));
#3727=DIRECTION('ref_axis',(-0.774574801050134,0.632482314043757,0.));
#3728=DIRECTION('center_axis',(0.,0.,-1.));
#3729=DIRECTION('ref_axis',(-0.774574801050134,0.632482314043757,0.));
#3730=DIRECTION('center_axis',(-1.,0.,0.));
#3731=DIRECTION('ref_axis',(0.,0.707106781186555,-0.70710678118654));
#3732=DIRECTION('',(1.,0.,0.));
#3733=DIRECTION('center_axis',(0.866025403784439,0.,0.5));
#3734=DIRECTION('ref_axis',(0.5,1.50231459873716E-16,-0.866025403784439));
#3735=DIRECTION('',(1.,0.,0.));
#3736=DIRECTION('center_axis',(0.866025403784438,0.,0.5));
#3737=DIRECTION('ref_axis',(0.5,1.50231459873716E-16,-0.866025403784438));
#3738=DIRECTION('',(-1.,0.,0.));
#3739=DIRECTION('center_axis',(0.,0.,-1.));
#3740=DIRECTION('ref_axis',(-0.927024810886958,0.375,0.));
#3741=DIRECTION('',(0.,0.,-1.));
#3742=DIRECTION('center_axis',(0.,1.,0.));
#3743=DIRECTION('ref_axis',(0.,0.,1.));
#3744=DIRECTION('',(-1.,0.,0.));
#3745=DIRECTION('',(0.,0.,1.));
#3746=DIRECTION('',(-0.5,0.,0.866025403784439));
#3747=DIRECTION('center_axis',(1.,0.,0.));
#3748=DIRECTION('ref_axis',(0.,0.707106781186555,0.70710678118654));
#3749=DIRECTION('center_axis',(0.707106781186548,0.,-0.707106781186548));
#3750=DIRECTION('ref_axis',(0.707106781186547,0.,0.707106781186547));
#3751=DIRECTION('center_axis',(0.,0.,-1.));
#3752=DIRECTION('ref_axis',(-1.,0.,0.));
#3753=DIRECTION('',(0.,1.,0.));
#3754=DIRECTION('center_axis',(0.,0.,-1.));
#3755=DIRECTION('ref_axis',(0.70710678118654,0.707106781186555,0.));
#3756=DIRECTION('',(0.,0.,-1.));
#3757=DIRECTION('center_axis',(1.,0.,0.));
#3758=DIRECTION('ref_axis',(0.,0.,-1.));
#3759=DIRECTION('center_axis',(0.,1.,0.));
#3760=DIRECTION('ref_axis',(-1.,0.,0.));
#3761=DIRECTION('',(0.5,0.,-0.866025403784439));
#3762=DIRECTION('center_axis',(-0.866025403784438,0.,-0.5));
#3763=DIRECTION('ref_axis',(-0.5,0.,0.866025403784438));
#3764=DIRECTION('',(0.,1.,0.));
#3765=DIRECTION('center_axis',(-0.5,0.,-0.866025403784439));
#3766=DIRECTION('ref_axis',(0.612372435695786,0.707106781186553,-0.353553390593277));
#3767=DIRECTION('',(-0.5,0.,-0.866025403784439));
#3768=DIRECTION('center_axis',(0.,0.,-1.));
#3769=DIRECTION('ref_axis',(1.,-5.25810109558006E-16,2.6557421006065E-17));
#3770=DIRECTION('',(0.5,0.,0.866025403784439));
#3771=DIRECTION('center_axis',(0.5,-5.2041704279303E-16,-0.866025403784439));
#3772=DIRECTION('ref_axis',(0.866025403784439,-3.00462919747425E-16,0.5));
#3773=DIRECTION('center_axis',(1.,0.,0.));
#3774=DIRECTION('ref_axis',(0.,0.707106781186555,0.70710678118654));
#3775=DIRECTION('',(-1.,0.,0.));
#3776=DIRECTION('center_axis',(0.866025403784439,0.,0.5));
#3777=DIRECTION('ref_axis',(-0.5,1.50231459873716E-16,0.866025403784439));
#3778=DIRECTION('center_axis',(0.,1.,0.));
#3779=DIRECTION('ref_axis',(0.,0.,1.));
#3780=DIRECTION('',(-1.,0.,0.));
#3781=DIRECTION('',(-0.5,0.,0.866025403784439));
#3782=DIRECTION('center_axis',(-0.5,0.,0.866025403784439));
#3783=DIRECTION('ref_axis',(-0.612372435695804,0.707106781186541,-0.353553390593271));
#3784=DIRECTION('',(-0.5,0.,0.866025403784439));
#3785=DIRECTION('',(0.5,0.,-0.866025403784439));
#3786=DIRECTION('center_axis',(-0.499999999999999,0.,-0.866025403784439));
#3787=DIRECTION('ref_axis',(0.612372435695799,0.707106781186538,-0.353553390593285));
#3788=DIRECTION('',(0.499999999999999,0.,0.866025403784439));
#3789=DIRECTION('center_axis',(0.500000000000001,0.,-0.866025403784438));
#3790=DIRECTION('ref_axis',(0.866025403784438,0.,0.500000000000001));
#3791=DIRECTION('center_axis',(1.,0.,0.));
#3792=DIRECTION('ref_axis',(0.,0.70710678118654,0.707106781186555));
#3793=DIRECTION('',(-1.,0.,0.));
#3794=DIRECTION('center_axis',(-0.866025403784439,0.,0.5));
#3795=DIRECTION('ref_axis',(0.5,3.00462919747432E-16,0.866025403784439));
#3796=DIRECTION('',(1.,0.,0.));
#3797=DIRECTION('center_axis',(-0.866025403784439,0.,-0.5));
#3798=DIRECTION('ref_axis',(-0.5,0.,0.866025403784439));
#3799=DIRECTION('center_axis',(0.,0.,1.));
#3800=DIRECTION('ref_axis',(1.,0.,0.));
#3801=DIRECTION('',(0.,1.,0.));
#3802=DIRECTION('center_axis',(-0.866025403784439,0.,-0.5));
#3803=DIRECTION('ref_axis',(-0.5,0.,0.866025403784439));
#3804=DIRECTION('',(0.5,0.,-0.866025403784439));
#3805=DIRECTION('',(0.,-1.,0.));
#3806=DIRECTION('',(-0.5,0.,0.866025403784439));
#3807=DIRECTION('',(0.,1.,0.));
#3808=DIRECTION('center_axis',(0.,1.,0.));
#3809=DIRECTION('ref_axis',(0.,0.,1.));
#3810=DIRECTION('',(1.,0.,0.));
#3811=DIRECTION('',(-0.5,0.,-0.866025403784439));
#3812=DIRECTION('center_axis',(0.866025403784439,0.,-0.5));
#3813=DIRECTION('ref_axis',(-0.5,0.,-0.866025403784439));
#3814=DIRECTION('',(0.5,0.,0.866025403784439));
#3815=DIRECTION('',(0.,1.,0.));
#3816=DIRECTION('center_axis',(0.,1.,0.));
#3817=DIRECTION('ref_axis',(-1.,0.,0.));
#3818=DIRECTION('',(-1.,0.,0.));
#3819=DIRECTION('center_axis',(0.,0.,1.));
#3820=DIRECTION('ref_axis',(1.,0.,0.));
#3821=DIRECTION('',(0.,-1.,0.));
#3822=DIRECTION('center_axis',(-0.866025403784439,0.,-0.5));
#3823=DIRECTION('ref_axis',(-0.5,0.,0.866025403784439));
#3824=DIRECTION('center_axis',(0.,1.,0.));
#3825=DIRECTION('ref_axis',(0.,0.,1.));
#3826=DIRECTION('center_axis',(-1.,0.,1.11022302462516E-16));
#3827=DIRECTION('ref_axis',(-1.11022302462516E-16,0.,-1.));
#3828=DIRECTION('center_axis',(0.,1.,0.));
#3829=DIRECTION('ref_axis',(-1.,0.,0.));
#3830=DIRECTION('center_axis',(0.,1.,0.));
#3831=DIRECTION('ref_axis',(-1.,0.,0.));
#3832=DIRECTION('center_axis',(0.,1.,0.));
#3833=DIRECTION('ref_axis',(-1.,0.,0.));
#3834=DIRECTION('',(0.,-1.,0.));
#3835=DIRECTION('center_axis',(0.,-1.,0.));
#3836=DIRECTION('ref_axis',(-1.,0.,0.));
#3837=DIRECTION('center_axis',(0.,-1.,0.));
#3838=DIRECTION('ref_axis',(-1.,0.,0.));
#3839=DIRECTION('center_axis',(0.,1.,0.));
#3840=DIRECTION('ref_axis',(0.,0.,1.));
#3841=DIRECTION('center_axis',(-1.,0.,1.11022302462516E-16));
#3842=DIRECTION('ref_axis',(-1.11022302462516E-16,0.,-1.));
#3843=DIRECTION('center_axis',(0.,1.,0.));
#3844=DIRECTION('ref_axis',(-1.,0.,0.));
#3845=DIRECTION('center_axis',(0.,1.,0.));
#3846=DIRECTION('ref_axis',(-1.,0.,0.));
#3847=CARTESIAN_POINT('',(0.,0.,0.));
#3848=CARTESIAN_POINT('Origin',(0.,0.,-2.5));
#3849=CARTESIAN_POINT('',(0.,0.,-2.5));
#3850=CARTESIAN_POINT('',(5.,0.,-2.5));
#3851=CARTESIAN_POINT('',(0.,0.,-2.5));
#3852=CARTESIAN_POINT('',(5.,6.,-2.5));
#3853=CARTESIAN_POINT('',(5.,0.,-2.5));
#3854=CARTESIAN_POINT('',(0.,6.,-2.5));
#3855=CARTESIAN_POINT('',(1.25,6.,-2.5));
#3856=CARTESIAN_POINT('',(0.,0.,-2.5));
#3857=CARTESIAN_POINT('Origin',(0.,0.,-7.5));
#3858=CARTESIAN_POINT('',(0.,0.,-7.5));
#3859=CARTESIAN_POINT('',(0.,0.,-7.5));
#3860=CARTESIAN_POINT('',(0.,6.,-7.5));
#3861=CARTESIAN_POINT('',(0.,6.,-6.25));
#3862=CARTESIAN_POINT('',(0.,0.,-7.5));
#3863=CARTESIAN_POINT('Origin',(5.,0.,-7.5));
#3864=CARTESIAN_POINT('',(5.,0.,-7.5));
#3865=CARTESIAN_POINT('',(5.,0.,-7.5));
#3866=CARTESIAN_POINT('',(5.,6.,-7.5));
#3867=CARTESIAN_POINT('',(3.75,6.,-7.5));
#3868=CARTESIAN_POINT('',(5.,0.,-7.5));
#3869=CARTESIAN_POINT('Origin',(5.,0.,-2.5));
#3870=CARTESIAN_POINT('',(5.,0.,-2.5));
#3871=CARTESIAN_POINT('',(5.,6.,-3.75));
#3872=CARTESIAN_POINT('Origin',(2.5,0.,-5.));
#3873=CARTESIAN_POINT('Origin',(0.459893905425213,12.2,-4.44162183985401));
#3874=CARTESIAN_POINT('',(0.459893905425213,12.5,-5.39162183985401));
#3875=CARTESIAN_POINT('Origin',(0.459893905425213,12.5,-4.44162183985401));
#3876=CARTESIAN_POINT('',(0.459893905425213,12.2,-5.69162183985401));
#3877=CARTESIAN_POINT('Origin',(0.459893905425213,12.2,-5.39162183985401));
#3878=CARTESIAN_POINT('',(-0.137400569297968,12.2,-5.53968345491263));
#3879=CARTESIAN_POINT('Origin',(0.459893905425213,12.2,-4.44162183985401));
#3880=CARTESIAN_POINT('',(-0.114347271536077,12.359782013584,-5.49975397190703));
#3881=CARTESIAN_POINT('Ctrl Pts',(-0.137400569297967,12.2,-5.53968345491263));
#3882=CARTESIAN_POINT('Ctrl Pts',(-0.137400569297967,12.2370194929585,-5.53968345491263));
#3883=CARTESIAN_POINT('Ctrl Pts',(-0.133066385592036,12.2805889446791,-5.53217642852462));
#3884=CARTESIAN_POINT('Ctrl Pts',(-0.122918216353244,12.3295799390797,-5.51459928379923));
#3885=CARTESIAN_POINT('Ctrl Pts',(-0.11898995694287,12.3450318087051,-5.50779533891515));
#3886=CARTESIAN_POINT('Ctrl Pts',(-0.114347271536077,12.359782013584,-5.49975397190703));
#3887=CARTESIAN_POINT('',(-0.205580655408583,12.2,-5.49975397190703));
#3888=CARTESIAN_POINT('Ctrl Pts',(-0.114347271536077,12.359782013584,-5.49975397190703));
#3889=CARTESIAN_POINT('Ctrl Pts',(-0.123515976277632,12.3528324317883,-5.49975397190703));
#3890=CARTESIAN_POINT('Ctrl Pts',(-0.132113086436457,12.3455418915781,-5.49975397190703));
#3891=CARTESIAN_POINT('Ctrl Pts',(-0.159793698990762,12.3192211873891,-5.49975397190703));
#3892=CARTESIAN_POINT('Ctrl Pts',(-0.179691348469169,12.2930133064022,-5.49975397190703));
#3893=CARTESIAN_POINT('Ctrl Pts',(-0.199755826784513,12.2478157789314,-5.49975397190703));
#3894=CARTESIAN_POINT('Ctrl Pts',(-0.205580655408582,12.2220297646244,-5.49975397190703));
#3895=CARTESIAN_POINT('Ctrl Pts',(-0.205580655408582,12.2,-5.49975397190703));
#3896=CARTESIAN_POINT('',(1.43354272701863,12.1999999887514,-3.65771625101709));
#3897=CARTESIAN_POINT('Origin',(0.459893905425213,12.2,-4.44162183985401));
#3898=CARTESIAN_POINT('',(1.52701936199808,12.25,-3.79876039340648));
#3899=CARTESIAN_POINT('Ctrl Pts',(1.52701936199808,12.25,-3.79876039340648));
#3900=CARTESIAN_POINT('Ctrl Pts',(1.52180354367225,12.2499999986453,-3.79010233368244));
#3901=CARTESIAN_POINT('Ctrl Pts',(1.51651474607304,12.2495188089648,-3.78140204688003));
#3902=CARTESIAN_POINT('Ctrl Pts',(1.50371494396283,12.2471574831667,-3.76056493520022));
#3903=CARTESIAN_POINT('Ctrl Pts',(1.49617824826813,12.2448058010158,-3.74846798420694));
#3904=CARTESIAN_POINT('Ctrl Pts',(1.47406102612834,12.2349967286143,-3.7137797699697));
#3905=CARTESIAN_POINT('Ctrl Pts',(1.45948567593225,12.2248980944312,-3.691872708935));
#3906=CARTESIAN_POINT('Ctrl Pts',(1.44102736831315,12.2076562446429,-3.66720418199898));
#3907=CARTESIAN_POINT('Ctrl Pts',(1.43728730364408,12.2039378275147,-3.66236719672835));
#3908=CARTESIAN_POINT('Ctrl Pts',(1.43354273026124,12.1999999809127,-3.65771625504458));
#3909=CARTESIAN_POINT('',(1.34081035418595,12.25,-5.32253828861475));
#3910=CARTESIAN_POINT('Origin',(0.459893905425213,12.25,-4.44162183985401));
#3911=CARTESIAN_POINT('',(1.3437773819084,12.2,-5.32550531633719));
#3912=CARTESIAN_POINT('Origin',(1.13164534755243,12.2,-5.11337328198123));
#3913=CARTESIAN_POINT('Origin',(0.459893905425213,12.2,-4.44162183985401));
#3914=CARTESIAN_POINT('Origin',(-0.114347271536077,11.,-5.49975397190703));
#3915=CARTESIAN_POINT('',(-0.114347271536077,11.9,-5.49975397190703));
#3916=CARTESIAN_POINT('',(-0.114347271536077,11.,-5.49975397190703));
#3917=CARTESIAN_POINT('',(-0.205580655408583,11.9,-5.49975397190703));
#3918=CARTESIAN_POINT('',(-1.55064354384195,11.9,-5.49975397190703));
#3919=CARTESIAN_POINT('',(-0.205580655408583,11.,-5.49975397190703));
#3920=CARTESIAN_POINT('Origin',(0.459893905425213,11.,-4.44162183985401));
#3921=CARTESIAN_POINT('',(1.3437773819084,11.,-5.32550531633719));
#3922=CARTESIAN_POINT('',(1.3437773819084,11.,-5.32550531633719));
#3923=CARTESIAN_POINT('',(-0.137400569297968,11.,-5.53968345491263));
#3924=CARTESIAN_POINT('Origin',(0.459893905425213,11.,-4.44162183985401));
#3925=CARTESIAN_POINT('',(-0.137400569297968,11.9,-5.53968345491263));
#3926=CARTESIAN_POINT('',(-0.137400569297968,11.,-5.53968345491263));
#3927=CARTESIAN_POINT('',(-0.137400569297968,11.,-5.53968345491263));
#3928=CARTESIAN_POINT('Origin',(0.459893905425213,11.,-4.44162183985401));
#3929=CARTESIAN_POINT('',(-0.205580655408583,11.,-5.49975397190703));
#3930=CARTESIAN_POINT('',(-0.205580655408583,11.,-5.49975397190703));
#3931=CARTESIAN_POINT('',(1.3437773819084,11.,-3.55773836337082));
#3932=CARTESIAN_POINT('Origin',(0.459893905425213,11.,-4.44162183985401));
#3933=CARTESIAN_POINT('',(1.3437773819084,11.95,-3.55773836337082));
#3934=CARTESIAN_POINT('',(1.3437773819084,11.,-3.55773836337082));
#3935=CARTESIAN_POINT('Ctrl Pts',(1.3437773819084,11.95,-3.55773836337082));
#3936=CARTESIAN_POINT('Ctrl Pts',(1.3437773819084,11.9876832192857,-3.55773836337082));
#3937=CARTESIAN_POINT('Ctrl Pts',(1.34915555875882,12.0278753893088,-3.56301595736097));
#3938=CARTESIAN_POINT('Ctrl Pts',(1.37041635347329,12.1017937579497,-3.58506859753638));
#3939=CARTESIAN_POINT('Ctrl Pts',(1.38623078201307,12.1355189929822,-3.60191250793133));
#3940=CARTESIAN_POINT('Ctrl Pts',(1.41277119819403,12.1758982853988,-3.63247703472493));
#3941=CARTESIAN_POINT('Ctrl Pts',(1.42285321017033,12.1887587290887,-3.64443935170794));
#3942=CARTESIAN_POINT('Ctrl Pts',(1.43354273026077,12.1999999809122,-3.65771625504399));
#3943=CARTESIAN_POINT('Origin',(-0.137400569297967,11.,-5.53968345491263));
#3944=CARTESIAN_POINT('',(-0.413575661599801,11.9,-6.01803274656443));
#3945=CARTESIAN_POINT('Origin',(0.459893905425213,12.5,-4.44162183985401));
#3946=CARTESIAN_POINT('Origin',(2.44721529967952,11.95,-4.02478013592721));
#3947=CARTESIAN_POINT('',(1.87410748887173,11.95,-3.02740825640749));
#3948=CARTESIAN_POINT('',(4.07707752517597,11.95,-5.23037829271173));
#3949=CARTESIAN_POINT('',(2.65934733403549,11.95,-3.81264810157124));
#3950=CARTESIAN_POINT('',(3.86494549082001,12.25,-5.44251032706769));
#3951=CARTESIAN_POINT('Origin',(3.86494549082001,11.95,-5.44251032706769));
#3952=CARTESIAN_POINT('',(1.87410748887173,12.25,-3.45167232511942));
#3953=CARTESIAN_POINT('',(2.44721529967952,12.25,-4.02478013592721));
#3954=CARTESIAN_POINT('Origin',(1.87410748887173,11.95,-3.45167232511942));
#3955=CARTESIAN_POINT('Origin',(1.54565412732489,11.95,-3.78012568666626));
#3956=CARTESIAN_POINT('',(1.54565412732489,12.25,-3.78012568666626));
#3957=CARTESIAN_POINT('',(1.33352209296893,11.95,-3.56799365231029));
#3958=CARTESIAN_POINT('Origin',(3.86494549082001,11.,-5.44251032706769));
#3959=CARTESIAN_POINT('',(4.15472323870673,11.95,-5.52015604059845));
#3960=CARTESIAN_POINT('Origin',(3.86494549082001,11.95,-5.44251032706769));
#3961=CARTESIAN_POINT('',(4.07707752517597,11.5,-5.23037829271173));
#3962=CARTESIAN_POINT('',(4.07707752517597,11.,-5.23037829271173));
#3963=CARTESIAN_POINT('',(4.15472323870673,11.5,-5.52015604059845));
#3964=CARTESIAN_POINT('Origin',(3.86494549082001,11.5,-5.44251032706769));
#3965=CARTESIAN_POINT('',(4.15472323870673,11.,-5.52015604059845));
#3966=CARTESIAN_POINT('Origin',(3.86494549082001,11.95,-5.44251032706769));
#3967=CARTESIAN_POINT('Origin',(3.86494549082001,11.95,-5.44251032706769));
#3968=CARTESIAN_POINT('Origin',(2.89374649435697,12.25,-5.14872863157727));
#3969=CARTESIAN_POINT('',(3.53648861775237,12.25,-6.66832806545129));
#3970=CARTESIAN_POINT('',(3.89155359121149,12.25,-5.34320754451379));
#3971=CARTESIAN_POINT('',(4.01945153809362,12.25,-6.53891854097168));
#3972=CARTESIAN_POINT('',(3.67755015552342,12.25,-6.63053074032245));
#3973=CARTESIAN_POINT('',(3.28832107231825,12.25,-7.27004900674705));
#3974=CARTESIAN_POINT('',(3.28832107231825,12.25,-7.27004900674705));
#3975=CARTESIAN_POINT('',(2.63829116933755,12.25,-6.62001910376634));
#3976=CARTESIAN_POINT('',(0.459893905425213,12.25,-4.44162183985401));
#3977=CARTESIAN_POINT('',(3.48236877308027,12.25,-6.33865990251877));
#3978=CARTESIAN_POINT('',(2.55101202671277,12.25,-6.64911215130794));
#3979=CARTESIAN_POINT('',(2.09838980137675,12.25,-4.95468093081525));
#3980=CARTESIAN_POINT('',(2.96715598515932,12.25,-5.82344711459782));
#3981=CARTESIAN_POINT('',(1.81703060012918,12.25,-5.79875853455797));
#3982=CARTESIAN_POINT('',(1.87632590155299,12.25,-5.62087263028653));
#3983=CARTESIAN_POINT('',(0.459893905425213,12.25,-4.44162183985401));
#3984=CARTESIAN_POINT('Origin',(3.89155359121149,11.95,-5.34320754451379));
#3985=CARTESIAN_POINT('',(3.9607526864643,11.95,-6.24406399673936));
#3986=CARTESIAN_POINT('',(4.18133133909821,11.95,-5.42085325804455));
#3987=CARTESIAN_POINT('Origin',(3.53648861775237,11.95,-6.66832806545129));
#3988=CARTESIAN_POINT('Origin',(4.19955201231513,11.,-5.35285277985089));
#3989=CARTESIAN_POINT('',(3.9607526864643,11.5,-6.24406399673936));
#3990=CARTESIAN_POINT('',(4.19497218279363,11.5,-5.36994493631514));
#3991=CARTESIAN_POINT('',(3.9607526864643,11.,-6.24406399673936));
#3992=CARTESIAN_POINT('Origin',(5.0878286144459,11.4,-5.83853729398713));
#3993=CARTESIAN_POINT('',(5.40964144748803,11.4,-5.85583542330053));
#3994=CARTESIAN_POINT('',(4.44371560680555,11.4,-6.11465447225975));
#3995=CARTESIAN_POINT('',(5.11371051895615,11.4,-5.93512987661604));
#3996=CARTESIAN_POINT('',(4.58513696304286,11.5,-5.97323311602244));
#3997=CARTESIAN_POINT('Origin',(4.58513696304286,11.4,-5.97323311602244));
#3998=CARTESIAN_POINT('',(5.21645628223022,11.5,-5.80407161428002));
#3999=CARTESIAN_POINT('',(5.0878286144459,11.5,-5.83853729398713));
#4000=CARTESIAN_POINT('Origin',(5.21645628223022,11.4,-5.80407161428002));
#4001=CARTESIAN_POINT('Origin',(4.54343562868071,11.4,-5.13105096073051));
#4002=CARTESIAN_POINT('',(4.40074506892365,11.5,-4.98836040097345));
#4003=CARTESIAN_POINT('',(4.54343562868071,11.5,-5.13105096073051));
#4004=CARTESIAN_POINT('',(4.34898125990314,11.4,-4.79517523571564));
#4005=CARTESIAN_POINT('Origin',(4.40074506892365,11.4,-4.98836040097345));
#4006=CARTESIAN_POINT('',(4.61414630679936,11.4,-5.06034028261186));
#4007=CARTESIAN_POINT('Origin',(4.17216510249712,11.4,-5.84143244926963));
#4008=CARTESIAN_POINT('',(4.2812016704079,11.5,-5.43450243794366));
#4009=CARTESIAN_POINT('',(4.17216510249712,11.5,-5.84143244926963));
#4010=CARTESIAN_POINT('',(4.19955201231513,11.4,-5.35285277985089));
#4011=CARTESIAN_POINT('Origin',(4.2812016704079,11.4,-5.43450243794366));
#4012=CARTESIAN_POINT('',(4.07557251986821,11.4,-5.81555054475938));
#4013=CARTESIAN_POINT('Origin',(5.40964144748803,11.,-5.85583542330053));
#4014=CARTESIAN_POINT('',(5.40964144748803,11.,-5.85583542330053));
#4015=CARTESIAN_POINT('',(5.40964144748803,11.,-5.85583542330053));
#4016=CARTESIAN_POINT('',(4.44371560680555,11.,-6.11465447225975));
#4017=CARTESIAN_POINT('',(4.1592546611714,11.,-6.19087555292062));
#4018=CARTESIAN_POINT('',(4.44371560680555,11.,-6.11465447225975));
#4019=CARTESIAN_POINT('Origin',(4.34898125990314,11.,-4.79517523571564));
#4020=CARTESIAN_POINT('',(4.34898125990314,11.,-4.79517523571564));
#4021=CARTESIAN_POINT('',(4.34898125990314,11.,-4.79517523571564));
#4022=CARTESIAN_POINT('',(3.93794213599845,11.,-4.38413611181094));
#4023=CARTESIAN_POINT('Origin',(3.9607526864643,11.,-6.24406399673936));
#4024=CARTESIAN_POINT('',(4.19955201231513,11.,-5.35285277985089));
#4025=CARTESIAN_POINT('',(4.19955201231513,11.,-5.35285277985089));
#4026=CARTESIAN_POINT('',(4.06733474822176,11.,-5.84629432708509));
#4027=CARTESIAN_POINT('Origin',(3.67755015552342,11.95,-6.63053074032245));
#4028=CARTESIAN_POINT('',(4.44371560680555,11.95,-6.11465447225975));
#4029=CARTESIAN_POINT('',(3.59990444199267,11.95,-6.34075299243573));
#4030=CARTESIAN_POINT('Origin',(4.01945153809362,11.95,-6.53891854097168));
#4031=CARTESIAN_POINT('Origin',(1.87410748887173,11.,-3.02740825640749));
#4032=CARTESIAN_POINT('',(1.87410748887173,11.,-3.02740825640749));
#4033=CARTESIAN_POINT('',(1.87410748887173,11.,-3.02740825640749));
#4034=CARTESIAN_POINT('',(2.52372855255193,11.,-3.67702932008768));
#4035=CARTESIAN_POINT('',(3.19993272335284,11.5,-4.3532334908886));
#4036=CARTESIAN_POINT('Origin',(2.07504183743527,11.9,-6.27636693535));
#4037=CARTESIAN_POINT('',(1.87410748887173,11.9,-6.56294221502379));
#4038=CARTESIAN_POINT('',(2.05088418680255,11.9,-6.03261212123134));
#4039=CARTESIAN_POINT('',(1.98017350763022,11.9,-6.24474415874832));
#4040=CARTESIAN_POINT('',(2.0533677425079,11.9248681832806,-6.0350956769367));
#4041=CARTESIAN_POINT('Origin',(2.12994112830676,11.9,-6.11166906273555));
#4042=CARTESIAN_POINT('',(2.2290337605621,11.9248681832806,-5.50809762277409));
#4043=CARTESIAN_POINT('',(1.98315377447664,11.9248681832806,-6.24573758103046));
#4044=CARTESIAN_POINT('',(2.30671782623757,12.,-5.58133896894311));
#4045=CARTESIAN_POINT('Ctrl Pts',(2.30671782623757,12.,-5.58133896894311));
#4046=CARTESIAN_POINT('Ctrl Pts',(2.29705079403295,12.,-5.57167193673849));
#4047=CARTESIAN_POINT('Ctrl Pts',(2.2863469390872,11.9976244878557,-5.56159795928929));
#4048=CARTESIAN_POINT('Ctrl Pts',(2.2660948603118,11.9873309802343,-5.54340626853057));
#4049=CARTESIAN_POINT('Ctrl Pts',(2.25655497132005,11.9794252455981,-5.53527234539107));
#4050=CARTESIAN_POINT('Ctrl Pts',(2.2420995607113,11.9613620001662,-5.52253022233375));
#4051=CARTESIAN_POINT('Ctrl Pts',(2.23600690567551,11.9502644273997,-5.51692356182707));
#4052=CARTESIAN_POINT('Ctrl Pts',(2.23087555045649,11.9337652964094,-5.51084919771569));
#4053=CARTESIAN_POINT('Ctrl Pts',(2.22980927945194,11.9293443766048,-5.50940531822834));
#4054=CARTESIAN_POINT('Ctrl Pts',(2.22903376056209,11.9248681832805,-5.50809762277407));
#4055=CARTESIAN_POINT('',(2.03222137188015,12.,-6.40482833201537));
#4056=CARTESIAN_POINT('',(2.07504183743527,12.,-6.27636693535));
#4057=CARTESIAN_POINT('Origin',(2.03222137188015,11.9,-6.40482833201537));
#4058=CARTESIAN_POINT('Origin',(2.69101286233796,11.9,-6.18523116852943));
#4059=CARTESIAN_POINT('',(2.85571073495241,12.,-6.13033187765795));
#4060=CARTESIAN_POINT('',(2.69101286233796,12.,-6.18523116852943));
#4061=CARTESIAN_POINT('',(2.92895208112143,11.9248681832806,-6.20801594333342));
#4062=CARTESIAN_POINT('Ctrl Pts',(2.92895208112145,11.9248681832805,-6.20801594333343));
#4063=CARTESIAN_POINT('Ctrl Pts',(2.92760179844003,11.9294901511132,-6.2072151684109));
#4064=CARTESIAN_POINT('Ctrl Pts',(2.92610631085422,11.9340530990577,-6.20610431788743));
#4065=CARTESIAN_POINT('Ctrl Pts',(2.91989545279745,11.9507985300006,-6.2008177546994));
#4066=CARTESIAN_POINT('Ctrl Pts',(2.91418721964773,11.9619733349645,-6.19458528369801));
#4067=CARTESIAN_POINT('Ctrl Pts',(2.90135402821653,11.9798675212872,-6.18000088562336));
#4068=CARTESIAN_POINT('Ctrl Pts',(2.89327233449448,11.9876062603511,-6.1705324452274));
#4069=CARTESIAN_POINT('Ctrl Pts',(2.87523682706231,11.9976782048586,-6.15047242764829));
#4070=CARTESIAN_POINT('Ctrl Pts',(2.86526772737087,12.,-6.13988887007641));
#4071=CARTESIAN_POINT('Ctrl Pts',(2.85571073495241,12.,-6.13033187765795));
#4072=CARTESIAN_POINT('',(2.40195402695883,11.9248681832806,-6.38368196138762));
#4073=CARTESIAN_POINT('',(2.7216422166575,11.9248681832806,-6.27711923148807));
#4074=CARTESIAN_POINT('',(2.40443758266418,11.9,-6.38616551709297));
#4075=CARTESIAN_POINT('Origin',(2.32538064115997,11.9,-6.30710857558876));
#4076=CARTESIAN_POINT('',(2.72263563893964,11.9,-6.28009949833448));
#4077=CARTESIAN_POINT('Origin',(1.87410748887173,11.,-6.56294221502379));
#4078=CARTESIAN_POINT('',(1.87410748887173,11.5,-6.56294221502379));
#4079=CARTESIAN_POINT('',(1.87410748887173,11.,-6.56294221502379));
#4080=CARTESIAN_POINT('',(2.05088418680255,11.5,-6.03261212123134));
#4081=CARTESIAN_POINT('',(1.87410748887173,11.5,-6.56294221502379));
#4082=CARTESIAN_POINT('',(2.05088418680255,11.,-6.03261212123134));
#4083=CARTESIAN_POINT('Origin',(2.93476767645662,11.,-6.20938881916216));
#4084=CARTESIAN_POINT('',(2.40443758266418,11.5,-6.38616551709297));
#4085=CARTESIAN_POINT('',(2.40443758266418,11.,-6.38616551709297));
#4086=CARTESIAN_POINT('',(2.61656962018116,11.5,-6.31545483792065));
#4087=CARTESIAN_POINT('Origin',(4.68519706697617,11.5,-5.5196196162275));
#4088=CARTESIAN_POINT('',(4.44371560680555,11.5,-6.11465447225975));
#4089=CARTESIAN_POINT('',(4.65284468585626,11.5,-5.90552539320903));
#4090=CARTESIAN_POINT('',(4.38926613844429,11.5,-6.12924416333545));
#4091=CARTESIAN_POINT('Origin',(1.5205540930101,11.,-6.91649561088542));
#4092=CARTESIAN_POINT('',(1.87410748887173,11.,-5.85583542330053));
#4093=CARTESIAN_POINT('',(1.5205540930101,11.,-6.91649561088542));
#4094=CARTESIAN_POINT('',(1.85700072999241,11.,-5.90715569993849));
#4095=CARTESIAN_POINT('',(1.87410748887173,11.5,-5.85583542330053));
#4096=CARTESIAN_POINT('',(1.87410748887173,11.,-5.85583542330053));
#4097=CARTESIAN_POINT('',(1.5205540930101,11.5,-6.91649561088542));
#4098=CARTESIAN_POINT('',(1.87410748887173,11.5,-5.85583542330053));
#4099=CARTESIAN_POINT('',(1.5205540930101,11.,-6.91649561088542));
#4100=CARTESIAN_POINT('Origin',(2.36908224307801,11.,-6.63365289419611));
#4101=CARTESIAN_POINT('',(2.36908224307801,11.,-6.63365289419611));
#4102=CARTESIAN_POINT('',(2.67304316782232,11.,-6.53233258594801));
#4103=CARTESIAN_POINT('',(2.36908224307801,11.5,-6.63365289419611));
#4104=CARTESIAN_POINT('',(1.5205540930101,11.5,-6.91649561088542));
#4105=CARTESIAN_POINT('',(2.36908224307801,11.,-6.63365289419611));
#4106=CARTESIAN_POINT('Origin',(2.22766088473336,11.,-7.62360240260868));
#4107=CARTESIAN_POINT('',(2.22766088473336,11.,-7.62360240260868));
#4108=CARTESIAN_POINT('',(2.41403644406864,11.,-6.31897348726176));
#4109=CARTESIAN_POINT('',(2.22766088473336,11.5,-7.62360240260868));
#4110=CARTESIAN_POINT('',(2.40443758266418,11.5,-6.38616551709297));
#4111=CARTESIAN_POINT('',(2.22766088473336,11.,-7.62360240260868));
#4112=CARTESIAN_POINT('Origin',(3.28832107231825,11.,-7.27004900674705));
#4113=CARTESIAN_POINT('',(3.28832107231825,11.,-7.27004900674705));
#4114=CARTESIAN_POINT('',(3.27408394078709,11.,-7.27479471725743));
#4115=CARTESIAN_POINT('',(3.28832107231825,11.5,-7.27004900674705));
#4116=CARTESIAN_POINT('',(2.22766088473336,11.5,-7.62360240260868));
#4117=CARTESIAN_POINT('',(3.28832107231825,11.,-7.27004900674705));
#4118=CARTESIAN_POINT('Origin',(2.40443758266418,11.5,-6.7397189129546));
#4119=CARTESIAN_POINT('',(2.93476767645662,11.5,-6.91649561088542));
#4120=CARTESIAN_POINT('',(2.31604923369877,11.5,-6.29777716812757));
#4121=CARTESIAN_POINT('Origin',(2.5,11.,-5.));
#4122=CARTESIAN_POINT('',(2.5,11.,-14.));
#4123=CARTESIAN_POINT('Origin',(2.5,11.,-5.));
#4124=CARTESIAN_POINT('',(1.272267627274,11.,-3.62924811800522));
#4125=CARTESIAN_POINT('',(-1.19999997317791,11.,-5.49975397190703));
#4126=CARTESIAN_POINT('',(0.235295516028045,11.,-5.49975397190703));
#4127=CARTESIAN_POINT('',(-1.19999997317791,11.,-5.19975397190703));
#4128=CARTESIAN_POINT('',(-1.19999997317791,11.,-5.09987698595351));
#4129=CARTESIAN_POINT('',(-3.38059870144397,11.,-5.19975397190703));
#4130=CARTESIAN_POINT('',(-0.549999959766865,11.,-5.19975397190703));
#4131=CARTESIAN_POINT('',(-3.59999991953373,11.,-5.39975397190703));
#4132=CARTESIAN_POINT('Ctrl Pts',(-3.38059870144397,11.,-5.19975397190703));
#4133=CARTESIAN_POINT('Ctrl Pts',(-3.40891405187941,11.,-5.19975397190703));
#4134=CARTESIAN_POINT('Ctrl Pts',(-3.44234475480017,11.,-5.20583025065549));
#4135=CARTESIAN_POINT('Ctrl Pts',(-3.4932944033037,11.,-5.22586250616283));
#4136=CARTESIAN_POINT('Ctrl Pts',(-3.52018186868324,11.,-5.2426863447582));
#4137=CARTESIAN_POINT('Ctrl Pts',(-3.55737831333534,11.,-5.2781496539068));
#4138=CARTESIAN_POINT('Ctrl Pts',(-3.57467344180024,11.,-5.30260644858403));
#4139=CARTESIAN_POINT('Ctrl Pts',(-3.59409377657597,11.,-5.34755671531099));
#4140=CARTESIAN_POINT('Ctrl Pts',(-3.59999991953373,11.,-5.37574976684431));
#4141=CARTESIAN_POINT('Ctrl Pts',(-3.59999991953373,11.,-5.39975397190703));
#4142=CARTESIAN_POINT('',(-3.59999991953373,11.,-6.49975393837941));
#4143=CARTESIAN_POINT('',(-3.59999991953373,11.,-5.84987696918971));
#4144=CARTESIAN_POINT('',(-3.38059870144397,11.,-6.69975393837941));
#4145=CARTESIAN_POINT('Ctrl Pts',(-3.59999991953373,11.,-6.49975393837941));
#4146=CARTESIAN_POINT('Ctrl Pts',(-3.59999991953373,11.,-6.52375814344213));
#4147=CARTESIAN_POINT('Ctrl Pts',(-3.59409377657597,11.,-6.55195119497545));
#4148=CARTESIAN_POINT('Ctrl Pts',(-3.57467344180024,11.,-6.59690146170241));
#4149=CARTESIAN_POINT('Ctrl Pts',(-3.55737831333534,11.,-6.62135825637964));
#4150=CARTESIAN_POINT('Ctrl Pts',(-3.52018186868324,11.,-6.65682156552824));
#4151=CARTESIAN_POINT('Ctrl Pts',(-3.4932944033037,11.,-6.67364540412361));
#4152=CARTESIAN_POINT('Ctrl Pts',(-3.44234475480017,11.,-6.69367765963095));
#4153=CARTESIAN_POINT('Ctrl Pts',(-3.40891405187941,11.,-6.69975393837941));
#4154=CARTESIAN_POINT('Ctrl Pts',(-3.38059870144397,11.,-6.69975393837941));
#4155=CARTESIAN_POINT('',(-2.29765916865328,11.,-6.69975393837941));
#4156=CARTESIAN_POINT('',(0.101170415673362,11.,-6.69975393837941));
#4157=CARTESIAN_POINT('',(-1.4405837326844,11.,-8.18425213939676));
#4158=CARTESIAN_POINT('',(-1.63742157729198,11.,-7.84331899168407));
#4159=CARTESIAN_POINT('',(-1.37804407745804,11.,-8.07593027905687));
#4160=CARTESIAN_POINT('',(0.225703977047154,11.,-5.29815716611413));
#4161=CARTESIAN_POINT('',(0.343825039888843,11.,-7.09356548382828));
#4162=CARTESIAN_POINT('Origin',(-0.451495975123842,11.,-7.69975397190703));
#4163=CARTESIAN_POINT('',(0.975195314734449,11.,-6.00000008940697));
#4164=CARTESIAN_POINT('',(1.38230227069593,11.,-5.29487015756698));
#4165=CARTESIAN_POINT('',(-0.403164502135733,11.,-6.00000008940697));
#4166=CARTESIAN_POINT('',(1.04841774893213,11.,-6.00000008940697));
#4167=CARTESIAN_POINT('',(0.320646046234347,11.,-4.7463234445757));
#4168=CARTESIAN_POINT('',(1.90501010979407,11.,-5.88673804422287));
#4169=CARTESIAN_POINT('',(4.2364503231691,11.,-6.3219197558962));
#4170=CARTESIAN_POINT('',(8.00000011920929,11.,-0.500000007450581));
#4171=CARTESIAN_POINT('',(8.2886752581057,11.,-1.00000001490116));
#4172=CARTESIAN_POINT('',(8.43111625140073,11.,-1.24671505236873));
#4173=CARTESIAN_POINT('',(5.00000007450581,11.,-1.00000001490116));
#4174=CARTESIAN_POINT('',(3.7500000372529,11.,-1.00000001490116));
#4175=CARTESIAN_POINT('',(5.00000007450581,11.,-1.75000004470348));
#4176=CARTESIAN_POINT('',(5.00000007450581,11.,-3.37500002235174));
#4177=CARTESIAN_POINT('',(6.25000007450581,11.,-3.00000004470348));
#4178=CARTESIAN_POINT('Origin',(5.00000007450581,11.,-3.00000004470348));
#4179=CARTESIAN_POINT('',(7.00000010430813,11.,-3.00000004470348));
#4180=CARTESIAN_POINT('',(5.75000006705523,11.,-3.00000004470348));
#4181=CARTESIAN_POINT('',(7.50000011175871,11.,-4.00000005960464));
#4182=CARTESIAN_POINT('',(7.20000008866191,11.,-3.40000001341104));
#4183=CARTESIAN_POINT('',(7.90000011771917,11.,-3.20000004768372));
#4184=CARTESIAN_POINT('',(7.05000011622906,11.,-4.90000005066395));
#4185=CARTESIAN_POINT('',(8.50000012665987,11.,-4.00000005960464));
#4186=CARTESIAN_POINT('',(7.66000008955598,11.,-2.88000001013279));
#4187=CARTESIAN_POINT('',(9.00000013411045,11.,-3.00000004470348));
#4188=CARTESIAN_POINT('',(7.9500001296401,11.,-5.10000005364418));
#4189=CARTESIAN_POINT('',(9.00000013411045,11.,-1.3660254241398));
#4190=CARTESIAN_POINT('',(9.00000013411045,11.,-3.00000000745058));
#4191=CARTESIAN_POINT('',(9.50000014156103,11.,-0.500000007450581));
#4192=CARTESIAN_POINT('',(7.6507215462215,11.,-3.70304449192824));
#4193=CARTESIAN_POINT('',(5.25000005960464,11.,-0.500000007450581));
#4194=CARTESIAN_POINT('',(-1.50951190924076,11.,-0.384178693218518));
#4195=CARTESIAN_POINT('',(-2.14088218408637,11.,-1.47774408763983));
#4196=CARTESIAN_POINT('',(-2.32336268575903,11.,-1.79380958792754));
#4197=CARTESIAN_POINT('',(-0.762522367216192,11.,-1.47774408763983));
#4198=CARTESIAN_POINT('',(0.868738816391906,11.,-1.47774408763983));
#4199=CARTESIAN_POINT('',(-1.05133959781585,11.,-1.97799020513977));
#4200=CARTESIAN_POINT('',(-1.26170646129746,11.,-2.34235630091882));
#4201=CARTESIAN_POINT('',(0.0343131038259827,11.,-1.97799020513977));
#4202=CARTESIAN_POINT('',(1.68186104929599,11.,-1.97799020513977));
#4203=CARTESIAN_POINT('',(0.0343131038259825,11.,-2.27799020513977));
#4204=CARTESIAN_POINT('',(0.0343131038259815,11.,-3.63899510256988));
#4205=CARTESIAN_POINT('',(2.09488697496839,11.,-2.27799020513977));
#4206=CARTESIAN_POINT('',(2.4671565250909,11.,-2.27799020513977));
#4207=CARTESIAN_POINT('',(2.43431305018179,11.,-2.07799020513977));
#4208=CARTESIAN_POINT('Ctrl Pts',(2.09488697496839,11.,-2.27799020513977));
#4209=CARTESIAN_POINT('Ctrl Pts',(2.14526695181822,11.,-2.27799020513977));
#4210=CARTESIAN_POINT('Ctrl Pts',(2.20524597439802,11.,-2.27041119284178));
#4211=CARTESIAN_POINT('Ctrl Pts',(2.28923640088508,11.,-2.24499365390513));
#4212=CARTESIAN_POINT('Ctrl Pts',(2.33011734733014,11.,-2.22655542166732));
#4213=CARTESIAN_POINT('Ctrl Pts',(2.38200793686894,11.,-2.18823389099996));
#4214=CARTESIAN_POINT('Ctrl Pts',(2.40464443535646,11.,-2.1648272699866));
#4215=CARTESIAN_POINT('Ctrl Pts',(2.4275640688228,11.,-2.12275829055644));
#4216=CARTESIAN_POINT('Ctrl Pts',(2.43431305018179,11.,-2.09876253392079));
#4217=CARTESIAN_POINT('Ctrl Pts',(2.43431305018179,11.,-2.07799020513977));
#4218=CARTESIAN_POINT('',(2.43431305018179,11.,-0.977990238667387));
#4219=CARTESIAN_POINT('',(2.43431305018179,11.,-2.88899511933369));
#4220=CARTESIAN_POINT('',(2.09488697496839,11.,-0.777990238667388));
#4221=CARTESIAN_POINT('Ctrl Pts',(2.43431305018179,11.,-0.977990238667387));
#4222=CARTESIAN_POINT('Ctrl Pts',(2.43431305018179,11.,-0.95721790988636));
#4223=CARTESIAN_POINT('Ctrl Pts',(2.4275640688228,11.,-0.933222153250711));
#4224=CARTESIAN_POINT('Ctrl Pts',(2.40464443535646,11.,-0.891153173820554));
#4225=CARTESIAN_POINT('Ctrl Pts',(2.38200793686894,11.,-0.867746552807195));
#4226=CARTESIAN_POINT('Ctrl Pts',(2.33011734733014,11.,-0.829425022139835));
#4227=CARTESIAN_POINT('Ctrl Pts',(2.28923640088508,11.,-0.810986789902022));
#4228=CARTESIAN_POINT('Ctrl Pts',(2.20524597439802,11.,-0.785569250965369));
#4229=CARTESIAN_POINT('Ctrl Pts',(2.14526695181822,11.,-0.777990238667387));
#4230=CARTESIAN_POINT('Ctrl Pts',(2.09488697496839,11.,-0.777990238667387));
#4231=CARTESIAN_POINT('',(1.13197229930135,11.,-0.777990238667387));
#4232=CARTESIAN_POINT('',(1.81598614965067,11.,-0.777990238667388));
#4233=CARTESIAN_POINT('',(0.274896863332471,11.,0.706507962349949));
#4234=CARTESIAN_POINT('',(1.78852997098922,11.,-1.91518148412991));
#4235=CARTESIAN_POINT('',(0.21235720810612,11.,0.598186102010068));
#4236=CARTESIAN_POINT('',(-1.16676439211026,11.,-1.79052257938039));
#4237=CARTESIAN_POINT('',(-1.71419089422808,11.,0.222009794860224));
#4238=CARTESIAN_POINT('Origin',(-0.714190894228079,11.,0.222009794860224));
#4239=CARTESIAN_POINT('Origin',(-0.714190894228079,11.,0.222009794860224));
#4240=CARTESIAN_POINT('Origin',(3.28832107231825,11.,-7.27004900674705));
#4241=CARTESIAN_POINT('Origin',(2.63829116933755,11.95,-6.62001910376634));
#4242=CARTESIAN_POINT('',(3.28832107231825,11.,-7.27004900674705));
#4243=CARTESIAN_POINT('Origin',(1.87632590155299,11.95,-5.62087263028653));
#4244=CARTESIAN_POINT('Origin',(1.81703060012918,11.95,-5.79875853455797));
#4245=CARTESIAN_POINT('Origin',(2.09838980137675,11.95,-4.95468093081525));
#4246=CARTESIAN_POINT('Origin',(2.96715598515932,11.95,-5.82344711459782));
#4247=CARTESIAN_POINT('',(2.75799097852581,12.,-6.03261212123134));
#4248=CARTESIAN_POINT('Origin',(3.48236877308027,11.95,-6.33865990251877));
#4249=CARTESIAN_POINT('Origin',(2.55101202671277,11.95,-6.64911215130794));
#4250=CARTESIAN_POINT('Origin',(2.05088418680255,11.,-6.03261212123134));
#4251=CARTESIAN_POINT('Origin',(2.40443758266418,12.,-6.03261212123134));
#4252=CARTESIAN_POINT('Origin',(1.3437773819084,11.,-3.55773836337082));
#4253=CARTESIAN_POINT('Origin',(4.44371560680555,11.,-6.11465447225975));
#4254=CARTESIAN_POINT('',(4.44371560680555,11.,-6.11465447225975));
#4255=CARTESIAN_POINT('Origin',(3.9607526864643,11.,-6.24406399673936));
#4256=CARTESIAN_POINT('Origin',(-2.02940896794391,11.,-5.49975397190703));
#4257=CARTESIAN_POINT('',(-2.02940896794391,11.9,-5.49975397190703));
#4258=CARTESIAN_POINT('',(-1.55064354384195,11.9,-5.49975397190703));
#4259=CARTESIAN_POINT('',(-2.02940896794391,11.75,-5.49975397190703));
#4260=CARTESIAN_POINT('',(-2.02940896794391,11.,-5.49975397190703));
#4261=CARTESIAN_POINT('',(-1.39999997317791,11.75,-5.49975397190703));
#4262=CARTESIAN_POINT('',(-2.21470445714986,11.75,-5.49975397190703));
#4263=CARTESIAN_POINT('',(-1.19999997317791,11.55,-5.49975397190703));
#4264=CARTESIAN_POINT('Origin',(-1.39999997317791,11.55,-5.49975397190703));
#4265=CARTESIAN_POINT('',(-1.19999997317791,11.,-5.49975397190703));
#4266=CARTESIAN_POINT('Origin',(-0.622626607783538,7.04334485612421,-0.977990238667386));
#4267=CARTESIAN_POINT('',(1.24350472721763,11.6819212162214,-0.971170070527721));
#4268=CARTESIAN_POINT('',(1.13197229930135,11.5111611767955,-0.777990238667387));
#4269=CARTESIAN_POINT('Ctrl Pts',(1.13197229930135,11.5111611767955,-0.777990238667386));
#4270=CARTESIAN_POINT('Ctrl Pts',(1.13197229930135,11.536595998558,-0.777990238667386));
#4271=CARTESIAN_POINT('Ctrl Pts',(1.13509654603734,11.566471335493,-0.783401592749505));
#4272=CARTESIAN_POINT('Ctrl Pts',(1.1458428631648,11.6108967901199,-0.802014760008509));
#4273=CARTESIAN_POINT('Ctrl Pts',(1.15491700520257,11.633130082107,-0.817731635053032));
#4274=CARTESIAN_POINT('Ctrl Pts',(1.17446561174153,11.6631308896996,-0.851590814795681));
#4275=CARTESIAN_POINT('Ctrl Pts',(1.1883986023183,11.6753758418416,-0.875723462376023));
#4276=CARTESIAN_POINT('Ctrl Pts',(1.213955827839,11.6863300129427,-0.919989875478374));
#4277=CARTESIAN_POINT('Ctrl Pts',(1.22985003224991,11.686544762025,-0.947519445063958));
#4278=CARTESIAN_POINT('Ctrl Pts',(1.24350472722522,11.6819212162189,-0.971170070523052));
#4279=CARTESIAN_POINT('Origin',(-0.622626607783538,7.04334485612421,-0.777990238667386));
#4280=CARTESIAN_POINT('',(0.286371848759533,11.9600227798856,-0.977990238667386));
#4281=CARTESIAN_POINT('Origin',(-0.622626607783538,7.04334485612421,-0.977990238667386));
#4282=CARTESIAN_POINT('',(0.282434222858464,11.960630865782,-0.971170070545535));
#4283=CARTESIAN_POINT('Ctrl Pts',(0.282434222858605,11.960630865782,-0.97117007054578));
#4284=CARTESIAN_POINT('Ctrl Pts',(0.283766318380064,11.9604657318719,-0.973477327669481));
#4285=CARTESIAN_POINT('Ctrl Pts',(0.285080288790202,11.9602615642918,-0.975753191179482));
#4286=CARTESIAN_POINT('Ctrl Pts',(0.286371848759533,11.9600227798856,-0.977990238667386));
#4287=CARTESIAN_POINT('Origin',(-0.622626607783538,7.04334485612421,-0.971170070545534));
#4288=CARTESIAN_POINT('Origin',(1.13197229930135,11.,-0.777990238667387));
#4289=CARTESIAN_POINT('',(1.13197229930135,11.,-0.777990238667387));
#4290=CARTESIAN_POINT('Origin',(0.234313103825984,11.7662310849748,-0.777990238667387));
#4291=CARTESIAN_POINT('',(0.0343131038259825,11.7662310849748,-2.27799020513977));
#4292=CARTESIAN_POINT('',(0.0343131038259828,11.7662310849748,-1.97799020513977));
#4293=CARTESIAN_POINT('',(0.0343131038259836,11.7662310849748,-0.777990238667386));
#4294=CARTESIAN_POINT('',(0.270018925143046,11.9630180111769,-1.97799020513977));
#4295=CARTESIAN_POINT('Origin',(0.234313103825983,11.7662310849748,-1.97799020513977));
#4296=CARTESIAN_POINT('',(0.270018925143046,11.9630180111769,-2.07799020513977));
#4297=CARTESIAN_POINT('',(0.270018925143047,11.9630180111769,-0.777990238667387));
#4298=CARTESIAN_POINT('',(0.0368250164774164,11.7978294291625,-2.27799020513977));
#4299=CARTESIAN_POINT('Ctrl Pts',(0.270018925143046,11.9630180111769,-2.07799020513977));
#4300=CARTESIAN_POINT('Ctrl Pts',(0.269350006399073,11.963139382518,-2.07865631020426));
#4301=CARTESIAN_POINT('Ctrl Pts',(0.268680465136054,11.963257343839,-2.0793224189237));
#4302=CARTESIAN_POINT('Ctrl Pts',(0.246956075858157,11.9669706877193,-2.10091553939297));
#4303=CARTESIAN_POINT('Ctrl Pts',(0.22519387669896,11.9672191205079,-2.12194121029091));
#4304=CARTESIAN_POINT('Ctrl Pts',(0.182959164134816,11.9606467524874,-2.16163958998166));
#4305=CARTESIAN_POINT('Ctrl Pts',(0.162235563289092,11.9541223257569,-2.18060171039042));
#4306=CARTESIAN_POINT('Ctrl Pts',(0.122236296638572,11.9334276206299,-2.21601479887736));
#4307=CARTESIAN_POINT('Ctrl Pts',(0.102744499934369,11.9189849991401,-2.23263677958774));
#4308=CARTESIAN_POINT('Ctrl Pts',(0.0729890575302765,11.8859725874135,-2.25640558047886));
#4309=CARTESIAN_POINT('Ctrl Pts',(0.0617002090622081,11.869374251133,-2.26482653300831));
#4310=CARTESIAN_POINT('Ctrl Pts',(0.0452916494958168,11.8340496134836,-2.27535489893517));
#4311=CARTESIAN_POINT('Ctrl Pts',(0.0397889927367519,11.816354134094,-2.27799020513977));
#4312=CARTESIAN_POINT('Ctrl Pts',(0.0368250164774221,11.7978294291625,-2.27799020513977));
#4313=CARTESIAN_POINT('Origin',(0.234313103825983,11.7662310849748,-2.27799020513977));
#4314=CARTESIAN_POINT('Origin',(-0.622626607783539,7.04334485612421,-2.07799020513977));
#4315=CARTESIAN_POINT('Origin',(-0.622626607783539,7.04334485612421,-2.07799020513977));
#4316=CARTESIAN_POINT('Origin',(-0.622626607783539,7.04334485612421,-2.27799020513977));
#4317=CARTESIAN_POINT('Origin',(0.0343131038259825,11.,-2.27799020513977));
#4318=CARTESIAN_POINT('',(0.0343131038259825,11.,-2.27799020513977));
#4319=CARTESIAN_POINT('',(0.0343131038259828,11.,-1.97799020513977));
#4320=CARTESIAN_POINT('Origin',(2.43431305018179,11.,-2.27799020513977));
#4321=CARTESIAN_POINT('Origin',(-0.622626607783538,7.04334485612421,-0.777990238667386));
#4322=CARTESIAN_POINT('',(0.863722098591977,11.8173125479981,-1.97799020513977));
#4323=CARTESIAN_POINT('Origin',(-0.622626607783539,7.04334485612421,-1.97799020513977));
#4324=CARTESIAN_POINT('Origin',(-0.622626607783537,7.04334485612421,0.596441272066905));
#4325=CARTESIAN_POINT('Origin',(-0.649451684333435,12.05,-1.68189992004039));
#4326=CARTESIAN_POINT('',(-1.05133959781585,12.05,-1.97799020513977));
#4327=CARTESIAN_POINT('',(-0.47005172208233,12.05,-0.971170070545535));
#4328=CARTESIAN_POINT('',(-0.822656765090323,12.05,-1.58189992004039));
#4329=CARTESIAN_POINT('',(-0.239111614406479,12.25,-0.971170070545535));
#4330=CARTESIAN_POINT('Origin',(-0.239111614406479,12.05,-0.971170070545535));
#4331=CARTESIAN_POINT('',(-0.704929436302071,12.25,-1.77799020513977));
#4332=CARTESIAN_POINT('',(-0.649451684333435,12.25,-1.68189992004039));
#4333=CARTESIAN_POINT('Origin',(-0.704929436302071,12.05,-1.77799020513977));
#4334=CARTESIAN_POINT('Origin',(0.384956674490022,12.05,-1.77799020513977));
#4335=CARTESIAN_POINT('',(0.863722098591978,12.05,-1.97799020513977));
#4336=CARTESIAN_POINT('',(0.384956674490022,12.05,-1.97799020513977));
#4337=CARTESIAN_POINT('',(0.517311937078203,12.25,-1.77799020513977));
#4338=CARTESIAN_POINT('',(0.384956674490022,12.25,-1.77799020513977));
#4339=CARTESIAN_POINT('Origin',(0.517311937078203,12.05,-1.77799020513977));
#4340=CARTESIAN_POINT('Origin',(0.17119024724281,12.05,-1.17848985274327));
#4341=CARTESIAN_POINT('',(0.0514941151826133,12.25,-0.971170070545535));
#4342=CARTESIAN_POINT('',(0.17119024724281,12.25,-1.17848985274327));
#4343=CARTESIAN_POINT('',(0.282434222858464,12.05,-0.971170070545535));
#4344=CARTESIAN_POINT('Origin',(0.0514941151826133,12.05,-0.971170070545535));
#4345=CARTESIAN_POINT('',(0.344395327999698,12.05,-1.07848985274327));
#4346=CARTESIAN_POINT('Origin',(-1.05133959781585,11.,-1.97799020513977));
#4347=CARTESIAN_POINT('',(-1.05133959781585,11.,-1.97799020513977));
#4348=CARTESIAN_POINT('',(-0.762522367216192,11.8,-1.47774408763983));
#4349=CARTESIAN_POINT('',(-0.762522367216192,11.,-1.47774408763983));
#4350=CARTESIAN_POINT('',(-0.647052313378266,12.,-1.27774408763983));
#4351=CARTESIAN_POINT('Origin',(-0.647052313378266,11.8,-1.27774408763983));
#4352=CARTESIAN_POINT('',(-0.474246542673684,12.,-0.978435712938397));
#4353=CARTESIAN_POINT('',(-0.856679305502948,12.,-1.64082868863762));
#4354=CARTESIAN_POINT('',(-0.474246542673684,11.,-0.978435712938397));
#4355=CARTESIAN_POINT('',(-0.474246542673684,11.,-0.978435712938397));
#4356=CARTESIAN_POINT('',(-0.47005172208233,11.,-0.971170070545535));
#4357=CARTESIAN_POINT('',(-1.26170646129746,11.,-2.34235630091882));
#4358=CARTESIAN_POINT('',(-0.47005172208233,11.,-0.971170070545535));
#4359=CARTESIAN_POINT('Origin',(0.863722098591978,11.,-1.97799020513977));
#4360=CARTESIAN_POINT('',(0.863722098591978,11.,-1.97799020513977));
#4361=CARTESIAN_POINT('Origin',(0.282434222858464,11.,-0.971170070545535));
#4362=CARTESIAN_POINT('',(0.282434222858464,11.,-0.971170070545535));
#4363=CARTESIAN_POINT('Origin',(-1.74513044920764,11.8,-1.19228197564634));
#4364=CARTESIAN_POINT('',(-2.14088218408637,11.8,-1.47774408763983));
#4365=CARTESIAN_POINT('',(-1.50951190924076,11.8,-0.384178693218519));
#4366=CARTESIAN_POINT('',(-1.91833552996453,11.8,-1.09228197564634));
#4367=CARTESIAN_POINT('',(-1.36629496410236,12.,-0.536119667733995));
#4368=CARTESIAN_POINT('Ctrl Pts',(-1.36629496410236,12.,-0.536119667733995));
#4369=CARTESIAN_POINT('Ctrl Pts',(-1.38605231517874,12.,-0.519125407937319));
#4370=CARTESIAN_POINT('Ctrl Pts',(-1.40635550811483,11.9947973735123,-0.500176443356378));
#4371=CARTESIAN_POINT('Ctrl Pts',(-1.44250900954917,11.9740060076398,-0.463720557432367));
#4372=CARTESIAN_POINT('Ctrl Pts',(-1.45837368934189,11.9584116557173,-0.446231092821372));
#4373=CARTESIAN_POINT('Ctrl Pts',(-1.48258515646876,11.9229229992399,-0.418225917143282));
#4374=CARTESIAN_POINT('Ctrl Pts',(-1.49275768203853,11.9007900277898,-0.405632648523832));
#4375=CARTESIAN_POINT('Ctrl Pts',(-1.50620951206556,11.8519402418208,-0.388598129514996));
#4376=CARTESIAN_POINT('Ctrl Pts',(-1.50951190924076,11.8252221847049,-0.384178693218519));
#4377=CARTESIAN_POINT('Ctrl Pts',(-1.50951190924076,11.8,-0.384178693218519));
#4378=CARTESIAN_POINT('',(-1.79447202257259,12.,-1.27774408763983));
#4379=CARTESIAN_POINT('',(-1.74513044920764,12.,-1.19228197564634));
#4380=CARTESIAN_POINT('Origin',(-1.79447202257259,11.8,-1.27774408763983));
#4381=CARTESIAN_POINT('Origin',(-1.03504336529811,11.8,-1.27774408763983));
#4382=CARTESIAN_POINT('',(-1.03504336529811,12.,-1.27774408763983));
#4383=CARTESIAN_POINT('',(-1.03504336529811,11.8,-1.47774408763983));
#4384=CARTESIAN_POINT('Origin',(-2.14088218408637,11.,-1.47774408763983));
#4385=CARTESIAN_POINT('',(-2.14088218408637,11.,-1.47774408763983));
#4386=CARTESIAN_POINT('',(-1.50951190924076,11.,-0.384178693218519));
#4387=CARTESIAN_POINT('Origin',(-0.762522367216192,11.,-1.47774408763983));
#4388=CARTESIAN_POINT('Origin',(-0.217815962345831,12.3,-0.546895685265696));
#4389=CARTESIAN_POINT('',(-0.693711000573259,12.3,-0.971170070545535));
#4390=CARTESIAN_POINT('',(-0.576695081354564,12.3,-0.768492553164378));
#4391=CARTESIAN_POINT('',(-0.391021043102719,12.3,-0.446895685265696));
#4392=CARTESIAN_POINT('',(-0.299167706269617,12.5,-0.687801039026026));
#4393=CARTESIAN_POINT('Ctrl Pts',(-0.299167706269617,12.5,-0.687801039026026));
#4394=CARTESIAN_POINT('Ctrl Pts',(-0.318100378091121,12.5,-0.696437447302644));
#4395=CARTESIAN_POINT('Ctrl Pts',(-0.337328016858814,12.4989199787148,-0.704494256414882));
#4396=CARTESIAN_POINT('Ctrl Pts',(-0.385782470458543,12.4926191248612,-0.72303508196198));
#4397=CARTESIAN_POINT('Ctrl Pts',(-0.417552935837287,12.4852025149045,-0.733469332206521));
#4398=CARTESIAN_POINT('Ctrl Pts',(-0.477002881796932,12.4596799657141,-0.749952423847506));
#4399=CARTESIAN_POINT('Ctrl Pts',(-0.504708953953038,12.4416663159766,-0.756048085425898));
#4400=CARTESIAN_POINT('Ctrl Pts',(-0.540888762589154,12.404209595431,-0.762972067434616));
#4401=CARTESIAN_POINT('Ctrl Pts',(-0.554233025715534,12.3853280869937,-0.765149147682933));
#4402=CARTESIAN_POINT('Ctrl Pts',(-0.57212800361569,12.3438650765057,-0.767896152710919));
#4403=CARTESIAN_POINT('Ctrl Pts',(-0.576695081354564,12.3212923969052,-0.768492553164378));
#4404=CARTESIAN_POINT('Ctrl Pts',(-0.576695081354564,12.3,-0.768492553164378));
#4405=CARTESIAN_POINT('',(-0.347300839059484,12.5,-0.771170070545535));
#4406=CARTESIAN_POINT('',(-0.217815962345831,12.5,-0.546895685265696));
#4407=CARTESIAN_POINT('Origin',(-0.347300839059484,12.3,-0.771170070545535));
#4408=CARTESIAN_POINT('Origin',(0.759200795285336,12.3,-0.771170070545535));
#4409=CARTESIAN_POINT('',(0.897094565724426,12.5,-0.771170070545535));
#4410=CARTESIAN_POINT('',(0.759200795285336,12.5,-0.771170070545535));
#4411=CARTESIAN_POINT('',(1.2435047272382,12.3,-0.971170070545535));
#4412=CARTESIAN_POINT('Origin',(0.897094565724426,12.3,-0.771170070545535));
#4413=CARTESIAN_POINT('',(0.759200795285336,12.3,-0.971170070545535));
#4414=CARTESIAN_POINT('Origin',(0.283305757057908,12.3,0.291943331182046));
#4415=CARTESIAN_POINT('',(0.283368353747135,12.5,0.291834910535919));
#4416=CARTESIAN_POINT('',(0.283305757057908,12.5,0.291943331182046));
#4417=CARTESIAN_POINT('',(0.21235720810612,12.4777501581109,0.598186102010068));
#4418=CARTESIAN_POINT('Ctrl Pts',(0.21235720810612,12.4777501581109,0.598186102010068));
#4419=CARTESIAN_POINT('Ctrl Pts',(0.235896014836611,12.482187657165,0.540208403008784));
#4420=CARTESIAN_POINT('Ctrl Pts',(0.254194585436327,12.4890689009594,0.479255791958922));
#4421=CARTESIAN_POINT('Ctrl Pts',(0.274838512112049,12.4974921603586,0.375776674935505));
#4422=CARTESIAN_POINT('Ctrl Pts',(0.2804453572014,12.5,0.333594415089268));
#4423=CARTESIAN_POINT('Ctrl Pts',(0.283368353747135,12.5,0.291834910535919));
#4424=CARTESIAN_POINT('',(0.274896863332471,12.3,0.706507962349949));
#4425=CARTESIAN_POINT('Origin',(0.159426809494546,12.3,0.506507962349949));
#4426=CARTESIAN_POINT('',(0.456510837814795,12.3,0.391943331182046));
#4427=CARTESIAN_POINT('Origin',(-0.693711000573259,11.,-0.971170070545535));
#4428=CARTESIAN_POINT('',(-0.693711000573259,12.,-0.971170070545535));
#4429=CARTESIAN_POINT('',(-0.693711000573259,11.,-0.971170070545535));
#4430=CARTESIAN_POINT('',(-0.586076181919149,12.,-0.784741095973154));
#4431=CARTESIAN_POINT('',(-0.761737236315753,12.,-1.08899496709919));
#4432=CARTESIAN_POINT('',(-0.586076181919149,11.,-0.784741095973154));
#4433=CARTESIAN_POINT('',(-0.586076181919149,11.,-0.784741095973153));
#4434=CARTESIAN_POINT('',(-0.576695081354564,11.,-0.768492553164378));
#4435=CARTESIAN_POINT('',(-1.16676439211026,11.,-1.79052257938039));
#4436=CARTESIAN_POINT('',(-0.576695081354564,11.,-0.768492553164378));
#4437=CARTESIAN_POINT('Origin',(1.2435047272382,11.,-0.971170070545535));
#4438=CARTESIAN_POINT('',(1.2435047272382,11.,-0.971170070545535));
#4439=CARTESIAN_POINT('',(0.574847988813134,12.25,-0.971170070545535));
#4440=CARTESIAN_POINT('',(-0.478441363265039,11.,-0.971170070545535));
#4441=CARTESIAN_POINT('',(1.8717523636191,11.,-0.971170070545535));
#4442=CARTESIAN_POINT('',(-0.478441363265039,12.,-0.971170070545535));
#4443=CARTESIAN_POINT('',(-0.478441363265039,11.,-0.971170070545535));
#4444=CARTESIAN_POINT('',(-0.0320298180709125,12.,-0.971170070545535));
#4445=CARTESIAN_POINT('Origin',(0.274896863332471,11.,0.706507962349949));
#4446=CARTESIAN_POINT('',(0.274896863332471,11.,0.706507962349949));
#4447=CARTESIAN_POINT('Origin',(-0.693711000573259,11.,-0.971170070545535));
#4448=CARTESIAN_POINT('',(0.21235720810612,11.,0.598186102010068));
#4449=CARTESIAN_POINT('Origin',(-0.714190894228079,12.8,0.222009794860224));
#4450=CARTESIAN_POINT('',(-0.71419089422808,13.,-0.577990205139776));
#4451=CARTESIAN_POINT('Origin',(-0.714190894228079,13.,0.222009794860224));
#4452=CARTESIAN_POINT('',(-0.71419089422808,12.8,-0.777990205139776));
#4453=CARTESIAN_POINT('Origin',(-0.71419089422808,12.8,-0.577990205139776));
#4454=CARTESIAN_POINT('',(-1.71419089422808,12.8,0.222009794860224));
#4455=CARTESIAN_POINT('Origin',(-0.714190894228079,12.8,0.222009794860224));
#4456=CARTESIAN_POINT('Origin',(-0.714190894228079,12.8,0.222009794860224));
#4457=CARTESIAN_POINT('Origin',(-0.714190894228079,11.,0.222009794860224));
#4458=CARTESIAN_POINT('',(-1.71419089422808,11.,0.222009794860224));
#4459=CARTESIAN_POINT('Origin',(-0.714190894228079,12.5,0.222009794860224));
#4460=CARTESIAN_POINT('',(-0.594148747903978,11.,-0.770759001539977));
#4461=CARTESIAN_POINT('Origin',(-0.714190894228079,11.,0.222009794860224));
#4462=CARTESIAN_POINT('',(-0.594148747903978,12.,-0.770759001539977));
#4463=CARTESIAN_POINT('',(-0.594148747903978,11.,-0.770759001539977));
#4464=CARTESIAN_POINT('Origin',(-0.714190894228079,12.,0.222009794860224));
#4465=CARTESIAN_POINT('Origin',(-0.714190894228079,13.,0.222009794860224));
#4466=CARTESIAN_POINT('Origin',(-0.594148747903978,11.,-0.770759001539977));
#4467=CARTESIAN_POINT('',(0.708277381432277,11.,-3.02662723065565));
#4468=CARTESIAN_POINT('',(-0.185970718131178,12.,-1.47774408763983));
#4469=CARTESIAN_POINT('Origin',(-0.478441363265039,11.,-0.971170070545535));
#4470=CARTESIAN_POINT('',(0.766131073751747,11.,-3.12683276515843));
#4471=CARTESIAN_POINT('',(-0.185970718131178,12.,-1.47774408763983));
#4472=CARTESIAN_POINT('Origin',(-1.30756436338003,12.,-0.930961390429174));
#4473=CARTESIAN_POINT('Origin',(2.5,11.,-5.));
#4474=CARTESIAN_POINT('Origin',(2.5,11.,-5.));
#4475=CARTESIAN_POINT('Origin',(-0.0938087496119344,12.25,-1.47458013784265));
#4476=CARTESIAN_POINT('Origin',(0.274896863332471,12.5,-0.132331054097793));
#4477=CARTESIAN_POINT('Origin',(-1.4405837326844,14.,-7.34541312294901));
#4478=CARTESIAN_POINT('',(-0.471975868778663,14.,-6.50657410650126));
#4479=CARTESIAN_POINT('',(-1.4405837326844,14.,-8.18425213939676));
#4480=CARTESIAN_POINT('',(-1.4405837326844,14.,-8.18425213939676));
#4481=CARTESIAN_POINT('',(-2.40919159659013,14.,-6.50657410650126));
#4482=CARTESIAN_POINT('',(-2.40919159659013,14.,-6.50657410650126));
#4483=CARTESIAN_POINT('',(-0.471975868778664,14.,-6.50657410650126));
#4484=CARTESIAN_POINT('Origin',(-0.451495975123842,13.,-7.69975397190703));
#4485=CARTESIAN_POINT('',(-1.23974220729158,13.,-7.83638441314676));
#4486=CARTESIAN_POINT('',(-0.727293658163825,13.,-6.94879748979253));
#4487=CARTESIAN_POINT('',(-0.727746900753183,13.,-6.94958252898546));
#4488=CARTESIAN_POINT('Origin',(-0.451495975123842,13.,-7.69975397190703));
#4489=CARTESIAN_POINT('Origin',(-0.451495975123842,12.8,-7.69975397190703));
#4490=CARTESIAN_POINT('',(-1.37804407745804,12.8,-8.07593027905687));
#4491=CARTESIAN_POINT('Ctrl Pts',(-1.37804407745804,12.8,-8.07593027905687));
#4492=CARTESIAN_POINT('Ctrl Pts',(-1.37804407745804,12.8243376058405,-8.07593027905687));
#4493=CARTESIAN_POINT('Ctrl Pts',(-1.37447289964485,12.8526559073378,-8.06974481764156));
#4494=CARTESIAN_POINT('Ctrl Pts',(-1.36253832234599,12.8992904276578,-8.04907352339308));
#4495=CARTESIAN_POINT('Ctrl Pts',(-1.35137476432801,12.9244804446491,-8.0297376737127));
#4496=CARTESIAN_POINT('Ctrl Pts',(-1.32864227510802,12.9589312712773,-7.99036384740115));
#4497=CARTESIAN_POINT('Ctrl Pts',(-1.31299970033498,12.9741518669294,-7.96327011313306));
#4498=CARTESIAN_POINT('Ctrl Pts',(-1.28115829655864,12.9943360960742,-7.90811918400812));
#4499=CARTESIAN_POINT('Ctrl Pts',(-1.25864835836188,13.,-7.8691308273761));
#4500=CARTESIAN_POINT('Ctrl Pts',(-1.23974220729158,13.,-7.83638441314676));
#4501=CARTESIAN_POINT('',(-0.588991787997362,12.8,-6.70925162388242));
#4502=CARTESIAN_POINT('Ctrl Pts',(-0.727293658163825,13.,-6.94879748979253));
#4503=CARTESIAN_POINT('Ctrl Pts',(-0.708387507093522,13.,-6.9160510755632));
#4504=CARTESIAN_POINT('Ctrl Pts',(-0.685877568896763,12.9943360960742,-6.87706271893117));
#4505=CARTESIAN_POINT('Ctrl Pts',(-0.654036165120422,12.9741518669294,-6.82191178980624));
#4506=CARTESIAN_POINT('Ctrl Pts',(-0.638393590347386,12.9589312712773,-6.79481805553814));
#4507=CARTESIAN_POINT('Ctrl Pts',(-0.615661101127391,12.9244804446491,-6.7554442292266));
#4508=CARTESIAN_POINT('Ctrl Pts',(-0.60449754310941,12.8992904276578,-6.73610837954621));
#4509=CARTESIAN_POINT('Ctrl Pts',(-0.592562965810551,12.8526559073378,-6.71543708529773));
#4510=CARTESIAN_POINT('Ctrl Pts',(-0.588991787997362,12.8243376058405,-6.70925162388242));
#4511=CARTESIAN_POINT('Ctrl Pts',(-0.588991787997362,12.8,-6.70925162388242));
#4512=CARTESIAN_POINT('Origin',(-0.451495975123842,12.8,-7.69975397190703));
#4513=CARTESIAN_POINT('Origin',(8.37500012479722,11.7,-0.800000007450581));
#4514=CARTESIAN_POINT('',(9.50000014156103,11.7,-0.500000007450581));
#4515=CARTESIAN_POINT('',(9.32679506080414,12.,-0.800000007450581));
#4516=CARTESIAN_POINT('Origin',(9.32679506080414,11.7,-0.800000007450581));
#4517=CARTESIAN_POINT('',(8.17320519996618,12.,-0.800000007450581));
#4518=CARTESIAN_POINT('',(8.37500012479722,12.,-0.800000007450581));
#4519=CARTESIAN_POINT('',(8.00000011920929,11.7,-0.500000007450581));
#4520=CARTESIAN_POINT('Origin',(8.17320519996618,11.7,-0.800000007450581));
#4521=CARTESIAN_POINT('',(8.37500012479722,11.7,-0.500000007450581));
#4522=CARTESIAN_POINT('Origin',(8.75000013038516,12.,-0.933012715795191));
#4523=CARTESIAN_POINT('',(9.00000013411045,12.,-1.3660254241398));
#4524=CARTESIAN_POINT('',(9.50000014156103,12.,-0.500000007450581));
#4525=CARTESIAN_POINT('',(9.00000013411045,12.,-1.00000001490116));
#4526=CARTESIAN_POINT('',(9.00000013411045,12.,-0.966506365348176));
#4527=CARTESIAN_POINT('',(8.2886752581057,12.,-1.00000001490116));
#4528=CARTESIAN_POINT('',(6.87500010244548,12.,-1.00000001490116));
#4529=CARTESIAN_POINT('',(8.75000013038516,12.,-1.79903813248441));
#4530=CARTESIAN_POINT('Origin',(9.50000014156103,11.,-0.500000007450581));
#4531=CARTESIAN_POINT('',(9.50000014156103,11.,-0.500000007450581));
#4532=CARTESIAN_POINT('',(9.00000013411045,11.,-1.3660254241398));
#4533=CARTESIAN_POINT('Origin',(8.51750012453645,11.8,-3.69000005677342));
#4534=CARTESIAN_POINT('',(8.50000012665987,11.8,-4.00000005960464));
#4535=CARTESIAN_POINT('',(7.90000011771917,11.8,-3.20000004768372));
#4536=CARTESIAN_POINT('',(8.35750012453645,11.8,-3.81000005677342));
#4537=CARTESIAN_POINT('',(8.00000011920929,12.,-3.00000004470348));
#4538=CARTESIAN_POINT('Origin',(8.00000011771917,11.8,-3.00000004768372));
#4539=CARTESIAN_POINT('',(8.46583604800988,12.,-3.62111462140466));
#4540=CARTESIAN_POINT('',(8.51750012453645,12.,-3.69000005677342));
#4541=CARTESIAN_POINT('Origin',(8.46583604800988,11.8,-3.62111462140466));
#4542=CARTESIAN_POINT('Origin',(8.65861469348903,11.8,-3.23555733044637));
#4543=CARTESIAN_POINT('',(8.77639333636047,12.,-3.00000004470348));
#4544=CARTESIAN_POINT('',(8.65861469348903,12.,-3.23555733044637));
#4545=CARTESIAN_POINT('',(9.00000013411045,11.8,-3.00000004470348));
#4546=CARTESIAN_POINT('Origin',(8.77639333636047,11.8,-3.00000004470348));
#4547=CARTESIAN_POINT('',(8.83750013168901,11.8,-3.32500004954636));
#4548=CARTESIAN_POINT('Origin',(8.50000012665987,11.,-4.00000005960464));
#4549=CARTESIAN_POINT('',(8.50000012665987,11.,-4.00000005960464));
#4550=CARTESIAN_POINT('',(7.90000011771917,11.,-3.20000004768372));
#4551=CARTESIAN_POINT('Origin',(9.00000013411045,11.,-3.00000004470348));
#4552=CARTESIAN_POINT('',(9.00000013411045,11.,-3.00000004470348));
#4553=CARTESIAN_POINT('Origin',(8.00000011920929,12.3,-2.80000004470348));
#4554=CARTESIAN_POINT('',(7.00000010430813,12.3,-3.00000004470348));
#4555=CARTESIAN_POINT('',(6.25000007450581,12.3,-3.00000004470348));
#4556=CARTESIAN_POINT('',(8.00000011920929,12.3,-3.00000004470348));
#4557=CARTESIAN_POINT('',(6.23389634243111,12.5,-2.80000004470348));
#4558=CARTESIAN_POINT('Ctrl Pts',(6.23389634243111,12.5,-2.80000004470348));
#4559=CARTESIAN_POINT('Ctrl Pts',(6.23793616893314,12.5,-2.82492367892305));
#4560=CARTESIAN_POINT('Ctrl Pts',(6.24140760861274,12.4950505209392,-2.85165571897122));
#4561=CARTESIAN_POINT('Ctrl Pts',(6.24632497004936,12.4746811659732,-2.90098277022007));
#4562=CARTESIAN_POINT('Ctrl Pts',(6.24778960187685,12.4592652199659,-2.92357753721224));
#4563=CARTESIAN_POINT('Ctrl Pts',(6.24945949025445,12.4236708972253,-2.95917185995282));
#4564=CARTESIAN_POINT('Ctrl Pts',(6.24977707753072,12.4011839987672,-2.97456531330072));
#4565=CARTESIAN_POINT('Ctrl Pts',(6.25003800600931,12.351906850817,-2.99497934956616));
#4566=CARTESIAN_POINT('Ctrl Pts',(6.25000007450581,12.325116748757,-3.00000004470348));
#4567=CARTESIAN_POINT('Ctrl Pts',(6.25000007450581,12.3,-3.00000004470348));
#4568=CARTESIAN_POINT('',(7.12360690205811,12.5,-2.80000004470348));
#4569=CARTESIAN_POINT('',(8.00000011920929,12.5,-2.80000004470348));
#4570=CARTESIAN_POINT('Origin',(7.12360690205811,12.3,-2.80000004470348));
#4571=CARTESIAN_POINT('Origin',(7.22888554325317,12.3,-3.01055732709361));
#4572=CARTESIAN_POINT('',(7.50000011175871,12.5,-3.55278646410469));
#4573=CARTESIAN_POINT('',(7.22888554325317,12.5,-3.01055732709361));
#4574=CARTESIAN_POINT('',(7.50000011175871,12.3,-4.00000005960464));
#4575=CARTESIAN_POINT('Origin',(7.50000011175871,12.3,-3.55278646410469));
#4576=CARTESIAN_POINT('',(7.05000010505319,12.3,-3.1000000461936));
#4577=CARTESIAN_POINT('Origin',(7.92111468249942,12.3,-2.71055732262326));
#4578=CARTESIAN_POINT('',(7.87639332145931,12.5,-2.80000004470348));
#4579=CARTESIAN_POINT('',(7.92111468249942,12.5,-2.71055732262326));
#4580=CARTESIAN_POINT('',(8.00000011920929,12.3,-3.00000004470348));
#4581=CARTESIAN_POINT('Origin',(7.87639332145931,12.3,-2.80000004470348));
#4582=CARTESIAN_POINT('',(8.10000012069941,12.3,-2.80000004172325));
#4583=CARTESIAN_POINT('Origin',(8.00000011920929,12.3,-2.80000004470348));
#4584=CARTESIAN_POINT('',(8.80000013411045,12.5,-2.80000004470348));
#4585=CARTESIAN_POINT('',(8.00000011920929,12.5,-2.80000004470348));
#4586=CARTESIAN_POINT('',(9.00000013411045,12.3,-3.00000004470348));
#4587=CARTESIAN_POINT('Origin',(8.80000013411045,12.3,-2.80000004470348));
#4588=CARTESIAN_POINT('',(8.00000011920929,12.3,-3.00000004470348));
#4589=CARTESIAN_POINT('Origin',(8.80000013411045,12.3,-1.50000002235174));
#4590=CARTESIAN_POINT('',(8.80000013411045,12.5,-1.20000001490116));
#4591=CARTESIAN_POINT('',(8.80000013411045,12.5,-1.50000002235174));
#4592=CARTESIAN_POINT('',(9.00000013411045,12.3,-1.00000001490116));
#4593=CARTESIAN_POINT('Origin',(8.80000013411045,12.3,-1.20000001490116));
#4594=CARTESIAN_POINT('',(9.00000013411045,12.3,-1.50000002235174));
#4595=CARTESIAN_POINT('Origin',(6.00000008940697,12.3,-1.20000001490116));
#4596=CARTESIAN_POINT('',(5.20000007450581,12.5,-1.20000001490116));
#4597=CARTESIAN_POINT('',(6.00000008940697,12.5,-1.20000001490116));
#4598=CARTESIAN_POINT('',(5.00000007450581,12.3,-1.00000001490116));
#4599=CARTESIAN_POINT('Origin',(5.20000007450581,12.3,-1.20000001490116));
#4600=CARTESIAN_POINT('',(6.00000008940697,12.3,-1.00000001490116));
#4601=CARTESIAN_POINT('Origin',(5.20000007450581,12.3,-1.8750000372529));
#4602=CARTESIAN_POINT('',(5.20000007450581,12.5,-1.76610377677818));
#4603=CARTESIAN_POINT('',(5.20000007450581,12.5,-1.8750000372529));
#4604=CARTESIAN_POINT('',(5.00000007450581,12.3,-1.75000004470348));
#4605=CARTESIAN_POINT('Ctrl Pts',(5.00000007450581,12.3,-1.75000004470348));
#4606=CARTESIAN_POINT('Ctrl Pts',(5.00000007450581,12.325116748757,-1.75000004470348));
#4607=CARTESIAN_POINT('Ctrl Pts',(5.00502076964312,12.351906850817,-1.74996211319998));
#4608=CARTESIAN_POINT('Ctrl Pts',(5.02543480590857,12.4011839987672,-1.75022304167856));
#4609=CARTESIAN_POINT('Ctrl Pts',(5.04082825925647,12.4236708972253,-1.75054062895484));
#4610=CARTESIAN_POINT('Ctrl Pts',(5.07642258199705,12.4592652199659,-1.75221051733244));
#4611=CARTESIAN_POINT('Ctrl Pts',(5.09901734898922,12.4746811659732,-1.75367514915993));
#4612=CARTESIAN_POINT('Ctrl Pts',(5.14834440023807,12.4950505209392,-1.75859251059655));
#4613=CARTESIAN_POINT('Ctrl Pts',(5.17507644028624,12.5,-1.76206395027615));
#4614=CARTESIAN_POINT('Ctrl Pts',(5.20000007450581,12.5,-1.76610377677818));
#4615=CARTESIAN_POINT('',(5.00000007450581,12.3,-1.8750000372529));
#4616=CARTESIAN_POINT('Origin',(9.00000013411045,11.,-3.00000004470348));
#4617=CARTESIAN_POINT('',(7.00000010430813,11.,-3.00000004470348));
#4618=CARTESIAN_POINT('',(6.25000007450581,11.,-3.00000004470348));
#4619=CARTESIAN_POINT('Origin',(7.50000011175871,11.,-4.00000005960464));
#4620=CARTESIAN_POINT('',(7.50000011175871,11.,-4.00000005960464));
#4621=CARTESIAN_POINT('Origin',(8.00000011920929,11.,-3.00000004470348));
#4622=CARTESIAN_POINT('',(8.00000011920929,11.,-3.00000004470348));
#4623=CARTESIAN_POINT('Origin',(9.00000013411045,11.,-3.00000004470348));
#4624=CARTESIAN_POINT('',(9.00000013411045,11.,-3.00000004470348));
#4625=CARTESIAN_POINT('',(8.68750012945384,12.,-3.00000004470348));
#4626=CARTESIAN_POINT('Origin',(9.00000013411045,11.,-1.00000001490116));
#4627=CARTESIAN_POINT('',(9.00000013411045,11.,-1.00000001490116));
#4628=CARTESIAN_POINT('Origin',(5.00000007450581,11.,-1.00000001490116));
#4629=CARTESIAN_POINT('',(5.00000007450581,11.,-1.00000001490116));
#4630=CARTESIAN_POINT('',(8.2886752581057,11.,-1.00000001490116));
#4631=CARTESIAN_POINT('Origin',(5.00000007450581,11.,-1.75000004470348));
#4632=CARTESIAN_POINT('',(5.00000007450581,11.,-1.75000004470348));
#4633=CARTESIAN_POINT('Origin',(7.48944282936858,12.9,-3.25527868962384));
#4634=CARTESIAN_POINT('',(7.50000011175871,12.9,-3.50000005215406));
#4635=CARTESIAN_POINT('',(7.27236078408313,12.9,-3.0447213968029));
#4636=CARTESIAN_POINT('',(7.40000011026859,12.9,-3.30000004917383));
#4637=CARTESIAN_POINT('',(7.36180350318312,13.,-3.0000000372529));
#4638=CARTESIAN_POINT('Origin',(7.36180350318312,12.9,-3.0000000372529));
#4639=CARTESIAN_POINT('',(7.50000011175871,13.,-3.27639325440409));
#4640=CARTESIAN_POINT('',(7.48944282936858,13.,-3.25527868962384));
#4641=CARTESIAN_POINT('Origin',(7.50000011175871,12.9,-3.27639325440409));
#4642=CARTESIAN_POINT('Ctrl Pts',(7.92763943943429,12.5,-2.6447213968029));
#4643=CARTESIAN_POINT('Ctrl Pts',(7.92763943943429,12.6047197551197,-2.6447213968029));
#4644=CARTESIAN_POINT('Ctrl Pts',(7.88435942806067,12.8134399772528,-2.73128141955015));
#4645=CARTESIAN_POINT('Ctrl Pts',(7.77999931699412,12.9,-2.94000164168324));
#4646=CARTESIAN_POINT('Ctrl Pts',(7.72763943943429,12.9,-3.0447213968029));
#4647=CARTESIAN_POINT('Ctrl Pts',(7.93630449645687,12.5,-2.62739128275775));
#4648=CARTESIAN_POINT('Ctrl Pts',(7.93630449645687,12.6103952742178,-2.62739128275775));
#4649=CARTESIAN_POINT('Ctrl Pts',(7.8899876024394,12.8294596404243,-2.72002286677772));
#4650=CARTESIAN_POINT('Ctrl Pts',(7.78157343363934,12.9160764991038,-2.93687115013689));
#4651=CARTESIAN_POINT('Ctrl Pts',(7.72763943943429,12.9149599650171,-3.0447213968029));
#4652=CARTESIAN_POINT('Ctrl Pts',(7.94234402195398,12.5,-2.59257332698811));
#4653=CARTESIAN_POINT('Ctrl Pts',(7.94234402195398,12.6202968217852,-2.59257332698811));
#4654=CARTESIAN_POINT('Ctrl Pts',(7.89178337105026,12.8574472297852,-2.69631903632319));
#4655=CARTESIAN_POINT('Ctrl Pts',(7.77813659843685,12.9441820609383,-2.92830452599676));
#4656=CARTESIAN_POINT('Ctrl Pts',(7.7222841686671,12.9411222845588,-3.0420437614193));
#4657=CARTESIAN_POINT('Ctrl Pts',(7.92598918312011,12.5,-2.54574131129521));
#4658=CARTESIAN_POINT('Ctrl Pts',(7.92598918312011,12.6304209243799,-2.54574131129521));
#4659=CARTESIAN_POINT('Ctrl Pts',(7.87401613971801,12.8867309579088,-2.66035525467754));
#4660=CARTESIAN_POINT('Ctrl Pts',(7.75895891784494,12.9764761186143,-2.9106162153575));
#4661=CARTESIAN_POINT('Ctrl Pts',(7.70264423009966,12.972054506408,-3.03222379213558));
#4662=CARTESIAN_POINT('Ctrl Pts',(7.89141546115376,12.5,-2.51016918461525));
#4663=CARTESIAN_POINT('Ctrl Pts',(7.89141546115376,12.6352020709881,-2.51016918461525));
#4664=CARTESIAN_POINT('Ctrl Pts',(7.84192138334817,12.9017012535841,-2.62821994352315));
#4665=CARTESIAN_POINT('Ctrl Pts',(7.73007423455177,12.9979174173415,-2.89042722278303));
#4666=CARTESIAN_POINT('Ctrl Pts',(7.67497760979975,12.9940126252633,-3.01839048198563));
#4667=CARTESIAN_POINT('Ctrl Pts',(7.85757237686569,12.5,-2.5000000372529));
#4668=CARTESIAN_POINT('Ctrl Pts',(7.85757237686569,12.6334574495817,-2.5000000372529));
#4669=CARTESIAN_POINT('Ctrl Pts',(7.81202391854284,12.8981827635195,-2.61311648726293));
#4670=CARTESIAN_POINT('Ctrl Pts',(7.70493585582869,13.0017599159116,-2.87628298904005));
#4671=CARTESIAN_POINT('Ctrl Pts',(7.651577319822,13.,-3.00669033699675));
#4672=CARTESIAN_POINT('Ctrl Pts',(7.8381967203343,12.5,-2.5000000372529));
#4673=CARTESIAN_POINT('Ctrl Pts',(7.8381967203343,12.6308996938996,-2.5000000372529));
#4674=CARTESIAN_POINT('Ctrl Pts',(7.79491670896068,12.8917999715659,-2.60820006568696));
#4675=CARTESIAN_POINT('Ctrl Pts',(7.69055659789413,13.,-2.86910034335333));
#4676=CARTESIAN_POINT('Ctrl Pts',(7.6381967203343,13.,-3.0000000372529));
#4677=CARTESIAN_POINT('',(7.72763943943429,12.9,-3.0447213968029));
#4678=CARTESIAN_POINT('',(7.6381967203343,13.,-3.0000000372529));
#4679=CARTESIAN_POINT('Origin',(7.6381967203343,12.9,-3.0000000372529));
#4680=CARTESIAN_POINT('',(7.8381967203343,12.5,-2.5000000372529));
#4681=CARTESIAN_POINT('Origin',(7.6381967203343,12.5,-3.0000000372529));
#4682=CARTESIAN_POINT('',(7.92763943943429,12.5,-2.6447213968029));
#4683=CARTESIAN_POINT('Ctrl Pts',(7.92763943943429,12.5,-2.6447213968029));
#4684=CARTESIAN_POINT('Ctrl Pts',(7.93630449645687,12.5,-2.62739128275775));
#4685=CARTESIAN_POINT('Ctrl Pts',(7.93975565388379,12.5,-2.60749530803224));
#4686=CARTESIAN_POINT('Ctrl Pts',(7.93749647247616,12.5,-2.58826400099151));
#4687=CARTESIAN_POINT('Ctrl Pts',(7.93580208642043,12.5,-2.57384052071095));
#4688=CARTESIAN_POINT('Ctrl Pts',(7.93089563477027,12.5,-2.55979091600308));
#4689=CARTESIAN_POINT('Ctrl Pts',(7.92325635065024,12.5,-2.54743029464715));
#4690=CARTESIAN_POINT('Ctrl Pts',(7.91561706653021,12.5,-2.53506967329122));
#4691=CARTESIAN_POINT('Ctrl Pts',(7.9052449499403,12.5,-2.52439803528723));
#4692=CARTESIAN_POINT('Ctrl Pts',(7.89310194946867,12.5,-2.51643215385105));
#4693=CARTESIAN_POINT('Ctrl Pts',(7.87691128217316,12.5,-2.50581097860281));
#4694=CARTESIAN_POINT('Ctrl Pts',(7.85757237686569,12.5,-2.5000000372529));
#4695=CARTESIAN_POINT('Ctrl Pts',(7.8381967203343,12.5,-2.5000000372529));
#4696=CARTESIAN_POINT('Origin',(7.72763943943429,12.5,-3.0447213968029));
#4697=CARTESIAN_POINT('Origin',(7.76055739787412,12.9,-2.75527868217326));
#4698=CARTESIAN_POINT('',(7.76055739787412,13.,-2.75527868217326));
#4699=CARTESIAN_POINT('',(7.85000011697412,12.9,-2.80000004172325));
#4700=CARTESIAN_POINT('Ctrl Pts',(7.27236078408313,12.9,-3.0447213968029));
#4701=CARTESIAN_POINT('Ctrl Pts',(7.2200009065233,12.9,-2.94000164168324));
#4702=CARTESIAN_POINT('Ctrl Pts',(7.11564003967099,12.8134414888243,-2.73127990797862));
#4703=CARTESIAN_POINT('Ctrl Pts',(7.07236078408313,12.6047197551197,-2.6447213968029));
#4704=CARTESIAN_POINT('Ctrl Pts',(7.07236078408313,12.5,-2.6447213968029));
#4705=CARTESIAN_POINT('Ctrl Pts',(7.27236078408313,12.9149599650171,-3.0447213968029));
#4706=CARTESIAN_POINT('Ctrl Pts',(7.21842678987807,12.9160764991038,-2.93687115013689));
#4707=CARTESIAN_POINT('Ctrl Pts',(7.11001188097838,12.8294613828507,-2.72002129516674));
#4708=CARTESIAN_POINT('Ctrl Pts',(7.06369572706055,12.6103952742178,-2.62739128275775));
#4709=CARTESIAN_POINT('Ctrl Pts',(7.06369572706055,12.5,-2.62739128275775));
#4710=CARTESIAN_POINT('Ctrl Pts',(7.27771601381462,12.9411223157497,-3.04204378193715));
#4711=CARTESIAN_POINT('Ctrl Pts',(7.22186358404488,12.9441820921292,-2.92830454651461));
#4712=CARTESIAN_POINT('Ctrl Pts',(7.10821595477472,12.8574495524243,-2.69631740985616));
#4713=CARTESIAN_POINT('Ctrl Pts',(7.05765607330397,12.6202968217852,-2.59257329021758));
#4714=CARTESIAN_POINT('Ctrl Pts',(7.05765607330397,12.5,-2.59257329021758));
#4715=CARTESIAN_POINT('Ctrl Pts',(7.29735597342429,12.9720545287613,-3.03222380213231));
#4716=CARTESIAN_POINT('Ctrl Pts',(7.24104128567901,12.9764761409677,-2.91061622535423));
#4717=CARTESIAN_POINT('Ctrl Pts',(7.12598324027317,12.8867335783719,-2.66035351188222));
#4718=CARTESIAN_POINT('Ctrl Pts',(7.07401097827989,12.6304209243799,-2.54574127290454));
#4719=CARTESIAN_POINT('Ctrl Pts',(7.07401097827989,12.5,-2.54574127290454));
#4720=CARTESIAN_POINT('Ctrl Pts',(7.32502258581966,12.9940126711426,-3.01839049593463));
#4721=CARTESIAN_POINT('Ctrl Pts',(7.26992596106764,12.9979174632208,-2.89042723673203));
#4722=CARTESIAN_POINT('Ctrl Pts',(7.15807798437158,12.9017039404235,-2.62821807841289));
#4723=CARTESIAN_POINT('Ctrl Pts',(7.10858467211571,12.6352020709881,-2.51016908634077));
#4724=CARTESIAN_POINT('Ctrl Pts',(7.10858467211571,12.5,-2.51016908634077));
#4725=CARTESIAN_POINT('Ctrl Pts',(7.34842290369542,13.,-3.00669033699675));
#4726=CARTESIAN_POINT('Ctrl Pts',(7.29506436768872,13.0017599159116,-2.87628298904005));
#4727=CARTESIAN_POINT('Ctrl Pts',(7.18797554116257,12.8981847451478,-2.61311462484954));
#4728=CARTESIAN_POINT('Ctrl Pts',(7.14242784665173,12.6334574495817,-2.5000000372529));
#4729=CARTESIAN_POINT('Ctrl Pts',(7.14242784665173,12.5,-2.5000000372529));
#4730=CARTESIAN_POINT('Ctrl Pts',(7.36180350318312,13.,-3.0000000372529));
#4731=CARTESIAN_POINT('Ctrl Pts',(7.30944362562329,13.,-2.86910034335333));
#4732=CARTESIAN_POINT('Ctrl Pts',(7.20508275877098,12.8918018610303,-2.60819817622256));
#4733=CARTESIAN_POINT('Ctrl Pts',(7.16180350318312,12.6308996938996,-2.5000000372529));
#4734=CARTESIAN_POINT('Ctrl Pts',(7.16180350318312,12.5,-2.5000000372529));
#4735=CARTESIAN_POINT('',(7.07236078408313,12.5,-2.6447213968029));
#4736=CARTESIAN_POINT('',(7.16180350318312,12.5,-2.5000000372529));
#4737=CARTESIAN_POINT('Ctrl Pts',(7.16180350318312,12.5,-2.5000000372529));
#4738=CARTESIAN_POINT('Ctrl Pts',(7.14242784665173,12.5,-2.5000000372529));
#4739=CARTESIAN_POINT('Ctrl Pts',(7.123088889774,12.5,-2.50581092244597));
#4740=CARTESIAN_POINT('Ctrl Pts',(7.10689820680679,12.5,-2.51643208731472));
#4741=CARTESIAN_POINT('Ctrl Pts',(7.09475519458138,12.5,-2.52439796096628));
#4742=CARTESIAN_POINT('Ctrl Pts',(7.08438308643064,12.5,-2.53506961693541));
#4743=CARTESIAN_POINT('Ctrl Pts',(7.07674379660888,12.5,-2.54743024751693));
#4744=CARTESIAN_POINT('Ctrl Pts',(7.06910450678711,12.5,-2.55979087809845));
#4745=CARTESIAN_POINT('Ctrl Pts',(7.06419803529434,12.5,-2.57384048329236));
#4746=CARTESIAN_POINT('Ctrl Pts',(7.06250366145784,12.5,-2.58826397060443));
#4747=CARTESIAN_POINT('Ctrl Pts',(7.0602444963425,12.5,-2.60749528702051));
#4748=CARTESIAN_POINT('Ctrl Pts',(7.06369572706055,12.5,-2.62739128275775));
#4749=CARTESIAN_POINT('Ctrl Pts',(7.07236078408313,12.5,-2.6447213968029));
#4750=CARTESIAN_POINT('Origin',(7.36180350318312,12.5,-3.0000000372529));
#4751=CARTESIAN_POINT('Origin',(7.27236078408313,12.5,-3.0447213968029));
#4752=CARTESIAN_POINT('Origin',(7.50000011175871,11.,-3.50000005215406));
#4753=CARTESIAN_POINT('',(7.50000011175871,12.5,-3.50000005215406));
#4754=CARTESIAN_POINT('',(7.50000011175871,11.,-3.50000005215406));
#4755=CARTESIAN_POINT('',(7.50000011175871,12.5,-3.50000005215406));
#4756=CARTESIAN_POINT('Origin',(8.00000011920929,11.,-2.5000000372529));
#4757=CARTESIAN_POINT('',(7.750000115484,12.5,-3.00000004470348));
#4758=CARTESIAN_POINT('Origin',(7.25000010803342,12.5,-3.0000000372529));
#4759=CARTESIAN_POINT('',(7.00000010430813,12.5,-2.5000000372529));
#4760=CARTESIAN_POINT('',(7.25000010803342,13.,-3.0000000372529));
#4761=CARTESIAN_POINT('Origin',(5.00000007450581,13.8,-3.00000004470348));
#4762=CARTESIAN_POINT('',(5.00000007450581,14.,-4.05000004470348));
#4763=CARTESIAN_POINT('Origin',(5.00000007450581,14.,-3.00000004470348));
#4764=CARTESIAN_POINT('',(5.00000007450581,13.8,-4.25000004470348));
#4765=CARTESIAN_POINT('Origin',(5.00000007450581,13.8,-4.05000004470348));
#4766=CARTESIAN_POINT('',(6.25000007450581,13.8,-3.00000004470348));
#4767=CARTESIAN_POINT('Origin',(5.00000007450581,13.8,-3.00000004470348));
#4768=CARTESIAN_POINT('Origin',(5.00000007450581,13.8,-3.00000004470348));
#4769=CARTESIAN_POINT('Origin',(5.00000007450581,11.,-3.00000004470348));
#4770=CARTESIAN_POINT('',(6.25000007450581,11.,-3.00000004470348));
#4771=CARTESIAN_POINT('Origin',(5.00000007450581,12.5,-3.00000004470348));
#4772=CARTESIAN_POINT('Origin',(5.00000007450581,14.,-3.00000004470348));
#4773=CARTESIAN_POINT('Origin',(8.00000011920929,11.,-0.500000007450581));
#4774=CARTESIAN_POINT('',(8.00000011920929,11.,-0.500000007450581));
#4775=CARTESIAN_POINT('Origin',(8.2886752581057,11.,-1.00000001490116));
#4776=CARTESIAN_POINT('Origin',(8.37500012479722,12.,-3.50000005215406));
#4777=CARTESIAN_POINT('Origin',(7.50000011175871,13.,-3.00000004470348));
#4778=CARTESIAN_POINT('Origin',(7.00000010430813,12.5,-2.00000002980232));
#4779=CARTESIAN_POINT('Origin',(-0.451495975123842,11.,-7.69975397190703));
#4780=CARTESIAN_POINT('',(-1.37804407745804,11.,-8.07593027905687));
#4781=CARTESIAN_POINT('',(-0.588991787997363,11.,-6.70925162388242));
#4782=CARTESIAN_POINT('',(-0.588991787997362,11.,-6.70925162388242));
#4783=CARTESIAN_POINT('',(-0.571538121447943,11.,-6.70698517550683));
#4784=CARTESIAN_POINT('Origin',(-0.451495975123842,11.,-7.69975397190703));
#4785=CARTESIAN_POINT('',(-0.571538121447943,11.4,-6.70698517550683));
#4786=CARTESIAN_POINT('',(-0.571538121447943,11.,-6.70698517550683));
#4787=CARTESIAN_POINT('',(-0.460221028691789,11.5,-6.69979203591134));
#4788=CARTESIAN_POINT('Ctrl Pts',(-0.460221028691789,11.5,-6.69979203591134));
#4789=CARTESIAN_POINT('Ctrl Pts',(-0.474048875855218,11.5,-6.69991268921112));
#4790=CARTESIAN_POINT('Ctrl Pts',(-0.488943987621264,11.4977038295856,-6.70036110008281));
#4791=CARTESIAN_POINT('Ctrl Pts',(-0.516637348367317,11.4876966612996,-6.70177970359045));
#4792=CARTESIAN_POINT('Ctrl Pts',(-0.529440874909439,11.4799993924653,-6.70274367291429));
#4793=CARTESIAN_POINT('Ctrl Pts',(-0.54910520594455,11.4620994974718,-6.7044838424516));
#4794=CARTESIAN_POINT('Ctrl Pts',(-0.557500266551674,11.4510264559214,-6.70537461131098));
#4795=CARTESIAN_POINT('Ctrl Pts',(-0.568711375055764,11.4263843141941,-6.70662894631483));
#4796=CARTESIAN_POINT('Ctrl Pts',(-0.571538121447943,11.4128197098163,-6.70698517550683));
#4797=CARTESIAN_POINT('Ctrl Pts',(-0.571538121447943,11.4,-6.70698517550683));
#4798=CARTESIAN_POINT('',(0.27506836549926,11.5,-7.01265553723051));
#4799=CARTESIAN_POINT('Origin',(-0.451495975123842,11.5,-7.69975397190703));
#4800=CARTESIAN_POINT('',(0.343825039888843,11.4,-7.09356548382828));
#4801=CARTESIAN_POINT('Ctrl Pts',(0.343825039888843,11.4,-7.09356548382828));
#4802=CARTESIAN_POINT('Ctrl Pts',(0.343825039888843,11.4125597379434,-7.09356548382828));
#4803=CARTESIAN_POINT('Ctrl Pts',(0.342178674631022,11.4258707791613,-7.09138388854123));
#4804=CARTESIAN_POINT('Ctrl Pts',(0.335559642620543,11.4501994188312,-7.08285165503799));
#4805=CARTESIAN_POINT('Ctrl Pts',(0.330579768810141,11.4612162580242,-7.07650444477226));
#4806=CARTESIAN_POINT('Ctrl Pts',(0.31879314671497,11.4790884945371,-7.06198660158809));
#4807=CARTESIAN_POINT('Ctrl Pts',(0.311053384005958,11.4869650327754,-7.05268734852924));
#4808=CARTESIAN_POINT('Ctrl Pts',(0.293765141408674,11.4974210667299,-7.03285421559319));
#4809=CARTESIAN_POINT('Ctrl Pts',(0.284211862445863,11.5,-7.02232422295984));
#4810=CARTESIAN_POINT('Ctrl Pts',(0.27506836549926,11.5,-7.01265553723051));
#4811=CARTESIAN_POINT('',(0.343825039888843,11.,-7.09356548382828));
#4812=CARTESIAN_POINT('Origin',(-0.471975868778663,11.,-6.50657410650126));
#4813=CARTESIAN_POINT('',(-1.4405837326844,11.,-8.18425213939676));
#4814=CARTESIAN_POINT('',(-0.471975868778664,11.5,-6.50657410650126));
#4815=CARTESIAN_POINT('',(-0.471975868778664,11.,-6.50657410650126));
#4816=CARTESIAN_POINT('',(-0.521875660513812,11.5,-6.59300308107365));
#4817=CARTESIAN_POINT('',(-0.468840656435919,11.5,-6.50114375943111));
#4818=CARTESIAN_POINT('',(-0.579610687432774,11.4,-6.69300308107365));
#4819=CARTESIAN_POINT('Origin',(-0.521875660513812,11.4,-6.59300308107365));
#4820=CARTESIAN_POINT('',(-0.579610687432775,11.,-6.69300308107365));
#4821=CARTESIAN_POINT('',(-0.579610687432774,11.,-6.69300308107365));
#4822=CARTESIAN_POINT('',(0.225703977047154,11.,-5.29815716611413));
#4823=CARTESIAN_POINT('Origin',(0.975195314734449,11.,-6.00000008940697));
#4824=CARTESIAN_POINT('',(0.975195314734449,11.4,-6.00000008940697));
#4825=CARTESIAN_POINT('',(0.687757637212856,11.4,-6.49785675088397));
#4826=CARTESIAN_POINT('',(0.975195314734449,11.,-6.00000008940697));
#4827=CARTESIAN_POINT('Origin',(-2.48757014646938,10.55,-5.39975397190703));
#4828=CARTESIAN_POINT('',(-2.48757014646938,11.55,-5.19975397190703));
#4829=CARTESIAN_POINT('',(-2.48757014646938,11.75,-5.39975397190703));
#4830=CARTESIAN_POINT('Origin',(-2.48757014646938,11.55,-5.39975397190703));
#4831=CARTESIAN_POINT('Origin',(-2.48757014646938,10.55,-5.39975397190703));
#4832=CARTESIAN_POINT('Origin',(-2.48757014646938,10.55,-5.19975397190703));
#4833=CARTESIAN_POINT('Origin',(-3.59999991953373,11.,-5.19975397190703));
#4834=CARTESIAN_POINT('',(-1.19999997317791,11.55,-5.19975397190703));
#4835=CARTESIAN_POINT('',(-1.19999997317791,11.,-5.19975397190703));
#4836=CARTESIAN_POINT('',(-2.99999993294477,11.55,-5.19975397190703));
#4837=CARTESIAN_POINT('Origin',(-2.48757014646938,10.55,-6.49975393837941));
#4838=CARTESIAN_POINT('',(-2.48757014646938,11.75,-6.49975393837941));
#4839=CARTESIAN_POINT('',(-2.48757014646938,11.55,-6.69975393837941));
#4840=CARTESIAN_POINT('Origin',(-2.48757014646938,11.55,-6.49975393837941));
#4841=CARTESIAN_POINT('Origin',(-2.48757014646938,10.55,-6.69975393837941));
#4842=CARTESIAN_POINT('Origin',(-2.48757014646938,10.55,-6.49975393837941));
#4843=CARTESIAN_POINT('Origin',(-2.34882955750455,11.55,-6.49975393837941));
#4844=CARTESIAN_POINT('',(-1.45205871811146,11.75,-6.49975393837941));
#4845=CARTESIAN_POINT('',(-2.34882955750455,11.75,-6.49975393837941));
#4846=CARTESIAN_POINT('',(-1.44812109221039,11.7498836794408,-6.50657410650126));
#4847=CARTESIAN_POINT('Origin',(-1.45205871811146,11.55,-6.49975393837941));
#4848=CARTESIAN_POINT('',(-2.40919159659013,11.7498836794408,-6.50657410650126));
#4849=CARTESIAN_POINT('',(-2.34882955750455,11.7498836794408,-6.50657410650126));
#4850=CARTESIAN_POINT('',(-2.29765916865328,11.55,-6.69975393837941));
#4851=CARTESIAN_POINT('Origin',(-2.4131292224912,11.55,-6.49975393837941));
#4852=CARTESIAN_POINT('',(-2.34882955750455,11.55,-6.69975393837941));
#4853=CARTESIAN_POINT('Origin',(-2.48757014646938,10.55,-5.84987696918971));
#4854=CARTESIAN_POINT('',(-2.48757014646938,11.75,-5.84987696918971));
#4855=CARTESIAN_POINT('Origin',(-2.39999994635582,11.75,-5.94975395514322));
#4856=CARTESIAN_POINT('',(-1.39999997317791,11.75,-5.39975397190703));
#4857=CARTESIAN_POINT('',(-2.99999993294477,11.75,-5.39975397190703));
#4858=CARTESIAN_POINT('',(-1.39999997317791,11.75,-5.57475396352512));
#4859=CARTESIAN_POINT('',(-1.49953956184716,11.75,-6.41751470464294));
#4860=CARTESIAN_POINT('Origin',(-2.99999993294477,11.55,-5.39975397190703));
#4861=CARTESIAN_POINT('Origin',(-1.39999997317791,11.55,-5.39975397190703));
#4862=CARTESIAN_POINT('Origin',(-2.29765916865328,11.,-6.69975393837941));
#4863=CARTESIAN_POINT('',(-2.29765916865328,11.,-6.69975393837941));
#4864=CARTESIAN_POINT('Origin',(-1.39999997317791,11.55,-5.57475396352512));
#4865=CARTESIAN_POINT('',(-1.19999997317791,11.55,-5.57475396352512));
#4866=CARTESIAN_POINT('Origin',(-1.19999997317791,11.,-5.19975397190703));
#4867=CARTESIAN_POINT('Origin',(2.5,11.,-5.));
#4868=CARTESIAN_POINT('',(-0.272530136132641,11.,-7.22488219794174));
#4869=CARTESIAN_POINT('Origin',(-1.4405837326844,11.,-8.18425213939676));
#4870=CARTESIAN_POINT('',(-2.40919159659013,11.,-6.50657410650126));
#4871=CARTESIAN_POINT('Origin',(-0.500178201978245,11.9,-5.96803274656443));
#4872=CARTESIAN_POINT('',(-0.695635147269595,11.9,-6.50657410650126));
#4873=CARTESIAN_POINT('',(-0.413575661599801,11.9,-6.01803274656443));
#4874=CARTESIAN_POINT('',(-0.81110520110752,12.,-6.50657410650126));
#4875=CARTESIAN_POINT('Origin',(-0.81110520110752,11.9,-6.50657410650126));
#4876=CARTESIAN_POINT('',(-0.287552352292965,12.,-5.59975397190703));
#4877=CARTESIAN_POINT('',(-0.500178201978245,12.,-5.96803274656443));
#4878=CARTESIAN_POINT('Origin',(-0.287552352292965,11.9,-5.59975397190703));
#4879=CARTESIAN_POINT('Origin',(-1.55064354384195,11.9,-5.59975397190703));
#4880=CARTESIAN_POINT('',(-1.97167394102495,12.,-5.59975397190703));
#4881=CARTESIAN_POINT('',(-1.55064354384195,12.,-5.59975397190703));
#4882=CARTESIAN_POINT('Origin',(-1.97167394102495,11.9,-5.59975397190703));
#4883=CARTESIAN_POINT('Origin',(-1.07187811973999,12.,-6.32900001135888));
#4884=CARTESIAN_POINT('',(-1.44812109221039,12.,-6.50657410650126));
#4885=CARTESIAN_POINT('',(-1.74053485816506,12.,-6.50657410650126));
#4886=CARTESIAN_POINT('',(-2.02940896794391,12.,-5.49975397190703));
#4887=CARTESIAN_POINT('Origin',(-0.080913588764098,11.4,-7.35677179355498));
#4888=CARTESIAN_POINT('',(-0.167516129142542,11.4,-7.40677179355498));
#4889=CARTESIAN_POINT('',(-0.080913588764098,11.5,-7.35677179355498));
#4890=CARTESIAN_POINT('Origin',(0.601155096834412,11.4,-6.44785675088397));
#4891=CARTESIAN_POINT('',(0.801990233977561,11.5,-6.10000008940697));
#4892=CARTESIAN_POINT('',(0.601155096834412,11.5,-6.44785675088397));
#4893=CARTESIAN_POINT('Origin',(0.801990233977561,11.4,-6.10000008940697));
#4894=CARTESIAN_POINT('Origin',(-0.130643504053814,11.4,-6.10000008940697));
#4895=CARTESIAN_POINT('',(-0.460899529054696,11.5,-6.10000008940697));
#4896=CARTESIAN_POINT('',(-0.130643504053814,11.5,-6.10000008940697));
#4897=CARTESIAN_POINT('',(-0.403164502135733,11.4,-6.00000008940697));
#4898=CARTESIAN_POINT('Origin',(-0.460899529054696,11.4,-6.10000008940697));
#4899=CARTESIAN_POINT('',(-0.130643504053814,11.4,-6.00000008940697));
#4900=CARTESIAN_POINT('Origin',(-0.00226041824314877,11.,-7.69300308107365));
#4901=CARTESIAN_POINT('Origin',(-0.403164502135733,11.,-6.00000008940697));
#4902=CARTESIAN_POINT('',(-0.403164502135733,11.,-6.00000008940697));
#4903=CARTESIAN_POINT('Origin',(-0.687245506086886,11.,-6.50657410650126));
#4904=CARTESIAN_POINT('',(-0.691440326678241,11.,-6.4993084641084));
#4905=CARTESIAN_POINT('',(-0.687245506086886,11.,-6.50657410650126));
#4906=CARTESIAN_POINT('',(-0.615022680054509,11.,-6.63166771065555));
#4907=CARTESIAN_POINT('',(-0.691440326678241,11.5,-6.4993084641084));
#4908=CARTESIAN_POINT('',(-0.69144032667824,11.,-6.4993084641084));
#4909=CARTESIAN_POINT('',(-0.687245506086886,11.5,-6.50657410650126));
#4910=CARTESIAN_POINT('',(-0.979716151220748,11.5,-6.00000008940697));
#4911=CARTESIAN_POINT('',(-0.687245506086886,11.,-6.50657410650126));
#4912=CARTESIAN_POINT('Origin',(0.141877494028104,11.5,-6.84650158524031));
#4913=CARTESIAN_POINT('',(-1.13365705128101,11.5,-6.50657410650126));
#4914=CARTESIAN_POINT('',(-0.373898587248725,11.5,-5.94931003789268));
#4915=CARTESIAN_POINT('Origin',(-0.114347271536077,11.,-5.49975397190703));
#4916=CARTESIAN_POINT('',(-0.695635147269595,11.,-6.50657410650126));
#4917=CARTESIAN_POINT('',(0.320646046234347,11.,-4.7463234445757));
#4918=CARTESIAN_POINT('',(-0.695635147269595,11.,-6.50657410650126));
#4919=CARTESIAN_POINT('Origin',(2.5,11.,-5.));
#4920=CARTESIAN_POINT('',(0.0454042017049335,11.,-6.50657410650126));
#4921=CARTESIAN_POINT('Origin',(-2.40919159659013,11.,-6.50657410650126));
#4922=CARTESIAN_POINT('',(-1.44812109221039,11.,-6.50657410650126));
#4923=CARTESIAN_POINT('Origin',(-1.07187811973999,11.,-7.15824605081073));
#4924=CARTESIAN_POINT('Origin',(2.5,10.,-5.));
#4925=CARTESIAN_POINT('',(2.5,10.,-15.));
#4926=CARTESIAN_POINT('Origin',(2.5,10.,-14.));
#4927=CARTESIAN_POINT('',(12.5,10.,-5.));
#4928=CARTESIAN_POINT('Origin',(2.5,10.,-5.));
#4929=CARTESIAN_POINT('Origin',(2.5,10.,-5.));
#4930=CARTESIAN_POINT('Origin',(2.5,6.,-5.));
#4931=CARTESIAN_POINT('',(12.5,8.,-5.));
#4932=CARTESIAN_POINT('',(12.5,6.,-5.));
#4933=CARTESIAN_POINT('',(2.5,8.,-15.));
#4934=CARTESIAN_POINT('Origin',(2.5,8.,-5.));
#4935=CARTESIAN_POINT('Origin',(2.5,8.,-5.));
#4936=CARTESIAN_POINT('Origin',(2.5,8.,-5.));
#4937=CARTESIAN_POINT('',(2.5,6.,-13.));
#4938=CARTESIAN_POINT('Origin',(2.5,8.,-13.));
#4939=CARTESIAN_POINT('Origin',(2.5,6.,-5.));
#4940=CARTESIAN_POINT('Origin',(2.5,6.,-5.));
#4941=UNCERTAINTY_MEASURE_WITH_UNIT(LENGTH_MEASURE(0.01),#4945,
'DISTANCE_ACCURACY_VALUE',
'Maximum model space distance between geometric entities at asserted c
onnectivities');
#4942=UNCERTAINTY_MEASURE_WITH_UNIT(LENGTH_MEASURE(0.01),#4945,
'DISTANCE_ACCURACY_VALUE',
'Maximum model space distance between geometric entities at asserted c
onnectivities');
#4943=(
GEOMETRIC_REPRESENTATION_CONTEXT(3)
GLOBAL_UNCERTAINTY_ASSIGNED_CONTEXT((#4941))
GLOBAL_UNIT_ASSIGNED_CONTEXT((#4945,#4947,#4948))
REPRESENTATION_CONTEXT('','3D')
);
#4944=(
GEOMETRIC_REPRESENTATION_CONTEXT(3)
GLOBAL_UNCERTAINTY_ASSIGNED_CONTEXT((#4942))
GLOBAL_UNIT_ASSIGNED_CONTEXT((#4945,#4947,#4948))
REPRESENTATION_CONTEXT('','3D')
);
#4945=(
LENGTH_UNIT()
NAMED_UNIT(*)
SI_UNIT(.MILLI.,.METRE.)
);
#4946=(
LENGTH_UNIT()
NAMED_UNIT(*)
SI_UNIT($,.METRE.)
);
#4947=(
NAMED_UNIT(*)
PLANE_ANGLE_UNIT()
SI_UNIT($,.RADIAN.)
);
#4948=(
NAMED_UNIT(*)
SI_UNIT($,.STERADIAN.)
SOLID_ANGLE_UNIT()
);
#4949=SHAPE_DEFINITION_REPRESENTATION(#4950,#4951);
#4950=PRODUCT_DEFINITION_SHAPE('',$,#4953);
#4951=SHAPE_REPRESENTATION('',(#2797),#4943);
#4952=PRODUCT_DEFINITION_CONTEXT('part definition',#4957,'design');
#4953=PRODUCT_DEFINITION('PIN3','PIN3 v6',#4954,#4952);
#4954=PRODUCT_DEFINITION_FORMATION('',$,#4959);
#4955=PRODUCT_RELATED_PRODUCT_CATEGORY('PIN3 v6','PIN3 v6',(#4959));
#4956=APPLICATION_PROTOCOL_DEFINITION('international standard',
'automotive_design',2009,#4957);
#4957=APPLICATION_CONTEXT(
'Core Data for Automotive Mechanical Design Process');
#4958=PRODUCT_CONTEXT('part definition',#4957,'mechanical');
#4959=PRODUCT('PIN3','PIN3 v6',$,(#4958));
#4960=PRESENTATION_STYLE_ASSIGNMENT((#4961));
#4961=SURFACE_STYLE_USAGE(.BOTH.,#4962);
#4962=SURFACE_SIDE_STYLE('',(#4963));
#4963=SURFACE_STYLE_FILL_AREA(#4964);
#4964=FILL_AREA_STYLE('Steel - Satin',(#4965));
#4965=FILL_AREA_STYLE_COLOUR('Steel - Satin',#4966);
#4966=COLOUR_RGB('Steel - Satin',0.627450980392157,0.627450980392157,0.627450980392157);
ENDSEC;
END-ISO-10303-21;
