ISO-10303-21;
HEADER;
/* Generated by software containing ST-Developer
 * from STEP Tools, Inc. (www.steptools.com) 
 */

FILE_DESCRIPTION(
/* description */ (''),
/* implementation_level */ '2;1');

FILE_NAME(
/* name */ 'PIN4.step',
/* time_stamp */ '2026-01-19T21:16:56+01:00',
/* author */ (''),
/* organization */ (''),
/* preprocessor_version */ 'ST-DEVELOPER v20.1',
/* originating_system */ 'Autodesk Translation Framework v14.21.0.0',
/* authorisation */ '');

FILE_SCHEMA (('AUTOMOTIVE_DESIGN { 1 0 10303 214 3 1 1 }'));
ENDSEC;

DATA;
#10=MECHANICAL_DESIGN_GEOMETRIC_PRESENTATION_REPRESENTATION('',(#13),#7999);
#11=SHAPE_REPRESENTATION_RELATIONSHIP('SRR','None',#8006,#12);
#12=ADVANCED_BREP_SHAPE_REPRESENTATION('',(#14),#7998);
#13=STYLED_ITEM('',(#8015),#14);
#14=MANIFOLD_SOLID_BREP('Body5',#738);
#15=TOROIDAL_SURFACE('',#785,0.599999609887609,0.1);
#16=TOROIDAL_SURFACE('',#792,0.60000002712014,0.1);
#17=TOROIDAL_SURFACE('',#800,8.,2.);
#18=TOROIDAL_SURFACE('',#809,9.,1.);
#19=FACE_BOUND('',#163,.T.);
#20=FACE_BOUND('',#184,.T.);
#21=CIRCLE('',#764,0.175);
#22=CIRCLE('',#765,0.175);
#23=CIRCLE('',#767,0.699999609887609);
#24=CIRCLE('',#769,9.);
#25=CIRCLE('',#770,0.699999609887609);
#26=CIRCLE('',#771,0.70000002712014);
#27=CIRCLE('',#772,0.699999609887609);
#28=CIRCLE('',#773,0.175);
#29=CIRCLE('',#774,0.699999609887609);
#30=CIRCLE('',#776,0.175);
#31=CIRCLE('',#778,0.699999609887609);
#32=CIRCLE('',#786,0.1);
#33=CIRCLE('',#787,0.699999609887609);
#34=CIRCLE('',#788,0.1);
#35=CIRCLE('',#789,0.599999609887609);
#36=CIRCLE('',#791,0.10000002712014);
#37=CIRCLE('',#793,0.1);
#38=CIRCLE('',#794,0.60000002712014);
#39=CIRCLE('',#795,0.70000002712014);
#40=CIRCLE('',#801,10.);
#41=CIRCLE('',#802,2.);
#42=CIRCLE('',#803,8.);
#43=CIRCLE('',#804,10.);
#44=CIRCLE('',#806,10.);
#45=CIRCLE('',#807,10.);
#46=CIRCLE('',#810,1.);
#47=(
BOUNDED_CURVE()
B_SPLINE_CURVE(5,(#4127,#4128,#4129,#4130,#4131,#4132,#4133,#4134,#4135,
#4136,#4137,#4138,#4139,#4140,#4141,#4142,#4143,#4144,#4145,#4146,#4147,
#4148,#4149,#4150,#4151,#4152,#4153,#4154,#4155,#4156,#4157,#4158,#4159,
#4160,#4161,#4162,#4163,#4164,#4165,#4166,#4167,#4168,#4169,#4170,#4171,
#4172,#4173,#4174,#4175,#4176),.UNSPECIFIED.,.F.,.F.)
B_SPLINE_CURVE_WITH_KNOTS((6,1,1,1,1,1,1,1,1,1,1,1,1,1,1,1,1,1,1,1,1,1,
1,1,1,1,1,1,1,1,1,1,1,1,1,1,1,1,1,1,1,1,1,1,1,6),(-1.,-0.977777777777778,
-0.955555555555556,-0.933333333333334,-0.911111111111111,-0.888888888888889,
-0.866666666666667,-0.844444444444445,-0.822222222222222,-0.8,-0.777777777777778,
-0.755555555555556,-0.733333333333333,-0.711111111111111,-0.688888888888889,
-0.666666666666667,-0.644444444444444,-0.622222222222222,-0.6,-0.577777777777778,
-0.555555555555555,-0.533333333333333,-0.511111111111111,-0.488888888888889,
-0.466666666666666,-0.444444444444444,-0.422222222222222,-0.4,-0.377777777777778,
-0.355555555555555,-0.333333333333333,-0.311111111111111,-0.288888888888889,
-0.266666666666667,-0.244444444444444,-0.222222222222222,-0.2,-0.177777777777778,
-0.155555555555556,-0.133333333333333,-0.111111111111111,-0.0888888888888889,
-0.0666666666666667,-0.0444444444444444,-0.0222222222222222,-8.61276933524331E-10),
 .UNSPECIFIED.)
CURVE()
GEOMETRIC_REPRESENTATION_ITEM()
RATIONAL_B_SPLINE_CURVE((1.,1.,1.,1.,1.,1.,1.,1.,1.,1.,1.,1.,1.,1.,1.,1.,
1.,1.,1.,1.,1.,1.,1.,1.,1.,1.,1.,1.,1.,1.,1.,1.,1.,1.,1.,1.,1.,1.,1.,1.,
1.,1.,1.,1.,1.,1.,1.,1.,1.,1.))
REPRESENTATION_ITEM('')
);
#48=(
BOUNDED_CURVE()
B_SPLINE_CURVE(5,(#6841,#6842,#6843,#6844,#6845,#6846,#6847,#6848,#6849,
#6850,#6851,#6852,#6853,#6854,#6855,#6856,#6857,#6858,#6859,#6860,#6861,
#6862,#6863,#6864,#6865,#6866,#6867,#6868,#6869,#6870,#6871,#6872,#6873,
#6874,#6875,#6876,#6877,#6878,#6879,#6880,#6881,#6882,#6883,#6884,#6885,
#6886,#6887,#6888,#6889,#6890),.UNSPECIFIED.,.F.,.F.)
B_SPLINE_CURVE_WITH_KNOTS((6,1,1,1,1,1,1,1,1,1,1,1,1,1,1,1,1,1,1,1,1,1,
1,1,1,1,1,1,1,1,1,1,1,1,1,1,1,1,1,1,1,1,1,1,1,6),(8.61276929117065E-10,
0.0222222222222222,0.0444444444444444,0.0666666666666667,0.0888888888888889,
0.111111111111111,0.133333333333333,0.155555555555556,0.177777777777778,
0.2,0.222222222222222,0.244444444444444,0.266666666666667,0.288888888888889,
0.311111111111111,0.333333333333333,0.355555555555555,0.377777777777778,
0.4,0.422222222222222,0.444444444444444,0.466666666666666,0.488888888888889,
0.511111111111111,0.533333333333333,0.555555555555555,0.577777777777778,
0.6,0.622222222222222,0.644444444444444,0.666666666666667,0.688888888888889,
0.711111111111111,0.733333333333333,0.755555555555556,0.777777777777778,
0.8,0.822222222222222,0.844444444444445,0.866666666666667,0.888888888888889,
0.911111111111111,0.933333333333334,0.955555555555556,0.977777777777778,
1.),.UNSPECIFIED.)
CURVE()
GEOMETRIC_REPRESENTATION_ITEM()
RATIONAL_B_SPLINE_CURVE((1.,1.,1.,1.,1.,1.,1.,1.,1.,1.,1.,1.,1.,1.,1.,1.,
1.,1.,1.,1.,1.,1.,1.,1.,1.,1.,1.,1.,1.,1.,1.,1.,1.,1.,1.,1.,1.,1.,1.,1.,
1.,1.,1.,1.,1.,1.,1.,1.,1.,1.))
REPRESENTATION_ITEM('')
);
#49=(
BOUNDED_CURVE()
B_SPLINE_CURVE(5,(#7695,#7696,#7697,#7698,#7699,#7700,#7701,#7702,#7703,
#7704,#7705,#7706,#7707,#7708,#7709),.UNSPECIFIED.,.F.,.F.)
B_SPLINE_CURVE_WITH_KNOTS((6,1,1,1,1,1,1,1,1,1,6),(0.,0.04,0.08,0.12,0.16,
0.2,0.24,0.28,0.32,0.36,0.365804131228198),.UNSPECIFIED.)
CURVE()
GEOMETRIC_REPRESENTATION_ITEM()
RATIONAL_B_SPLINE_CURVE((1.,1.,1.,1.,1.,1.,1.,1.,1.,1.,1.,1.,1.,1.,1.))
REPRESENTATION_ITEM('')
);
#50=(
BOUNDED_CURVE()
B_SPLINE_CURVE(5,(#7713,#7714,#7715,#7716,#7717,#7718,#7719,#7720,#7721,
#7722,#7723,#7724,#7725,#7726,#7727),.UNSPECIFIED.,.F.,.F.)
B_SPLINE_CURVE_WITH_KNOTS((6,1,1,1,1,1,1,1,1,1,6),(-0.365804131228198,-0.36,
-0.32,-0.28,-0.24,-0.2,-0.16,-0.12,-0.08,-0.04,0.),.UNSPECIFIED.)
CURVE()
GEOMETRIC_REPRESENTATION_ITEM()
RATIONAL_B_SPLINE_CURVE((1.,1.,1.,1.,1.,1.,1.,1.,1.,1.,1.,1.,1.,1.,1.))
REPRESENTATION_ITEM('')
);
#51=(
BOUNDED_CURVE()
B_SPLINE_CURVE(5,(#7764,#7765,#7766,#7767,#7768,#7769,#7770,#7771,#7772,
#7773,#7774,#7775,#7776,#7777),.UNSPECIFIED.,.F.,.F.)
B_SPLINE_CURVE_WITH_KNOTS((6,1,1,1,1,1,1,1,1,6),(0.646768856469248,0.68,
0.72,0.76,0.8,0.84,0.88,0.92,0.96,1.),.UNSPECIFIED.)
CURVE()
GEOMETRIC_REPRESENTATION_ITEM()
RATIONAL_B_SPLINE_CURVE((1.,1.,1.,1.,1.,1.,1.,1.,1.,1.,1.,1.,1.,1.))
REPRESENTATION_ITEM('')
);
#52=(
BOUNDED_CURVE()
B_SPLINE_CURVE(5,(#7779,#7780,#7781,#7782,#7783,#7784,#7785,#7786,#7787,
#7788,#7789,#7790,#7791,#7792),.UNSPECIFIED.,.F.,.F.)
B_SPLINE_CURVE_WITH_KNOTS((6,1,1,1,1,1,1,1,1,6),(-1.,-0.96,-0.92,-0.88,
-0.84,-0.8,-0.76,-0.72,-0.68,-0.646768856469248),.UNSPECIFIED.)
CURVE()
GEOMETRIC_REPRESENTATION_ITEM()
RATIONAL_B_SPLINE_CURVE((1.,1.,1.,1.,1.,1.,1.,1.,1.,1.,1.,1.,1.,1.))
REPRESENTATION_ITEM('')
);
#53=(
BOUNDED_CURVE()
B_SPLINE_CURVE(5,(#7804,#7805,#7806,#7807,#7808,#7809,#7810,#7811,#7812,
#7813,#7814,#7815,#7816,#7817),.UNSPECIFIED.,.F.,.F.)
B_SPLINE_CURVE_WITH_KNOTS((6,1,1,1,1,1,1,1,1,6),(-1.,-0.96,-0.92,-0.88,
-0.84,-0.8,-0.76,-0.72,-0.68,-0.646768856469284),.UNSPECIFIED.)
CURVE()
GEOMETRIC_REPRESENTATION_ITEM()
RATIONAL_B_SPLINE_CURVE((1.,1.,1.,1.,1.,1.,1.,1.,1.,1.,1.,1.,1.,1.))
REPRESENTATION_ITEM('')
);
#54=(
BOUNDED_CURVE()
B_SPLINE_CURVE(5,(#7821,#7822,#7823,#7824,#7825,#7826,#7827,#7828,#7829,
#7830,#7831,#7832,#7833,#7834,#7835),.UNSPECIFIED.,.F.,.F.)
B_SPLINE_CURVE_WITH_KNOTS((6,1,1,1,1,1,1,1,1,1,6),(-0.36580413122819,-0.36,
-0.32,-0.28,-0.24,-0.2,-0.16,-0.12,-0.08,-0.04,0.),.UNSPECIFIED.)
CURVE()
GEOMETRIC_REPRESENTATION_ITEM()
RATIONAL_B_SPLINE_CURVE((1.,1.,1.,1.,1.,1.,1.,1.,1.,1.,1.,1.,1.,1.,1.))
REPRESENTATION_ITEM('')
);
#55=(
BOUNDED_CURVE()
B_SPLINE_CURVE(5,(#7868,#7869,#7870,#7871,#7872,#7873,#7874,#7875,#7876,
#7877,#7878,#7879,#7880,#7881),.UNSPECIFIED.,.F.,.F.)
B_SPLINE_CURVE_WITH_KNOTS((6,1,1,1,1,1,1,1,1,6),(0.646768856469284,0.68,
0.72,0.76,0.8,0.84,0.88,0.92,0.96,1.),.UNSPECIFIED.)
CURVE()
GEOMETRIC_REPRESENTATION_ITEM()
RATIONAL_B_SPLINE_CURVE((1.,1.,1.,1.,1.,1.,1.,1.,1.,1.,1.,1.,1.,1.))
REPRESENTATION_ITEM('')
);
#56=(
BOUNDED_CURVE()
B_SPLINE_CURVE(5,(#7918,#7919,#7920,#7921,#7922,#7923,#7924,#7925,#7926,
#7927,#7928,#7929,#7930,#7931,#7932),.UNSPECIFIED.,.F.,.F.)
B_SPLINE_CURVE_WITH_KNOTS((6,1,1,1,1,1,1,1,1,1,6),(0.,0.04,0.08,0.12,0.16,
0.2,0.24,0.28,0.32,0.36,0.36580413122819),.UNSPECIFIED.)
CURVE()
GEOMETRIC_REPRESENTATION_ITEM()
RATIONAL_B_SPLINE_CURVE((1.,1.,1.,1.,1.,1.,1.,1.,1.,1.,1.,1.,1.,1.,1.))
REPRESENTATION_ITEM('')
);
#57=(
BOUNDED_SURFACE()
B_SPLINE_SURFACE(5,1,((#4024,#4025),(#4026,#4027),(#4028,#4029),(#4030,
#4031),(#4032,#4033),(#4034,#4035),(#4036,#4037),(#4038,#4039),(#4040,#4041),
(#4042,#4043),(#4044,#4045),(#4046,#4047),(#4048,#4049),(#4050,#4051),(#4052,
#4053),(#4054,#4055),(#4056,#4057),(#4058,#4059),(#4060,#4061),(#4062,#4063),
(#4064,#4065),(#4066,#4067),(#4068,#4069),(#4070,#4071),(#4072,#4073),(#4074,
#4075),(#4076,#4077),(#4078,#4079),(#4080,#4081),(#4082,#4083),(#4084,#4085),
(#4086,#4087),(#4088,#4089),(#4090,#4091),(#4092,#4093),(#4094,#4095),(#4096,
#4097),(#4098,#4099),(#4100,#4101),(#4102,#4103),(#4104,#4105),(#4106,#4107),
(#4108,#4109),(#4110,#4111),(#4112,#4113),(#4114,#4115),(#4116,#4117),(#4118,
#4119),(#4120,#4121),(#4122,#4123)),.UNSPECIFIED.,.F.,.F.,.F.)
B_SPLINE_SURFACE_WITH_KNOTS((6,1,1,1,1,1,1,1,1,1,1,1,1,1,1,1,1,1,1,1,1,
1,1,1,1,1,1,1,1,1,1,1,1,1,1,1,1,1,1,1,1,1,1,1,1,6),(2,2),(0.,0.0222222222222222,
0.0444444444444444,0.0666666666666667,0.0888888888888889,0.111111111111111,
0.133333333333333,0.155555555555556,0.177777777777778,0.2,0.222222222222222,
0.244444444444444,0.266666666666667,0.288888888888889,0.311111111111111,
0.333333333333333,0.355555555555555,0.377777777777778,0.4,0.422222222222222,
0.444444444444444,0.466666666666666,0.488888888888889,0.511111111111111,
0.533333333333333,0.555555555555555,0.577777777777778,0.6,0.622222222222222,
0.644444444444444,0.666666666666667,0.688888888888889,0.711111111111111,
0.733333333333333,0.755555555555556,0.777777777777778,0.8,0.822222222222222,
0.844444444444445,0.866666666666667,0.888888888888889,0.911111111111111,
0.933333333333334,0.955555555555556,0.977777777777778,1.),(0.,0.25),
 .UNSPECIFIED.)
GEOMETRIC_REPRESENTATION_ITEM()
RATIONAL_B_SPLINE_SURFACE(((1.,1.),(1.,1.),(1.,1.),(1.,1.),(1.,1.),(1.,
1.),(1.,1.),(1.,1.),(1.,1.),(1.,1.),(1.,1.),(1.,1.),(1.,1.),(1.,1.),(1.,
1.),(1.,1.),(1.,1.),(1.,1.),(1.,1.),(1.,1.),(1.,1.),(1.,1.),(1.,1.),(1.,
1.),(1.,1.),(1.,1.),(1.,1.),(1.,1.),(1.,1.),(1.,1.),(1.,1.),(1.,1.),(1.,
1.),(1.,1.),(1.,1.),(1.,1.),(1.,1.),(1.,1.),(1.,1.),(1.,1.),(1.,1.),(1.,
1.),(1.,1.),(1.,1.),(1.,1.),(1.,1.),(1.,1.),(1.,1.),(1.,1.),(1.,1.)))
REPRESENTATION_ITEM('')
SURFACE()
);
#58=(
BOUNDED_SURFACE()
B_SPLINE_SURFACE(5,1,((#6738,#6739),(#6740,#6741),(#6742,#6743),(#6744,
#6745),(#6746,#6747),(#6748,#6749),(#6750,#6751),(#6752,#6753),(#6754,#6755),
(#6756,#6757),(#6758,#6759),(#6760,#6761),(#6762,#6763),(#6764,#6765),(#6766,
#6767),(#6768,#6769),(#6770,#6771),(#6772,#6773),(#6774,#6775),(#6776,#6777),
(#6778,#6779),(#6780,#6781),(#6782,#6783),(#6784,#6785),(#6786,#6787),(#6788,
#6789),(#6790,#6791),(#6792,#6793),(#6794,#6795),(#6796,#6797),(#6798,#6799),
(#6800,#6801),(#6802,#6803),(#6804,#6805),(#6806,#6807),(#6808,#6809),(#6810,
#6811),(#6812,#6813),(#6814,#6815),(#6816,#6817),(#6818,#6819),(#6820,#6821),
(#6822,#6823),(#6824,#6825),(#6826,#6827),(#6828,#6829),(#6830,#6831),(#6832,
#6833),(#6834,#6835),(#6836,#6837)),.UNSPECIFIED.,.F.,.F.,.F.)
B_SPLINE_SURFACE_WITH_KNOTS((6,1,1,1,1,1,1,1,1,1,1,1,1,1,1,1,1,1,1,1,1,
1,1,1,1,1,1,1,1,1,1,1,1,1,1,1,1,1,1,1,1,1,1,1,1,6),(2,2),(-1.,-0.977777777777778,
-0.955555555555556,-0.933333333333334,-0.911111111111111,-0.888888888888889,
-0.866666666666667,-0.844444444444445,-0.822222222222222,-0.8,-0.777777777777778,
-0.755555555555556,-0.733333333333333,-0.711111111111111,-0.688888888888889,
-0.666666666666667,-0.644444444444444,-0.622222222222222,-0.6,-0.577777777777778,
-0.555555555555555,-0.533333333333333,-0.511111111111111,-0.488888888888889,
-0.466666666666666,-0.444444444444444,-0.422222222222222,-0.4,-0.377777777777778,
-0.355555555555555,-0.333333333333333,-0.311111111111111,-0.288888888888889,
-0.266666666666667,-0.244444444444444,-0.222222222222222,-0.2,-0.177777777777778,
-0.155555555555556,-0.133333333333333,-0.111111111111111,-0.0888888888888889,
-0.0666666666666667,-0.0444444444444444,-0.0222222222222222,0.),(0.,0.25),
 .UNSPECIFIED.)
GEOMETRIC_REPRESENTATION_ITEM()
RATIONAL_B_SPLINE_SURFACE(((1.,1.),(1.,1.),(1.,1.),(1.,1.),(1.,1.),(1.,
1.),(1.,1.),(1.,1.),(1.,1.),(1.,1.),(1.,1.),(1.,1.),(1.,1.),(1.,1.),(1.,
1.),(1.,1.),(1.,1.),(1.,1.),(1.,1.),(1.,1.),(1.,1.),(1.,1.),(1.,1.),(1.,
1.),(1.,1.),(1.,1.),(1.,1.),(1.,1.),(1.,1.),(1.,1.),(1.,1.),(1.,1.),(1.,
1.),(1.,1.),(1.,1.),(1.,1.),(1.,1.),(1.,1.),(1.,1.),(1.,1.),(1.,1.),(1.,
1.),(1.,1.),(1.,1.),(1.,1.),(1.,1.),(1.,1.),(1.,1.),(1.,1.),(1.,1.)))
REPRESENTATION_ITEM('')
SURFACE()
);
#59=(
BOUNDED_SURFACE()
B_SPLINE_SURFACE(5,1,((#7663,#7664),(#7665,#7666),(#7667,#7668),(#7669,
#7670),(#7671,#7672),(#7673,#7674),(#7675,#7676),(#7677,#7678),(#7679,#7680),
(#7681,#7682),(#7683,#7684),(#7685,#7686),(#7687,#7688),(#7689,#7690),(#7691,
#7692)),.UNSPECIFIED.,.F.,.F.,.F.)
B_SPLINE_SURFACE_WITH_KNOTS((6,1,1,1,1,1,1,1,1,1,6),(2,2),(-0.365804131228198,
-0.36,-0.32,-0.28,-0.24,-0.2,-0.16,-0.12,-0.08,-0.04,0.),(0.,0.25),
 .UNSPECIFIED.)
GEOMETRIC_REPRESENTATION_ITEM()
RATIONAL_B_SPLINE_SURFACE(((1.,1.),(1.,1.),(1.,1.),(1.,1.),(1.,1.),(1.,
1.),(1.,1.),(1.,1.),(1.,1.),(1.,1.),(1.,1.),(1.,1.),(1.,1.),(1.,1.),(1.,
1.)))
REPRESENTATION_ITEM('')
SURFACE()
);
#60=(
BOUNDED_SURFACE()
B_SPLINE_SURFACE(5,1,((#7735,#7736),(#7737,#7738),(#7739,#7740),(#7741,
#7742),(#7743,#7744),(#7745,#7746),(#7747,#7748),(#7749,#7750),(#7751,#7752),
(#7753,#7754),(#7755,#7756),(#7757,#7758),(#7759,#7760),(#7761,#7762)),
 .UNSPECIFIED.,.F.,.F.,.F.)
B_SPLINE_SURFACE_WITH_KNOTS((6,1,1,1,1,1,1,1,1,6),(2,2),(-1.,-0.96,-0.92,
-0.88,-0.84,-0.8,-0.76,-0.72,-0.68,-0.646768856469248),(0.,0.25),
 .UNSPECIFIED.)
GEOMETRIC_REPRESENTATION_ITEM()
RATIONAL_B_SPLINE_SURFACE(((1.,1.),(1.,1.),(1.,1.),(1.,1.),(1.,1.),(1.,
1.),(1.,1.),(1.,1.),(1.,1.),(1.,1.),(1.,1.),(1.,1.),(1.,1.),(1.,1.)))
REPRESENTATION_ITEM('')
SURFACE()
);
#61=(
BOUNDED_SURFACE()
B_SPLINE_SURFACE(5,1,((#7837,#7838),(#7839,#7840),(#7841,#7842),(#7843,
#7844),(#7845,#7846),(#7847,#7848),(#7849,#7850),(#7851,#7852),(#7853,#7854),
(#7855,#7856),(#7857,#7858),(#7859,#7860),(#7861,#7862),(#7863,#7864)),
 .UNSPECIFIED.,.F.,.F.,.F.)
B_SPLINE_SURFACE_WITH_KNOTS((6,1,1,1,1,1,1,1,1,6),(2,2),(0.646768856469284,
0.68,0.72,0.76,0.8,0.84,0.88,0.92,0.96,1.),(0.,0.25),.UNSPECIFIED.)
GEOMETRIC_REPRESENTATION_ITEM()
RATIONAL_B_SPLINE_SURFACE(((1.,1.),(1.,1.),(1.,1.),(1.,1.),(1.,1.),(1.,
1.),(1.,1.),(1.,1.),(1.,1.),(1.,1.),(1.,1.),(1.,1.),(1.,1.),(1.,1.)))
REPRESENTATION_ITEM('')
SURFACE()
);
#62=(
BOUNDED_SURFACE()
B_SPLINE_SURFACE(5,1,((#7887,#7888),(#7889,#7890),(#7891,#7892),(#7893,
#7894),(#7895,#7896),(#7897,#7898),(#7899,#7900),(#7901,#7902),(#7903,#7904),
(#7905,#7906),(#7907,#7908),(#7909,#7910),(#7911,#7912),(#7913,#7914),(#7915,
#7916)),.UNSPECIFIED.,.F.,.F.,.F.)
B_SPLINE_SURFACE_WITH_KNOTS((6,1,1,1,1,1,1,1,1,1,6),(2,2),(0.,0.04,0.08,
0.12,0.16,0.2,0.24,0.28,0.32,0.36,0.36580413122819),(0.,0.25),
 .UNSPECIFIED.)
GEOMETRIC_REPRESENTATION_ITEM()
RATIONAL_B_SPLINE_SURFACE(((1.,1.),(1.,1.),(1.,1.),(1.,1.),(1.,1.),(1.,
1.),(1.,1.),(1.,1.),(1.,1.),(1.,1.),(1.,1.),(1.,1.),(1.,1.),(1.,1.),(1.,
1.)))
REPRESENTATION_ITEM('')
SURFACE()
);
#63=B_SPLINE_SURFACE_WITH_KNOTS('',3,3,((#1028,#1029,#1030,#1031,#1032,
#1033,#1034,#1035,#1036,#1037,#1038,#1039,#1040,#1041,#1042,#1043,#1044,
#1045,#1046,#1047,#1048,#1049,#1050,#1051,#1052,#1053,#1054,#1055,#1056,
#1057,#1058,#1059,#1060,#1061,#1062,#1063,#1064,#1065,#1066,#1067,#1068,
#1069,#1070,#1071,#1072,#1073,#1074,#1075,#1076,#1077,#1078,#1079,#1080,
#1081,#1082,#1083,#1084,#1085),(#1086,#1087,#1088,#1089,#1090,#1091,#1092,
#1093,#1094,#1095,#1096,#1097,#1098,#1099,#1100,#1101,#1102,#1103,#1104,
#1105,#1106,#1107,#1108,#1109,#1110,#1111,#1112,#1113,#1114,#1115,#1116,
#1117,#1118,#1119,#1120,#1121,#1122,#1123,#1124,#1125,#1126,#1127,#1128,
#1129,#1130,#1131,#1132,#1133,#1134,#1135,#1136,#1137,#1138,#1139,#1140,
#1141,#1142,#1143),(#1144,#1145,#1146,#1147,#1148,#1149,#1150,#1151,#1152,
#1153,#1154,#1155,#1156,#1157,#1158,#1159,#1160,#1161,#1162,#1163,#1164,
#1165,#1166,#1167,#1168,#1169,#1170,#1171,#1172,#1173,#1174,#1175,#1176,
#1177,#1178,#1179,#1180,#1181,#1182,#1183,#1184,#1185,#1186,#1187,#1188,
#1189,#1190,#1191,#1192,#1193,#1194,#1195,#1196,#1197,#1198,#1199,#1200,
#1201),(#1202,#1203,#1204,#1205,#1206,#1207,#1208,#1209,#1210,#1211,#1212,
#1213,#1214,#1215,#1216,#1217,#1218,#1219,#1220,#1221,#1222,#1223,#1224,
#1225,#1226,#1227,#1228,#1229,#1230,#1231,#1232,#1233,#1234,#1235,#1236,
#1237,#1238,#1239,#1240,#1241,#1242,#1243,#1244,#1245,#1246,#1247,#1248,
#1249,#1250,#1251,#1252,#1253,#1254,#1255,#1256,#1257,#1258,#1259),(#1260,
#1261,#1262,#1263,#1264,#1265,#1266,#1267,#1268,#1269,#1270,#1271,#1272,
#1273,#1274,#1275,#1276,#1277,#1278,#1279,#1280,#1281,#1282,#1283,#1284,
#1285,#1286,#1287,#1288,#1289,#1290,#1291,#1292,#1293,#1294,#1295,#1296,
#1297,#1298,#1299,#1300,#1301,#1302,#1303,#1304,#1305,#1306,#1307,#1308,
#1309,#1310,#1311,#1312,#1313,#1314,#1315,#1316,#1317),(#1318,#1319,#1320,
#1321,#1322,#1323,#1324,#1325,#1326,#1327,#1328,#1329,#1330,#1331,#1332,
#1333,#1334,#1335,#1336,#1337,#1338,#1339,#1340,#1341,#1342,#1343,#1344,
#1345,#1346,#1347,#1348,#1349,#1350,#1351,#1352,#1353,#1354,#1355,#1356,
#1357,#1358,#1359,#1360,#1361,#1362,#1363,#1364,#1365,#1366,#1367,#1368,
#1369,#1370,#1371,#1372,#1373,#1374,#1375),(#1376,#1377,#1378,#1379,#1380,
#1381,#1382,#1383,#1384,#1385,#1386,#1387,#1388,#1389,#1390,#1391,#1392,
#1393,#1394,#1395,#1396,#1397,#1398,#1399,#1400,#1401,#1402,#1403,#1404,
#1405,#1406,#1407,#1408,#1409,#1410,#1411,#1412,#1413,#1414,#1415,#1416,
#1417,#1418,#1419,#1420,#1421,#1422,#1423,#1424,#1425,#1426,#1427,#1428,
#1429,#1430,#1431,#1432,#1433)),.UNSPECIFIED.,.F.,.F.,.F.,(4,1,1,1,4),(4,
1,1,1,1,1,1,1,1,1,1,1,1,1,1,1,1,1,1,1,1,1,1,1,1,1,1,1,1,1,1,1,1,1,1,1,1,
1,1,1,1,1,1,1,1,1,1,1,1,1,1,1,1,2,4),(0.,0.285714285714286,0.571428571428571,
0.857142857142857,1.),(-0.000677732508335929,0.0801878936520378,0.161053519812412,
0.201486332892598,0.241919145972785,0.282351959052972,0.322784772133159,
0.332892975403206,0.343001178673253,0.353109381943299,0.363217585213346,
0.383433991753439,0.403650398293533,0.44408321137372,0.484516024453907,
0.524948837534093,0.56538165061428,0.605814463694467,0.646247276774654,
0.727112902935028,0.807978529095402,0.888844155255775,0.929276968335962,
0.969709781416149,1.0236201988564,1.07753061629665,1.1314410337369,1.18535145117715,
1.21230665989727,1.23926186861739,1.29317228605764,1.33360509913783,1.37403791221802,
1.4144707252982,1.45490353837839,1.49533635145858,1.53576916453877,1.57620197761895,
1.61663479069914,1.65706760377933,1.69750041685951,1.7379332299397,1.77836604301989,
1.81879885610007,1.85923166918026,1.94009729534063,2.02096292150101,2.0613957345812,
2.10182854766138,2.12204495420147,2.18269417382176,2.22312698690194,2.24334339344204,
2.26355979998213,2.26386742633914),.UNSPECIFIED.);
#64=B_SPLINE_SURFACE_WITH_KNOTS('',3,1,((#1590,#1591),(#1592,#1593),(#1594,
#1595),(#1596,#1597),(#1598,#1599),(#1600,#1601),(#1602,#1603),(#1604,#1605),
(#1606,#1607),(#1608,#1609),(#1610,#1611),(#1612,#1613),(#1614,#1615),(#1616,
#1617),(#1618,#1619),(#1620,#1621),(#1622,#1623),(#1624,#1625),(#1626,#1627),
(#1628,#1629),(#1630,#1631),(#1632,#1633),(#1634,#1635),(#1636,#1637),(#1638,
#1639),(#1640,#1641),(#1642,#1643),(#1644,#1645),(#1646,#1647),(#1648,#1649),
(#1650,#1651),(#1652,#1653),(#1654,#1655),(#1656,#1657),(#1658,#1659),(#1660,
#1661),(#1662,#1663),(#1664,#1665),(#1666,#1667),(#1668,#1669),(#1670,#1671),
(#1672,#1673),(#1674,#1675),(#1676,#1677),(#1678,#1679),(#1680,#1681),(#1682,
#1683),(#1684,#1685),(#1686,#1687),(#1688,#1689),(#1690,#1691),(#1692,#1693),
(#1694,#1695),(#1696,#1697),(#1698,#1699),(#1700,#1701),(#1702,#1703),(#1704,
#1705),(#1706,#1707),(#1708,#1709),(#1710,#1711),(#1712,#1713),(#1714,#1715),
(#1716,#1717),(#1718,#1719),(#1720,#1721),(#1722,#1723)),.UNSPECIFIED.,
 .F.,.F.,.F.,(4,3,3,3,3,3,3,3,3,3,3,3,3,3,3,3,3,3,3,3,3,3,4),(2,2),(-0.999095157046886,
-0.971353979487569,-0.949693276833697,-0.920829513411873,-0.887671676646453,
-0.848373035926087,-0.8061334219991,-0.761014954214771,-0.688624324443841,
-0.631757079888072,-0.575572523563111,-0.53588454021752,-0.518833849075972,
-0.509945416269742,-0.500945120487778,-0.486353651739692,-0.460136335211131,
-0.40335909044535,-0.331741311843685,-0.243374429753989,-0.167817852732397,
-0.0583775875936428,0.),(0.,0.25),.UNSPECIFIED.);
#65=B_SPLINE_SURFACE_WITH_KNOTS('',3,3,((#1796,#1797,#1798,#1799,#1800,
#1801,#1802,#1803,#1804,#1805,#1806,#1807,#1808,#1809,#1810,#1811,#1812,
#1813,#1814,#1815,#1816,#1817,#1818,#1819,#1820,#1821,#1822,#1823,#1824,
#1825,#1826,#1827,#1828,#1829,#1830,#1831,#1832,#1833,#1834,#1835,#1836,
#1837,#1838,#1839,#1840,#1841,#1842,#1843,#1844,#1845,#1846,#1847,#1848,
#1849,#1850,#1851,#1852,#1853,#1854,#1855,#1856,#1857,#1858,#1859,#1860,
#1861,#1862,#1863,#1864,#1865,#1866,#1867,#1868,#1869,#1870,#1871,#1872,
#1873,#1874,#1875,#1876,#1877,#1878,#1879,#1880,#1881,#1882,#1883,#1884,
#1885,#1886,#1887,#1888,#1889,#1890,#1891,#1892,#1893,#1894,#1895,#1896,
#1897,#1898,#1899,#1900,#1901,#1902,#1903,#1904,#1905,#1906,#1907,#1908,
#1909,#1910,#1911,#1912,#1913,#1914,#1915,#1916,#1917,#1918,#1919,#1920,
#1921,#1922,#1923,#1924,#1925,#1926,#1927,#1928,#1929,#1930,#1931,#1932,
#1933,#1934,#1935,#1936,#1937,#1938,#1939,#1940,#1941,#1942,#1943,#1944,
#1945,#1946,#1947,#1948,#1949,#1950,#1951,#1952,#1953,#1954,#1955,#1956,
#1957,#1958,#1959,#1960,#1961,#1962,#1963,#1964,#1965,#1966,#1967,#1968,
#1969,#1970,#1971,#1972,#1973,#1974,#1975,#1976,#1977,#1978,#1979,#1980,
#1981,#1982,#1983,#1984,#1985,#1986,#1987,#1988,#1989,#1990,#1991,#1992,
#1993,#1994,#1995,#1996,#1997,#1998,#1999,#2000,#2001,#2002,#2003,#2004,
#2005,#2006,#2007,#2008,#2009,#2010,#2011,#2012,#2013,#2014,#2015),(#2016,
#2017,#2018,#2019,#2020,#2021,#2022,#2023,#2024,#2025,#2026,#2027,#2028,
#2029,#2030,#2031,#2032,#2033,#2034,#2035,#2036,#2037,#2038,#2039,#2040,
#2041,#2042,#2043,#2044,#2045,#2046,#2047,#2048,#2049,#2050,#2051,#2052,
#2053,#2054,#2055,#2056,#2057,#2058,#2059,#2060,#2061,#2062,#2063,#2064,
#2065,#2066,#2067,#2068,#2069,#2070,#2071,#2072,#2073,#2074,#2075,#2076,
#2077,#2078,#2079,#2080,#2081,#2082,#2083,#2084,#2085,#2086,#2087,#2088,
#2089,#2090,#2091,#2092,#2093,#2094,#2095,#2096,#2097,#2098,#2099,#2100,
#2101,#2102,#2103,#2104,#2105,#2106,#2107,#2108,#2109,#2110,#2111,#2112,
#2113,#2114,#2115,#2116,#2117,#2118,#2119,#2120,#2121,#2122,#2123,#2124,
#2125,#2126,#2127,#2128,#2129,#2130,#2131,#2132,#2133,#2134,#2135,#2136,
#2137,#2138,#2139,#2140,#2141,#2142,#2143,#2144,#2145,#2146,#2147,#2148,
#2149,#2150,#2151,#2152,#2153,#2154,#2155,#2156,#2157,#2158,#2159,#2160,
#2161,#2162,#2163,#2164,#2165,#2166,#2167,#2168,#2169,#2170,#2171,#2172,
#2173,#2174,#2175,#2176,#2177,#2178,#2179,#2180,#2181,#2182,#2183,#2184,
#2185,#2186,#2187,#2188,#2189,#2190,#2191,#2192,#2193,#2194,#2195,#2196,
#2197,#2198,#2199,#2200,#2201,#2202,#2203,#2204,#2205,#2206,#2207,#2208,
#2209,#2210,#2211,#2212,#2213,#2214,#2215,#2216,#2217,#2218,#2219,#2220,
#2221,#2222,#2223,#2224,#2225,#2226,#2227,#2228,#2229,#2230,#2231,#2232,
#2233,#2234,#2235),(#2236,#2237,#2238,#2239,#2240,#2241,#2242,#2243,#2244,
#2245,#2246,#2247,#2248,#2249,#2250,#2251,#2252,#2253,#2254,#2255,#2256,
#2257,#2258,#2259,#2260,#2261,#2262,#2263,#2264,#2265,#2266,#2267,#2268,
#2269,#2270,#2271,#2272,#2273,#2274,#2275,#2276,#2277,#2278,#2279,#2280,
#2281,#2282,#2283,#2284,#2285,#2286,#2287,#2288,#2289,#2290,#2291,#2292,
#2293,#2294,#2295,#2296,#2297,#2298,#2299,#2300,#2301,#2302,#2303,#2304,
#2305,#2306,#2307,#2308,#2309,#2310,#2311,#2312,#2313,#2314,#2315,#2316,
#2317,#2318,#2319,#2320,#2321,#2322,#2323,#2324,#2325,#2326,#2327,#2328,
#2329,#2330,#2331,#2332,#2333,#2334,#2335,#2336,#2337,#2338,#2339,#2340,
#2341,#2342,#2343,#2344,#2345,#2346,#2347,#2348,#2349,#2350,#2351,#2352,
#2353,#2354,#2355,#2356,#2357,#2358,#2359,#2360,#2361,#2362,#2363,#2364,
#2365,#2366,#2367,#2368,#2369,#2370,#2371,#2372,#2373,#2374,#2375,#2376,
#2377,#2378,#2379,#2380,#2381,#2382,#2383,#2384,#2385,#2386,#2387,#2388,
#2389,#2390,#2391,#2392,#2393,#2394,#2395,#2396,#2397,#2398,#2399,#2400,
#2401,#2402,#2403,#2404,#2405,#2406,#2407,#2408,#2409,#2410,#2411,#2412,
#2413,#2414,#2415,#2416,#2417,#2418,#2419,#2420,#2421,#2422,#2423,#2424,
#2425,#2426,#2427,#2428,#2429,#2430,#2431,#2432,#2433,#2434,#2435,#2436,
#2437,#2438,#2439,#2440,#2441,#2442,#2443,#2444,#2445,#2446,#2447,#2448,
#2449,#2450,#2451,#2452,#2453,#2454,#2455),(#2456,#2457,#2458,#2459,#2460,
#2461,#2462,#2463,#2464,#2465,#2466,#2467,#2468,#2469,#2470,#2471,#2472,
#2473,#2474,#2475,#2476,#2477,#2478,#2479,#2480,#2481,#2482,#2483,#2484,
#2485,#2486,#2487,#2488,#2489,#2490,#2491,#2492,#2493,#2494,#2495,#2496,
#2497,#2498,#2499,#2500,#2501,#2502,#2503,#2504,#2505,#2506,#2507,#2508,
#2509,#2510,#2511,#2512,#2513,#2514,#2515,#2516,#2517,#2518,#2519,#2520,
#2521,#2522,#2523,#2524,#2525,#2526,#2527,#2528,#2529,#2530,#2531,#2532,
#2533,#2534,#2535,#2536,#2537,#2538,#2539,#2540,#2541,#2542,#2543,#2544,
#2545,#2546,#2547,#2548,#2549,#2550,#2551,#2552,#2553,#2554,#2555,#2556,
#2557,#2558,#2559,#2560,#2561,#2562,#2563,#2564,#2565,#2566,#2567,#2568,
#2569,#2570,#2571,#2572,#2573,#2574,#2575,#2576,#2577,#2578,#2579,#2580,
#2581,#2582,#2583,#2584,#2585,#2586,#2587,#2588,#2589,#2590,#2591,#2592,
#2593,#2594,#2595,#2596,#2597,#2598,#2599,#2600,#2601,#2602,#2603,#2604,
#2605,#2606,#2607,#2608,#2609,#2610,#2611,#2612,#2613,#2614,#2615,#2616,
#2617,#2618,#2619,#2620,#2621,#2622,#2623,#2624,#2625,#2626,#2627,#2628,
#2629,#2630,#2631,#2632,#2633,#2634,#2635,#2636,#2637,#2638,#2639,#2640,
#2641,#2642,#2643,#2644,#2645,#2646,#2647,#2648,#2649,#2650,#2651,#2652,
#2653,#2654,#2655,#2656,#2657,#2658,#2659,#2660,#2661,#2662,#2663,#2664,
#2665,#2666,#2667,#2668,#2669,#2670,#2671,#2672,#2673,#2674,#2675),(#2676,
#2677,#2678,#2679,#2680,#2681,#2682,#2683,#2684,#2685,#2686,#2687,#2688,
#2689,#2690,#2691,#2692,#2693,#2694,#2695,#2696,#2697,#2698,#2699,#2700,
#2701,#2702,#2703,#2704,#2705,#2706,#2707,#2708,#2709,#2710,#2711,#2712,
#2713,#2714,#2715,#2716,#2717,#2718,#2719,#2720,#2721,#2722,#2723,#2724,
#2725,#2726,#2727,#2728,#2729,#2730,#2731,#2732,#2733,#2734,#2735,#2736,
#2737,#2738,#2739,#2740,#2741,#2742,#2743,#2744,#2745,#2746,#2747,#2748,
#2749,#2750,#2751,#2752,#2753,#2754,#2755,#2756,#2757,#2758,#2759,#2760,
#2761,#2762,#2763,#2764,#2765,#2766,#2767,#2768,#2769,#2770,#2771,#2772,
#2773,#2774,#2775,#2776,#2777,#2778,#2779,#2780,#2781,#2782,#2783,#2784,
#2785,#2786,#2787,#2788,#2789,#2790,#2791,#2792,#2793,#2794,#2795,#2796,
#2797,#2798,#2799,#2800,#2801,#2802,#2803,#2804,#2805,#2806,#2807,#2808,
#2809,#2810,#2811,#2812,#2813,#2814,#2815,#2816,#2817,#2818,#2819,#2820,
#2821,#2822,#2823,#2824,#2825,#2826,#2827,#2828,#2829,#2830,#2831,#2832,
#2833,#2834,#2835,#2836,#2837,#2838,#2839,#2840,#2841,#2842,#2843,#2844,
#2845,#2846,#2847,#2848,#2849,#2850,#2851,#2852,#2853,#2854,#2855,#2856,
#2857,#2858,#2859,#2860,#2861,#2862,#2863,#2864,#2865,#2866,#2867,#2868,
#2869,#2870,#2871,#2872,#2873,#2874,#2875,#2876,#2877,#2878,#2879,#2880,
#2881,#2882,#2883,#2884,#2885,#2886,#2887,#2888,#2889,#2890,#2891,#2892,
#2893,#2894,#2895),(#2896,#2897,#2898,#2899,#2900,#2901,#2902,#2903,#2904,
#2905,#2906,#2907,#2908,#2909,#2910,#2911,#2912,#2913,#2914,#2915,#2916,
#2917,#2918,#2919,#2920,#2921,#2922,#2923,#2924,#2925,#2926,#2927,#2928,
#2929,#2930,#2931,#2932,#2933,#2934,#2935,#2936,#2937,#2938,#2939,#2940,
#2941,#2942,#2943,#2944,#2945,#2946,#2947,#2948,#2949,#2950,#2951,#2952,
#2953,#2954,#2955,#2956,#2957,#2958,#2959,#2960,#2961,#2962,#2963,#2964,
#2965,#2966,#2967,#2968,#2969,#2970,#2971,#2972,#2973,#2974,#2975,#2976,
#2977,#2978,#2979,#2980,#2981,#2982,#2983,#2984,#2985,#2986,#2987,#2988,
#2989,#2990,#2991,#2992,#2993,#2994,#2995,#2996,#2997,#2998,#2999,#3000,
#3001,#3002,#3003,#3004,#3005,#3006,#3007,#3008,#3009,#3010,#3011,#3012,
#3013,#3014,#3015,#3016,#3017,#3018,#3019,#3020,#3021,#3022,#3023,#3024,
#3025,#3026,#3027,#3028,#3029,#3030,#3031,#3032,#3033,#3034,#3035,#3036,
#3037,#3038,#3039,#3040,#3041,#3042,#3043,#3044,#3045,#3046,#3047,#3048,
#3049,#3050,#3051,#3052,#3053,#3054,#3055,#3056,#3057,#3058,#3059,#3060,
#3061,#3062,#3063,#3064,#3065,#3066,#3067,#3068,#3069,#3070,#3071,#3072,
#3073,#3074,#3075,#3076,#3077,#3078,#3079,#3080,#3081,#3082,#3083,#3084,
#3085,#3086,#3087,#3088,#3089,#3090,#3091,#3092,#3093,#3094,#3095,#3096,
#3097,#3098,#3099,#3100,#3101,#3102,#3103,#3104,#3105,#3106,#3107,#3108,
#3109,#3110,#3111,#3112,#3113,#3114,#3115),(#3116,#3117,#3118,#3119,#3120,
#3121,#3122,#3123,#3124,#3125,#3126,#3127,#3128,#3129,#3130,#3131,#3132,
#3133,#3134,#3135,#3136,#3137,#3138,#3139,#3140,#3141,#3142,#3143,#3144,
#3145,#3146,#3147,#3148,#3149,#3150,#3151,#3152,#3153,#3154,#3155,#3156,
#3157,#3158,#3159,#3160,#3161,#3162,#3163,#3164,#3165,#3166,#3167,#3168,
#3169,#3170,#3171,#3172,#3173,#3174,#3175,#3176,#3177,#3178,#3179,#3180,
#3181,#3182,#3183,#3184,#3185,#3186,#3187,#3188,#3189,#3190,#3191,#3192,
#3193,#3194,#3195,#3196,#3197,#3198,#3199,#3200,#3201,#3202,#3203,#3204,
#3205,#3206,#3207,#3208,#3209,#3210,#3211,#3212,#3213,#3214,#3215,#3216,
#3217,#3218,#3219,#3220,#3221,#3222,#3223,#3224,#3225,#3226,#3227,#3228,
#3229,#3230,#3231,#3232,#3233,#3234,#3235,#3236,#3237,#3238,#3239,#3240,
#3241,#3242,#3243,#3244,#3245,#3246,#3247,#3248,#3249,#3250,#3251,#3252,
#3253,#3254,#3255,#3256,#3257,#3258,#3259,#3260,#3261,#3262,#3263,#3264,
#3265,#3266,#3267,#3268,#3269,#3270,#3271,#3272,#3273,#3274,#3275,#3276,
#3277,#3278,#3279,#3280,#3281,#3282,#3283,#3284,#3285,#3286,#3287,#3288,
#3289,#3290,#3291,#3292,#3293,#3294,#3295,#3296,#3297,#3298,#3299,#3300,
#3301,#3302,#3303,#3304,#3305,#3306,#3307,#3308,#3309,#3310,#3311,#3312,
#3313,#3314,#3315,#3316,#3317,#3318,#3319,#3320,#3321,#3322,#3323,#3324,
#3325,#3326,#3327,#3328,#3329,#3330,#3331,#3332,#3333,#3334,#3335),(#3336,
#3337,#3338,#3339,#3340,#3341,#3342,#3343,#3344,#3345,#3346,#3347,#3348,
#3349,#3350,#3351,#3352,#3353,#3354,#3355,#3356,#3357,#3358,#3359,#3360,
#3361,#3362,#3363,#3364,#3365,#3366,#3367,#3368,#3369,#3370,#3371,#3372,
#3373,#3374,#3375,#3376,#3377,#3378,#3379,#3380,#3381,#3382,#3383,#3384,
#3385,#3386,#3387,#3388,#3389,#3390,#3391,#3392,#3393,#3394,#3395,#3396,
#3397,#3398,#3399,#3400,#3401,#3402,#3403,#3404,#3405,#3406,#3407,#3408,
#3409,#3410,#3411,#3412,#3413,#3414,#3415,#3416,#3417,#3418,#3419,#3420,
#3421,#3422,#3423,#3424,#3425,#3426,#3427,#3428,#3429,#3430,#3431,#3432,
#3433,#3434,#3435,#3436,#3437,#3438,#3439,#3440,#3441,#3442,#3443,#3444,
#3445,#3446,#3447,#3448,#3449,#3450,#3451,#3452,#3453,#3454,#3455,#3456,
#3457,#3458,#3459,#3460,#3461,#3462,#3463,#3464,#3465,#3466,#3467,#3468,
#3469,#3470,#3471,#3472,#3473,#3474,#3475,#3476,#3477,#3478,#3479,#3480,
#3481,#3482,#3483,#3484,#3485,#3486,#3487,#3488,#3489,#3490,#3491,#3492,
#3493,#3494,#3495,#3496,#3497,#3498,#3499,#3500,#3501,#3502,#3503,#3504,
#3505,#3506,#3507,#3508,#3509,#3510,#3511,#3512,#3513,#3514,#3515,#3516,
#3517,#3518,#3519,#3520,#3521,#3522,#3523,#3524,#3525,#3526,#3527,#3528,
#3529,#3530,#3531,#3532,#3533,#3534,#3535,#3536,#3537,#3538,#3539,#3540,
#3541,#3542,#3543,#3544,#3545,#3546,#3547,#3548,#3549,#3550,#3551,#3552,
#3553,#3554,#3555)),.UNSPECIFIED.,.F.,.F.,.F.,(4,1,1,1,1,4),(4,2,1,1,1,
1,1,1,1,1,1,1,1,1,1,1,1,1,1,1,1,1,1,1,1,1,1,1,1,1,1,1,1,1,1,1,1,1,1,1,1,
1,1,1,1,1,1,1,1,1,1,1,1,1,1,1,1,1,1,1,1,1,1,1,1,1,1,1,1,1,1,1,1,1,1,1,1,
1,1,1,1,1,1,1,1,1,1,1,1,1,1,1,1,1,1,1,1,1,1,1,1,1,1,1,1,1,1,1,1,1,1,1,1,
1,1,1,1,1,1,1,1,1,1,1,1,1,1,1,1,1,1,1,1,1,1,1,1,1,1,1,1,1,1,1,1,1,1,1,1,
1,1,1,1,1,1,1,1,1,1,1,1,1,1,1,1,1,1,1,1,1,1,1,1,1,1,1,1,1,1,1,1,1,1,1,1,
1,1,1,1,1,1,1,1,1,1,1,1,1,1,1,1,1,1,1,1,1,1,1,1,1,1,1,1,1,1,1,4),(0.,0.285714285714286,
0.571428571428571,0.857142857142857,0.928571428571429,1.),(-0.0159999328191032,
0.,0.0226698841867247,0.0453397683734494,0.0680096525601741,0.0906795367468988,
0.113349420933623,0.136019305120348,0.158689189307073,0.181359073493798,
0.204028957680522,0.226698841867247,0.249368726053972,0.272038610240696,
0.294708494427421,0.317378378614146,0.34004826280087,0.362718146987595,
0.38538803117432,0.408057915361044,0.430727799547769,0.453397683734494,
0.476067567921219,0.498737452107943,0.521407336294668,0.544077220481393,
0.566747104668117,0.589416988854842,0.612086873041567,0.634756757228291,
0.657426641415016,0.680096525601741,0.702766409788465,0.72543629397519,
0.748106178161915,0.770776062348639,0.793445946535364,0.816115830722089,
0.838785714908814,0.861455599095538,0.884125483282263,0.906795367468988,
0.929465251655712,0.952135135842437,0.974805020029162,0.997474904215886,
1.02014478840261,1.03147973049597,1.04281467258934,1.05981708572938,1.06548455677606,
1.0683182922994,1.07115202782274,1.07398576334608,1.07681949886942,1.07965323439276,
1.08107010215443,1.0824869699161,1.08532070543944,1.08815444096279,1.09098817648613,
1.09382191200947,1.09665564753281,1.09807251529448,1.09948938305615,1.10019781693698,
1.10090625081782,1.10232311857949,1.10373998634116,1.10515685410283,1.10586528798366,
1.1065737218645,1.10692793880492,1.10728215574533,1.10745926421554,1.10754781845065,
1.10763637268575,1.10799058962617,1.10834480656659,1.1085219150368,1.10856619215435,
1.1086104692719,1.108699023507,1.10940745738784,1.10945173450539,1.10947387306417,
1.10949601162294,1.10951815018172,1.1095402887405,1.10958456585805,1.10967312009315,
1.10976167432826,1.11011589126867,1.11020444550378,1.11029299973888,1.11033727685644,
1.11038155397399,1.11047010820909,1.1106472166793,1.11073577091441,1.11082432514951,
1.12215926724287,1.12782673828955,1.13349420933623,1.1349110770979,1.13526529403832,
1.13535384827343,1.1353759868322,1.13539812539098,1.13544240250853,1.13561951097874,
1.13597372791916,1.13615083638937,1.13632794485958,1.13668216179999,1.13703637874041,
1.13774481262125,1.13792192109145,1.13809902956166,1.13845324650208,1.1388074634425,
1.13916168038292,1.13951589732333,1.13987011426375,1.14057854814459,1.14128698202542,
1.14146409049563,1.14164119896584,1.14199541590626,1.14234963284667,1.14270384978709,
1.14305806672751,1.14341228366793,1.1448291514296,1.14624601919127,1.14766288695294,
1.14837132083377,1.14845987506888,1.14854842930398,1.14872553777419,1.14907975471461,
1.14978818859544,1.15049662247628,1.15333035799962,1.15616409352296,1.1589978290463,
1.16183156456964,1.16466530009298,1.16749903561632,1.17033277113966,1.173166506663,
1.17600024218634,1.17883397770968,1.19016891980305,1.20150386189641,1.22417374608313,
1.24684363026986,1.26951351445658,1.29218339864331,1.31485328283003,1.33752316701676,
1.36019305120348,1.38286293539021,1.40553281957693,1.42820270376366,1.45087258795038,
1.47354247213711,1.49621235632383,1.51888224051055,1.54155212469728,1.564222008884,
1.58689189307073,1.60956177725745,1.63223166144418,1.6549015456309,1.67757142981763,
1.70024131400435,1.72291119819108,1.7455810823778,1.76825096656453,1.79092085075125,
1.81359073493798,1.8362606191247,1.85893050331142,1.88160038749815,1.90427027168487,
1.9269401558716,1.94961004005832,1.97227992424505,1.99494980843177,2.0176196926185,
2.04028957680522,2.06295946099195,2.08562934517867,2.1082992293654,2.13096911355212,
2.15363899773885,2.17630888192557,2.1989787661123,2.22164865029902,2.24431853448574,
2.26698841867247,2.28965830285919,2.31232818704592,2.33499807123264,2.34633301332601,
2.35766795541937,2.38033783960609,2.40300772379282,2.42567760797954,2.44834749216627,
2.47101737635299,2.49368726053972,2.51635714472644,2.5276920868198,2.53335955786648,
2.53902702891317),.UNSPECIFIED.);
#66=B_SPLINE_SURFACE_WITH_KNOTS('',3,3,((#4178,#4179,#4180,#4181,#4182,
#4183,#4184,#4185,#4186,#4187,#4188,#4189,#4190,#4191,#4192,#4193,#4194,
#4195,#4196,#4197,#4198,#4199,#4200,#4201,#4202,#4203,#4204,#4205,#4206,
#4207,#4208,#4209,#4210,#4211,#4212,#4213,#4214,#4215,#4216,#4217,#4218,
#4219,#4220,#4221,#4222,#4223,#4224,#4225,#4226,#4227,#4228,#4229,#4230,
#4231,#4232,#4233,#4234,#4235,#4236,#4237,#4238,#4239,#4240,#4241,#4242,
#4243,#4244,#4245,#4246,#4247,#4248,#4249,#4250,#4251,#4252,#4253,#4254,
#4255,#4256,#4257,#4258,#4259,#4260,#4261,#4262,#4263,#4264,#4265,#4266,
#4267,#4268,#4269,#4270,#4271,#4272,#4273,#4274,#4275,#4276,#4277,#4278,
#4279,#4280,#4281,#4282,#4283,#4284,#4285,#4286,#4287,#4288,#4289,#4290,
#4291,#4292,#4293,#4294,#4295,#4296,#4297,#4298,#4299,#4300,#4301,#4302,
#4303,#4304,#4305,#4306,#4307,#4308,#4309,#4310,#4311,#4312,#4313,#4314,
#4315,#4316,#4317,#4318,#4319,#4320,#4321,#4322,#4323,#4324,#4325,#4326,
#4327,#4328,#4329,#4330,#4331,#4332,#4333,#4334,#4335,#4336,#4337,#4338,
#4339,#4340,#4341,#4342,#4343,#4344,#4345,#4346,#4347,#4348,#4349,#4350,
#4351,#4352,#4353,#4354,#4355,#4356,#4357,#4358,#4359,#4360,#4361,#4362,
#4363,#4364,#4365,#4366,#4367,#4368,#4369,#4370,#4371,#4372,#4373,#4374,
#4375,#4376,#4377,#4378,#4379,#4380,#4381,#4382,#4383,#4384,#4385,#4386,
#4387,#4388),(#4389,#4390,#4391,#4392,#4393,#4394,#4395,#4396,#4397,#4398,
#4399,#4400,#4401,#4402,#4403,#4404,#4405,#4406,#4407,#4408,#4409,#4410,
#4411,#4412,#4413,#4414,#4415,#4416,#4417,#4418,#4419,#4420,#4421,#4422,
#4423,#4424,#4425,#4426,#4427,#4428,#4429,#4430,#4431,#4432,#4433,#4434,
#4435,#4436,#4437,#4438,#4439,#4440,#4441,#4442,#4443,#4444,#4445,#4446,
#4447,#4448,#4449,#4450,#4451,#4452,#4453,#4454,#4455,#4456,#4457,#4458,
#4459,#4460,#4461,#4462,#4463,#4464,#4465,#4466,#4467,#4468,#4469,#4470,
#4471,#4472,#4473,#4474,#4475,#4476,#4477,#4478,#4479,#4480,#4481,#4482,
#4483,#4484,#4485,#4486,#4487,#4488,#4489,#4490,#4491,#4492,#4493,#4494,
#4495,#4496,#4497,#4498,#4499,#4500,#4501,#4502,#4503,#4504,#4505,#4506,
#4507,#4508,#4509,#4510,#4511,#4512,#4513,#4514,#4515,#4516,#4517,#4518,
#4519,#4520,#4521,#4522,#4523,#4524,#4525,#4526,#4527,#4528,#4529,#4530,
#4531,#4532,#4533,#4534,#4535,#4536,#4537,#4538,#4539,#4540,#4541,#4542,
#4543,#4544,#4545,#4546,#4547,#4548,#4549,#4550,#4551,#4552,#4553,#4554,
#4555,#4556,#4557,#4558,#4559,#4560,#4561,#4562,#4563,#4564,#4565,#4566,
#4567,#4568,#4569,#4570,#4571,#4572,#4573,#4574,#4575,#4576,#4577,#4578,
#4579,#4580,#4581,#4582,#4583,#4584,#4585,#4586,#4587,#4588,#4589,#4590,
#4591,#4592,#4593,#4594,#4595,#4596,#4597,#4598,#4599),(#4600,#4601,#4602,
#4603,#4604,#4605,#4606,#4607,#4608,#4609,#4610,#4611,#4612,#4613,#4614,
#4615,#4616,#4617,#4618,#4619,#4620,#4621,#4622,#4623,#4624,#4625,#4626,
#4627,#4628,#4629,#4630,#4631,#4632,#4633,#4634,#4635,#4636,#4637,#4638,
#4639,#4640,#4641,#4642,#4643,#4644,#4645,#4646,#4647,#4648,#4649,#4650,
#4651,#4652,#4653,#4654,#4655,#4656,#4657,#4658,#4659,#4660,#4661,#4662,
#4663,#4664,#4665,#4666,#4667,#4668,#4669,#4670,#4671,#4672,#4673,#4674,
#4675,#4676,#4677,#4678,#4679,#4680,#4681,#4682,#4683,#4684,#4685,#4686,
#4687,#4688,#4689,#4690,#4691,#4692,#4693,#4694,#4695,#4696,#4697,#4698,
#4699,#4700,#4701,#4702,#4703,#4704,#4705,#4706,#4707,#4708,#4709,#4710,
#4711,#4712,#4713,#4714,#4715,#4716,#4717,#4718,#4719,#4720,#4721,#4722,
#4723,#4724,#4725,#4726,#4727,#4728,#4729,#4730,#4731,#4732,#4733,#4734,
#4735,#4736,#4737,#4738,#4739,#4740,#4741,#4742,#4743,#4744,#4745,#4746,
#4747,#4748,#4749,#4750,#4751,#4752,#4753,#4754,#4755,#4756,#4757,#4758,
#4759,#4760,#4761,#4762,#4763,#4764,#4765,#4766,#4767,#4768,#4769,#4770,
#4771,#4772,#4773,#4774,#4775,#4776,#4777,#4778,#4779,#4780,#4781,#4782,
#4783,#4784,#4785,#4786,#4787,#4788,#4789,#4790,#4791,#4792,#4793,#4794,
#4795,#4796,#4797,#4798,#4799,#4800,#4801,#4802,#4803,#4804,#4805,#4806,
#4807,#4808,#4809,#4810),(#4811,#4812,#4813,#4814,#4815,#4816,#4817,#4818,
#4819,#4820,#4821,#4822,#4823,#4824,#4825,#4826,#4827,#4828,#4829,#4830,
#4831,#4832,#4833,#4834,#4835,#4836,#4837,#4838,#4839,#4840,#4841,#4842,
#4843,#4844,#4845,#4846,#4847,#4848,#4849,#4850,#4851,#4852,#4853,#4854,
#4855,#4856,#4857,#4858,#4859,#4860,#4861,#4862,#4863,#4864,#4865,#4866,
#4867,#4868,#4869,#4870,#4871,#4872,#4873,#4874,#4875,#4876,#4877,#4878,
#4879,#4880,#4881,#4882,#4883,#4884,#4885,#4886,#4887,#4888,#4889,#4890,
#4891,#4892,#4893,#4894,#4895,#4896,#4897,#4898,#4899,#4900,#4901,#4902,
#4903,#4904,#4905,#4906,#4907,#4908,#4909,#4910,#4911,#4912,#4913,#4914,
#4915,#4916,#4917,#4918,#4919,#4920,#4921,#4922,#4923,#4924,#4925,#4926,
#4927,#4928,#4929,#4930,#4931,#4932,#4933,#4934,#4935,#4936,#4937,#4938,
#4939,#4940,#4941,#4942,#4943,#4944,#4945,#4946,#4947,#4948,#4949,#4950,
#4951,#4952,#4953,#4954,#4955,#4956,#4957,#4958,#4959,#4960,#4961,#4962,
#4963,#4964,#4965,#4966,#4967,#4968,#4969,#4970,#4971,#4972,#4973,#4974,
#4975,#4976,#4977,#4978,#4979,#4980,#4981,#4982,#4983,#4984,#4985,#4986,
#4987,#4988,#4989,#4990,#4991,#4992,#4993,#4994,#4995,#4996,#4997,#4998,
#4999,#5000,#5001,#5002,#5003,#5004,#5005,#5006,#5007,#5008,#5009,#5010,
#5011,#5012,#5013,#5014,#5015,#5016,#5017,#5018,#5019,#5020,#5021),(#5022,
#5023,#5024,#5025,#5026,#5027,#5028,#5029,#5030,#5031,#5032,#5033,#5034,
#5035,#5036,#5037,#5038,#5039,#5040,#5041,#5042,#5043,#5044,#5045,#5046,
#5047,#5048,#5049,#5050,#5051,#5052,#5053,#5054,#5055,#5056,#5057,#5058,
#5059,#5060,#5061,#5062,#5063,#5064,#5065,#5066,#5067,#5068,#5069,#5070,
#5071,#5072,#5073,#5074,#5075,#5076,#5077,#5078,#5079,#5080,#5081,#5082,
#5083,#5084,#5085,#5086,#5087,#5088,#5089,#5090,#5091,#5092,#5093,#5094,
#5095,#5096,#5097,#5098,#5099,#5100,#5101,#5102,#5103,#5104,#5105,#5106,
#5107,#5108,#5109,#5110,#5111,#5112,#5113,#5114,#5115,#5116,#5117,#5118,
#5119,#5120,#5121,#5122,#5123,#5124,#5125,#5126,#5127,#5128,#5129,#5130,
#5131,#5132,#5133,#5134,#5135,#5136,#5137,#5138,#5139,#5140,#5141,#5142,
#5143,#5144,#5145,#5146,#5147,#5148,#5149,#5150,#5151,#5152,#5153,#5154,
#5155,#5156,#5157,#5158,#5159,#5160,#5161,#5162,#5163,#5164,#5165,#5166,
#5167,#5168,#5169,#5170,#5171,#5172,#5173,#5174,#5175,#5176,#5177,#5178,
#5179,#5180,#5181,#5182,#5183,#5184,#5185,#5186,#5187,#5188,#5189,#5190,
#5191,#5192,#5193,#5194,#5195,#5196,#5197,#5198,#5199,#5200,#5201,#5202,
#5203,#5204,#5205,#5206,#5207,#5208,#5209,#5210,#5211,#5212,#5213,#5214,
#5215,#5216,#5217,#5218,#5219,#5220,#5221,#5222,#5223,#5224,#5225,#5226,
#5227,#5228,#5229,#5230,#5231,#5232),(#5233,#5234,#5235,#5236,#5237,#5238,
#5239,#5240,#5241,#5242,#5243,#5244,#5245,#5246,#5247,#5248,#5249,#5250,
#5251,#5252,#5253,#5254,#5255,#5256,#5257,#5258,#5259,#5260,#5261,#5262,
#5263,#5264,#5265,#5266,#5267,#5268,#5269,#5270,#5271,#5272,#5273,#5274,
#5275,#5276,#5277,#5278,#5279,#5280,#5281,#5282,#5283,#5284,#5285,#5286,
#5287,#5288,#5289,#5290,#5291,#5292,#5293,#5294,#5295,#5296,#5297,#5298,
#5299,#5300,#5301,#5302,#5303,#5304,#5305,#5306,#5307,#5308,#5309,#5310,
#5311,#5312,#5313,#5314,#5315,#5316,#5317,#5318,#5319,#5320,#5321,#5322,
#5323,#5324,#5325,#5326,#5327,#5328,#5329,#5330,#5331,#5332,#5333,#5334,
#5335,#5336,#5337,#5338,#5339,#5340,#5341,#5342,#5343,#5344,#5345,#5346,
#5347,#5348,#5349,#5350,#5351,#5352,#5353,#5354,#5355,#5356,#5357,#5358,
#5359,#5360,#5361,#5362,#5363,#5364,#5365,#5366,#5367,#5368,#5369,#5370,
#5371,#5372,#5373,#5374,#5375,#5376,#5377,#5378,#5379,#5380,#5381,#5382,
#5383,#5384,#5385,#5386,#5387,#5388,#5389,#5390,#5391,#5392,#5393,#5394,
#5395,#5396,#5397,#5398,#5399,#5400,#5401,#5402,#5403,#5404,#5405,#5406,
#5407,#5408,#5409,#5410,#5411,#5412,#5413,#5414,#5415,#5416,#5417,#5418,
#5419,#5420,#5421,#5422,#5423,#5424,#5425,#5426,#5427,#5428,#5429,#5430,
#5431,#5432,#5433,#5434,#5435,#5436,#5437,#5438,#5439,#5440,#5441,#5442,
#5443),(#5444,#5445,#5446,#5447,#5448,#5449,#5450,#5451,#5452,#5453,#5454,
#5455,#5456,#5457,#5458,#5459,#5460,#5461,#5462,#5463,#5464,#5465,#5466,
#5467,#5468,#5469,#5470,#5471,#5472,#5473,#5474,#5475,#5476,#5477,#5478,
#5479,#5480,#5481,#5482,#5483,#5484,#5485,#5486,#5487,#5488,#5489,#5490,
#5491,#5492,#5493,#5494,#5495,#5496,#5497,#5498,#5499,#5500,#5501,#5502,
#5503,#5504,#5505,#5506,#5507,#5508,#5509,#5510,#5511,#5512,#5513,#5514,
#5515,#5516,#5517,#5518,#5519,#5520,#5521,#5522,#5523,#5524,#5525,#5526,
#5527,#5528,#5529,#5530,#5531,#5532,#5533,#5534,#5535,#5536,#5537,#5538,
#5539,#5540,#5541,#5542,#5543,#5544,#5545,#5546,#5547,#5548,#5549,#5550,
#5551,#5552,#5553,#5554,#5555,#5556,#5557,#5558,#5559,#5560,#5561,#5562,
#5563,#5564,#5565,#5566,#5567,#5568,#5569,#5570,#5571,#5572,#5573,#5574,
#5575,#5576,#5577,#5578,#5579,#5580,#5581,#5582,#5583,#5584,#5585,#5586,
#5587,#5588,#5589,#5590,#5591,#5592,#5593,#5594,#5595,#5596,#5597,#5598,
#5599,#5600,#5601,#5602,#5603,#5604,#5605,#5606,#5607,#5608,#5609,#5610,
#5611,#5612,#5613,#5614,#5615,#5616,#5617,#5618,#5619,#5620,#5621,#5622,
#5623,#5624,#5625,#5626,#5627,#5628,#5629,#5630,#5631,#5632,#5633,#5634,
#5635,#5636,#5637,#5638,#5639,#5640,#5641,#5642,#5643,#5644,#5645,#5646,
#5647,#5648,#5649,#5650,#5651,#5652,#5653,#5654),(#5655,#5656,#5657,#5658,
#5659,#5660,#5661,#5662,#5663,#5664,#5665,#5666,#5667,#5668,#5669,#5670,
#5671,#5672,#5673,#5674,#5675,#5676,#5677,#5678,#5679,#5680,#5681,#5682,
#5683,#5684,#5685,#5686,#5687,#5688,#5689,#5690,#5691,#5692,#5693,#5694,
#5695,#5696,#5697,#5698,#5699,#5700,#5701,#5702,#5703,#5704,#5705,#5706,
#5707,#5708,#5709,#5710,#5711,#5712,#5713,#5714,#5715,#5716,#5717,#5718,
#5719,#5720,#5721,#5722,#5723,#5724,#5725,#5726,#5727,#5728,#5729,#5730,
#5731,#5732,#5733,#5734,#5735,#5736,#5737,#5738,#5739,#5740,#5741,#5742,
#5743,#5744,#5745,#5746,#5747,#5748,#5749,#5750,#5751,#5752,#5753,#5754,
#5755,#5756,#5757,#5758,#5759,#5760,#5761,#5762,#5763,#5764,#5765,#5766,
#5767,#5768,#5769,#5770,#5771,#5772,#5773,#5774,#5775,#5776,#5777,#5778,
#5779,#5780,#5781,#5782,#5783,#5784,#5785,#5786,#5787,#5788,#5789,#5790,
#5791,#5792,#5793,#5794,#5795,#5796,#5797,#5798,#5799,#5800,#5801,#5802,
#5803,#5804,#5805,#5806,#5807,#5808,#5809,#5810,#5811,#5812,#5813,#5814,
#5815,#5816,#5817,#5818,#5819,#5820,#5821,#5822,#5823,#5824,#5825,#5826,
#5827,#5828,#5829,#5830,#5831,#5832,#5833,#5834,#5835,#5836,#5837,#5838,
#5839,#5840,#5841,#5842,#5843,#5844,#5845,#5846,#5847,#5848,#5849,#5850,
#5851,#5852,#5853,#5854,#5855,#5856,#5857,#5858,#5859,#5860,#5861,#5862,
#5863,#5864,#5865),(#5866,#5867,#5868,#5869,#5870,#5871,#5872,#5873,#5874,
#5875,#5876,#5877,#5878,#5879,#5880,#5881,#5882,#5883,#5884,#5885,#5886,
#5887,#5888,#5889,#5890,#5891,#5892,#5893,#5894,#5895,#5896,#5897,#5898,
#5899,#5900,#5901,#5902,#5903,#5904,#5905,#5906,#5907,#5908,#5909,#5910,
#5911,#5912,#5913,#5914,#5915,#5916,#5917,#5918,#5919,#5920,#5921,#5922,
#5923,#5924,#5925,#5926,#5927,#5928,#5929,#5930,#5931,#5932,#5933,#5934,
#5935,#5936,#5937,#5938,#5939,#5940,#5941,#5942,#5943,#5944,#5945,#5946,
#5947,#5948,#5949,#5950,#5951,#5952,#5953,#5954,#5955,#5956,#5957,#5958,
#5959,#5960,#5961,#5962,#5963,#5964,#5965,#5966,#5967,#5968,#5969,#5970,
#5971,#5972,#5973,#5974,#5975,#5976,#5977,#5978,#5979,#5980,#5981,#5982,
#5983,#5984,#5985,#5986,#5987,#5988,#5989,#5990,#5991,#5992,#5993,#5994,
#5995,#5996,#5997,#5998,#5999,#6000,#6001,#6002,#6003,#6004,#6005,#6006,
#6007,#6008,#6009,#6010,#6011,#6012,#6013,#6014,#6015,#6016,#6017,#6018,
#6019,#6020,#6021,#6022,#6023,#6024,#6025,#6026,#6027,#6028,#6029,#6030,
#6031,#6032,#6033,#6034,#6035,#6036,#6037,#6038,#6039,#6040,#6041,#6042,
#6043,#6044,#6045,#6046,#6047,#6048,#6049,#6050,#6051,#6052,#6053,#6054,
#6055,#6056,#6057,#6058,#6059,#6060,#6061,#6062,#6063,#6064,#6065,#6066,
#6067,#6068,#6069,#6070,#6071,#6072,#6073,#6074,#6075,#6076),(#6077,#6078,
#6079,#6080,#6081,#6082,#6083,#6084,#6085,#6086,#6087,#6088,#6089,#6090,
#6091,#6092,#6093,#6094,#6095,#6096,#6097,#6098,#6099,#6100,#6101,#6102,
#6103,#6104,#6105,#6106,#6107,#6108,#6109,#6110,#6111,#6112,#6113,#6114,
#6115,#6116,#6117,#6118,#6119,#6120,#6121,#6122,#6123,#6124,#6125,#6126,
#6127,#6128,#6129,#6130,#6131,#6132,#6133,#6134,#6135,#6136,#6137,#6138,
#6139,#6140,#6141,#6142,#6143,#6144,#6145,#6146,#6147,#6148,#6149,#6150,
#6151,#6152,#6153,#6154,#6155,#6156,#6157,#6158,#6159,#6160,#6161,#6162,
#6163,#6164,#6165,#6166,#6167,#6168,#6169,#6170,#6171,#6172,#6173,#6174,
#6175,#6176,#6177,#6178,#6179,#6180,#6181,#6182,#6183,#6184,#6185,#6186,
#6187,#6188,#6189,#6190,#6191,#6192,#6193,#6194,#6195,#6196,#6197,#6198,
#6199,#6200,#6201,#6202,#6203,#6204,#6205,#6206,#6207,#6208,#6209,#6210,
#6211,#6212,#6213,#6214,#6215,#6216,#6217,#6218,#6219,#6220,#6221,#6222,
#6223,#6224,#6225,#6226,#6227,#6228,#6229,#6230,#6231,#6232,#6233,#6234,
#6235,#6236,#6237,#6238,#6239,#6240,#6241,#6242,#6243,#6244,#6245,#6246,
#6247,#6248,#6249,#6250,#6251,#6252,#6253,#6254,#6255,#6256,#6257,#6258,
#6259,#6260,#6261,#6262,#6263,#6264,#6265,#6266,#6267,#6268,#6269,#6270,
#6271,#6272,#6273,#6274,#6275,#6276,#6277,#6278,#6279,#6280,#6281,#6282,
#6283,#6284,#6285,#6286,#6287)),.UNSPECIFIED.,.F.,.F.,.F.,(4,1,1,1,1,1,
1,4),(4,1,1,1,1,1,1,1,1,1,1,1,1,1,1,1,1,1,1,1,1,1,1,1,1,1,1,1,1,1,1,1,1,
1,1,1,1,1,1,1,1,1,1,1,1,1,1,1,1,1,1,1,1,1,1,1,1,1,1,1,1,1,1,1,1,1,1,1,1,
1,1,1,1,1,1,1,1,1,1,1,1,1,1,1,1,1,1,1,1,1,1,1,1,1,1,1,1,1,1,1,1,1,1,1,1,
1,1,1,1,1,1,1,1,1,1,1,1,1,1,1,1,1,1,1,1,1,1,1,1,1,1,1,1,1,1,1,1,1,1,1,1,
1,1,1,1,1,1,1,1,1,1,1,1,1,1,1,1,1,1,1,1,1,1,1,1,1,1,1,1,1,1,1,1,1,1,1,1,
1,1,1,1,1,1,1,1,1,1,1,1,1,1,1,1,1,1,1,1,1,1,1,1,1,1,1,1,1,2,4),(0.,0.142857142857143,
0.285714285714286,0.571428571428571,0.857142857142857,0.928571428571429,
0.964285714285714,1.),(-4.01966663792814E-8,0.00566743085241559,0.0113349019014976,
0.0226698439996615,0.0453397281959893,0.0680096123923172,0.0906794965886451,
0.113349380784973,0.136019264981301,0.158689149177629,0.181359033373957,
0.204028917570284,0.226698801766612,0.24936868596294,0.272038570159268,
0.294708454355596,0.317378338551924,0.340048222748252,0.362718106944579,
0.385387991140907,0.408057875337235,0.430727759533563,0.453397643729891,
0.476067527926219,0.498737412122547,0.521407296318874,0.544077180515202,
0.56674706471153,0.589416948907858,0.612086833104186,0.634756717300514,
0.657426601496842,0.680096485693169,0.702766369889497,0.725436254085825,
0.748106138282153,0.770776022478481,0.793445906674809,0.816115790871137,
0.838785675067465,0.861455559263792,0.88412544346012,0.906795327656448,
0.929465211852776,0.952135096049104,0.974804980245432,0.997474864441759,
1.02014474863809,1.04281463283442,1.06548451703074,1.08815440122707,1.1108242854234,
1.13349416961973,1.15616405381605,1.17883393801238,1.20150382220871,1.22417370640504,
1.24684359060137,1.26951347479769,1.29218335899402,1.31485324319035,1.33752312738668,
1.34885806948484,1.36019301158301,1.36586048263209,1.37152795368117,1.37719542473025,
1.38286289577933,1.38357132966047,1.3842797635416,1.38569663130387,1.38711349906614,
1.38853036682842,1.38994723459069,1.39012434306097,1.39030145153125,1.39047856000154,
1.39065566847182,1.39136410235296,1.3941978378775,1.39490627175863,1.3952604886992,
1.39561470563977,1.3963231395209,1.39703157340204,1.39738579034261,1.39774000728317,
1.39791711575346,1.39809422422374,1.39844844116431,1.39986530892658,1.40128217668885,
1.40199061056998,1.40234482751055,1.40269904445112,1.4028761529214,1.40305326139169,
1.40323036986197,1.40331892409711,1.40340747833226,1.40376169527282,1.40385024950796,
1.40393880374311,1.40411591221339,1.40447012915396,1.40482434609453,1.40553277997566,
1.41120025102474,1.41686772207382,1.42820266417199,1.42837977264227,1.42855688111256,
1.42873398958284,1.42891109805312,1.4289553751707,1.42899965228827,1.42904392940584,
1.42908820652341,1.42917676075855,1.42919889931734,1.42922103787612,1.42924317643491,
1.4292542457143,1.42926531499369,1.42961953193426,1.43032796581539,1.43068218275596,
1.43085929122625,1.43103639969653,1.4324532674588,1.43316170133994,1.43387013522107,
1.43528700298334,1.43564121992391,1.43599543686448,1.43670387074561,1.43812073850788,
1.43847495544845,1.43882917238902,1.43953760627015,1.44095447403242,1.44237134179469,
1.44307977567583,1.44520507731923,1.44803881284378,1.45087254836832,1.4565400194174,
1.45795688717967,1.45937375494194,1.46220749046648,1.46291592434762,1.46362435822875,
1.46504122599102,1.46787496151556,1.47354243256464,1.48487737466281,1.49621231676097,
1.5188822009573,1.54155208515363,1.56422196934996,1.58689185354628,1.60956173774261,
1.63223162193894,1.65490150613527,1.6775713903316,1.70024127452792,1.72291115872425,
1.74558104292058,1.76825092711691,1.79092081131323,1.81359069550956,1.83626057970589,
1.85893046390222,1.88160034809855,1.90427023229487,1.9269401164912,1.94961000068753,
1.97227988488386,1.99494976908019,2.01761965327651,2.04028953747284,2.05162447957101,
2.06295942166917,2.0856293058655,2.10829919006182,2.11963413215999,2.13096907425815,
2.15363895845448,2.17630884265081,2.19897872684714,2.22164861104346,2.23298355314163,
2.24431849523979,2.26698837943612,2.28965826363245,2.30099320573061,2.31232814782878,
2.3349980320251,2.35766791622143,2.38033780041776,2.40300768461409,2.42567756881041,
2.44834745300674,2.47101733720307,2.4936872213994,2.51635710559573,2.53902698979205,
2.55502692261116),.UNSPECIFIED.);
#67=B_SPLINE_SURFACE_WITH_KNOTS('',3,3,((#6892,#6893,#6894,#6895,#6896,
#6897,#6898,#6899,#6900,#6901,#6902,#6903,#6904,#6905,#6906,#6907,#6908,
#6909,#6910,#6911,#6912,#6913,#6914,#6915,#6916,#6917,#6918,#6919,#6920,
#6921,#6922,#6923,#6924,#6925,#6926,#6927,#6928,#6929,#6930,#6931,#6932,
#6933,#6934,#6935,#6936,#6937,#6938,#6939,#6940,#6941,#6942,#6943,#6944,
#6945,#6946,#6947,#6948,#6949,#6950,#6951,#6952,#6953,#6954),(#6955,#6956,
#6957,#6958,#6959,#6960,#6961,#6962,#6963,#6964,#6965,#6966,#6967,#6968,
#6969,#6970,#6971,#6972,#6973,#6974,#6975,#6976,#6977,#6978,#6979,#6980,
#6981,#6982,#6983,#6984,#6985,#6986,#6987,#6988,#6989,#6990,#6991,#6992,
#6993,#6994,#6995,#6996,#6997,#6998,#6999,#7000,#7001,#7002,#7003,#7004,
#7005,#7006,#7007,#7008,#7009,#7010,#7011,#7012,#7013,#7014,#7015,#7016,
#7017),(#7018,#7019,#7020,#7021,#7022,#7023,#7024,#7025,#7026,#7027,#7028,
#7029,#7030,#7031,#7032,#7033,#7034,#7035,#7036,#7037,#7038,#7039,#7040,
#7041,#7042,#7043,#7044,#7045,#7046,#7047,#7048,#7049,#7050,#7051,#7052,
#7053,#7054,#7055,#7056,#7057,#7058,#7059,#7060,#7061,#7062,#7063,#7064,
#7065,#7066,#7067,#7068,#7069,#7070,#7071,#7072,#7073,#7074,#7075,#7076,
#7077,#7078,#7079,#7080),(#7081,#7082,#7083,#7084,#7085,#7086,#7087,#7088,
#7089,#7090,#7091,#7092,#7093,#7094,#7095,#7096,#7097,#7098,#7099,#7100,
#7101,#7102,#7103,#7104,#7105,#7106,#7107,#7108,#7109,#7110,#7111,#7112,
#7113,#7114,#7115,#7116,#7117,#7118,#7119,#7120,#7121,#7122,#7123,#7124,
#7125,#7126,#7127,#7128,#7129,#7130,#7131,#7132,#7133,#7134,#7135,#7136,
#7137,#7138,#7139,#7140,#7141,#7142,#7143),(#7144,#7145,#7146,#7147,#7148,
#7149,#7150,#7151,#7152,#7153,#7154,#7155,#7156,#7157,#7158,#7159,#7160,
#7161,#7162,#7163,#7164,#7165,#7166,#7167,#7168,#7169,#7170,#7171,#7172,
#7173,#7174,#7175,#7176,#7177,#7178,#7179,#7180,#7181,#7182,#7183,#7184,
#7185,#7186,#7187,#7188,#7189,#7190,#7191,#7192,#7193,#7194,#7195,#7196,
#7197,#7198,#7199,#7200,#7201,#7202,#7203,#7204,#7205,#7206),(#7207,#7208,
#7209,#7210,#7211,#7212,#7213,#7214,#7215,#7216,#7217,#7218,#7219,#7220,
#7221,#7222,#7223,#7224,#7225,#7226,#7227,#7228,#7229,#7230,#7231,#7232,
#7233,#7234,#7235,#7236,#7237,#7238,#7239,#7240,#7241,#7242,#7243,#7244,
#7245,#7246,#7247,#7248,#7249,#7250,#7251,#7252,#7253,#7254,#7255,#7256,
#7257,#7258,#7259,#7260,#7261,#7262,#7263,#7264,#7265,#7266,#7267,#7268,
#7269)),.UNSPECIFIED.,.F.,.F.,.F.,(4,1,1,4),(4,2,1,1,1,1,1,1,1,1,1,1,1,
1,1,1,1,1,1,1,1,1,1,1,1,1,1,1,1,1,1,1,1,1,1,1,1,1,1,1,1,1,1,1,1,1,1,1,1,
1,1,1,1,1,1,1,1,1,1,4),(0.,0.285714285714286,0.571428571428571,1.),(-0.000307916612858384,
0.,0.0202164065399773,0.0404328130799546,0.0505410163499432,0.0606492196199319,
0.0808656261599092,0.141514845779841,0.161731252319818,0.202164065399773,
0.242596878479728,0.283029691559682,0.323462504639637,0.404328130799546,
0.485193756959455,0.52562657003941,0.566059383119364,0.606492196199319,
0.646925009279274,0.700835426719213,0.754745844159153,0.808656261599092,
0.835611470319062,0.862566679039032,0.889521887759001,0.916477096478971,
0.97038751391891,1.01082032699887,1.05125314007882,1.09168595315877,1.13211876623873,
1.21298439239864,1.29385001855855,1.31406642509852,1.3342828316385,1.37471564471846,
1.45558127087837,1.53644689703827,1.61731252319818,1.65774533627814,1.67796174281812,
1.69817814935809,1.73861096243805,1.779043775518,1.81947658859796,1.85990940167791,
1.88012580821789,1.89023401148788,1.90034221475787,1.91045041802785,1.92055862129784,
1.92561272293284,1.93066682456783,1.94077502783782,1.98120784091778,2.02164065399773,
2.06207346707768,2.10250628015764,2.18337190631755,2.26423753247746),
 .UNSPECIFIED.);
#68=B_SPLINE_SURFACE_WITH_KNOTS('',3,1,((#7449,#7450),(#7451,#7452),(#7453,
#7454),(#7455,#7456),(#7457,#7458),(#7459,#7460),(#7461,#7462),(#7463,#7464),
(#7465,#7466),(#7467,#7468),(#7469,#7470),(#7471,#7472),(#7473,#7474),(#7475,
#7476),(#7477,#7478),(#7479,#7480),(#7481,#7482),(#7483,#7484),(#7485,#7486),
(#7487,#7488),(#7489,#7490),(#7491,#7492),(#7493,#7494),(#7495,#7496),(#7497,
#7498),(#7499,#7500),(#7501,#7502),(#7503,#7504),(#7505,#7506),(#7507,#7508),
(#7509,#7510),(#7511,#7512),(#7513,#7514),(#7515,#7516),(#7517,#7518),(#7519,
#7520),(#7521,#7522),(#7523,#7524),(#7525,#7526),(#7527,#7528),(#7529,#7530),
(#7531,#7532),(#7533,#7534),(#7535,#7536),(#7537,#7538),(#7539,#7540),(#7541,
#7542),(#7543,#7544),(#7545,#7546),(#7547,#7548),(#7549,#7550),(#7551,#7552),
(#7553,#7554),(#7555,#7556),(#7557,#7558),(#7559,#7560),(#7561,#7562),(#7563,
#7564),(#7565,#7566),(#7567,#7568),(#7569,#7570),(#7571,#7572),(#7573,#7574),
(#7575,#7576),(#7577,#7578),(#7579,#7580),(#7581,#7582)),.UNSPECIFIED.,
 .F.,.F.,.F.,(4,3,3,3,3,3,3,3,3,3,3,3,3,3,3,3,3,3,3,3,3,3,4),(2,2),(0.,
0.0583775875936428,0.167817852732397,0.243374429753989,0.331741311843685,
0.40335909044535,0.460136335211131,0.486353651739692,0.500945120487778,
0.509945416269742,0.518833849075972,0.53588454021752,0.575572523563111,
0.631757079888072,0.688624324443841,0.761014954214771,0.8061334219991,0.848373035926087,
0.887671676646453,0.920829513411873,0.949693276833697,0.971353979487569,
0.999095157046886),(0.,0.25),.UNSPECIFIED.);
#69=B_SPLINE_CURVE_WITH_KNOTS('',3,(#1016,#1017,#1018,#1019,#1020,#1021,
#1022,#1023,#1024,#1025,#1026,#1027),.UNSPECIFIED.,.F.,.F.,(4,2,2,2,2,4),
(-7.29444770711935E-5,0.,0.00397027147258872,0.00787795904988275,0.0117837264862808,
0.0156885193897683),.UNSPECIFIED.);
#70=B_SPLINE_CURVE_WITH_KNOTS('',3,(#1435,#1436,#1437,#1438,#1439,#1440,
#1441,#1442,#1443,#1444,#1445,#1446,#1447,#1448,#1449,#1450,#1451,#1452,
#1453,#1454,#1455,#1456,#1457,#1458,#1459,#1460,#1461,#1462,#1463,#1464,
#1465,#1466,#1467,#1468,#1469,#1470,#1471,#1472,#1473,#1474,#1475,#1476,
#1477,#1478,#1479,#1480,#1481,#1482,#1483,#1484,#1485,#1486,#1487,#1488,
#1489,#1490,#1491,#1492),.UNSPECIFIED.,.F.,.F.,(4,2,1,1,1,1,1,1,1,1,1,1,
1,1,1,1,1,1,1,1,1,1,1,1,1,1,1,1,1,1,1,1,1,1,1,1,1,1,1,1,1,1,1,1,1,1,1,1,
1,1,1,1,1,1,4),(-2.26386713576954,-2.26355979998213,-2.24334339344204,-2.22312698690194,
-2.18269417382176,-2.12204495420147,-2.10182854766138,-2.0613957345812,
-2.02096292150101,-1.94009729534063,-1.85923166918026,-1.81879885610007,
-1.77836604301989,-1.7379332299397,-1.69750041685951,-1.65706760377933,
-1.61663479069914,-1.57620197761895,-1.53576916453877,-1.49533635145858,
-1.45490353837839,-1.4144707252982,-1.37403791221802,-1.33360509913783,
-1.29317228605764,-1.23926186861739,-1.21230665989727,-1.18535145117715,
-1.1314410337369,-1.07753061629665,-1.0236201988564,-0.969709781416149,
-0.929276968335962,-0.888844155255775,-0.807978529095402,-0.727112902935028,
-0.646247276774654,-0.605814463694467,-0.56538165061428,-0.524948837534093,
-0.484516024453907,-0.44408321137372,-0.403650398293533,-0.383433991753439,
-0.363217585213346,-0.353109381943299,-0.343001178673253,-0.332892975403206,
-0.322784772133159,-0.282351959052972,-0.241919145972785,-0.201486332892598,
-0.161053519812412,-0.0801878936520378,0.000677732508335929),
 .UNSPECIFIED.);
#71=B_SPLINE_CURVE_WITH_KNOTS('',3,(#1494,#1495,#1496,#1497,#1498,#1499,
#1500,#1501,#1502,#1503,#1504,#1505,#1506,#1507,#1508,#1509,#1510,#1511,
#1512,#1513,#1514,#1515,#1516,#1517,#1518,#1519,#1520,#1521,#1522,#1523,
#1524,#1525,#1526,#1527),.UNSPECIFIED.,.F.,.F.,(4,3,3,3,3,3,3,3,3,3,3,4),
(0.,0.00235161639405581,0.00389807186661472,0.00450209162679224,0.00686319153217574,
0.00780082826680523,0.00900839072287693,0.0114236239151778,0.0117128929158376,
0.0135151354860373,0.0137391511601076,0.0157657876030748),.UNSPECIFIED.);
#72=B_SPLINE_CURVE_WITH_KNOTS('',3,(#1528,#1529,#1530,#1531,#1532,#1533,
#1534,#1535,#1536,#1537,#1538,#1539,#1540,#1541,#1542,#1543,#1544,#1545,
#1546,#1547,#1548,#1549,#1550,#1551,#1552,#1553,#1554,#1555,#1556,#1557,
#1558,#1559,#1560,#1561,#1562,#1563,#1564,#1565,#1566,#1567,#1568,#1569,
#1570,#1571,#1572,#1573,#1574,#1575,#1576,#1577,#1578,#1579,#1580,#1581,
#1582,#1583),.UNSPECIFIED.,.F.,.F.,(4,1,1,1,1,1,1,1,1,1,1,1,1,1,1,1,1,1,
1,1,1,1,1,1,1,1,1,1,1,1,1,1,1,1,1,1,1,1,1,1,1,1,1,1,1,1,1,1,1,1,1,1,1,4),
(1.85475153632026E-8,0.0801878936520378,0.161053519812412,0.201486332892598,
0.241919145972785,0.282351959052972,0.322784772133159,0.332892975403206,
0.343001178673253,0.353109381943299,0.363217585213346,0.383433991753439,
0.403650398293533,0.44408321137372,0.484516024453907,0.524948837534093,
0.56538165061428,0.605814463694467,0.646247276774654,0.727112902935028,
0.807978529095402,0.888844155255775,0.929276968335962,0.969709781416149,
1.0236201988564,1.07753061629665,1.1314410337369,1.18535145117715,1.21230665989727,
1.23926186861739,1.29317228605764,1.33360509913783,1.37403791221802,1.4144707252982,
1.45490353837839,1.49533635145858,1.53576916453877,1.57620197761895,1.61663479069914,
1.65706760377933,1.69750041685951,1.7379332299397,1.77836604301989,1.81879885610007,
1.85923166918026,1.94009729534063,2.02096292150101,2.0613957345812,2.10182854766138,
2.12204495420147,2.18269417382176,2.22312698690194,2.24334339344204,2.26355649617781),
 .UNSPECIFIED.);
#73=B_SPLINE_CURVE_WITH_KNOTS('',3,(#1726,#1727,#1728,#1729,#1730,#1731,
#1732,#1733,#1734,#1735,#1736,#1737,#1738,#1739,#1740,#1741,#1742,#1743,
#1744,#1745,#1746,#1747,#1748,#1749,#1750,#1751,#1752,#1753,#1754,#1755,
#1756,#1757,#1758,#1759,#1760,#1761,#1762,#1763,#1764,#1765,#1766,#1767,
#1768,#1769,#1770,#1771,#1772,#1773,#1774,#1775,#1776,#1777,#1778,#1779,
#1780,#1781,#1782,#1783,#1784,#1785,#1786,#1787,#1788,#1789,#1790,#1791,
#1792,#1793,#1794,#1795),.UNSPECIFIED.,.F.,.F.,(4,3,3,3,3,3,3,3,3,3,3,3,
3,3,3,3,3,3,3,3,3,3,3,4),(-7.44191367094929,-7.23527925072336,-7.07393618138181,
-6.85894000800547,-6.73544938902727,-6.61195877004907,-6.31923681102061,
-6.00460856152733,-5.66853672707972,-5.12932400690873,-4.70573960485869,
-4.28724031091073,-3.99161827356149,-3.86461358275657,-3.7984067263351,
-3.73136664136426,-3.62267984612787,-3.4273961387519,-3.00448211395549,
-2.47102609437663,-1.81281180593362,-1.25001704158993,-0.434834424054547,
0.),.UNSPECIFIED.);
#74=B_SPLINE_CURVE_WITH_KNOTS('',3,(#3558,#3559,#3560,#3561,#3562,#3563,
#3564,#3565,#3566,#3567,#3568,#3569),.UNSPECIFIED.,.F.,.F.,(4,2,2,2,2,4),
(0.,0.00392704468437081,0.00784867936519397,0.0117591937651667,0.0137650986392547,
0.0157705846426065),.UNSPECIFIED.);
#75=B_SPLINE_CURVE_WITH_KNOTS('',3,(#3571,#3572,#3573,#3574,#3575,#3576,
#3577,#3578,#3579,#3580,#3581,#3582,#3583,#3584,#3585,#3586,#3587,#3588,
#3589,#3590,#3591,#3592,#3593,#3594,#3595,#3596,#3597,#3598,#3599,#3600,
#3601,#3602,#3603,#3604,#3605,#3606,#3607,#3608,#3609,#3610,#3611,#3612,
#3613,#3614,#3615,#3616,#3617,#3618,#3619,#3620,#3621,#3622,#3623,#3624,
#3625,#3626,#3627,#3628,#3629,#3630,#3631,#3632,#3633,#3634,#3635,#3636,
#3637,#3638,#3639,#3640,#3641,#3642,#3643,#3644,#3645,#3646,#3647,#3648,
#3649,#3650,#3651,#3652,#3653,#3654,#3655,#3656,#3657,#3658,#3659,#3660,
#3661,#3662,#3663,#3664,#3665,#3666,#3667,#3668,#3669,#3670,#3671,#3672,
#3673,#3674,#3675,#3676,#3677,#3678,#3679,#3680,#3681,#3682,#3683,#3684,
#3685,#3686,#3687,#3688,#3689,#3690,#3691,#3692,#3693,#3694,#3695,#3696,
#3697,#3698,#3699,#3700,#3701,#3702,#3703,#3704,#3705,#3706,#3707,#3708,
#3709,#3710,#3711,#3712,#3713,#3714,#3715,#3716,#3717,#3718,#3719,#3720,
#3721,#3722,#3723,#3724,#3725,#3726,#3727,#3728,#3729,#3730,#3731,#3732,
#3733,#3734,#3735,#3736,#3737,#3738,#3739,#3740,#3741,#3742,#3743,#3744,
#3745,#3746,#3747,#3748,#3749,#3750,#3751,#3752,#3753,#3754,#3755,#3756,
#3757,#3758,#3759,#3760,#3761,#3762,#3763,#3764,#3765,#3766,#3767,#3768,
#3769,#3770,#3771,#3772,#3773,#3774,#3775,#3776,#3777,#3778,#3779,#3780,
#3781,#3782,#3783,#3784,#3785,#3786,#3787,#3788,#3789,#3790),
 .UNSPECIFIED.,.F.,.F.,(4,1,1,1,1,1,1,1,1,1,1,1,1,1,1,1,1,1,1,1,1,1,1,1,
1,1,1,1,1,1,1,1,1,1,1,1,1,1,1,1,1,1,1,1,1,1,1,1,1,1,1,1,1,1,1,1,1,1,1,1,
1,1,1,1,1,1,1,1,1,1,1,1,1,1,1,1,1,1,1,1,1,1,1,1,1,1,1,1,1,1,1,1,1,1,1,1,
1,1,1,1,1,1,1,1,1,1,1,1,1,1,1,1,1,1,1,1,1,1,1,1,1,1,1,1,1,1,1,1,1,1,1,1,
1,1,1,1,1,1,1,1,1,1,1,1,1,1,1,1,1,1,1,1,1,1,1,1,1,1,1,1,1,1,1,1,1,1,1,1,
1,1,1,1,1,1,1,1,1,1,1,1,1,1,1,1,1,1,1,1,1,1,1,1,1,1,1,1,1,1,1,1,1,1,1,1,
1,1,1,1,1,1,1,1,1,1,1,2,4),(-2.53828158870944,-2.53335955786648,-2.5276920868198,
-2.51635714472644,-2.49368726053972,-2.47101737635299,-2.44834749216627,
-2.42567760797954,-2.40300772379282,-2.38033783960609,-2.35766795541937,
-2.34633301332601,-2.33499807123264,-2.31232818704592,-2.28965830285919,
-2.26698841867247,-2.24431853448574,-2.22164865029902,-2.1989787661123,
-2.17630888192557,-2.15363899773885,-2.13096911355212,-2.1082992293654,
-2.08562934517867,-2.06295946099195,-2.04028957680522,-2.0176196926185,
-1.99494980843177,-1.97227992424505,-1.94961004005832,-1.9269401558716,
-1.90427027168487,-1.88160038749815,-1.85893050331142,-1.8362606191247,
-1.81359073493798,-1.79092085075125,-1.76825096656453,-1.7455810823778,
-1.72291119819108,-1.70024131400435,-1.67757142981763,-1.6549015456309,
-1.63223166144418,-1.60956177725745,-1.58689189307073,-1.564222008884,-1.54155212469728,
-1.51888224051055,-1.49621235632383,-1.47354247213711,-1.45087258795038,
-1.42820270376366,-1.40553281957693,-1.38286293539021,-1.36019305120348,
-1.33752316701676,-1.31485328283003,-1.29218339864331,-1.26951351445658,
-1.24684363026986,-1.22417374608313,-1.20150386189641,-1.19016891980305,
-1.17883397770968,-1.17600024218634,-1.173166506663,-1.17033277113966,-1.16749903561632,
-1.16466530009298,-1.16183156456964,-1.1589978290463,-1.15616409352296,
-1.15333035799962,-1.15049662247628,-1.14978818859544,-1.14907975471461,
-1.14872553777419,-1.14854842930398,-1.14845987506888,-1.14837132083377,
-1.14766288695294,-1.14624601919127,-1.1448291514296,-1.14341228366793,
-1.14305806672751,-1.14270384978709,-1.14234963284667,-1.14199541590626,
-1.14164119896584,-1.14146409049563,-1.14128698202542,-1.14057854814459,
-1.13987011426375,-1.13951589732333,-1.13916168038292,-1.1388074634425,
-1.13845324650208,-1.13809902956166,-1.13792192109145,-1.13774481262125,
-1.13703637874041,-1.13668216179999,-1.13632794485958,-1.13615083638937,
-1.13597372791916,-1.13561951097874,-1.13544240250853,-1.13539812539098,
-1.1353759868322,-1.13535384827343,-1.13526529403832,-1.1349110770979,-1.13349420933623,
-1.12782673828955,-1.12215926724287,-1.11082432514951,-1.11073577091441,
-1.1106472166793,-1.11047010820909,-1.11038155397399,-1.11033727685644,
-1.11029299973888,-1.11020444550378,-1.11011589126867,-1.10976167432826,
-1.10967312009315,-1.10958456585805,-1.1095402887405,-1.10951815018172,
-1.10949601162294,-1.10947387306417,-1.10945173450539,-1.10940745738784,
-1.108699023507,-1.1086104692719,-1.10856619215435,-1.1085219150368,-1.10834480656659,
-1.10799058962617,-1.10763637268575,-1.10754781845065,-1.10745926421554,
-1.10728215574533,-1.10692793880492,-1.1065737218645,-1.10586528798366,
-1.10515685410283,-1.10373998634116,-1.10232311857949,-1.10090625081782,
-1.10019781693698,-1.09948938305615,-1.09807251529448,-1.09665564753281,
-1.09382191200947,-1.09098817648613,-1.08815444096279,-1.08532070543944,
-1.0824869699161,-1.08107010215443,-1.07965323439276,-1.07681949886942,
-1.07398576334608,-1.07115202782274,-1.0683182922994,-1.06548455677606,
-1.05981708572938,-1.04281467258934,-1.03147973049597,-1.02014478840261,
-0.997474904215886,-0.974805020029162,-0.952135135842437,-0.929465251655712,
-0.906795367468988,-0.884125483282263,-0.861455599095538,-0.838785714908814,
-0.816115830722089,-0.793445946535364,-0.770776062348639,-0.748106178161915,
-0.72543629397519,-0.702766409788465,-0.680096525601741,-0.657426641415016,
-0.634756757228291,-0.612086873041567,-0.589416988854842,-0.566747104668117,
-0.544077220481393,-0.521407336294668,-0.498737452107943,-0.476067567921219,
-0.453397683734494,-0.430727799547769,-0.408057915361044,-0.38538803117432,
-0.362718146987595,-0.34004826280087,-0.317378378614146,-0.294708494427421,
-0.272038610240696,-0.249368726053972,-0.226698841867247,-0.204028957680522,
-0.181359073493798,-0.158689189307073,-0.136019305120348,-0.113349420933623,
-0.0906795367468988,-0.0680096525601741,-0.0453397683734494,-0.0226698841867247,
0.,0.0159999328191032),.UNSPECIFIED.);
#76=B_SPLINE_CURVE_WITH_KNOTS('',3,(#3792,#3793,#3794,#3795,#3796,#3797,
#3798,#3799,#3800,#3801,#3802,#3803),.UNSPECIFIED.,.F.,.F.,(4,2,2,2,2,4),
(0.,0.00211774460599361,0.00468412001116932,0.0086431687342598,0.0147520162203206,
0.0210419911276722),.UNSPECIFIED.);
#77=B_SPLINE_CURVE_WITH_KNOTS('',3,(#3804,#3805,#3806,#3807,#3808,#3809,
#3810,#3811,#3812,#3813,#3814,#3815,#3816,#3817,#3818,#3819,#3820,#3821,
#3822,#3823,#3824,#3825,#3826,#3827,#3828,#3829,#3830,#3831,#3832,#3833,
#3834,#3835,#3836,#3837,#3838,#3839,#3840,#3841,#3842,#3843,#3844,#3845,
#3846,#3847,#3848,#3849,#3850,#3851,#3852,#3853,#3854,#3855,#3856,#3857,
#3858,#3859,#3860,#3861,#3862,#3863,#3864,#3865,#3866,#3867,#3868,#3869,
#3870,#3871,#3872,#3873,#3874,#3875,#3876,#3877,#3878,#3879,#3880,#3881,
#3882,#3883,#3884,#3885,#3886,#3887,#3888,#3889,#3890,#3891,#3892,#3893,
#3894,#3895,#3896,#3897,#3898,#3899,#3900,#3901,#3902,#3903,#3904,#3905,
#3906,#3907,#3908,#3909,#3910,#3911,#3912,#3913,#3914,#3915,#3916,#3917,
#3918,#3919,#3920,#3921,#3922,#3923,#3924,#3925,#3926,#3927,#3928,#3929,
#3930,#3931,#3932,#3933,#3934,#3935,#3936,#3937,#3938,#3939,#3940,#3941,
#3942,#3943,#3944,#3945,#3946,#3947,#3948,#3949,#3950,#3951,#3952,#3953,
#3954,#3955,#3956,#3957,#3958,#3959,#3960,#3961,#3962,#3963,#3964,#3965,
#3966,#3967,#3968,#3969,#3970,#3971,#3972,#3973,#3974,#3975,#3976,#3977,
#3978,#3979,#3980,#3981,#3982,#3983,#3984,#3985,#3986,#3987,#3988,#3989,
#3990,#3991,#3992,#3993,#3994,#3995,#3996,#3997,#3998,#3999,#4000,#4001,
#4002,#4003,#4004,#4005,#4006,#4007,#4008,#4009,#4010,#4011,#4012,#4013,
#4014,#4015,#4016,#4017,#4018,#4019,#4020,#4021,#4022,#4023),
 .UNSPECIFIED.,.F.,.F.,(4,2,1,1,1,1,1,1,1,1,1,1,1,1,1,1,1,1,1,1,1,1,1,1,
1,1,1,1,1,1,1,1,1,1,1,1,1,1,1,1,1,1,1,1,1,1,1,1,1,1,1,1,1,1,1,1,1,1,1,1,
1,1,1,1,1,1,1,1,1,1,1,1,1,1,1,1,1,1,1,1,1,1,1,1,1,1,1,1,1,1,1,1,1,1,1,1,
1,1,1,1,1,1,1,1,1,1,1,1,1,1,1,1,1,1,1,1,1,1,1,1,1,1,1,1,1,1,1,1,1,1,1,1,
1,1,1,1,1,1,1,1,1,1,1,1,1,1,1,1,1,1,1,1,1,1,1,1,1,1,1,1,1,1,1,1,1,1,1,1,
1,1,1,1,1,1,1,1,1,1,1,1,1,1,1,1,1,1,1,1,1,1,1,1,1,1,1,1,1,1,1,1,1,1,1,1,
1,1,1,1,1,1,1,1,1,1,1,1,4),(-8.07058245536085E-5,0.,0.0226698841867247,
0.0453397683734494,0.0680096525601741,0.0906795367468988,0.113349420933623,
0.136019305120348,0.158689189307073,0.181359073493798,0.204028957680522,
0.226698841867247,0.249368726053972,0.272038610240696,0.294708494427421,
0.317378378614146,0.34004826280087,0.362718146987595,0.38538803117432,0.408057915361044,
0.430727799547769,0.453397683734494,0.476067567921219,0.498737452107943,
0.521407336294668,0.544077220481393,0.566747104668117,0.589416988854842,
0.612086873041567,0.634756757228291,0.657426641415016,0.680096525601741,
0.702766409788465,0.72543629397519,0.748106178161915,0.770776062348639,
0.793445946535364,0.816115830722089,0.838785714908814,0.861455599095538,
0.884125483282263,0.906795367468988,0.929465251655712,0.952135135842437,
0.974805020029162,0.997474904215886,1.02014478840261,1.03147973049597,1.04281467258934,
1.05981708572938,1.06548455677606,1.0683182922994,1.07115202782274,1.07398576334608,
1.07681949886942,1.07965323439276,1.08107010215443,1.0824869699161,1.08532070543944,
1.08815444096279,1.09098817648613,1.09382191200947,1.09665564753281,1.09807251529448,
1.09948938305615,1.10019781693698,1.10090625081782,1.10232311857949,1.10373998634116,
1.10515685410283,1.10586528798366,1.1065737218645,1.10692793880492,1.10728215574533,
1.10745926421554,1.10754781845065,1.10763637268575,1.10799058962617,1.10834480656659,
1.1085219150368,1.10856619215435,1.1086104692719,1.108699023507,1.10940745738784,
1.10945173450539,1.10947387306417,1.10949601162294,1.10951815018172,1.1095402887405,
1.10958456585805,1.10967312009315,1.10976167432826,1.11011589126867,1.11020444550378,
1.11029299973888,1.11033727685644,1.11038155397399,1.11047010820909,1.1106472166793,
1.11073577091441,1.11082432514951,1.12215926724287,1.12782673828955,1.13349420933623,
1.1349110770979,1.13526529403832,1.13535384827343,1.1353759868322,1.13539812539098,
1.13544240250853,1.13561951097874,1.13597372791916,1.13615083638937,1.13632794485958,
1.13668216179999,1.13703637874041,1.13774481262125,1.13792192109145,1.13809902956166,
1.13845324650208,1.1388074634425,1.13916168038292,1.13951589732333,1.13987011426375,
1.14057854814459,1.14128698202542,1.14146409049563,1.14164119896584,1.14199541590626,
1.14234963284667,1.14270384978709,1.14305806672751,1.14341228366793,1.1448291514296,
1.14624601919127,1.14766288695294,1.14837132083377,1.14845987506888,1.14854842930398,
1.14872553777419,1.14907975471461,1.14978818859544,1.15049662247628,1.15333035799962,
1.15616409352296,1.1589978290463,1.16183156456964,1.16466530009298,1.16749903561632,
1.17033277113966,1.173166506663,1.17600024218634,1.17883397770968,1.19016891980305,
1.20150386189641,1.22417374608313,1.24684363026986,1.26951351445658,1.29218339864331,
1.31485328283003,1.33752316701676,1.36019305120348,1.38286293539021,1.40553281957693,
1.42820270376366,1.45087258795038,1.47354247213711,1.49621235632383,1.51888224051055,
1.54155212469728,1.564222008884,1.58689189307073,1.60956177725745,1.63223166144418,
1.6549015456309,1.67757142981763,1.70024131400435,1.72291119819108,1.7455810823778,
1.76825096656453,1.79092085075125,1.81359073493798,1.8362606191247,1.85893050331142,
1.88160038749815,1.90427027168487,1.9269401558716,1.94961004005832,1.97227992424505,
1.99494980843177,2.0176196926185,2.04028957680522,2.06295946099195,2.08562934517867,
2.1082992293654,2.13096911355212,2.15363899773885,2.17630888192557,2.1989787661123,
2.22164865029902,2.24431853448574,2.26698841867247,2.28965830285919,2.31232818704592,
2.33499807123264,2.34633301332601,2.35766795541937,2.38033783960609,2.40300772379282,
2.42567760797954,2.44834749216627,2.47101737635299,2.49368726053972,2.51635714472644,
2.5276920868198,2.53335955786648,2.53902702891317),.UNSPECIFIED.);
#78=B_SPLINE_CURVE_WITH_KNOTS('',3,(#6290,#6291,#6292,#6293,#6294,#6295,
#6296,#6297,#6298,#6299,#6300,#6301),.UNSPECIFIED.,.F.,.F.,(4,2,2,2,2,4),
(0.,0.0124002291400516,0.020316575124871,0.0246768894680762,0.0266449863606375,
0.0285435509806507),.UNSPECIFIED.);
#79=B_SPLINE_CURVE_WITH_KNOTS('',3,(#6303,#6304,#6305,#6306,#6307,#6308,
#6309,#6310,#6311,#6312,#6313,#6314,#6315,#6316,#6317,#6318,#6319,#6320,
#6321,#6322,#6323,#6324,#6325,#6326,#6327,#6328,#6329,#6330,#6331,#6332,
#6333,#6334,#6335,#6336,#6337,#6338,#6339,#6340,#6341,#6342,#6343,#6344,
#6345,#6346,#6347,#6348,#6349,#6350,#6351,#6352,#6353,#6354,#6355,#6356,
#6357,#6358,#6359,#6360,#6361,#6362,#6363,#6364,#6365,#6366,#6367,#6368,
#6369,#6370,#6371,#6372,#6373,#6374,#6375,#6376,#6377,#6378,#6379,#6380,
#6381,#6382,#6383,#6384,#6385,#6386,#6387,#6388,#6389,#6390,#6391,#6392,
#6393,#6394,#6395,#6396,#6397,#6398,#6399,#6400,#6401,#6402,#6403,#6404,
#6405,#6406,#6407,#6408,#6409,#6410,#6411,#6412,#6413,#6414,#6415,#6416,
#6417,#6418,#6419,#6420,#6421,#6422,#6423,#6424,#6425,#6426,#6427,#6428,
#6429,#6430,#6431,#6432,#6433,#6434,#6435,#6436,#6437,#6438,#6439,#6440,
#6441,#6442,#6443,#6444,#6445,#6446,#6447,#6448,#6449,#6450,#6451,#6452,
#6453,#6454,#6455,#6456,#6457,#6458,#6459,#6460,#6461,#6462,#6463,#6464,
#6465,#6466,#6467,#6468,#6469,#6470,#6471,#6472,#6473,#6474,#6475,#6476,
#6477,#6478,#6479,#6480,#6481,#6482,#6483,#6484,#6485,#6486,#6487,#6488,
#6489,#6490,#6491,#6492,#6493,#6494,#6495,#6496,#6497,#6498,#6499,#6500,
#6501,#6502,#6503,#6504,#6505,#6506,#6507,#6508,#6509,#6510,#6511,#6512,
#6513),.UNSPECIFIED.,.F.,.F.,(4,2,1,1,1,1,1,1,1,1,1,1,1,1,1,1,1,1,1,1,1,
1,1,1,1,1,1,1,1,1,1,1,1,1,1,1,1,1,1,1,1,1,1,1,1,1,1,1,1,1,1,1,1,1,1,1,1,
1,1,1,1,1,1,1,1,1,1,1,1,1,1,1,1,1,1,1,1,1,1,1,1,1,1,1,1,1,1,1,1,1,1,1,1,
1,1,1,1,1,1,1,1,1,1,1,1,1,1,1,1,1,1,1,1,1,1,1,1,1,1,1,1,1,1,1,1,1,1,1,1,
1,1,1,1,1,1,1,1,1,1,1,1,1,1,1,1,1,1,1,1,1,1,1,1,1,1,1,1,1,1,1,1,1,1,1,1,
1,1,1,1,1,1,1,1,1,1,1,1,1,1,1,1,1,1,1,1,1,1,1,1,1,1,1,1,1,1,1,1,1,1,1,1,
1,1,1,1,1,1,4),(-2.55502692261116,-2.53902698979205,-2.51635710559573,-2.4936872213994,
-2.47101733720307,-2.44834745300674,-2.42567756881041,-2.40300768461409,
-2.38033780041776,-2.35766791622143,-2.3349980320251,-2.31232814782878,
-2.30099320573061,-2.28965826363245,-2.26698837943612,-2.24431849523979,
-2.23298355314163,-2.22164861104346,-2.19897872684714,-2.17630884265081,
-2.15363895845448,-2.13096907425815,-2.11963413215999,-2.10829919006182,
-2.0856293058655,-2.06295942166917,-2.05162447957101,-2.04028953747284,
-2.01761965327651,-1.99494976908019,-1.97227988488386,-1.94961000068753,
-1.9269401164912,-1.90427023229487,-1.88160034809855,-1.85893046390222,
-1.83626057970589,-1.81359069550956,-1.79092081131323,-1.76825092711691,
-1.74558104292058,-1.72291115872425,-1.70024127452792,-1.6775713903316,
-1.65490150613527,-1.63223162193894,-1.60956173774261,-1.58689185354628,
-1.56422196934996,-1.54155208515363,-1.5188822009573,-1.49621231676097,
-1.48487737466281,-1.47354243256464,-1.46787496151556,-1.46504122599102,
-1.46362435822875,-1.46291592434762,-1.46220749046648,-1.45937375494194,
-1.45795688717967,-1.4565400194174,-1.45087254836832,-1.44803881284378,
-1.44520507731923,-1.44307977567583,-1.44237134179469,-1.44095447403242,
-1.43953760627015,-1.43882917238902,-1.43847495544845,-1.43812073850788,
-1.43670387074561,-1.43599543686448,-1.43564121992391,-1.43528700298334,
-1.43387013522107,-1.43316170133994,-1.4324532674588,-1.43103639969653,
-1.43085929122625,-1.43068218275596,-1.43032796581539,-1.42961953193426,
-1.42926531499369,-1.4292542457143,-1.42924317643491,-1.42922103787612,
-1.42919889931734,-1.42917676075855,-1.42908820652341,-1.42904392940584,
-1.42899965228827,-1.4289553751707,-1.42891109805312,-1.42873398958284,
-1.42855688111256,-1.42837977264227,-1.42820266417199,-1.41686772207382,
-1.41120025102474,-1.40553277997566,-1.40482434609453,-1.40447012915396,
-1.40411591221339,-1.40393880374311,-1.40385024950796,-1.40376169527282,
-1.40340747833226,-1.40331892409711,-1.40323036986197,-1.40305326139169,
-1.4028761529214,-1.40269904445112,-1.40234482751055,-1.40199061056998,
-1.40128217668885,-1.39986530892658,-1.39844844116431,-1.39809422422374,
-1.39791711575346,-1.39774000728317,-1.39738579034261,-1.39703157340204,
-1.3963231395209,-1.39561470563977,-1.3952604886992,-1.39490627175863,-1.3941978378775,
-1.39136410235296,-1.39065566847182,-1.39047856000154,-1.39030145153125,
-1.39012434306097,-1.38994723459069,-1.38853036682842,-1.38711349906614,
-1.38569663130387,-1.3842797635416,-1.38357132966047,-1.38286289577933,
-1.37719542473025,-1.37152795368117,-1.36586048263209,-1.36019301158301,
-1.34885806948484,-1.33752312738668,-1.31485324319035,-1.29218335899402,
-1.26951347479769,-1.24684359060137,-1.22417370640504,-1.20150382220871,
-1.17883393801238,-1.15616405381605,-1.13349416961973,-1.1108242854234,
-1.08815440122707,-1.06548451703074,-1.04281463283442,-1.02014474863809,
-0.997474864441759,-0.974804980245432,-0.952135096049104,-0.929465211852776,
-0.906795327656448,-0.88412544346012,-0.861455559263792,-0.838785675067465,
-0.816115790871137,-0.793445906674809,-0.770776022478481,-0.748106138282153,
-0.725436254085825,-0.702766369889497,-0.680096485693169,-0.657426601496842,
-0.634756717300514,-0.612086833104186,-0.589416948907858,-0.56674706471153,
-0.544077180515202,-0.521407296318874,-0.498737412122547,-0.476067527926219,
-0.453397643729891,-0.430727759533563,-0.408057875337235,-0.385387991140907,
-0.362718106944579,-0.340048222748252,-0.317378338551924,-0.294708454355596,
-0.272038570159268,-0.24936868596294,-0.226698801766612,-0.204028917570284,
-0.181359033373957,-0.158689149177629,-0.136019264981301,-0.113349380784973,
-0.0906794965886451,-0.0680096123923172,-0.0453397281959893,-0.0226698439996615,
-0.0113349019014976,-0.00566743085241559,-0.000745400632843149),
 .UNSPECIFIED.);
#80=B_SPLINE_CURVE_WITH_KNOTS('',3,(#6515,#6516,#6517,#6518,#6519,#6520,
#6521,#6522,#6523,#6524,#6525,#6526),.UNSPECIFIED.,.F.,.F.,(4,2,2,2,2,4),
(0.,0.00389632530743794,0.00779836561921775,0.0117116220540216,0.0137400829656547,
0.015768942207411),.UNSPECIFIED.);
#81=B_SPLINE_CURVE_WITH_KNOTS('',3,(#6527,#6528,#6529,#6530,#6531,#6532,
#6533,#6534,#6535,#6536,#6537,#6538,#6539,#6540,#6541,#6542,#6543,#6544,
#6545,#6546,#6547,#6548,#6549,#6550,#6551,#6552,#6553,#6554,#6555,#6556,
#6557,#6558,#6559,#6560,#6561,#6562,#6563,#6564,#6565,#6566,#6567,#6568,
#6569,#6570,#6571,#6572,#6573,#6574,#6575,#6576,#6577,#6578,#6579,#6580,
#6581,#6582,#6583,#6584,#6585,#6586,#6587,#6588,#6589,#6590,#6591,#6592,
#6593,#6594,#6595,#6596,#6597,#6598,#6599,#6600,#6601,#6602,#6603,#6604,
#6605,#6606,#6607,#6608,#6609,#6610,#6611,#6612,#6613,#6614,#6615,#6616,
#6617,#6618,#6619,#6620,#6621,#6622,#6623,#6624,#6625,#6626,#6627,#6628,
#6629,#6630,#6631,#6632,#6633,#6634,#6635,#6636,#6637,#6638,#6639,#6640,
#6641,#6642,#6643,#6644,#6645,#6646,#6647,#6648,#6649,#6650,#6651,#6652,
#6653,#6654,#6655,#6656,#6657,#6658,#6659,#6660,#6661,#6662,#6663,#6664,
#6665,#6666,#6667,#6668,#6669,#6670,#6671,#6672,#6673,#6674,#6675,#6676,
#6677,#6678,#6679,#6680,#6681,#6682,#6683,#6684,#6685,#6686,#6687,#6688,
#6689,#6690,#6691,#6692,#6693,#6694,#6695,#6696,#6697,#6698,#6699,#6700,
#6701,#6702,#6703,#6704,#6705,#6706,#6707,#6708,#6709,#6710,#6711,#6712,
#6713,#6714,#6715,#6716,#6717,#6718,#6719,#6720,#6721,#6722,#6723,#6724,
#6725,#6726,#6727,#6728,#6729,#6730,#6731,#6732,#6733,#6734,#6735,#6736,
#6737),.UNSPECIFIED.,.F.,.F.,(4,1,1,1,1,1,1,1,1,1,1,1,1,1,1,1,1,1,1,1,1,
1,1,1,1,1,1,1,1,1,1,1,1,1,1,1,1,1,1,1,1,1,1,1,1,1,1,1,1,1,1,1,1,1,1,1,1,
1,1,1,1,1,1,1,1,1,1,1,1,1,1,1,1,1,1,1,1,1,1,1,1,1,1,1,1,1,1,1,1,1,1,1,1,
1,1,1,1,1,1,1,1,1,1,1,1,1,1,1,1,1,1,1,1,1,1,1,1,1,1,1,1,1,1,1,1,1,1,1,1,
1,1,1,1,1,1,1,1,1,1,1,1,1,1,1,1,1,1,1,1,1,1,1,1,1,1,1,1,1,1,1,1,1,1,1,1,
1,1,1,1,1,1,1,1,1,1,1,1,1,1,1,1,1,1,1,1,1,1,1,1,1,1,1,1,1,1,1,1,1,1,1,1,
1,1,1,1,1,2,4),(-4.01966663792814E-8,0.00566743085241559,0.0113349019014976,
0.0226698439996615,0.0453397281959893,0.0680096123923172,0.0906794965886451,
0.113349380784973,0.136019264981301,0.158689149177629,0.181359033373957,
0.204028917570284,0.226698801766612,0.24936868596294,0.272038570159268,
0.294708454355596,0.317378338551924,0.340048222748252,0.362718106944579,
0.385387991140907,0.408057875337235,0.430727759533563,0.453397643729891,
0.476067527926219,0.498737412122547,0.521407296318874,0.544077180515202,
0.56674706471153,0.589416948907858,0.612086833104186,0.634756717300514,
0.657426601496842,0.680096485693169,0.702766369889497,0.725436254085825,
0.748106138282153,0.770776022478481,0.793445906674809,0.816115790871137,
0.838785675067465,0.861455559263792,0.88412544346012,0.906795327656448,
0.929465211852776,0.952135096049104,0.974804980245432,0.997474864441759,
1.02014474863809,1.04281463283442,1.06548451703074,1.08815440122707,1.1108242854234,
1.13349416961973,1.15616405381605,1.17883393801238,1.20150382220871,1.22417370640504,
1.24684359060137,1.26951347479769,1.29218335899402,1.31485324319035,1.33752312738668,
1.34885806948484,1.36019301158301,1.36586048263209,1.37152795368117,1.37719542473025,
1.38286289577933,1.38357132966047,1.3842797635416,1.38569663130387,1.38711349906614,
1.38853036682842,1.38994723459069,1.39012434306097,1.39030145153125,1.39047856000154,
1.39065566847182,1.39136410235296,1.3941978378775,1.39490627175863,1.3952604886992,
1.39561470563977,1.3963231395209,1.39703157340204,1.39738579034261,1.39774000728317,
1.39791711575346,1.39809422422374,1.39844844116431,1.39986530892658,1.40128217668885,
1.40199061056998,1.40234482751055,1.40269904445112,1.4028761529214,1.40305326139169,
1.40323036986197,1.40331892409711,1.40340747833226,1.40376169527282,1.40385024950796,
1.40393880374311,1.40411591221339,1.40447012915396,1.40482434609453,1.40553277997566,
1.41120025102474,1.41686772207382,1.42820266417199,1.42837977264227,1.42855688111256,
1.42873398958284,1.42891109805312,1.4289553751707,1.42899965228827,1.42904392940584,
1.42908820652341,1.42917676075855,1.42919889931734,1.42922103787612,1.42924317643491,
1.4292542457143,1.42926531499369,1.42961953193426,1.43032796581539,1.43068218275596,
1.43085929122625,1.43103639969653,1.4324532674588,1.43316170133994,1.43387013522107,
1.43528700298334,1.43564121992391,1.43599543686448,1.43670387074561,1.43812073850788,
1.43847495544845,1.43882917238902,1.43953760627015,1.44095447403242,1.44237134179469,
1.44307977567583,1.44520507731923,1.44803881284378,1.45087254836832,1.4565400194174,
1.45795688717967,1.45937375494194,1.46220749046648,1.46291592434762,1.46362435822875,
1.46504122599102,1.46787496151556,1.47354243256464,1.48487737466281,1.49621231676097,
1.5188822009573,1.54155208515363,1.56422196934996,1.58689185354628,1.60956173774261,
1.63223162193894,1.65490150613527,1.6775713903316,1.70024127452792,1.72291115872425,
1.74558104292058,1.76825092711691,1.79092081131323,1.81359069550956,1.83626057970589,
1.85893046390222,1.88160034809855,1.90427023229487,1.9269401164912,1.94961000068753,
1.97227988488386,1.99494976908019,2.01761965327651,2.04028953747284,2.05162447957101,
2.06295942166917,2.0856293058655,2.10829919006182,2.11963413215999,2.13096907425815,
2.15363895845448,2.17630884265081,2.19897872684714,2.22164861104346,2.23298355314163,
2.24431849523979,2.26698837943612,2.28965826363245,2.30099320573061,2.31232814782878,
2.3349980320251,2.35766791622143,2.38033780041776,2.40300768461409,2.42567756881041,
2.44834745300674,2.47101733720307,2.4936872213994,2.51635710559573,2.53902698979205,
2.53910769527415),.UNSPECIFIED.);
#82=B_SPLINE_CURVE_WITH_KNOTS('',3,(#7272,#7273,#7274,#7275,#7276,#7277,
#7278,#7279,#7280,#7281,#7282,#7283,#7284,#7285,#7286,#7287,#7288,#7289,
#7290,#7291,#7292,#7293,#7294,#7295,#7296,#7297,#7298,#7299,#7300,#7301,
#7302,#7303,#7304,#7305,#7306,#7307,#7308,#7309,#7310,#7311,#7312,#7313,
#7314,#7315,#7316,#7317,#7318,#7319,#7320,#7321,#7322,#7323,#7324,#7325,
#7326,#7327,#7328,#7329,#7330,#7331,#7332),.UNSPECIFIED.,.F.,.F.,(4,1,1,
1,1,1,1,1,1,1,1,1,1,1,1,1,1,1,1,1,1,1,1,1,1,1,1,1,1,1,1,1,1,1,1,1,1,1,1,
1,1,1,1,1,1,1,1,1,1,1,1,1,1,1,1,1,1,1,4),(3.30687330018229E-6,0.0202164065399773,
0.0404328130799546,0.0505410163499432,0.0606492196199319,0.0808656261599092,
0.141514845779841,0.161731252319818,0.202164065399773,0.242596878479728,
0.283029691559682,0.323462504639637,0.404328130799546,0.485193756959455,
0.52562657003941,0.566059383119364,0.606492196199319,0.646925009279274,
0.700835426719213,0.754745844159153,0.808656261599092,0.835611470319062,
0.862566679039032,0.889521887759001,0.916477096478971,0.97038751391891,
1.01082032699887,1.05125314007882,1.09168595315877,1.13211876623873,1.21298439239864,
1.29385001855855,1.31406642509852,1.3342828316385,1.37471564471846,1.45558127087837,
1.53644689703827,1.61731252319818,1.65774533627814,1.67796174281812,1.69817814935809,
1.73861096243805,1.779043775518,1.81947658859796,1.85990940167791,1.88012580821789,
1.89023401148788,1.90034221475787,1.91045041802785,1.92055862129784,1.92561272293284,
1.93066682456783,1.94077502783782,1.98120784091778,2.02164065399773,2.06207346707768,
2.10250628015764,2.18337190631755,2.26355978152068),.UNSPECIFIED.);
#83=B_SPLINE_CURVE_WITH_KNOTS('',3,(#7334,#7335,#7336,#7337,#7338,#7339,
#7340,#7341,#7342,#7343,#7344,#7345,#7346,#7347,#7348,#7349,#7350,#7351,
#7352,#7353,#7354,#7355,#7356,#7357,#7358,#7359,#7360,#7361,#7362,#7363,
#7364),.UNSPECIFIED.,.F.,.F.,(4,3,3,3,3,3,3,3,3,3,4),(0.,0.00241024608715145,
0.00392418082304403,0.00640573138520977,0.00676803062223353,0.00784337530876033,
0.010144361352618,0.0112755463747571,0.0117530928138061,0.0137603245293759,
0.0157672079933841),.UNSPECIFIED.);
#84=B_SPLINE_CURVE_WITH_KNOTS('',3,(#7366,#7367,#7368,#7369,#7370,#7371,
#7372,#7373,#7374,#7375,#7376,#7377,#7378,#7379,#7380,#7381,#7382,#7383,
#7384,#7385,#7386,#7387,#7388,#7389,#7390,#7391,#7392,#7393,#7394,#7395,
#7396,#7397,#7398,#7399,#7400,#7401,#7402,#7403,#7404,#7405,#7406,#7407,
#7408,#7409,#7410,#7411,#7412,#7413,#7414,#7415,#7416,#7417,#7418,#7419,
#7420,#7421,#7422,#7423,#7424,#7425,#7426,#7427,#7428),.UNSPECIFIED.,.F.,
 .F.,(4,1,1,1,1,1,1,1,1,1,1,1,1,1,1,1,1,1,1,1,1,1,1,1,1,1,1,1,1,1,1,1,1,
1,1,1,1,1,1,1,1,1,1,1,1,1,1,1,1,1,1,1,1,1,1,1,1,1,2,4),(-2.26423753247746,
-2.18337190631755,-2.10250628015764,-2.06207346707768,-2.02164065399773,
-1.98120784091778,-1.94077502783782,-1.93066682456783,-1.92561272293284,
-1.92055862129784,-1.91045041802785,-1.90034221475787,-1.89023401148788,
-1.88012580821789,-1.85990940167791,-1.81947658859796,-1.779043775518,-1.73861096243805,
-1.69817814935809,-1.67796174281812,-1.65774533627814,-1.61731252319818,
-1.53644689703827,-1.45558127087837,-1.37471564471846,-1.3342828316385,
-1.31406642509852,-1.29385001855855,-1.21298439239864,-1.13211876623873,
-1.09168595315877,-1.05125314007882,-1.01082032699887,-0.97038751391891,
-0.916477096478971,-0.889521887759001,-0.862566679039032,-0.835611470319062,
-0.808656261599092,-0.754745844159153,-0.700835426719213,-0.646925009279274,
-0.606492196199319,-0.566059383119364,-0.52562657003941,-0.485193756959455,
-0.404328130799546,-0.323462504639637,-0.283029691559682,-0.242596878479728,
-0.202164065399773,-0.161731252319818,-0.141514845779841,-0.0808656261599092,
-0.0606492196199319,-0.0505410163499432,-0.0404328130799546,-0.0202164065399773,
0.,0.000307916612858384),.UNSPECIFIED.);
#85=B_SPLINE_CURVE_WITH_KNOTS('',3,(#7429,#7430,#7431,#7432,#7433,#7434,
#7435,#7436,#7437,#7438,#7439,#7440,#7441,#7442),.UNSPECIFIED.,.F.,.F.,
(4,2,2,2,2,2,4),(-0.0157498425186956,-0.0156768990788163,-0.0120264111197561,
-0.00837629510472307,-0.00543757145446122,-0.00390471536114115,0.),
 .UNSPECIFIED.);
#86=B_SPLINE_CURVE_WITH_KNOTS('',3,(#7586,#7587,#7588,#7589,#7590,#7591,
#7592,#7593,#7594,#7595,#7596,#7597,#7598,#7599,#7600,#7601,#7602,#7603,
#7604,#7605,#7606,#7607,#7608,#7609,#7610,#7611,#7612,#7613,#7614,#7615,
#7616,#7617,#7618,#7619,#7620,#7621,#7622,#7623,#7624,#7625,#7626,#7627,
#7628,#7629,#7630,#7631,#7632,#7633,#7634,#7635,#7636,#7637,#7638,#7639,
#7640,#7641,#7642,#7643,#7644,#7645,#7646,#7647,#7648,#7649,#7650,#7651,
#7652,#7653,#7654,#7655,#7656,#7657),.UNSPECIFIED.,.F.,.F.,(4,2,2,2,2,2,
2,2,2,2,2,2,2,2,2,2,2,2,2,2,2,2,2,2,2,2,2,2,2,2,2,2,2,2,2,4),(-3.00911226333066,
-2.97704099458167,-2.9042354386403,-2.7601514183697,-2.64982073803587,-2.53317321526973,
-2.36476914970267,-2.22925149543024,-2.15063724774291,-2.08763225029682,
-2.02024791924113,-1.88482600886879,-1.80973804377429,-1.76220555961832,
-1.71667068289953,-1.66729913003047,-1.61139298167917,-1.55666468951855,
-1.51011098936512,-1.33655591888878,-1.24755929028173,-1.17908491137614,
-1.10157917998621,-0.981742216050678,-0.924928149684263,-0.885635485065934,
-0.846561076856067,-0.794042787516495,-0.718582087083813,-0.67534675881585,
-0.639664146206812,-0.504192246330238,-0.382767780311243,-0.292078953537526,
-0.190977398691724,0.),.UNSPECIFIED.);
#87=ELLIPSE('',#758,0.209698830126956,0.1);
#88=ELLIPSE('',#761,0.20969880596147,0.1);
#89=CYLINDRICAL_SURFACE('',#757,0.1);
#90=CYLINDRICAL_SURFACE('',#760,0.1);
#91=CYLINDRICAL_SURFACE('',#763,0.175);
#92=CYLINDRICAL_SURFACE('',#775,0.175);
#93=CYLINDRICAL_SURFACE('',#790,0.1);
#94=CYLINDRICAL_SURFACE('',#796,0.1);
#95=CYLINDRICAL_SURFACE('',#797,0.699999609887609);
#96=CYLINDRICAL_SURFACE('',#799,0.70000002712014);
#97=CYLINDRICAL_SURFACE('',#805,10.);
#98=FACE_OUTER_BOUND('',#141,.T.);
#99=FACE_OUTER_BOUND('',#142,.T.);
#100=FACE_OUTER_BOUND('',#143,.T.);
#101=FACE_OUTER_BOUND('',#144,.T.);
#102=FACE_OUTER_BOUND('',#145,.T.);
#103=FACE_OUTER_BOUND('',#146,.T.);
#104=FACE_OUTER_BOUND('',#147,.T.);
#105=FACE_OUTER_BOUND('',#148,.T.);
#106=FACE_OUTER_BOUND('',#149,.T.);
#107=FACE_OUTER_BOUND('',#150,.T.);
#108=FACE_OUTER_BOUND('',#151,.T.);
#109=FACE_OUTER_BOUND('',#152,.T.);
#110=FACE_OUTER_BOUND('',#153,.T.);
#111=FACE_OUTER_BOUND('',#154,.T.);
#112=FACE_OUTER_BOUND('',#155,.T.);
#113=FACE_OUTER_BOUND('',#156,.T.);
#114=FACE_OUTER_BOUND('',#157,.T.);
#115=FACE_OUTER_BOUND('',#158,.T.);
#116=FACE_OUTER_BOUND('',#159,.T.);
#117=FACE_OUTER_BOUND('',#160,.T.);
#118=FACE_OUTER_BOUND('',#161,.T.);
#119=FACE_OUTER_BOUND('',#162,.T.);
#120=FACE_OUTER_BOUND('',#164,.T.);
#121=FACE_OUTER_BOUND('',#165,.T.);
#122=FACE_OUTER_BOUND('',#166,.T.);
#123=FACE_OUTER_BOUND('',#167,.T.);
#124=FACE_OUTER_BOUND('',#168,.T.);
#125=FACE_OUTER_BOUND('',#169,.T.);
#126=FACE_OUTER_BOUND('',#170,.T.);
#127=FACE_OUTER_BOUND('',#171,.T.);
#128=FACE_OUTER_BOUND('',#172,.T.);
#129=FACE_OUTER_BOUND('',#173,.T.);
#130=FACE_OUTER_BOUND('',#174,.T.);
#131=FACE_OUTER_BOUND('',#175,.T.);
#132=FACE_OUTER_BOUND('',#176,.T.);
#133=FACE_OUTER_BOUND('',#177,.T.);
#134=FACE_OUTER_BOUND('',#178,.T.);
#135=FACE_OUTER_BOUND('',#179,.T.);
#136=FACE_OUTER_BOUND('',#180,.T.);
#137=FACE_OUTER_BOUND('',#181,.T.);
#138=FACE_OUTER_BOUND('',#182,.T.);
#139=FACE_OUTER_BOUND('',#183,.T.);
#140=FACE_OUTER_BOUND('',#185,.T.);
#141=EDGE_LOOP('',(#463,#464,#465,#466));
#142=EDGE_LOOP('',(#467,#468,#469,#470));
#143=EDGE_LOOP('',(#471,#472,#473,#474));
#144=EDGE_LOOP('',(#475,#476,#477,#478));
#145=EDGE_LOOP('',(#479,#480,#481,#482));
#146=EDGE_LOOP('',(#483,#484,#485,#486));
#147=EDGE_LOOP('',(#487,#488,#489,#490));
#148=EDGE_LOOP('',(#491,#492,#493,#494));
#149=EDGE_LOOP('',(#495,#496,#497,#498));
#150=EDGE_LOOP('',(#499,#500,#501,#502));
#151=EDGE_LOOP('',(#503,#504,#505,#506));
#152=EDGE_LOOP('',(#507,#508,#509,#510));
#153=EDGE_LOOP('',(#511,#512,#513,#514));
#154=EDGE_LOOP('',(#515,#516,#517,#518));
#155=EDGE_LOOP('',(#519,#520,#521,#522));
#156=EDGE_LOOP('',(#523,#524,#525,#526));
#157=EDGE_LOOP('',(#527,#528,#529,#530));
#158=EDGE_LOOP('',(#531,#532,#533,#534));
#159=EDGE_LOOP('',(#535,#536,#537,#538));
#160=EDGE_LOOP('',(#539,#540,#541,#542));
#161=EDGE_LOOP('',(#543,#544,#545,#546));
#162=EDGE_LOOP('',(#547));
#163=EDGE_LOOP('',(#548,#549,#550,#551,#552,#553,#554,#555,#556,#557,#558,
#559));
#164=EDGE_LOOP('',(#560,#561,#562,#563));
#165=EDGE_LOOP('',(#564,#565,#566,#567));
#166=EDGE_LOOP('',(#568,#569,#570,#571));
#167=EDGE_LOOP('',(#572,#573,#574,#575));
#168=EDGE_LOOP('',(#576,#577,#578));
#169=EDGE_LOOP('',(#579,#580,#581,#582,#583,#584,#585,#586,#587,#588,#589,
#590));
#170=EDGE_LOOP('',(#591,#592,#593));
#171=EDGE_LOOP('',(#594,#595,#596,#597,#598,#599,#600,#601,#602,#603,#604,
#605));
#172=EDGE_LOOP('',(#606,#607,#608,#609,#610));
#173=EDGE_LOOP('',(#611,#612,#613,#614,#615));
#174=EDGE_LOOP('',(#616,#617,#618,#619));
#175=EDGE_LOOP('',(#620,#621,#622,#623));
#176=EDGE_LOOP('',(#624,#625,#626,#627));
#177=EDGE_LOOP('',(#628,#629,#630,#631));
#178=EDGE_LOOP('',(#632,#633,#634,#635,#636,#637,#638,#639,#640,#641,#642,
#643,#644,#645));
#179=EDGE_LOOP('',(#646,#647,#648,#649));
#180=EDGE_LOOP('',(#650,#651,#652,#653,#654,#655));
#181=EDGE_LOOP('',(#656,#657,#658,#659,#660));
#182=EDGE_LOOP('',(#661,#662,#663,#664,#665,#666));
#183=EDGE_LOOP('',(#667));
#184=EDGE_LOOP('',(#668,#669,#670,#671));
#185=EDGE_LOOP('',(#672,#673,#674,#675,#676));
#186=LINE('',#986,#237);
#187=LINE('',#988,#238);
#188=LINE('',#990,#239);
#189=LINE('',#991,#240);
#190=LINE('',#994,#241);
#191=LINE('',#996,#242);
#192=LINE('',#997,#243);
#193=LINE('',#1000,#244);
#194=LINE('',#1002,#245);
#195=LINE('',#1003,#246);
#196=LINE('',#1005,#247);
#197=LINE('',#1006,#248);
#198=LINE('',#1011,#249);
#199=LINE('',#1015,#250);
#200=LINE('',#1586,#251);
#201=LINE('',#1588,#252);
#202=LINE('',#1589,#253);
#203=LINE('',#1725,#254);
#204=LINE('',#4125,#255);
#205=LINE('',#4177,#256);
#206=LINE('',#6839,#257);
#207=LINE('',#6891,#258);
#208=LINE('',#7445,#259);
#209=LINE('',#7448,#260);
#210=LINE('',#7584,#261);
#211=LINE('',#7658,#262);
#212=LINE('',#7661,#263);
#213=LINE('',#7662,#264);
#214=LINE('',#7711,#265);
#215=LINE('',#7728,#266);
#216=LINE('',#7734,#267);
#217=LINE('',#7793,#268);
#218=LINE('',#7866,#269);
#219=LINE('',#7882,#270);
#220=LINE('',#7886,#271);
#221=LINE('',#7933,#272);
#222=LINE('',#7937,#273);
#223=LINE('',#7939,#274);
#224=LINE('',#7941,#275);
#225=LINE('',#7943,#276);
#226=LINE('',#7944,#277);
#227=LINE('',#7945,#278);
#228=LINE('',#7947,#279);
#229=LINE('',#7949,#280);
#230=LINE('',#7951,#281);
#231=LINE('',#7953,#282);
#232=LINE('',#7954,#283);
#233=LINE('',#7955,#284);
#234=LINE('',#7968,#285);
#235=LINE('',#7975,#286);
#236=LINE('',#7991,#287);
#237=VECTOR('',#815,10.);
#238=VECTOR('',#816,10.);
#239=VECTOR('',#817,10.);
#240=VECTOR('',#818,10.);
#241=VECTOR('',#821,10.);
#242=VECTOR('',#822,10.);
#243=VECTOR('',#823,10.);
#244=VECTOR('',#826,10.);
#245=VECTOR('',#827,10.);
#246=VECTOR('',#828,10.);
#247=VECTOR('',#831,10.);
#248=VECTOR('',#832,10.);
#249=VECTOR('',#837,10.);
#250=VECTOR('',#840,10.);
#251=VECTOR('',#843,10.);
#252=VECTOR('',#844,10.);
#253=VECTOR('',#845,10.);
#254=VECTOR('',#846,10.);
#255=VECTOR('',#847,10.);
#256=VECTOR('',#848,10.);
#257=VECTOR('',#849,10.);
#258=VECTOR('',#850,10.);
#259=VECTOR('',#853,10.);
#260=VECTOR('',#856,10.);
#261=VECTOR('',#857,10.);
#262=VECTOR('',#858,10.);
#263=VECTOR('',#861,10.);
#264=VECTOR('',#862,10.);
#265=VECTOR('',#863,10.);
#266=VECTOR('',#864,10.);
#267=VECTOR('',#871,10.);
#268=VECTOR('',#872,10.);
#269=VECTOR('',#891,10.);
#270=VECTOR('',#892,10.);
#271=VECTOR('',#897,10.);
#272=VECTOR('',#898,10.);
#273=VECTOR('',#905,10.);
#274=VECTOR('',#908,10.);
#275=VECTOR('',#909,10.);
#276=VECTOR('',#910,10.);
#277=VECTOR('',#911,10.);
#278=VECTOR('',#912,10.);
#279=VECTOR('',#915,10.);
#280=VECTOR('',#918,10.);
#281=VECTOR('',#919,10.);
#282=VECTOR('',#920,10.);
#283=VECTOR('',#921,10.);
#284=VECTOR('',#922,10.);
#285=VECTOR('',#941,10.);
#286=VECTOR('',#952,10.);
#287=VECTOR('',#973,10.);
#288=VERTEX_POINT('',#984);
#289=VERTEX_POINT('',#985);
#290=VERTEX_POINT('',#987);
#291=VERTEX_POINT('',#989);
#292=VERTEX_POINT('',#993);
#293=VERTEX_POINT('',#995);
#294=VERTEX_POINT('',#999);
#295=VERTEX_POINT('',#1001);
#296=VERTEX_POINT('',#1009);
#297=VERTEX_POINT('',#1010);
#298=VERTEX_POINT('',#1012);
#299=VERTEX_POINT('',#1014);
#300=VERTEX_POINT('',#1434);
#301=VERTEX_POINT('',#1493);
#302=VERTEX_POINT('',#1585);
#303=VERTEX_POINT('',#1587);
#304=VERTEX_POINT('',#1724);
#305=VERTEX_POINT('',#3556);
#306=VERTEX_POINT('',#3557);
#307=VERTEX_POINT('',#3570);
#308=VERTEX_POINT('',#3791);
#309=VERTEX_POINT('',#4124);
#310=VERTEX_POINT('',#4126);
#311=VERTEX_POINT('',#6288);
#312=VERTEX_POINT('',#6289);
#313=VERTEX_POINT('',#6302);
#314=VERTEX_POINT('',#6514);
#315=VERTEX_POINT('',#6838);
#316=VERTEX_POINT('',#6840);
#317=VERTEX_POINT('',#7270);
#318=VERTEX_POINT('',#7271);
#319=VERTEX_POINT('',#7333);
#320=VERTEX_POINT('',#7365);
#321=VERTEX_POINT('',#7444);
#322=VERTEX_POINT('',#7446);
#323=VERTEX_POINT('',#7583);
#324=VERTEX_POINT('',#7585);
#325=VERTEX_POINT('',#7660);
#326=VERTEX_POINT('',#7693);
#327=VERTEX_POINT('',#7694);
#328=VERTEX_POINT('',#7710);
#329=VERTEX_POINT('',#7712);
#330=VERTEX_POINT('',#7730);
#331=VERTEX_POINT('',#7732);
#332=VERTEX_POINT('',#7763);
#333=VERTEX_POINT('',#7778);
#334=VERTEX_POINT('',#7797);
#335=VERTEX_POINT('',#7801);
#336=VERTEX_POINT('',#7803);
#337=VERTEX_POINT('',#7818);
#338=VERTEX_POINT('',#7820);
#339=VERTEX_POINT('',#7865);
#340=VERTEX_POINT('',#7867);
#341=VERTEX_POINT('',#7884);
#342=VERTEX_POINT('',#7917);
#343=VERTEX_POINT('',#7940);
#344=VERTEX_POINT('',#7942);
#345=VERTEX_POINT('',#7950);
#346=VERTEX_POINT('',#7952);
#347=VERTEX_POINT('',#7959);
#348=VERTEX_POINT('',#7962);
#349=VERTEX_POINT('',#7966);
#350=VERTEX_POINT('',#7970);
#351=VERTEX_POINT('',#7980);
#352=VERTEX_POINT('',#7981);
#353=VERTEX_POINT('',#7983);
#354=VERTEX_POINT('',#7988);
#355=VERTEX_POINT('',#7989);
#356=EDGE_CURVE('',#288,#289,#186,.T.);
#357=EDGE_CURVE('',#289,#290,#187,.T.);
#358=EDGE_CURVE('',#291,#290,#188,.T.);
#359=EDGE_CURVE('',#288,#291,#189,.T.);
#360=EDGE_CURVE('',#292,#288,#190,.T.);
#361=EDGE_CURVE('',#293,#291,#191,.T.);
#362=EDGE_CURVE('',#292,#293,#192,.T.);
#363=EDGE_CURVE('',#294,#292,#193,.T.);
#364=EDGE_CURVE('',#295,#293,#194,.T.);
#365=EDGE_CURVE('',#294,#295,#195,.T.);
#366=EDGE_CURVE('',#289,#294,#196,.T.);
#367=EDGE_CURVE('',#290,#295,#197,.T.);
#368=EDGE_CURVE('',#296,#297,#198,.T.);
#369=EDGE_CURVE('',#297,#298,#87,.F.);
#370=EDGE_CURVE('',#298,#299,#199,.T.);
#371=EDGE_CURVE('',#299,#296,#69,.T.);
#372=EDGE_CURVE('',#299,#300,#70,.T.);
#373=EDGE_CURVE('',#300,#301,#71,.F.);
#374=EDGE_CURVE('',#301,#296,#72,.T.);
#375=EDGE_CURVE('',#302,#296,#200,.T.);
#376=EDGE_CURVE('',#302,#303,#201,.T.);
#377=EDGE_CURVE('',#297,#303,#202,.T.);
#378=EDGE_CURVE('',#304,#301,#203,.T.);
#379=EDGE_CURVE('',#304,#302,#73,.T.);
#380=EDGE_CURVE('',#305,#306,#74,.F.);
#381=EDGE_CURVE('',#306,#307,#75,.T.);
#382=EDGE_CURVE('',#307,#308,#76,.F.);
#383=EDGE_CURVE('',#308,#305,#77,.T.);
#384=EDGE_CURVE('',#309,#308,#204,.T.);
#385=EDGE_CURVE('',#310,#309,#47,.T.);
#386=EDGE_CURVE('',#310,#305,#205,.T.);
#387=EDGE_CURVE('',#311,#312,#78,.T.);
#388=EDGE_CURVE('',#311,#313,#79,.T.);
#389=EDGE_CURVE('',#314,#313,#80,.T.);
#390=EDGE_CURVE('',#314,#312,#81,.T.);
#391=EDGE_CURVE('',#315,#314,#206,.T.);
#392=EDGE_CURVE('',#316,#315,#48,.T.);
#393=EDGE_CURVE('',#316,#312,#207,.T.);
#394=EDGE_CURVE('',#317,#318,#82,.T.);
#395=EDGE_CURVE('',#318,#319,#83,.F.);
#396=EDGE_CURVE('',#319,#320,#84,.T.);
#397=EDGE_CURVE('',#320,#317,#85,.T.);
#398=EDGE_CURVE('',#320,#321,#208,.T.);
#399=EDGE_CURVE('',#321,#322,#88,.F.);
#400=EDGE_CURVE('',#322,#317,#209,.T.);
#401=EDGE_CURVE('',#323,#317,#210,.T.);
#402=EDGE_CURVE('',#323,#324,#86,.T.);
#403=EDGE_CURVE('',#318,#324,#211,.T.);
#404=EDGE_CURVE('',#325,#322,#212,.T.);
#405=EDGE_CURVE('',#325,#323,#213,.T.);
#406=EDGE_CURVE('',#326,#327,#49,.T.);
#407=EDGE_CURVE('',#328,#326,#214,.T.);
#408=EDGE_CURVE('',#329,#328,#50,.T.);
#409=EDGE_CURVE('',#327,#329,#215,.T.);
#410=EDGE_CURVE('',#327,#330,#21,.T.);
#411=EDGE_CURVE('',#331,#329,#22,.T.);
#412=EDGE_CURVE('',#330,#331,#216,.T.);
#413=EDGE_CURVE('',#330,#332,#51,.T.);
#414=EDGE_CURVE('',#333,#331,#52,.T.);
#415=EDGE_CURVE('',#332,#333,#217,.T.);
#416=EDGE_CURVE('',#333,#328,#23,.T.);
#417=EDGE_CURVE('',#334,#334,#24,.T.);
#418=EDGE_CURVE('',#332,#310,#25,.T.);
#419=EDGE_CURVE('',#309,#316,#26,.T.);
#420=EDGE_CURVE('',#315,#335,#27,.T.);
#421=EDGE_CURVE('',#335,#336,#53,.T.);
#422=EDGE_CURVE('',#336,#337,#28,.T.);
#423=EDGE_CURVE('',#337,#338,#54,.T.);
#424=EDGE_CURVE('',#338,#326,#29,.T.);
#425=EDGE_CURVE('',#339,#335,#218,.T.);
#426=EDGE_CURVE('',#340,#339,#55,.T.);
#427=EDGE_CURVE('',#336,#340,#219,.T.);
#428=EDGE_CURVE('',#341,#340,#30,.T.);
#429=EDGE_CURVE('',#337,#341,#220,.T.);
#430=EDGE_CURVE('',#342,#341,#56,.T.);
#431=EDGE_CURVE('',#338,#342,#221,.T.);
#432=EDGE_CURVE('',#342,#339,#31,.T.);
#433=EDGE_CURVE('',#303,#304,#222,.T.);
#434=EDGE_CURVE('',#300,#306,#223,.T.);
#435=EDGE_CURVE('',#305,#343,#224,.T.);
#436=EDGE_CURVE('',#344,#343,#225,.T.);
#437=EDGE_CURVE('',#308,#344,#226,.T.);
#438=EDGE_CURVE('',#307,#298,#227,.T.);
#439=EDGE_CURVE('',#324,#325,#228,.T.);
#440=EDGE_CURVE('',#321,#311,#229,.T.);
#441=EDGE_CURVE('',#312,#345,#230,.T.);
#442=EDGE_CURVE('',#346,#345,#231,.T.);
#443=EDGE_CURVE('',#314,#346,#232,.T.);
#444=EDGE_CURVE('',#313,#319,#233,.T.);
#445=EDGE_CURVE('',#347,#343,#32,.T.);
#446=EDGE_CURVE('',#343,#346,#33,.T.);
#447=EDGE_CURVE('',#346,#348,#34,.T.);
#448=EDGE_CURVE('',#348,#347,#35,.T.);
#449=EDGE_CURVE('',#345,#349,#36,.T.);
#450=EDGE_CURVE('',#349,#348,#234,.T.);
#451=EDGE_CURVE('',#344,#350,#37,.T.);
#452=EDGE_CURVE('',#350,#349,#38,.T.);
#453=EDGE_CURVE('',#345,#344,#39,.T.);
#454=EDGE_CURVE('',#347,#350,#235,.T.);
#455=EDGE_CURVE('',#351,#352,#40,.T.);
#456=EDGE_CURVE('',#352,#353,#41,.T.);
#457=EDGE_CURVE('',#353,#353,#42,.T.);
#458=EDGE_CURVE('',#352,#351,#43,.T.);
#459=EDGE_CURVE('',#354,#355,#44,.T.);
#460=EDGE_CURVE('',#354,#351,#236,.T.);
#461=EDGE_CURVE('',#355,#354,#45,.T.);
#462=EDGE_CURVE('',#334,#355,#46,.T.);
#463=ORIENTED_EDGE('',*,*,#356,.T.);
#464=ORIENTED_EDGE('',*,*,#357,.T.);
#465=ORIENTED_EDGE('',*,*,#358,.F.);
#466=ORIENTED_EDGE('',*,*,#359,.F.);
#467=ORIENTED_EDGE('',*,*,#360,.T.);
#468=ORIENTED_EDGE('',*,*,#359,.T.);
#469=ORIENTED_EDGE('',*,*,#361,.F.);
#470=ORIENTED_EDGE('',*,*,#362,.F.);
#471=ORIENTED_EDGE('',*,*,#363,.T.);
#472=ORIENTED_EDGE('',*,*,#362,.T.);
#473=ORIENTED_EDGE('',*,*,#364,.F.);
#474=ORIENTED_EDGE('',*,*,#365,.F.);
#475=ORIENTED_EDGE('',*,*,#366,.T.);
#476=ORIENTED_EDGE('',*,*,#365,.T.);
#477=ORIENTED_EDGE('',*,*,#367,.F.);
#478=ORIENTED_EDGE('',*,*,#357,.F.);
#479=ORIENTED_EDGE('',*,*,#366,.F.);
#480=ORIENTED_EDGE('',*,*,#356,.F.);
#481=ORIENTED_EDGE('',*,*,#360,.F.);
#482=ORIENTED_EDGE('',*,*,#363,.F.);
#483=ORIENTED_EDGE('',*,*,#368,.T.);
#484=ORIENTED_EDGE('',*,*,#369,.T.);
#485=ORIENTED_EDGE('',*,*,#370,.T.);
#486=ORIENTED_EDGE('',*,*,#371,.T.);
#487=ORIENTED_EDGE('',*,*,#372,.T.);
#488=ORIENTED_EDGE('',*,*,#373,.T.);
#489=ORIENTED_EDGE('',*,*,#374,.T.);
#490=ORIENTED_EDGE('',*,*,#371,.F.);
#491=ORIENTED_EDGE('',*,*,#368,.F.);
#492=ORIENTED_EDGE('',*,*,#375,.F.);
#493=ORIENTED_EDGE('',*,*,#376,.T.);
#494=ORIENTED_EDGE('',*,*,#377,.F.);
#495=ORIENTED_EDGE('',*,*,#374,.F.);
#496=ORIENTED_EDGE('',*,*,#378,.F.);
#497=ORIENTED_EDGE('',*,*,#379,.T.);
#498=ORIENTED_EDGE('',*,*,#375,.T.);
#499=ORIENTED_EDGE('',*,*,#380,.T.);
#500=ORIENTED_EDGE('',*,*,#381,.T.);
#501=ORIENTED_EDGE('',*,*,#382,.T.);
#502=ORIENTED_EDGE('',*,*,#383,.T.);
#503=ORIENTED_EDGE('',*,*,#383,.F.);
#504=ORIENTED_EDGE('',*,*,#384,.F.);
#505=ORIENTED_EDGE('',*,*,#385,.F.);
#506=ORIENTED_EDGE('',*,*,#386,.T.);
#507=ORIENTED_EDGE('',*,*,#387,.F.);
#508=ORIENTED_EDGE('',*,*,#388,.T.);
#509=ORIENTED_EDGE('',*,*,#389,.F.);
#510=ORIENTED_EDGE('',*,*,#390,.T.);
#511=ORIENTED_EDGE('',*,*,#390,.F.);
#512=ORIENTED_EDGE('',*,*,#391,.F.);
#513=ORIENTED_EDGE('',*,*,#392,.F.);
#514=ORIENTED_EDGE('',*,*,#393,.T.);
#515=ORIENTED_EDGE('',*,*,#394,.T.);
#516=ORIENTED_EDGE('',*,*,#395,.T.);
#517=ORIENTED_EDGE('',*,*,#396,.T.);
#518=ORIENTED_EDGE('',*,*,#397,.T.);
#519=ORIENTED_EDGE('',*,*,#398,.T.);
#520=ORIENTED_EDGE('',*,*,#399,.T.);
#521=ORIENTED_EDGE('',*,*,#400,.T.);
#522=ORIENTED_EDGE('',*,*,#397,.F.);
#523=ORIENTED_EDGE('',*,*,#394,.F.);
#524=ORIENTED_EDGE('',*,*,#401,.F.);
#525=ORIENTED_EDGE('',*,*,#402,.T.);
#526=ORIENTED_EDGE('',*,*,#403,.F.);
#527=ORIENTED_EDGE('',*,*,#400,.F.);
#528=ORIENTED_EDGE('',*,*,#404,.F.);
#529=ORIENTED_EDGE('',*,*,#405,.T.);
#530=ORIENTED_EDGE('',*,*,#401,.T.);
#531=ORIENTED_EDGE('',*,*,#406,.F.);
#532=ORIENTED_EDGE('',*,*,#407,.F.);
#533=ORIENTED_EDGE('',*,*,#408,.F.);
#534=ORIENTED_EDGE('',*,*,#409,.F.);
#535=ORIENTED_EDGE('',*,*,#410,.F.);
#536=ORIENTED_EDGE('',*,*,#409,.T.);
#537=ORIENTED_EDGE('',*,*,#411,.F.);
#538=ORIENTED_EDGE('',*,*,#412,.F.);
#539=ORIENTED_EDGE('',*,*,#413,.F.);
#540=ORIENTED_EDGE('',*,*,#412,.T.);
#541=ORIENTED_EDGE('',*,*,#414,.F.);
#542=ORIENTED_EDGE('',*,*,#415,.F.);
#543=ORIENTED_EDGE('',*,*,#414,.T.);
#544=ORIENTED_EDGE('',*,*,#411,.T.);
#545=ORIENTED_EDGE('',*,*,#408,.T.);
#546=ORIENTED_EDGE('',*,*,#416,.F.);
#547=ORIENTED_EDGE('',*,*,#417,.F.);
#548=ORIENTED_EDGE('',*,*,#406,.T.);
#549=ORIENTED_EDGE('',*,*,#410,.T.);
#550=ORIENTED_EDGE('',*,*,#413,.T.);
#551=ORIENTED_EDGE('',*,*,#418,.T.);
#552=ORIENTED_EDGE('',*,*,#385,.T.);
#553=ORIENTED_EDGE('',*,*,#419,.T.);
#554=ORIENTED_EDGE('',*,*,#392,.T.);
#555=ORIENTED_EDGE('',*,*,#420,.T.);
#556=ORIENTED_EDGE('',*,*,#421,.T.);
#557=ORIENTED_EDGE('',*,*,#422,.T.);
#558=ORIENTED_EDGE('',*,*,#423,.T.);
#559=ORIENTED_EDGE('',*,*,#424,.T.);
#560=ORIENTED_EDGE('',*,*,#421,.F.);
#561=ORIENTED_EDGE('',*,*,#425,.F.);
#562=ORIENTED_EDGE('',*,*,#426,.F.);
#563=ORIENTED_EDGE('',*,*,#427,.F.);
#564=ORIENTED_EDGE('',*,*,#422,.F.);
#565=ORIENTED_EDGE('',*,*,#427,.T.);
#566=ORIENTED_EDGE('',*,*,#428,.F.);
#567=ORIENTED_EDGE('',*,*,#429,.F.);
#568=ORIENTED_EDGE('',*,*,#423,.F.);
#569=ORIENTED_EDGE('',*,*,#429,.T.);
#570=ORIENTED_EDGE('',*,*,#430,.F.);
#571=ORIENTED_EDGE('',*,*,#431,.F.);
#572=ORIENTED_EDGE('',*,*,#430,.T.);
#573=ORIENTED_EDGE('',*,*,#428,.T.);
#574=ORIENTED_EDGE('',*,*,#426,.T.);
#575=ORIENTED_EDGE('',*,*,#432,.F.);
#576=ORIENTED_EDGE('',*,*,#379,.F.);
#577=ORIENTED_EDGE('',*,*,#433,.F.);
#578=ORIENTED_EDGE('',*,*,#376,.F.);
#579=ORIENTED_EDGE('',*,*,#433,.T.);
#580=ORIENTED_EDGE('',*,*,#378,.T.);
#581=ORIENTED_EDGE('',*,*,#373,.F.);
#582=ORIENTED_EDGE('',*,*,#434,.T.);
#583=ORIENTED_EDGE('',*,*,#380,.F.);
#584=ORIENTED_EDGE('',*,*,#435,.T.);
#585=ORIENTED_EDGE('',*,*,#436,.F.);
#586=ORIENTED_EDGE('',*,*,#437,.F.);
#587=ORIENTED_EDGE('',*,*,#382,.F.);
#588=ORIENTED_EDGE('',*,*,#438,.T.);
#589=ORIENTED_EDGE('',*,*,#369,.F.);
#590=ORIENTED_EDGE('',*,*,#377,.T.);
#591=ORIENTED_EDGE('',*,*,#402,.F.);
#592=ORIENTED_EDGE('',*,*,#405,.F.);
#593=ORIENTED_EDGE('',*,*,#439,.F.);
#594=ORIENTED_EDGE('',*,*,#439,.T.);
#595=ORIENTED_EDGE('',*,*,#404,.T.);
#596=ORIENTED_EDGE('',*,*,#399,.F.);
#597=ORIENTED_EDGE('',*,*,#440,.T.);
#598=ORIENTED_EDGE('',*,*,#387,.T.);
#599=ORIENTED_EDGE('',*,*,#441,.T.);
#600=ORIENTED_EDGE('',*,*,#442,.F.);
#601=ORIENTED_EDGE('',*,*,#443,.F.);
#602=ORIENTED_EDGE('',*,*,#389,.T.);
#603=ORIENTED_EDGE('',*,*,#444,.T.);
#604=ORIENTED_EDGE('',*,*,#395,.F.);
#605=ORIENTED_EDGE('',*,*,#403,.T.);
#606=ORIENTED_EDGE('',*,*,#370,.F.);
#607=ORIENTED_EDGE('',*,*,#438,.F.);
#608=ORIENTED_EDGE('',*,*,#381,.F.);
#609=ORIENTED_EDGE('',*,*,#434,.F.);
#610=ORIENTED_EDGE('',*,*,#372,.F.);
#611=ORIENTED_EDGE('',*,*,#388,.F.);
#612=ORIENTED_EDGE('',*,*,#440,.F.);
#613=ORIENTED_EDGE('',*,*,#398,.F.);
#614=ORIENTED_EDGE('',*,*,#396,.F.);
#615=ORIENTED_EDGE('',*,*,#444,.F.);
#616=ORIENTED_EDGE('',*,*,#445,.T.);
#617=ORIENTED_EDGE('',*,*,#446,.T.);
#618=ORIENTED_EDGE('',*,*,#447,.T.);
#619=ORIENTED_EDGE('',*,*,#448,.T.);
#620=ORIENTED_EDGE('',*,*,#449,.T.);
#621=ORIENTED_EDGE('',*,*,#450,.T.);
#622=ORIENTED_EDGE('',*,*,#447,.F.);
#623=ORIENTED_EDGE('',*,*,#442,.T.);
#624=ORIENTED_EDGE('',*,*,#451,.T.);
#625=ORIENTED_EDGE('',*,*,#452,.T.);
#626=ORIENTED_EDGE('',*,*,#449,.F.);
#627=ORIENTED_EDGE('',*,*,#453,.T.);
#628=ORIENTED_EDGE('',*,*,#445,.F.);
#629=ORIENTED_EDGE('',*,*,#454,.T.);
#630=ORIENTED_EDGE('',*,*,#451,.F.);
#631=ORIENTED_EDGE('',*,*,#436,.T.);
#632=ORIENTED_EDGE('',*,*,#407,.T.);
#633=ORIENTED_EDGE('',*,*,#424,.F.);
#634=ORIENTED_EDGE('',*,*,#431,.T.);
#635=ORIENTED_EDGE('',*,*,#432,.T.);
#636=ORIENTED_EDGE('',*,*,#425,.T.);
#637=ORIENTED_EDGE('',*,*,#420,.F.);
#638=ORIENTED_EDGE('',*,*,#391,.T.);
#639=ORIENTED_EDGE('',*,*,#443,.T.);
#640=ORIENTED_EDGE('',*,*,#446,.F.);
#641=ORIENTED_EDGE('',*,*,#435,.F.);
#642=ORIENTED_EDGE('',*,*,#386,.F.);
#643=ORIENTED_EDGE('',*,*,#418,.F.);
#644=ORIENTED_EDGE('',*,*,#415,.T.);
#645=ORIENTED_EDGE('',*,*,#416,.T.);
#646=ORIENTED_EDGE('',*,*,#448,.F.);
#647=ORIENTED_EDGE('',*,*,#450,.F.);
#648=ORIENTED_EDGE('',*,*,#452,.F.);
#649=ORIENTED_EDGE('',*,*,#454,.F.);
#650=ORIENTED_EDGE('',*,*,#453,.F.);
#651=ORIENTED_EDGE('',*,*,#441,.F.);
#652=ORIENTED_EDGE('',*,*,#393,.F.);
#653=ORIENTED_EDGE('',*,*,#419,.F.);
#654=ORIENTED_EDGE('',*,*,#384,.T.);
#655=ORIENTED_EDGE('',*,*,#437,.T.);
#656=ORIENTED_EDGE('',*,*,#455,.T.);
#657=ORIENTED_EDGE('',*,*,#456,.T.);
#658=ORIENTED_EDGE('',*,*,#457,.T.);
#659=ORIENTED_EDGE('',*,*,#456,.F.);
#660=ORIENTED_EDGE('',*,*,#458,.T.);
#661=ORIENTED_EDGE('',*,*,#459,.F.);
#662=ORIENTED_EDGE('',*,*,#460,.T.);
#663=ORIENTED_EDGE('',*,*,#458,.F.);
#664=ORIENTED_EDGE('',*,*,#455,.F.);
#665=ORIENTED_EDGE('',*,*,#460,.F.);
#666=ORIENTED_EDGE('',*,*,#461,.F.);
#667=ORIENTED_EDGE('',*,*,#457,.F.);
#668=ORIENTED_EDGE('',*,*,#358,.T.);
#669=ORIENTED_EDGE('',*,*,#367,.T.);
#670=ORIENTED_EDGE('',*,*,#364,.T.);
#671=ORIENTED_EDGE('',*,*,#361,.T.);
#672=ORIENTED_EDGE('',*,*,#417,.T.);
#673=ORIENTED_EDGE('',*,*,#462,.T.);
#674=ORIENTED_EDGE('',*,*,#461,.T.);
#675=ORIENTED_EDGE('',*,*,#459,.T.);
#676=ORIENTED_EDGE('',*,*,#462,.F.);
#677=PLANE('',#752);
#678=PLANE('',#753);
#679=PLANE('',#754);
#680=PLANE('',#755);
#681=PLANE('',#756);
#682=PLANE('',#759);
#683=PLANE('',#762);
#684=PLANE('',#766);
#685=PLANE('',#768);
#686=PLANE('',#777);
#687=PLANE('',#779);
#688=PLANE('',#780);
#689=PLANE('',#781);
#690=PLANE('',#782);
#691=PLANE('',#783);
#692=PLANE('',#784);
#693=PLANE('',#798);
#694=PLANE('',#808);
#695=ADVANCED_FACE('',(#98),#677,.T.);
#696=ADVANCED_FACE('',(#99),#678,.T.);
#697=ADVANCED_FACE('',(#100),#679,.T.);
#698=ADVANCED_FACE('',(#101),#680,.T.);
#699=ADVANCED_FACE('',(#102),#681,.F.);
#700=ADVANCED_FACE('',(#103),#89,.T.);
#701=ADVANCED_FACE('',(#104),#63,.F.);
#702=ADVANCED_FACE('',(#105),#682,.T.);
#703=ADVANCED_FACE('',(#106),#64,.T.);
#704=ADVANCED_FACE('',(#107),#65,.F.);
#705=ADVANCED_FACE('',(#108),#57,.T.);
#706=ADVANCED_FACE('',(#109),#66,.F.);
#707=ADVANCED_FACE('',(#110),#58,.T.);
#708=ADVANCED_FACE('',(#111),#67,.F.);
#709=ADVANCED_FACE('',(#112),#90,.T.);
#710=ADVANCED_FACE('',(#113),#68,.T.);
#711=ADVANCED_FACE('',(#114),#683,.T.);
#712=ADVANCED_FACE('',(#115),#59,.T.);
#713=ADVANCED_FACE('',(#116),#91,.T.);
#714=ADVANCED_FACE('',(#117),#60,.T.);
#715=ADVANCED_FACE('',(#118),#684,.T.);
#716=ADVANCED_FACE('',(#119,#19),#685,.T.);
#717=ADVANCED_FACE('',(#120),#61,.T.);
#718=ADVANCED_FACE('',(#121),#92,.T.);
#719=ADVANCED_FACE('',(#122),#62,.T.);
#720=ADVANCED_FACE('',(#123),#686,.T.);
#721=ADVANCED_FACE('',(#124),#687,.T.);
#722=ADVANCED_FACE('',(#125),#688,.T.);
#723=ADVANCED_FACE('',(#126),#689,.T.);
#724=ADVANCED_FACE('',(#127),#690,.T.);
#725=ADVANCED_FACE('',(#128),#691,.T.);
#726=ADVANCED_FACE('',(#129),#692,.T.);
#727=ADVANCED_FACE('',(#130),#15,.T.);
#728=ADVANCED_FACE('',(#131),#93,.T.);
#729=ADVANCED_FACE('',(#132),#16,.T.);
#730=ADVANCED_FACE('',(#133),#94,.T.);
#731=ADVANCED_FACE('',(#134),#95,.T.);
#732=ADVANCED_FACE('',(#135),#693,.T.);
#733=ADVANCED_FACE('',(#136),#96,.T.);
#734=ADVANCED_FACE('',(#137),#17,.T.);
#735=ADVANCED_FACE('',(#138),#97,.T.);
#736=ADVANCED_FACE('',(#139,#20),#694,.F.);
#737=ADVANCED_FACE('',(#140),#18,.T.);
#738=CLOSED_SHELL('',(#695,#696,#697,#698,#699,#700,#701,#702,#703,#704,
#705,#706,#707,#708,#709,#710,#711,#712,#713,#714,#715,#716,#717,#718,#719,
#720,#721,#722,#723,#724,#725,#726,#727,#728,#729,#730,#731,#732,#733,#734,
#735,#736,#737));
#739=DERIVED_UNIT_ELEMENT(#741,1.);
#740=DERIVED_UNIT_ELEMENT(#8001,-3.);
#741=(
MASS_UNIT()
NAMED_UNIT(*)
SI_UNIT(.KILO.,.GRAM.)
);
#742=DERIVED_UNIT((#739,#740));
#743=MEASURE_REPRESENTATION_ITEM('density measure',
POSITIVE_RATIO_MEASURE(7850.),#742);
#744=PROPERTY_DEFINITION_REPRESENTATION(#749,#746);
#745=PROPERTY_DEFINITION_REPRESENTATION(#750,#747);
#746=REPRESENTATION('material name',(#748),#7998);
#747=REPRESENTATION('density',(#743),#7998);
#748=DESCRIPTIVE_REPRESENTATION_ITEM('Steel','Steel');
#749=PROPERTY_DEFINITION('material property','material name',#8008);
#750=PROPERTY_DEFINITION('material property','density of part',#8008);
#751=AXIS2_PLACEMENT_3D('',#982,#811,#812);
#752=AXIS2_PLACEMENT_3D('',#983,#813,#814);
#753=AXIS2_PLACEMENT_3D('',#992,#819,#820);
#754=AXIS2_PLACEMENT_3D('',#998,#824,#825);
#755=AXIS2_PLACEMENT_3D('',#1004,#829,#830);
#756=AXIS2_PLACEMENT_3D('',#1007,#833,#834);
#757=AXIS2_PLACEMENT_3D('',#1008,#835,#836);
#758=AXIS2_PLACEMENT_3D('',#1013,#838,#839);
#759=AXIS2_PLACEMENT_3D('',#1584,#841,#842);
#760=AXIS2_PLACEMENT_3D('',#7443,#851,#852);
#761=AXIS2_PLACEMENT_3D('',#7447,#854,#855);
#762=AXIS2_PLACEMENT_3D('',#7659,#859,#860);
#763=AXIS2_PLACEMENT_3D('',#7729,#865,#866);
#764=AXIS2_PLACEMENT_3D('',#7731,#867,#868);
#765=AXIS2_PLACEMENT_3D('',#7733,#869,#870);
#766=AXIS2_PLACEMENT_3D('',#7794,#873,#874);
#767=AXIS2_PLACEMENT_3D('',#7795,#875,#876);
#768=AXIS2_PLACEMENT_3D('',#7796,#877,#878);
#769=AXIS2_PLACEMENT_3D('',#7798,#879,#880);
#770=AXIS2_PLACEMENT_3D('',#7799,#881,#882);
#771=AXIS2_PLACEMENT_3D('',#7800,#883,#884);
#772=AXIS2_PLACEMENT_3D('',#7802,#885,#886);
#773=AXIS2_PLACEMENT_3D('',#7819,#887,#888);
#774=AXIS2_PLACEMENT_3D('',#7836,#889,#890);
#775=AXIS2_PLACEMENT_3D('',#7883,#893,#894);
#776=AXIS2_PLACEMENT_3D('',#7885,#895,#896);
#777=AXIS2_PLACEMENT_3D('',#7934,#899,#900);
#778=AXIS2_PLACEMENT_3D('',#7935,#901,#902);
#779=AXIS2_PLACEMENT_3D('',#7936,#903,#904);
#780=AXIS2_PLACEMENT_3D('',#7938,#906,#907);
#781=AXIS2_PLACEMENT_3D('',#7946,#913,#914);
#782=AXIS2_PLACEMENT_3D('',#7948,#916,#917);
#783=AXIS2_PLACEMENT_3D('',#7956,#923,#924);
#784=AXIS2_PLACEMENT_3D('',#7957,#925,#926);
#785=AXIS2_PLACEMENT_3D('',#7958,#927,#928);
#786=AXIS2_PLACEMENT_3D('',#7960,#929,#930);
#787=AXIS2_PLACEMENT_3D('',#7961,#931,#932);
#788=AXIS2_PLACEMENT_3D('',#7963,#933,#934);
#789=AXIS2_PLACEMENT_3D('',#7964,#935,#936);
#790=AXIS2_PLACEMENT_3D('',#7965,#937,#938);
#791=AXIS2_PLACEMENT_3D('',#7967,#939,#940);
#792=AXIS2_PLACEMENT_3D('',#7969,#942,#943);
#793=AXIS2_PLACEMENT_3D('',#7971,#944,#945);
#794=AXIS2_PLACEMENT_3D('',#7972,#946,#947);
#795=AXIS2_PLACEMENT_3D('',#7973,#948,#949);
#796=AXIS2_PLACEMENT_3D('',#7974,#950,#951);
#797=AXIS2_PLACEMENT_3D('',#7976,#953,#954);
#798=AXIS2_PLACEMENT_3D('',#7977,#955,#956);
#799=AXIS2_PLACEMENT_3D('',#7978,#957,#958);
#800=AXIS2_PLACEMENT_3D('',#7979,#959,#960);
#801=AXIS2_PLACEMENT_3D('',#7982,#961,#962);
#802=AXIS2_PLACEMENT_3D('',#7984,#963,#964);
#803=AXIS2_PLACEMENT_3D('',#7985,#965,#966);
#804=AXIS2_PLACEMENT_3D('',#7986,#967,#968);
#805=AXIS2_PLACEMENT_3D('',#7987,#969,#970);
#806=AXIS2_PLACEMENT_3D('',#7990,#971,#972);
#807=AXIS2_PLACEMENT_3D('',#7992,#974,#975);
#808=AXIS2_PLACEMENT_3D('',#7993,#976,#977);
#809=AXIS2_PLACEMENT_3D('',#7994,#978,#979);
#810=AXIS2_PLACEMENT_3D('',#7995,#980,#981);
#811=DIRECTION('axis',(0.,0.,1.));
#812=DIRECTION('refdir',(1.,0.,0.));
#813=DIRECTION('center_axis',(0.,0.,-1.));
#814=DIRECTION('ref_axis',(-1.,0.,0.));
#815=DIRECTION('',(-1.,0.,0.));
#816=DIRECTION('',(0.,1.,0.));
#817=DIRECTION('',(-1.,0.,0.));
#818=DIRECTION('',(0.,1.,0.));
#819=DIRECTION('center_axis',(1.,0.,0.));
#820=DIRECTION('ref_axis',(0.,0.,-1.));
#821=DIRECTION('',(0.,0.,-1.));
#822=DIRECTION('',(0.,0.,-1.));
#823=DIRECTION('',(0.,1.,0.));
#824=DIRECTION('center_axis',(0.,0.,1.));
#825=DIRECTION('ref_axis',(1.,0.,0.));
#826=DIRECTION('',(1.,0.,0.));
#827=DIRECTION('',(1.,0.,0.));
#828=DIRECTION('',(0.,1.,0.));
#829=DIRECTION('center_axis',(-1.,0.,0.));
#830=DIRECTION('ref_axis',(0.,0.,1.));
#831=DIRECTION('',(0.,0.,1.));
#832=DIRECTION('',(0.,0.,1.));
#833=DIRECTION('center_axis',(0.,1.,0.));
#834=DIRECTION('ref_axis',(-1.,0.,0.));
#835=DIRECTION('center_axis',(-0.476874381890725,0.,-0.87897145795318));
#836=DIRECTION('ref_axis',(0.621526678388127,0.70710678118654,-0.337201109209078));
#837=DIRECTION('',(-0.476874381890725,0.,-0.87897145795318));
#838=DIRECTION('center_axis',(-1.,0.,0.));
#839=DIRECTION('ref_axis',(0.,0.,-1.));
#840=DIRECTION('',(0.476874381890725,0.,0.87897145795318));
#841=DIRECTION('center_axis',(0.87897145795318,0.,-0.476874381890725));
#842=DIRECTION('ref_axis',(-0.476874381890725,0.,-0.87897145795318));
#843=DIRECTION('',(0.,1.,0.));
#844=DIRECTION('',(-0.476874381890725,0.,-0.87897145795318));
#845=DIRECTION('',(0.,-1.,0.));
#846=DIRECTION('',(0.,1.,0.));
#847=DIRECTION('',(0.,1.,0.));
#848=DIRECTION('',(0.,1.,0.));
#849=DIRECTION('',(0.,1.,0.));
#850=DIRECTION('',(0.,1.,0.));
#851=DIRECTION('center_axis',(-0.476874436845264,0.,0.878971428138317));
#852=DIRECTION('ref_axis',(-0.621526657305836,0.707106781186539,-0.337201148067806));
#853=DIRECTION('',(0.476874436845264,0.,-0.878971428138317));
#854=DIRECTION('center_axis',(1.,0.,0.));
#855=DIRECTION('ref_axis',(0.,0.,-1.));
#856=DIRECTION('',(-0.476874436845264,0.,0.878971428138317));
#857=DIRECTION('',(0.,1.,0.));
#858=DIRECTION('',(0.,-1.,0.));
#859=DIRECTION('center_axis',(-0.878971428138317,0.,-0.476874436845264));
#860=DIRECTION('ref_axis',(-0.476874436845264,0.,0.878971428138317));
#861=DIRECTION('',(0.,1.,0.));
#862=DIRECTION('',(-0.476874436845264,0.,0.878971428138317));
#863=DIRECTION('',(0.,-1.,0.));
#864=DIRECTION('',(0.,1.,0.));
#865=DIRECTION('center_axis',(0.,1.,0.));
#866=DIRECTION('ref_axis',(0.287278793277869,0.,-0.957847010191508));
#867=DIRECTION('center_axis',(0.,-1.,0.));
#868=DIRECTION('ref_axis',(-1.,0.,0.));
#869=DIRECTION('center_axis',(0.,1.,0.));
#870=DIRECTION('ref_axis',(-1.,0.,0.));
#871=DIRECTION('',(0.,1.,0.));
#872=DIRECTION('',(0.,1.,0.));
#873=DIRECTION('center_axis',(0.,1.,0.));
#874=DIRECTION('ref_axis',(-1.,0.,0.));
#875=DIRECTION('center_axis',(0.,1.,0.));
#876=DIRECTION('ref_axis',(-1.,0.,0.));
#877=DIRECTION('center_axis',(0.,1.,0.));
#878=DIRECTION('ref_axis',(-1.,0.,0.));
#879=DIRECTION('center_axis',(0.,-1.,0.));
#880=DIRECTION('ref_axis',(-1.,0.,0.));
#881=DIRECTION('center_axis',(0.,-1.,0.));
#882=DIRECTION('ref_axis',(-1.,0.,0.));
#883=DIRECTION('center_axis',(0.,-1.,0.));
#884=DIRECTION('ref_axis',(-1.,0.,0.));
#885=DIRECTION('center_axis',(0.,-1.,0.));
#886=DIRECTION('ref_axis',(-1.,0.,0.));
#887=DIRECTION('center_axis',(0.,-1.,0.));
#888=DIRECTION('ref_axis',(-1.,0.,0.));
#889=DIRECTION('center_axis',(0.,-1.,0.));
#890=DIRECTION('ref_axis',(-1.,0.,0.));
#891=DIRECTION('',(0.,-1.,0.));
#892=DIRECTION('',(0.,1.,0.));
#893=DIRECTION('center_axis',(0.,1.,0.));
#894=DIRECTION('ref_axis',(-0.287278793278524,0.,-0.957847010191312));
#895=DIRECTION('center_axis',(0.,1.,0.));
#896=DIRECTION('ref_axis',(-1.,0.,0.));
#897=DIRECTION('',(0.,1.,0.));
#898=DIRECTION('',(0.,1.,0.));
#899=DIRECTION('center_axis',(0.,1.,0.));
#900=DIRECTION('ref_axis',(-1.,0.,0.));
#901=DIRECTION('center_axis',(0.,1.,0.));
#902=DIRECTION('ref_axis',(-1.,0.,0.));
#903=DIRECTION('center_axis',(0.,1.,0.));
#904=DIRECTION('ref_axis',(-1.,0.,0.));
#905=DIRECTION('',(0.,0.,-1.));
#906=DIRECTION('center_axis',(1.,0.,0.));
#907=DIRECTION('ref_axis',(0.,0.,-1.));
#908=DIRECTION('',(0.,0.,-1.));
#909=DIRECTION('',(0.,1.,0.));
#910=DIRECTION('',(0.,0.,-1.));
#911=DIRECTION('',(0.,1.,0.));
#912=DIRECTION('',(0.,0.,-1.));
#913=DIRECTION('center_axis',(0.,1.,0.));
#914=DIRECTION('ref_axis',(-1.,0.,0.));
#915=DIRECTION('',(0.,0.,1.));
#916=DIRECTION('center_axis',(-1.,0.,0.));
#917=DIRECTION('ref_axis',(0.,0.,1.));
#918=DIRECTION('',(0.,0.,1.));
#919=DIRECTION('',(0.,1.,0.));
#920=DIRECTION('',(0.,0.,1.));
#921=DIRECTION('',(0.,1.,0.));
#922=DIRECTION('',(0.,0.,1.));
#923=DIRECTION('center_axis',(0.,1.,0.));
#924=DIRECTION('ref_axis',(-1.,0.,0.));
#925=DIRECTION('center_axis',(0.,1.,0.));
#926=DIRECTION('ref_axis',(-1.,0.,0.));
#927=DIRECTION('center_axis',(0.,1.,0.));
#928=DIRECTION('ref_axis',(0.,0.,-1.));
#929=DIRECTION('center_axis',(0.,0.,-1.));
#930=DIRECTION('ref_axis',(0.,1.,0.));
#931=DIRECTION('center_axis',(0.,1.,0.));
#932=DIRECTION('ref_axis',(0.,0.,-1.));
#933=DIRECTION('center_axis',(0.,0.,-1.));
#934=DIRECTION('ref_axis',(-1.,0.,0.));
#935=DIRECTION('center_axis',(0.,-1.,0.));
#936=DIRECTION('ref_axis',(0.,0.,-1.));
#937=DIRECTION('center_axis',(0.,0.,1.));
#938=DIRECTION('ref_axis',(-0.707106781186555,0.70710678118654,0.));
#939=DIRECTION('center_axis',(-2.77555680882801E-15,0.,-1.));
#940=DIRECTION('ref_axis',(-1.,0.,2.77555680882801E-15));
#941=DIRECTION('',(0.,0.,-1.));
#942=DIRECTION('center_axis',(0.,1.,0.));
#943=DIRECTION('ref_axis',(0.,0.,1.));
#944=DIRECTION('center_axis',(-5.20417042793042E-16,0.,1.));
#945=DIRECTION('ref_axis',(1.,0.,5.20417042793042E-16));
#946=DIRECTION('center_axis',(0.,-1.,0.));
#947=DIRECTION('ref_axis',(0.,0.,1.));
#948=DIRECTION('center_axis',(0.,1.,0.));
#949=DIRECTION('ref_axis',(0.,0.,1.));
#950=DIRECTION('center_axis',(0.,0.,-1.));
#951=DIRECTION('ref_axis',(0.707106781186555,0.70710678118654,0.));
#952=DIRECTION('',(0.,0.,1.));
#953=DIRECTION('center_axis',(0.,1.,0.));
#954=DIRECTION('ref_axis',(-1.,0.,0.));
#955=DIRECTION('center_axis',(0.,1.,0.));
#956=DIRECTION('ref_axis',(-1.,0.,0.));
#957=DIRECTION('center_axis',(0.,1.,0.));
#958=DIRECTION('ref_axis',(-1.,0.,0.));
#959=DIRECTION('center_axis',(0.,1.,0.));
#960=DIRECTION('ref_axis',(0.,0.,1.));
#961=DIRECTION('center_axis',(0.,-1.,0.));
#962=DIRECTION('ref_axis',(-1.,0.,0.));
#963=DIRECTION('center_axis',(-1.,0.,1.11022302462516E-16));
#964=DIRECTION('ref_axis',(-1.11022302462516E-16,0.,-1.));
#965=DIRECTION('center_axis',(0.,1.,0.));
#966=DIRECTION('ref_axis',(-1.,0.,0.));
#967=DIRECTION('center_axis',(0.,-1.,0.));
#968=DIRECTION('ref_axis',(-1.,0.,0.));
#969=DIRECTION('center_axis',(0.,1.,0.));
#970=DIRECTION('ref_axis',(-1.,0.,0.));
#971=DIRECTION('center_axis',(0.,1.,0.));
#972=DIRECTION('ref_axis',(-1.,0.,0.));
#973=DIRECTION('',(0.,-1.,0.));
#974=DIRECTION('center_axis',(0.,1.,0.));
#975=DIRECTION('ref_axis',(-1.,0.,0.));
#976=DIRECTION('center_axis',(0.,1.,0.));
#977=DIRECTION('ref_axis',(-1.,0.,0.));
#978=DIRECTION('center_axis',(0.,1.,0.));
#979=DIRECTION('ref_axis',(0.,0.,1.));
#980=DIRECTION('center_axis',(-1.,0.,1.11022302462516E-16));
#981=DIRECTION('ref_axis',(-1.11022302462516E-16,0.,-1.));
#982=CARTESIAN_POINT('',(0.,0.,0.));
#983=CARTESIAN_POINT('Origin',(5.,0.,-7.5));
#984=CARTESIAN_POINT('',(5.,0.,-7.5));
#985=CARTESIAN_POINT('',(-5.55111512312578E-16,0.,-7.5));
#986=CARTESIAN_POINT('',(5.,0.,-7.5));
#987=CARTESIAN_POINT('',(-5.55111512312578E-16,6.,-7.5));
#988=CARTESIAN_POINT('',(-5.55111512312578E-16,0.,-7.5));
#989=CARTESIAN_POINT('',(5.,6.,-7.5));
#990=CARTESIAN_POINT('',(3.75000001862645,6.,-7.5));
#991=CARTESIAN_POINT('',(5.,0.,-7.5));
#992=CARTESIAN_POINT('Origin',(5.,0.,-2.5));
#993=CARTESIAN_POINT('',(5.,0.,-2.5));
#994=CARTESIAN_POINT('',(5.,0.,-2.5));
#995=CARTESIAN_POINT('',(5.,6.,-2.5));
#996=CARTESIAN_POINT('',(5.,6.,-3.7500000372529));
#997=CARTESIAN_POINT('',(5.,0.,-2.5));
#998=CARTESIAN_POINT('Origin',(-5.55111512312578E-16,0.,-2.5));
#999=CARTESIAN_POINT('',(-5.55111512312578E-16,0.,-2.5));
#1000=CARTESIAN_POINT('',(-5.55111512312578E-16,0.,-2.5));
#1001=CARTESIAN_POINT('',(-5.55111512312578E-16,6.,-2.5));
#1002=CARTESIAN_POINT('',(1.25000001862645,6.,-2.5));
#1003=CARTESIAN_POINT('',(-5.55111512312578E-16,0.,-2.5));
#1004=CARTESIAN_POINT('Origin',(-5.55111512312578E-16,0.,-7.5));
#1005=CARTESIAN_POINT('',(-5.55111512312578E-16,0.,-7.5));
#1006=CARTESIAN_POINT('',(-5.55111512312578E-16,6.,-6.2500000372529));
#1007=CARTESIAN_POINT('Origin',(2.5,0.,-5.));
#1008=CARTESIAN_POINT('Origin',(3.07514590876379,13.4,-1.92043136613644));
#1009=CARTESIAN_POINT('',(3.92927771855317,13.4,-0.555800539136221));
#1010=CARTESIAN_POINT('',(3.2000000372529,13.4,-1.89999995753169));
#1011=CARTESIAN_POINT('',(3.16304305455911,13.4,-1.96811880432551));
#1012=CARTESIAN_POINT('',(3.2000000372529,13.5,-1.69030112740474));
#1013=CARTESIAN_POINT('Origin',(3.2000000372529,13.4,-1.69030112740474));
#1014=CARTESIAN_POINT('',(3.84284910683569,13.5,-0.505406684300417));
#1015=CARTESIAN_POINT('',(3.07514590876379,13.5,-1.92043136613644));
#1016=CARTESIAN_POINT('Ctrl Pts',(3.84284764261514,13.5,-0.505409195697914));
#1017=CARTESIAN_POINT('Ctrl Pts',(3.84305769665818,13.4999999997827,-0.505531663546083));
#1018=CARTESIAN_POINT('Ctrl Pts',(3.84326767287947,13.4999991140224,-0.505654085715654));
#1019=CARTESIAN_POINT('Ctrl Pts',(3.85491037982737,13.4999008978539,-0.512442139586209));
#1020=CARTESIAN_POINT('Ctrl Pts',(3.86621409629253,13.4971807794065,-0.519032543582454));
#1021=CARTESIAN_POINT('Ctrl Pts',(3.88708512631208,13.486889750464,-0.531200984142246));
#1022=CARTESIAN_POINT('Ctrl Pts',(3.89647793480088,13.4794941248307,-0.536677275042974));
#1023=CARTESIAN_POINT('Ctrl Pts',(3.91228165383182,13.4609559391036,-0.545891320323476));
#1024=CARTESIAN_POINT('Ctrl Pts',(3.91854298829355,13.4499923621982,-0.549541867332926));
#1025=CARTESIAN_POINT('Ctrl Pts',(3.92708142089206,13.4259066467823,-0.554520031297558));
#1026=CARTESIAN_POINT('Ctrl Pts',(3.92927771855315,13.4130157178582,-0.555800539136249));
#1027=CARTESIAN_POINT('Ctrl Pts',(3.92927771855315,13.4,-0.555800539136251));
#1028=CARTESIAN_POINT('Ctrl Pts',(3.19316477202922,13.4,-9.03829442100517));
#1029=CARTESIAN_POINT('Ctrl Pts',(3.46500543725062,13.4,-9.01966983178168));
#1030=CARTESIAN_POINT('Ctrl Pts',(4.0105041294725,13.4,-9.00362457019154));
#1031=CARTESIAN_POINT('Ctrl Pts',(4.71002532909296,13.4,-9.11565972880445));
#1032=CARTESIAN_POINT('Ctrl Pts',(5.22062486590556,13.4,-9.39004042281927));
#1033=CARTESIAN_POINT('Ctrl Pts',(5.53345544308583,13.4,-9.6969881600471));
#1034=CARTESIAN_POINT('Ctrl Pts',(5.74734628437042,13.4,-10.0733227311105));
#1035=CARTESIAN_POINT('Ctrl Pts',(5.84218503966174,13.3999999999999,-10.3752113149798));
#1036=CARTESIAN_POINT('Ctrl Pts',(5.90546329026283,13.3999999999999,-10.5573369102714));
#1037=CARTESIAN_POINT('Ctrl Pts',(5.94330619573558,13.3999999999999,-10.6422544489992));
#1038=CARTESIAN_POINT('Ctrl Pts',(5.98156537855416,13.3999999999999,-10.6987568747491));
#1039=CARTESIAN_POINT('Ctrl Pts',(6.06346081262561,13.3999999999999,-10.7605524028426));
#1040=CARTESIAN_POINT('Ctrl Pts',(6.20516748048052,13.4,-10.8220362361763));
#1041=CARTESIAN_POINT('Ctrl Pts',(6.45096189630344,13.4,-10.8841105374119));
#1042=CARTESIAN_POINT('Ctrl Pts',(6.773319439049,13.4,-10.9141521016567));
#1043=CARTESIAN_POINT('Ctrl Pts',(7.1590917935893,13.4,-10.8826431377442));
#1044=CARTESIAN_POINT('Ctrl Pts',(7.5266394523932,13.4,-10.7735039989672));
#1045=CARTESIAN_POINT('Ctrl Pts',(7.82466027992967,13.4,-10.5580995676885));
#1046=CARTESIAN_POINT('Ctrl Pts',(7.99501047926615,13.4,-10.2271931437055));
#1047=CARTESIAN_POINT('Ctrl Pts',(8.09963629322547,13.4,-9.72049394930286));
#1048=CARTESIAN_POINT('Ctrl Pts',(8.10052355933357,13.4,-9.05595585712042));
#1049=CARTESIAN_POINT('Ctrl Pts',(8.01698793160536,13.4,-8.26182126399838));
#1050=CARTESIAN_POINT('Ctrl Pts',(7.88532711246934,13.4,-7.60906039750542));
#1051=CARTESIAN_POINT('Ctrl Pts',(7.70092035711544,13.4,-7.12188685833117));
#1052=CARTESIAN_POINT('Ctrl Pts',(7.47298903227014,13.4,-6.76626981815905));
#1053=CARTESIAN_POINT('Ctrl Pts',(7.09625203727563,13.4,-6.48936595420656));
#1054=CARTESIAN_POINT('Ctrl Pts',(6.61040972917689,13.4,-6.28798001228973));
#1055=CARTESIAN_POINT('Ctrl Pts',(6.10112502066356,13.4,-6.13397659791841));
#1056=CARTESIAN_POINT('Ctrl Pts',(5.66639524353608,13.4,-6.0208710568209));
#1057=CARTESIAN_POINT('Ctrl Pts',(5.3132837705798,13.4,-5.89670939684809));
#1058=CARTESIAN_POINT('Ctrl Pts',(4.96908091294227,13.4,-5.7007491769593));
#1059=CARTESIAN_POINT('Ctrl Pts',(4.69536670033054,13.4,-5.30991531310693));
#1060=CARTESIAN_POINT('Ctrl Pts',(4.68285626088641,13.4,-4.78888657321239));
#1061=CARTESIAN_POINT('Ctrl Pts',(4.89436299234852,13.4,-4.37167726111549));
#1062=CARTESIAN_POINT('Ctrl Pts',(5.25439574843388,13.4,-4.10370384263025));
#1063=CARTESIAN_POINT('Ctrl Pts',(5.62569313422915,13.4,-3.93146943356751));
#1064=CARTESIAN_POINT('Ctrl Pts',(5.99172817213742,13.4,-3.76219435444154));
#1065=CARTESIAN_POINT('Ctrl Pts',(6.34790069363462,13.4,-3.58415519677729));
#1066=CARTESIAN_POINT('Ctrl Pts',(6.68811506221195,13.4,-3.38142678514943));
#1067=CARTESIAN_POINT('Ctrl Pts',(6.998955212814,13.4,-3.14470692312297));
#1068=CARTESIAN_POINT('Ctrl Pts',(7.2561999783353,13.4,-2.86014806183578));
#1069=CARTESIAN_POINT('Ctrl Pts',(7.4101578922933,13.4,-2.52055137313293));
#1070=CARTESIAN_POINT('Ctrl Pts',(7.43308448701707,13.4,-2.14361885396576));
#1071=CARTESIAN_POINT('Ctrl Pts',(7.36068481094728,13.4,-1.76378634305981));
#1072=CARTESIAN_POINT('Ctrl Pts',(7.22512213411728,13.4,-1.39713046572453));
#1073=CARTESIAN_POINT('Ctrl Pts',(6.98252350646174,13.4,-0.930800003468335));
#1074=CARTESIAN_POINT('Ctrl Pts',(6.59184698491667,13.4,-0.40153753286588));
#1075=CARTESIAN_POINT('Ctrl Pts',(6.0832664340911,13.4,0.0169297589907526));
#1076=CARTESIAN_POINT('Ctrl Pts',(5.60243205003026,13.4,0.167488287806238));
#1077=CARTESIAN_POINT('Ctrl Pts',(5.28513901506965,13.4,0.164440254694031));
#1078=CARTESIAN_POINT('Ctrl Pts',(4.90519444739453,13.4,0.100297615510247));
#1079=CARTESIAN_POINT('Ctrl Pts',(4.53198925688575,13.4,-0.0317012366702386));
#1080=CARTESIAN_POINT('Ctrl Pts',(4.19302818909179,13.4,-0.212201974488735));
#1081=CARTESIAN_POINT('Ctrl Pts',(4.03715400416983,13.4,-0.390456971924385));
#1082=CARTESIAN_POINT('Ctrl Pts',(3.96386163713213,13.4,-0.500466501747753));
#1083=CARTESIAN_POINT('Ctrl Pts',(3.92873424476845,13.4,-0.556670093540662));
#1084=CARTESIAN_POINT('Ctrl Pts',(3.92819077098373,13.4,-0.557539647945119));
#1085=CARTESIAN_POINT('Ctrl Pts',(3.927647297199,13.4,-0.558409202349575));
#1086=CARTESIAN_POINT('Ctrl Pts',(3.19316477202922,13.4149599650171,-9.03829442100517));
#1087=CARTESIAN_POINT('Ctrl Pts',(3.46500543725062,13.4149599650171,-9.01966983178168));
#1088=CARTESIAN_POINT('Ctrl Pts',(4.0105041294725,13.4149599650171,-9.00362457019154));
#1089=CARTESIAN_POINT('Ctrl Pts',(4.71002532909296,13.4149599650171,-9.11565972880445));
#1090=CARTESIAN_POINT('Ctrl Pts',(5.22062486590556,13.4149599650171,-9.39004042281927));
#1091=CARTESIAN_POINT('Ctrl Pts',(5.53345544308583,13.4149599650171,-9.6969881600471));
#1092=CARTESIAN_POINT('Ctrl Pts',(5.74734628437042,13.4149599650171,-10.0733227311105));
#1093=CARTESIAN_POINT('Ctrl Pts',(5.84218503966174,13.414959965017,-10.3752113149798));
#1094=CARTESIAN_POINT('Ctrl Pts',(5.90546329026283,13.414959965017,-10.5573369102714));
#1095=CARTESIAN_POINT('Ctrl Pts',(5.94330619573558,13.414959965017,-10.6422544489992));
#1096=CARTESIAN_POINT('Ctrl Pts',(5.98156537855416,13.414959965017,-10.6987568747491));
#1097=CARTESIAN_POINT('Ctrl Pts',(6.06346081262561,13.414959965017,-10.7605524028426));
#1098=CARTESIAN_POINT('Ctrl Pts',(6.20516748048052,13.414959965017,-10.8220362361763));
#1099=CARTESIAN_POINT('Ctrl Pts',(6.45096189630344,13.4149599650171,-10.8841105374119));
#1100=CARTESIAN_POINT('Ctrl Pts',(6.773319439049,13.4149599650171,-10.9141521016567));
#1101=CARTESIAN_POINT('Ctrl Pts',(7.1590917935893,13.4149599650171,-10.8826431377442));
#1102=CARTESIAN_POINT('Ctrl Pts',(7.5266394523932,13.4149599650171,-10.7735039989672));
#1103=CARTESIAN_POINT('Ctrl Pts',(7.82466027992967,13.4149599650171,-10.5580995676885));
#1104=CARTESIAN_POINT('Ctrl Pts',(7.99501047926615,13.4149599650171,-10.2271931437055));
#1105=CARTESIAN_POINT('Ctrl Pts',(8.09963629322547,13.4149599650171,-9.72049394930286));
#1106=CARTESIAN_POINT('Ctrl Pts',(8.10052355933357,13.4149599650171,-9.05595585712042));
#1107=CARTESIAN_POINT('Ctrl Pts',(8.01698793160536,13.4149599650171,-8.26182126399838));
#1108=CARTESIAN_POINT('Ctrl Pts',(7.88532711246934,13.4149599650171,-7.60906039750542));
#1109=CARTESIAN_POINT('Ctrl Pts',(7.70092035711544,13.4149599650171,-7.12188685833117));
#1110=CARTESIAN_POINT('Ctrl Pts',(7.47298903227014,13.4149599650171,-6.76626981815905));
#1111=CARTESIAN_POINT('Ctrl Pts',(7.09625203727563,13.4149599650171,-6.48936595420656));
#1112=CARTESIAN_POINT('Ctrl Pts',(6.61040972917689,13.4149599650171,-6.28798001228973));
#1113=CARTESIAN_POINT('Ctrl Pts',(6.10112502066356,13.4149599650171,-6.13397659791841));
#1114=CARTESIAN_POINT('Ctrl Pts',(5.66639524353608,13.4149599650171,-6.0208710568209));
#1115=CARTESIAN_POINT('Ctrl Pts',(5.3132837705798,13.4149599650171,-5.89670939684809));
#1116=CARTESIAN_POINT('Ctrl Pts',(4.96908091294227,13.4149599650171,-5.7007491769593));
#1117=CARTESIAN_POINT('Ctrl Pts',(4.69536670033054,13.4149599650171,-5.30991531310693));
#1118=CARTESIAN_POINT('Ctrl Pts',(4.68285626088641,13.4149599650171,-4.78888657321239));
#1119=CARTESIAN_POINT('Ctrl Pts',(4.89436299234852,13.4149599650171,-4.37167726111549));
#1120=CARTESIAN_POINT('Ctrl Pts',(5.25439574843388,13.4149599650171,-4.10370384263025));
#1121=CARTESIAN_POINT('Ctrl Pts',(5.62569313422915,13.4149599650171,-3.93146943356751));
#1122=CARTESIAN_POINT('Ctrl Pts',(5.99172817213742,13.4149599650171,-3.76219435444154));
#1123=CARTESIAN_POINT('Ctrl Pts',(6.34790069363462,13.4149599650171,-3.58415519677729));
#1124=CARTESIAN_POINT('Ctrl Pts',(6.68811506221195,13.4149599650171,-3.38142678514943));
#1125=CARTESIAN_POINT('Ctrl Pts',(6.998955212814,13.4149599650171,-3.14470692312297));
#1126=CARTESIAN_POINT('Ctrl Pts',(7.2561999783353,13.4149599650171,-2.86014806183578));
#1127=CARTESIAN_POINT('Ctrl Pts',(7.4101578922933,13.4149599650171,-2.52055137313293));
#1128=CARTESIAN_POINT('Ctrl Pts',(7.43308448701707,13.4149599650171,-2.14361885396576));
#1129=CARTESIAN_POINT('Ctrl Pts',(7.36068481094728,13.4149599650171,-1.76378634305981));
#1130=CARTESIAN_POINT('Ctrl Pts',(7.22512213411728,13.4149599650171,-1.39713046572453));
#1131=CARTESIAN_POINT('Ctrl Pts',(6.98252350646174,13.4149599650171,-0.930800003468335));
#1132=CARTESIAN_POINT('Ctrl Pts',(6.59184698491667,13.4149599650171,-0.40153753286588));
#1133=CARTESIAN_POINT('Ctrl Pts',(6.0832664340911,13.4149599650171,0.0169297589907526));
#1134=CARTESIAN_POINT('Ctrl Pts',(5.60243205003026,13.4149599650171,0.167488287806238));
#1135=CARTESIAN_POINT('Ctrl Pts',(5.28513901506965,13.4149599650171,0.164440254694031));
#1136=CARTESIAN_POINT('Ctrl Pts',(4.90519444739453,13.4149599650171,0.100297615510247));
#1137=CARTESIAN_POINT('Ctrl Pts',(4.53198925688575,13.4149599650171,-0.0317012366702386));
#1138=CARTESIAN_POINT('Ctrl Pts',(4.19302818909179,13.4149599650171,-0.212201974488735));
#1139=CARTESIAN_POINT('Ctrl Pts',(4.03715400416983,13.4149599650171,-0.390456971924385));
#1140=CARTESIAN_POINT('Ctrl Pts',(3.96386163713213,13.4149599650171,-0.500466501747753));
#1141=CARTESIAN_POINT('Ctrl Pts',(3.92873424476845,13.4149599650171,-0.556670093540662));
#1142=CARTESIAN_POINT('Ctrl Pts',(3.92819077098373,13.4149599650171,-0.557539647945118));
#1143=CARTESIAN_POINT('Ctrl Pts',(3.927647297199,13.4149599650171,-0.558409202349575));
#1144=CARTESIAN_POINT('Ctrl Pts',(3.19363167660776,13.4448684267092,-9.04510926399049));
#1145=CARTESIAN_POINT('Ctrl Pts',(3.46534986553668,13.4448684267092,-9.02649676466233));
#1146=CARTESIAN_POINT('Ctrl Pts',(4.01022352546567,13.4448684267092,-9.01045570616555));
#1147=CARTESIAN_POINT('Ctrl Pts',(4.70803232282007,13.4448684267092,-9.12228836225776));
#1148=CARTESIAN_POINT('Ctrl Pts',(5.21650190376043,13.4448684267092,-9.39556268153104));
#1149=CARTESIAN_POINT('Ctrl Pts',(5.52783480567347,13.4448684267092,-9.70105244045542));
#1150=CARTESIAN_POINT('Ctrl Pts',(5.74093927766561,13.4448684267091,-10.0758811631335));
#1151=CARTESIAN_POINT('Ctrl Pts',(5.83539713469699,13.4448684267091,-10.3768700849098));
#1152=CARTESIAN_POINT('Ctrl Pts',(5.89901222018296,13.4448684267091,-10.5596866122016));
#1153=CARTESIAN_POINT('Ctrl Pts',(5.93694611632978,13.4448684267091,-10.6451025986702));
#1154=CARTESIAN_POINT('Ctrl Pts',(5.97660692279012,13.4448684267091,-10.7035936331938));
#1155=CARTESIAN_POINT('Ctrl Pts',(6.06051653519425,13.4448684267091,-10.7668181087687));
#1156=CARTESIAN_POINT('Ctrl Pts',(6.20315536929949,13.4448684267091,-10.8285989019517));
#1157=CARTESIAN_POINT('Ctrl Pts',(6.45014114059996,13.4448684267091,-10.8910688826873));
#1158=CARTESIAN_POINT('Ctrl Pts',(6.77336736041191,13.4448684267092,-10.9209782483114));
#1159=CARTESIAN_POINT('Ctrl Pts',(7.16037100709859,13.4448684267092,-10.8894535951767));
#1160=CARTESIAN_POINT('Ctrl Pts',(7.52956441948132,13.4448684267092,-10.779867633554));
#1161=CARTESIAN_POINT('Ctrl Pts',(7.83010659580375,13.4448684267092,-10.5627451428202));
#1162=CARTESIAN_POINT('Ctrl Pts',(8.00159056917356,13.4448684267092,-10.2293685658276));
#1163=CARTESIAN_POINT('Ctrl Pts',(8.10640728032886,13.4448684267092,-9.72109789523547));
#1164=CARTESIAN_POINT('Ctrl Pts',(8.10733862705406,13.4448684267092,-9.05554951058548));
#1165=CARTESIAN_POINT('Ctrl Pts',(8.02371453396458,13.4448684267092,-8.26083698281345));
#1166=CARTESIAN_POINT('Ctrl Pts',(7.89188559107201,13.4448684267092,-7.60731377002439));
#1167=CARTESIAN_POINT('Ctrl Pts',(7.70706456228374,13.4448684267092,-7.11886156773044));
#1168=CARTESIAN_POINT('Ctrl Pts',(7.47801848179368,13.4448684267092,-6.76142489391449));
#1169=CARTESIAN_POINT('Ctrl Pts',(7.09939657938847,13.4448684267092,-6.48322127418642));
#1170=CARTESIAN_POINT('Ctrl Pts',(6.61264692152944,13.4448684267092,-6.28155981695287));
#1171=CARTESIAN_POINT('Ctrl Pts',(6.10294172981736,13.4448684267092,-6.12741300176898));
#1172=CARTESIAN_POINT('Ctrl Pts',(5.6681720961593,13.4448684267092,-6.01429376798474));
#1173=CARTESIAN_POINT('Ctrl Pts',(5.31608861446024,13.4448684267092,-5.89044639463581));
#1174=CARTESIAN_POINT('Ctrl Pts',(4.97384628174631,13.4448684267092,-5.69556419816712));
#1175=CARTESIAN_POINT('Ctrl Pts',(4.70225175578463,13.4448684267092,-5.30761359730935));
#1176=CARTESIAN_POINT('Ctrl Pts',(4.68980828276534,13.4448684267092,-4.79047219655603));
#1177=CARTESIAN_POINT('Ctrl Pts',(4.89972105386247,13.4448684267092,-4.37632939301395));
#1178=CARTESIAN_POINT('Ctrl Pts',(5.25757727510681,13.4448684267092,-4.10980528589802));
#1179=CARTESIAN_POINT('Ctrl Pts',(5.62851612498631,13.4448684267092,-3.9376755016476));
#1180=CARTESIAN_POINT('Ctrl Pts',(5.9946419330837,13.4448684267092,-3.7683659775454));
#1181=CARTESIAN_POINT('Ctrl Pts',(6.35114489175584,13.4448684267092,-3.59016330600137));
#1182=CARTESIAN_POINT('Ctrl Pts',(6.6918906142709,13.4448684267092,-3.38710440225079));
#1183=CARTESIAN_POINT('Ctrl Pts',(7.0034975581073,13.4448684267092,-3.14981141768096));
#1184=CARTESIAN_POINT('Ctrl Pts',(7.26190913475001,13.4448684267092,-2.86407532709058));
#1185=CARTESIAN_POINT('Ctrl Pts',(7.41697912248001,13.4448684267092,-2.52214661161839));
#1186=CARTESIAN_POINT('Ctrl Pts',(7.43997406591939,13.4448684267092,-2.14304771144728));
#1187=CARTESIAN_POINT('Ctrl Pts',(7.36727840473101,13.4448684267092,-1.76191484377415));
#1188=CARTESIAN_POINT('Ctrl Pts',(7.23138538477511,13.4448684267092,-1.39432810287774));
#1189=CARTESIAN_POINT('Ctrl Pts',(6.98830369428919,13.4448684267092,-0.927109197020967));
#1190=CARTESIAN_POINT('Ctrl Pts',(6.59692574427598,13.4448684267092,-0.396955906206928));
#1191=CARTESIAN_POINT('Ctrl Pts',(6.08702005307776,13.4448684267092,0.0229177777946312));
#1192=CARTESIAN_POINT('Ctrl Pts',(5.60335980636823,13.4448684267092,0.174341062505713));
#1193=CARTESIAN_POINT('Ctrl Pts',(5.28445639582429,13.4448684267092,0.171253641636207));
#1194=CARTESIAN_POINT('Ctrl Pts',(4.90318263697119,13.4448684267092,0.106842038738545));
#1195=CARTESIAN_POINT('Ctrl Pts',(4.52940249510369,13.4448684267092,-0.0253458133621223));
#1196=CARTESIAN_POINT('Ctrl Pts',(4.18874147980424,13.4448684267092,-0.206628056472468));
#1197=CARTESIAN_POINT('Ctrl Pts',(4.03168266017997,13.4448684267092,-0.386468921816363));
#1198=CARTESIAN_POINT('Ctrl Pts',(3.95772815274934,13.4448684267092,-0.496978077843465));
#1199=CARTESIAN_POINT('Ctrl Pts',(3.92294172888517,13.4448684267092,-0.553049755912511));
#1200=CARTESIAN_POINT('Ctrl Pts',(3.92239825510044,13.4448684267092,-0.553919310316967));
#1201=CARTESIAN_POINT('Ctrl Pts',(3.92185478131571,13.4448684267092,-0.554788864721424));
#1202=CARTESIAN_POINT('Ctrl Pts',(3.19559270716384,13.4808616156795,-9.07373206176013));
#1203=CARTESIAN_POINT('Ctrl Pts',(3.46645210877858,13.4808616156795,-9.05517737644376));
#1204=CARTESIAN_POINT('Ctrl Pts',(4.00929234786893,13.4808616156795,-9.03923100004882));
#1205=CARTESIAN_POINT('Ctrl Pts',(4.6997832528008,13.4808616156795,-9.15030250859628));
#1206=CARTESIAN_POINT('Ctrl Pts',(5.19933091097399,13.4808616156795,-9.41903314642405));
#1207=CARTESIAN_POINT('Ctrl Pts',(5.50457756153707,13.4808616156795,-9.71851903593295));
#1208=CARTESIAN_POINT('Ctrl Pts',(5.71426216770296,13.4808616156795,-10.0869590278586));
#1209=CARTESIAN_POINT('Ctrl Pts',(5.80758350517969,13.4808616156795,-10.3846756552484));
#1210=CARTESIAN_POINT('Ctrl Pts',(5.87221767500791,13.4808616156795,-10.5698750973321));
#1211=CARTESIAN_POINT('Ctrl Pts',(5.91070635804716,13.4808616156795,-10.6576331486445));
#1212=CARTESIAN_POINT('Ctrl Pts',(5.95590805506761,13.4808616156795,-10.7241474643204));
#1213=CARTESIAN_POINT('Ctrl Pts',(6.04775627134335,13.4808616156795,-10.7928918993187));
#1214=CARTESIAN_POINT('Ctrl Pts',(6.1941933406496,13.4808616156795,-10.8559095338315));
#1215=CARTESIAN_POINT('Ctrl Pts',(6.44612583936636,13.4808616156795,-10.9197518438607));
#1216=CARTESIAN_POINT('Ctrl Pts',(6.77314660537938,13.4808616156795,-10.949823847748));
#1217=CARTESIAN_POINT('Ctrl Pts',(7.16555184084916,13.4808616156795,-10.9177831633656));
#1218=CARTESIAN_POINT('Ctrl Pts',(7.54143022789194,13.4808616156795,-10.806754354624));
#1219=CARTESIAN_POINT('Ctrl Pts',(7.85295070003439,13.4808616156795,-10.5819520161659));
#1220=CARTESIAN_POINT('Ctrl Pts',(8.02937604873572,13.4808616156795,-10.2379591409847));
#1221=CARTESIAN_POINT('Ctrl Pts',(8.13504818768254,13.4808616156795,-9.72320713305449));
#1222=CARTESIAN_POINT('Ctrl Pts',(8.13602647870738,13.4808616156795,-9.05368761545572));
#1223=CARTESIAN_POINT('Ctrl Pts',(8.05211313403148,13.4808616156795,-8.25674646261501));
#1224=CARTESIAN_POINT('Ctrl Pts',(7.91964955713995,13.4808616156795,-7.60007171287142));
#1225=CARTESIAN_POINT('Ctrl Pts',(7.73320970482814,13.4808616156795,-7.10653193104729));
#1226=CARTESIAN_POINT('Ctrl Pts',(7.49920218584971,13.4808616156795,-6.7411158932843));
#1227=CARTESIAN_POINT('Ctrl Pts',(7.11257019068841,13.4808616156795,-6.45737249074632));
#1228=CARTESIAN_POINT('Ctrl Pts',(6.62203973418492,13.4808616156795,-6.25452275077192));
#1229=CARTESIAN_POINT('Ctrl Pts',(6.1104283543172,13.4808616156795,-6.09969857789897));
#1230=CARTESIAN_POINT('Ctrl Pts',(5.67569503596878,13.4808616156795,-5.98662517743441));
#1231=CARTESIAN_POINT('Ctrl Pts',(5.32750187316253,13.4808616156795,-5.86398012158862));
#1232=CARTESIAN_POINT('Ctrl Pts',(4.99392702609983,13.4808616156795,-5.67369253134032));
#1233=CARTESIAN_POINT('Ctrl Pts',(4.73105189408224,13.4808616156795,-5.29786374217579));
#1234=CARTESIAN_POINT('Ctrl Pts',(4.71899759257519,13.4808616156795,-4.79707754484199));
#1235=CARTESIAN_POINT('Ctrl Pts',(4.92217431849822,13.4808616156795,-4.39583543769422));
#1236=CARTESIAN_POINT('Ctrl Pts',(5.27096130794312,13.4808616156795,-4.13543003408415));
#1237=CARTESIAN_POINT('Ctrl Pts',(5.64035885656004,13.4808616156795,-3.96372165766238));
#1238=CARTESIAN_POINT('Ctrl Pts',(6.00687712557781,13.4808616156795,-3.79435773386799));
#1239=CARTESIAN_POINT('Ctrl Pts',(6.36478115967657,13.4808616156795,-3.61538762395144));
#1240=CARTESIAN_POINT('Ctrl Pts',(6.70776734719355,13.4808616156795,-3.41108777673108));
#1241=CARTESIAN_POINT('Ctrl Pts',(7.02261172478244,13.4808616156795,-3.17128485816779));
#1242=CARTESIAN_POINT('Ctrl Pts',(7.28587912263018,13.4808616156795,-2.8807458741469));
#1243=CARTESIAN_POINT('Ctrl Pts',(7.44560043813233,13.4808616156795,-2.52884271384001));
#1244=CARTESIAN_POINT('Ctrl Pts',(7.46884948395013,13.4808616156795,-2.14055581019937));
#1245=CARTESIAN_POINT('Ctrl Pts',(7.39496411925736,13.4808616156795,-1.753972714807));
#1246=CARTESIAN_POINT('Ctrl Pts',(7.25763365011528,13.4808616156795,-1.38256732689562));
#1247=CARTESIAN_POINT('Ctrl Pts',(7.01257249942698,13.4808616156795,-0.911504355804388));
#1248=CARTESIAN_POINT('Ctrl Pts',(6.61825551707535,13.4808616156795,-0.377660902474587));
#1249=CARTESIAN_POINT('Ctrl Pts',(6.10270971777995,13.4808616156795,0.047954816769148));
#1250=CARTESIAN_POINT('Ctrl Pts',(5.60732453802689,13.4808616156795,0.203262072707095));
#1251=CARTESIAN_POINT('Ctrl Pts',(5.28186564747367,13.4808616156795,0.199934308592253));
#1252=CARTESIAN_POINT('Ctrl Pts',(4.89503720131239,13.4808616156795,0.134485443801555));
#1253=CARTESIAN_POINT('Ctrl Pts',(4.51865252220633,13.4808616156795,0.00132607858886458));
#1254=CARTESIAN_POINT('Ctrl Pts',(4.17199624053573,13.4808616156795,-0.182687681416302));
#1255=CARTESIAN_POINT('Ctrl Pts',(4.00762644134983,13.4808616156795,-0.370124287687398));
#1256=CARTESIAN_POINT('Ctrl Pts',(3.9338397016279,13.4808616156795,-0.481182128149494));
#1257=CARTESIAN_POINT('Ctrl Pts',(3.89861277353548,13.4808616156795,-0.537844094973336));
#1258=CARTESIAN_POINT('Ctrl Pts',(3.89806929975075,13.4808616156795,-0.538713649377792));
#1259=CARTESIAN_POINT('Ctrl Pts',(3.89752582596603,13.4808616156795,-0.539583203782249));
#1260=CARTESIAN_POINT('Ctrl Pts',(3.19795460968807,13.4974940510895,-9.10820590414497));
#1261=CARTESIAN_POINT('Ctrl Pts',(3.46777873234787,13.4974940510895,-9.08972087031189));
#1262=CARTESIAN_POINT('Ctrl Pts',(4.00817149448406,13.4974940510895,-9.07388874091089));
#1263=CARTESIAN_POINT('Ctrl Pts',(4.68984824773866,13.4974940510894,-9.18404375261191));
#1264=CARTESIAN_POINT('Ctrl Pts',(5.1786502378747,13.4974940510894,-9.4473021753812));
#1265=CARTESIAN_POINT('Ctrl Pts',(5.47656704804723,13.4974940510894,-9.7395572168405));
#1266=CARTESIAN_POINT('Ctrl Pts',(5.68213238348017,13.4974940510894,-10.1003023251388));
#1267=CARTESIAN_POINT('Ctrl Pts',(5.77408613860135,13.4974940510894,-10.3940791197701));
#1268=CARTESIAN_POINT('Ctrl Pts',(5.83994663402752,13.4974940510894,-10.5821471742694));
#1269=CARTESIAN_POINT('Ctrl Pts',(5.87910398371774,13.4974940510894,-10.6727267308873));
#1270=CARTESIAN_POINT('Ctrl Pts',(5.93097829113046,13.4974940510894,-10.7489035418283));
#1271=CARTESIAN_POINT('Ctrl Pts',(6.0323864919378,13.4974940510894,-10.8242950073053));
#1272=CARTESIAN_POINT('Ctrl Pts',(6.18339790913582,13.4974940510894,-10.888802288666));
#1273=CARTESIAN_POINT('Ctrl Pts',(6.44128818492803,13.4974940510894,-10.9542966685676));
#1274=CARTESIAN_POINT('Ctrl Pts',(6.77287957288694,13.4974940510894,-10.9845665148383));
#1275=CARTESIAN_POINT('Ctrl Pts',(7.17179121214883,13.4974940510894,-10.9519030850171));
#1276=CARTESIAN_POINT('Ctrl Pts',(7.55572049001974,13.4974940510894,-10.8391376668849));
#1277=CARTESIAN_POINT('Ctrl Pts',(7.88046448997754,13.4974940510894,-10.6050843085903));
#1278=CARTESIAN_POINT('Ctrl Pts',(8.06284181455364,13.4974940510894,-10.2483043032439));
#1279=CARTESIAN_POINT('Ctrl Pts',(8.16954439331542,13.4974940510895,-9.72574637371325));
#1280=CARTESIAN_POINT('Ctrl Pts',(8.17057884806479,13.4974940510895,-9.05144469023955));
#1281=CARTESIAN_POINT('Ctrl Pts',(8.08631734774104,13.4974940510895,-8.25181988094073));
#1282=CARTESIAN_POINT('Ctrl Pts',(7.95308960056532,13.4974940510895,-7.59134949747122));
#1283=CARTESIAN_POINT('Ctrl Pts',(7.76470033679271,13.4974940510895,-7.09168290951844));
#1284=CARTESIAN_POINT('Ctrl Pts',(7.52471640493653,13.4974940510895,-6.71665545550572));
#1285=CARTESIAN_POINT('Ctrl Pts',(7.12843664701842,13.4974940510895,-6.42623961297945));
#1286=CARTESIAN_POINT('Ctrl Pts',(6.63335260684325,13.4974940510895,-6.2219585978426));
#1287=CARTESIAN_POINT('Ctrl Pts',(6.11944499552648,13.4974940510895,-6.06631839776551));
#1288=CARTESIAN_POINT('Ctrl Pts',(5.68475597158883,13.4974940510895,-5.95330048165586));
#1289=CARTESIAN_POINT('Ctrl Pts',(5.34124721755407,13.4974940510895,-5.83210319888874));
#1290=CARTESIAN_POINT('Ctrl Pts',(5.01811283642952,13.4974940510895,-5.64734962208704));
#1291=CARTESIAN_POINT('Ctrl Pts',(4.7657390081808,13.4974940510895,-5.28612060611927));
#1292=CARTESIAN_POINT('Ctrl Pts',(4.75415372653026,13.4974940510895,-4.80503300373963));
#1293=CARTESIAN_POINT('Ctrl Pts',(4.949217318801,13.4974940510895,-4.41932879854803));
#1294=CARTESIAN_POINT('Ctrl Pts',(5.28708135019787,13.4974940510895,-4.16629296379289));
#1295=CARTESIAN_POINT('Ctrl Pts',(5.65462242962729,13.4974940510895,-3.99509208982785));
#1296=CARTESIAN_POINT('Ctrl Pts',(6.02161341664554,13.4974940510895,-3.82566289219203));
#1297=CARTESIAN_POINT('Ctrl Pts',(6.38120496869845,13.4974940510895,-3.64576824489762));
#1298=CARTESIAN_POINT('Ctrl Pts',(6.72688963874732,13.4974940510895,-3.43997418303141));
#1299=CARTESIAN_POINT('Ctrl Pts',(7.04563328911706,13.4974940510895,-3.19714797189925));
#1300=CARTESIAN_POINT('Ctrl Pts',(7.31474900809058,13.4974940510895,-2.90082467764474));
#1301=CARTESIAN_POINT('Ctrl Pts',(7.48007241822479,13.4974940510895,-2.53690761587027));
#1302=CARTESIAN_POINT('Ctrl Pts',(7.50362741987808,13.4974940510895,-2.13755426311073));
#1303=CARTESIAN_POINT('Ctrl Pts',(7.4283092994183,13.4974940510895,-1.74440684069894));
#1304=CARTESIAN_POINT('Ctrl Pts',(7.28924740280017,13.4974940510895,-1.36840244993143));
#1305=CARTESIAN_POINT('Ctrl Pts',(7.04180228739011,13.4974940510895,-0.892709306592011));
#1306=CARTESIAN_POINT('Ctrl Pts',(6.64394549768319,13.4974940510895,-0.354421491314062));
#1307=CARTESIAN_POINT('Ctrl Pts',(6.12160644187251,13.4974940510895,0.0781095947358816));
#1308=CARTESIAN_POINT('Ctrl Pts',(5.61209992199227,13.4974940510895,0.238095466611171));
#1309=CARTESIAN_POINT('Ctrl Pts',(5.27874605435728,13.4974940510895,0.234478024221762));
#1310=CARTESIAN_POINT('Ctrl Pts',(4.88522751345795,13.4974940510895,0.167780113463921));
#1311=CARTESIAN_POINT('Ctrl Pts',(4.50570536278529,13.4974940510895,0.0334501547541355));
#1312=CARTESIAN_POINT('Ctrl Pts',(4.15183138975488,13.4974940510895,-0.153851993918705));
#1313=CARTESIAN_POINT('Ctrl Pts',(3.97864973858288,13.4974940510895,-0.350439604972993));
#1314=CARTESIAN_POINT('Ctrl Pts',(3.90507310328089,13.4974940510895,-0.462154064944756));
#1315=CARTESIAN_POINT('Ctrl Pts',(3.86931051668196,13.4974940510895,-0.519530107543005));
#1316=CARTESIAN_POINT('Ctrl Pts',(3.86876704289723,13.4974940510895,-0.520399661947461));
#1317=CARTESIAN_POINT('Ctrl Pts',(3.86822356911251,13.4974940510895,-0.521269216351918));
#1318=CARTESIAN_POINT('Ctrl Pts',(3.19948876060977,13.5,-9.13059805476382));
#1319=CARTESIAN_POINT('Ctrl Pts',(3.46865767061508,13.5,-9.11215791010853));
#1320=CARTESIAN_POINT('Ctrl Pts',(4.00743106899261,13.5,-9.09639613196367));
#1321=CARTESIAN_POINT('Ctrl Pts',(4.68338896844516,13.5,-9.20595136699208));
#1322=CARTESIAN_POINT('Ctrl Pts',(5.16521001052064,13.5,-9.46565019996487));
#1323=CARTESIAN_POINT('Ctrl Pts',(5.45835557543093,13.5,-9.75320251891568));
#1324=CARTESIAN_POINT('Ctrl Pts',(5.66125113963752,13.5,-10.1089526977987));
#1325=CARTESIAN_POINT('Ctrl Pts',(5.75229339887753,13.4999999999999,-10.400145059814));
#1326=CARTESIAN_POINT('Ctrl Pts',(5.81897025184813,13.4999999999999,-10.5901023819637));
#1327=CARTESIAN_POINT('Ctrl Pts',(5.8585532845433,13.4999999999999,-10.6825021752933));
#1328=CARTESIAN_POINT('Ctrl Pts',(5.91477904653479,13.4999999999999,-10.7649716397303));
#1329=CARTESIAN_POINT('Ctrl Pts',(6.02242293283462,13.5,-10.8447047386474));
#1330=CARTESIAN_POINT('Ctrl Pts',(6.17641142779921,13.5,-10.9101801269172));
#1331=CARTESIAN_POINT('Ctrl Pts',(6.43817437624474,13.5,-10.9767620904114));
#1332=CARTESIAN_POINT('Ctrl Pts',(6.77272725512526,13.5,-11.0071244995326));
#1333=CARTESIAN_POINT('Ctrl Pts',(7.1758535461066,13.5,-10.9740791093685));
#1334=CARTESIAN_POINT('Ctrl Pts',(7.56502358295534,13.5,-10.8601639714483));
#1335=CARTESIAN_POINT('Ctrl Pts',(7.89833734742886,13.5,-10.6201249290121));
#1336=CARTESIAN_POINT('Ctrl Pts',(8.08457173548357,13.5,-10.25505125825));
#1337=CARTESIAN_POINT('Ctrl Pts',(8.1919409404015,13.5,-9.72741711126505));
#1338=CARTESIAN_POINT('Ctrl Pts',(8.19301879518218,13.5,-9.04999559124051));
#1339=CARTESIAN_POINT('Ctrl Pts',(8.10852703258722,13.5,-8.24861768814933));
#1340=CARTESIAN_POINT('Ctrl Pts',(7.97479934619892,13.5,-7.58567936561626));
#1341=CARTESIAN_POINT('Ctrl Pts',(7.78513779506171,13.5,-7.08201900590106));
#1342=CARTESIAN_POINT('Ctrl Pts',(7.5412859309088,13.5,-6.70076541183843));
#1343=CARTESIAN_POINT('Ctrl Pts',(7.1387442363009,13.5,-6.40601959216053));
#1344=CARTESIAN_POINT('Ctrl Pts',(6.64070095128305,13.5,-6.2008104632453));
#1345=CARTESIAN_POINT('Ctrl Pts',(6.12530886128026,13.5,-6.0446439790251));
#1346=CARTESIAN_POINT('Ctrl Pts',(5.69063840847774,13.5,-5.93165692791212));
#1347=CARTESIAN_POINT('Ctrl Pts',(5.35019376206017,13.5,-5.81140592565121));
#1348=CARTESIAN_POINT('Ctrl Pts',(5.03381919707164,13.5,-5.63024356731288));
#1349=CARTESIAN_POINT('Ctrl Pts',(4.78827557334104,13.5,-5.27849709619322));
#1350=CARTESIAN_POINT('Ctrl Pts',(4.77698953612773,13.5,-4.81020311762953));
#1351=CARTESIAN_POINT('Ctrl Pts',(4.96678538906239,13.5,-4.43459034704845));
#1352=CARTESIAN_POINT('Ctrl Pts',(5.29755089575537,13.5,-4.18633976730067));
#1353=CARTESIAN_POINT('Ctrl Pts',(5.66388789736448,13.5,-4.01546943906145));
#1354=CARTESIAN_POINT('Ctrl Pts',(6.0311853720057,13.5,-3.84599332360975));
#1355=CARTESIAN_POINT('Ctrl Pts',(6.39187237323988,13.5,-3.66550219104974));
#1356=CARTESIAN_POINT('Ctrl Pts',(6.7393093787506,13.5,-3.45873020905857));
#1357=CARTESIAN_POINT('Ctrl Pts',(7.06058492030832,13.5,-3.21394539366019));
#1358=CARTESIAN_POINT('Ctrl Pts',(7.33350160595284,13.5,-2.91385786945625));
#1359=CARTESIAN_POINT('Ctrl Pts',(7.50246477660861,13.5,-2.54214629551652));
#1360=CARTESIAN_POINT('Ctrl Pts',(7.52622015953567,13.5,-2.13560929691278));
#1361=CARTESIAN_POINT('Ctrl Pts',(7.44996873004392,13.5,-1.73819751074378));
#1362=CARTESIAN_POINT('Ctrl Pts',(7.30978470422313,13.5,-1.35920132376756));
#1363=CARTESIAN_POINT('Ctrl Pts',(7.06078863237804,13.5,-0.880506331778481));
#1364=CARTESIAN_POINT('Ctrl Pts',(6.66063224386841,13.5,-0.339329153557284));
#1365=CARTESIAN_POINT('Ctrl Pts',(6.13388442067884,13.5,0.0977019987819664));
#1366=CARTESIAN_POINT('Ctrl Pts',(5.61519831706927,13.5,0.260714205990952));
#1367=CARTESIAN_POINT('Ctrl Pts',(5.27670591880805,13.5,0.256912356668425));
#1368=CARTESIAN_POINT('Ctrl Pts',(4.87884048945153,13.5,0.189398513610021));
#1369=CARTESIAN_POINT('Ctrl Pts',(4.49728992277107,13.5,0.0543171045631422));
#1370=CARTESIAN_POINT('Ctrl Pts',(4.13867045759932,13.5,-0.135148566153067));
#1371=CARTESIAN_POINT('Ctrl Pts',(3.95988208662915,13.5,-0.337633309603629));
#1372=CARTESIAN_POINT('Ctrl Pts',(3.88629427843106,13.5,-0.449851866645815));
#1373=CARTESIAN_POINT('Ctrl Pts',(3.8502775193847,13.5,-0.507634434284595));
#1374=CARTESIAN_POINT('Ctrl Pts',(3.84973404559998,13.5,-0.508503988689051));
#1375=CARTESIAN_POINT('Ctrl Pts',(3.84919057181525,13.5,-0.509373543093507));
#1376=CARTESIAN_POINT('Ctrl Pts',(3.20000003725292,13.5,-9.13806054325777));
#1377=CARTESIAN_POINT('Ctrl Pts',(3.46892158767707,13.5,-9.11963595102131));
#1378=CARTESIAN_POINT('Ctrl Pts',(4.00720514451154,13.5,-9.10390410519472));
#1379=CARTESIAN_POINT('Ctrl Pts',(4.68124657368971,13.5,-9.21326698314413));
#1380=CARTESIAN_POINT('Ctrl Pts',(5.16074314399154,13.5,-9.47178822239093));
#1381=CARTESIAN_POINT('Ctrl Pts',(5.45231581315088,13.5,-9.75778337855819));
#1382=CARTESIAN_POINT('Ctrl Pts',(5.65431178170408,13.5,-10.111863534121));
#1383=CARTESIAN_POINT('Ctrl Pts',(5.74508928650776,13.4999999999999,-10.4022372396775));
#1384=CARTESIAN_POINT('Ctrl Pts',(5.81200488340651,13.4999999999999,-10.5927804756802));
#1385=CARTESIAN_POINT('Ctrl Pts',(5.85174431754179,13.4999999999999,-10.6858078187735));
#1386=CARTESIAN_POINT('Ctrl Pts',(5.90939112139151,13.4999999999999,-10.7703466887539));
#1387=CARTESIAN_POINT('Ctrl Pts',(6.01906925304243,13.5,-10.8514861294183));
#1388=CARTESIAN_POINT('Ctrl Pts',(6.17404005300931,13.5,-10.9172832758208));
#1389=CARTESIAN_POINT('Ctrl Pts',(6.43708881828679,13.5,-10.9842033074404));
#1390=CARTESIAN_POINT('Ctrl Pts',(6.7726409530432,13.5,-11.0146570191206));
#1391=CARTESIAN_POINT('Ctrl Pts',(7.17719120957411,13.5,-10.9814464283556));
#1392=CARTESIAN_POINT('Ctrl Pts',(7.56808865895708,13.5,-10.8671846654328));
#1393=CARTESIAN_POINT('Ctrl Pts',(7.90429112733097,13.5,-10.6251117475917));
#1394=CARTESIAN_POINT('Ctrl Pts',(8.0918260460349,13.5,-10.257253763611));
#1395=CARTESIAN_POINT('Ctrl Pts',(8.19942193091748,13.5,-9.72793791680097));
#1396=CARTESIAN_POINT('Ctrl Pts',(8.20050261138385,13.5,-9.04949958844834));
#1397=CARTESIAN_POINT('Ctrl Pts',(8.1159410422103,13.5,-8.2475541793962));
#1398=CARTESIAN_POINT('Ctrl Pts',(7.98205276524631,13.5,-7.58379762431125));
#1399=CARTESIAN_POINT('Ctrl Pts',(7.79197740965148,13.5,-7.07883010892997));
#1400=CARTESIAN_POINT('Ctrl Pts',(7.54681297630984,13.5,-6.69547320788251));
#1401=CARTESIAN_POINT('Ctrl Pts',(7.1421765445116,13.5,-6.39927756671301));
#1402=CARTESIAN_POINT('Ctrl Pts',(6.64314958836711,13.5,-6.19375651225953));
#1403=CARTESIAN_POINT('Ctrl Pts',(6.12725097489919,13.5,-6.03740831529883));
#1404=CARTESIAN_POINT('Ctrl Pts',(5.6926038666062,13.5,-5.92444025320326));
#1405=CARTESIAN_POINT('Ctrl Pts',(5.35314439047723,13.5,-5.80449469932148));
#1406=CARTESIAN_POINT('Ctrl Pts',(5.03905910276563,13.5,-5.62453479173999));
#1407=CARTESIAN_POINT('Ctrl Pts',(4.79577629018796,13.5,-5.2759495108371));
#1408=CARTESIAN_POINT('Ctrl Pts',(4.78459906747773,13.5,-4.81192154918093));
#1409=CARTESIAN_POINT('Ctrl Pts',(4.97263589631186,13.5,-4.43967366781866));
#1410=CARTESIAN_POINT('Ctrl Pts',(5.30104181686021,13.5,-4.19302049190701));
#1411=CARTESIAN_POINT('Ctrl Pts',(5.66697455982301,13.5,-4.02225880472337));
#1412=CARTESIAN_POINT('Ctrl Pts',(6.03437512049923,13.5,-3.85277465528093));
#1413=CARTESIAN_POINT('Ctrl Pts',(6.39542830810938,13.5,-3.6720779425363));
#1414=CARTESIAN_POINT('Ctrl Pts',(6.74345003948224,13.5,-3.46499244690493));
#1415=CARTESIAN_POINT('Ctrl Pts',(7.0655707872306,13.5,-3.21954624456385));
#1416=CARTESIAN_POINT('Ctrl Pts',(7.33975041857059,13.5,-2.91821615976801));
#1417=CARTESIAN_POINT('Ctrl Pts',(7.50992495038308,13.5,-2.54389181930638));
#1418=CARTESIAN_POINT('Ctrl Pts',(7.53374433686814,13.5,-2.13495327329512));
#1419=CARTESIAN_POINT('Ctrl Pts',(7.45718637095183,13.5,-1.73612128643665));
#1420=CARTESIAN_POINT('Ctrl Pts',(7.31662417087755,13.5,-1.35613570964326));
#1421=CARTESIAN_POINT('Ctrl Pts',(7.06711538487107,13.5,-0.876430833288909));
#1422=CARTESIAN_POINT('Ctrl Pts',(6.66619321450209,13.5,-0.334295059262303));
#1423=CARTESIAN_POINT('Ctrl Pts',(6.13796984175003,13.5,0.104221914130599));
#1424=CARTESIAN_POINT('Ctrl Pts',(5.61623663361303,13.5,0.268263905134792));
#1425=CARTESIAN_POINT('Ctrl Pts',(5.27604928373775,13.5,0.26439429115161));
#1426=CARTESIAN_POINT('Ctrl Pts',(4.87673755309208,13.5,0.196616309135882));
#1427=CARTESIAN_POINT('Ctrl Pts',(4.49449501381214,13.5,0.061269504389628));
#1428=CARTESIAN_POINT('Ctrl Pts',(4.13439044105088,13.5,-0.128870800225237));
#1429=CARTESIAN_POINT('Ctrl Pts',(3.95353688126736,13.5,-0.333399581167626));
#1430=CARTESIAN_POINT('Ctrl Pts',(3.88019367613118,13.5,-0.445655624311806));
#1431=CARTESIAN_POINT('Ctrl Pts',(3.8439345143847,13.5,-0.50367003951387));
#1432=CARTESIAN_POINT('Ctrl Pts',(3.84339104059998,13.5,-0.504539593918326));
#1433=CARTESIAN_POINT('Ctrl Pts',(3.84284756681525,13.5,-0.505409148322783));
#1434=CARTESIAN_POINT('',(3.20000003725291,13.5,-9.13806054325777));
#1435=CARTESIAN_POINT('Ctrl Pts',(3.84284910683569,13.5,-0.505406684300417));
#1436=CARTESIAN_POINT('Ctrl Pts',(3.84339206728027,13.5,-0.504537951236749));
#1437=CARTESIAN_POINT('Ctrl Pts',(3.84393502772485,13.5,-0.503669218173081));
#1438=CARTESIAN_POINT('Ctrl Pts',(3.88019367613118,13.5,-0.445655624311806));
#1439=CARTESIAN_POINT('Ctrl Pts',(3.95353688126736,13.5,-0.333399581167626));
#1440=CARTESIAN_POINT('Ctrl Pts',(4.13439044105088,13.5,-0.128870800225237));
#1441=CARTESIAN_POINT('Ctrl Pts',(4.49449501381214,13.5,0.061269504389628));
#1442=CARTESIAN_POINT('Ctrl Pts',(4.87673755309208,13.5,0.196616309135882));
#1443=CARTESIAN_POINT('Ctrl Pts',(5.27604928373775,13.5,0.26439429115161));
#1444=CARTESIAN_POINT('Ctrl Pts',(5.61623663361303,13.5,0.268263905134792));
#1445=CARTESIAN_POINT('Ctrl Pts',(6.13796984175003,13.5,0.104221914130599));
#1446=CARTESIAN_POINT('Ctrl Pts',(6.66619321450209,13.5,-0.334295059262303));
#1447=CARTESIAN_POINT('Ctrl Pts',(7.06711538487107,13.5,-0.876430833288909));
#1448=CARTESIAN_POINT('Ctrl Pts',(7.31662417087755,13.5,-1.35613570964326));
#1449=CARTESIAN_POINT('Ctrl Pts',(7.45718637095183,13.5,-1.73612128643665));
#1450=CARTESIAN_POINT('Ctrl Pts',(7.53374433686814,13.5,-2.13495327329512));
#1451=CARTESIAN_POINT('Ctrl Pts',(7.50992495038308,13.5,-2.54389181930638));
#1452=CARTESIAN_POINT('Ctrl Pts',(7.33975041857059,13.5,-2.91821615976801));
#1453=CARTESIAN_POINT('Ctrl Pts',(7.0655707872306,13.5,-3.21954624456385));
#1454=CARTESIAN_POINT('Ctrl Pts',(6.74345003948224,13.5,-3.46499244690493));
#1455=CARTESIAN_POINT('Ctrl Pts',(6.39542830810938,13.5,-3.6720779425363));
#1456=CARTESIAN_POINT('Ctrl Pts',(6.03437512049923,13.5,-3.85277465528093));
#1457=CARTESIAN_POINT('Ctrl Pts',(5.66697455982301,13.5,-4.02225880472337));
#1458=CARTESIAN_POINT('Ctrl Pts',(5.30104181686021,13.5,-4.19302049190701));
#1459=CARTESIAN_POINT('Ctrl Pts',(4.97263589631186,13.5,-4.43967366781866));
#1460=CARTESIAN_POINT('Ctrl Pts',(4.78459906747773,13.5,-4.81192154918093));
#1461=CARTESIAN_POINT('Ctrl Pts',(4.79577629018796,13.5,-5.2759495108371));
#1462=CARTESIAN_POINT('Ctrl Pts',(5.03905910276563,13.5,-5.62453479173999));
#1463=CARTESIAN_POINT('Ctrl Pts',(5.35314439047723,13.5,-5.80449469932148));
#1464=CARTESIAN_POINT('Ctrl Pts',(5.6926038666062,13.5,-5.92444025320326));
#1465=CARTESIAN_POINT('Ctrl Pts',(6.12725097489919,13.5,-6.03740831529883));
#1466=CARTESIAN_POINT('Ctrl Pts',(6.64314958836711,13.5,-6.19375651225953));
#1467=CARTESIAN_POINT('Ctrl Pts',(7.1421765445116,13.5,-6.39927756671301));
#1468=CARTESIAN_POINT('Ctrl Pts',(7.54681297630984,13.5,-6.69547320788251));
#1469=CARTESIAN_POINT('Ctrl Pts',(7.79197740965148,13.5,-7.07883010892997));
#1470=CARTESIAN_POINT('Ctrl Pts',(7.98205276524631,13.5,-7.58379762431125));
#1471=CARTESIAN_POINT('Ctrl Pts',(8.1159410422103,13.5,-8.2475541793962));
#1472=CARTESIAN_POINT('Ctrl Pts',(8.20050261138385,13.5,-9.04949958844834));
#1473=CARTESIAN_POINT('Ctrl Pts',(8.19942193091748,13.5,-9.72793791680097));
#1474=CARTESIAN_POINT('Ctrl Pts',(8.0918260460349,13.5,-10.257253763611));
#1475=CARTESIAN_POINT('Ctrl Pts',(7.90429112733097,13.5,-10.6251117475917));
#1476=CARTESIAN_POINT('Ctrl Pts',(7.56808865895708,13.5,-10.8671846654328));
#1477=CARTESIAN_POINT('Ctrl Pts',(7.17719120957411,13.5,-10.9814464283556));
#1478=CARTESIAN_POINT('Ctrl Pts',(6.7726409530432,13.5,-11.0146570191206));
#1479=CARTESIAN_POINT('Ctrl Pts',(6.43708881828679,13.5,-10.9842033074404));
#1480=CARTESIAN_POINT('Ctrl Pts',(6.17404005300931,13.5,-10.9172832758208));
#1481=CARTESIAN_POINT('Ctrl Pts',(6.01906925304243,13.5,-10.8514861294183));
#1482=CARTESIAN_POINT('Ctrl Pts',(5.90939112139151,13.4999999999999,-10.7703466887539));
#1483=CARTESIAN_POINT('Ctrl Pts',(5.85174431754179,13.4999999999999,-10.6858078187735));
#1484=CARTESIAN_POINT('Ctrl Pts',(5.81200488340651,13.4999999999999,-10.5927804756802));
#1485=CARTESIAN_POINT('Ctrl Pts',(5.74508928650776,13.4999999999999,-10.4022372396775));
#1486=CARTESIAN_POINT('Ctrl Pts',(5.65431178170408,13.5,-10.111863534121));
#1487=CARTESIAN_POINT('Ctrl Pts',(5.45231581315088,13.5,-9.75778337855819));
#1488=CARTESIAN_POINT('Ctrl Pts',(5.16074314399154,13.5,-9.47178822239093));
#1489=CARTESIAN_POINT('Ctrl Pts',(4.68124657368971,13.5,-9.21326698314413));
#1490=CARTESIAN_POINT('Ctrl Pts',(4.00720514451154,13.5,-9.10390410519472));
#1491=CARTESIAN_POINT('Ctrl Pts',(3.46892158767707,13.5,-9.11963595102131));
#1492=CARTESIAN_POINT('Ctrl Pts',(3.20000003725292,13.5,-9.13806054325777));
#1493=CARTESIAN_POINT('',(3.20000003725289,13.4,-9.0378286484265));
#1494=CARTESIAN_POINT('Ctrl Pts',(3.20000001871657,13.4,-9.03782837523562));
#1495=CARTESIAN_POINT('Ctrl Pts',(3.20000001871657,13.4078387431512,-9.03782837523562));
#1496=CARTESIAN_POINT('Ctrl Pts',(3.20000083211836,13.4156287862954,-9.03876367936375));
#1497=CARTESIAN_POINT('Ctrl Pts',(3.20000079027749,13.4232173400734,-9.0405790192613));
#1498=CARTESIAN_POINT('Ctrl Pts',(3.20000076276235,13.4282076780165,-9.04177281189101));
#1499=CARTESIAN_POINT('Ctrl Pts',(3.20000044661917,13.4331111297684,-9.04334832748472));
#1500=CARTESIAN_POINT('Ctrl Pts',(3.20000022754787,13.4378814240485,-9.04530175867356));
#1501=CARTESIAN_POINT('Ctrl Pts',(3.20000014198226,13.4397446215723,-9.04606473637266));
#1502=CARTESIAN_POINT('Ctrl Pts',(3.20000007540949,13.4415817115926,-9.04688311382487));
#1503=CARTESIAN_POINT('Ctrl Pts',(3.20000006431044,13.4433901761146,-9.04775598802658));
#1504=CARTESIAN_POINT('Ctrl Pts',(3.2000000209245,13.450459423999,-9.05116803400744));
#1505=CARTESIAN_POINT('Ctrl Pts',(3.20000057099903,13.4570932198014,-9.05540913316335));
#1506=CARTESIAN_POINT('Ctrl Pts',(3.20000046567971,13.4631693100026,-9.06036970410248));
#1507=CARTESIAN_POINT('Ctrl Pts',(3.20000042385544,13.4655822385544,-9.06233963918514));
#1508=CARTESIAN_POINT('Ctrl Pts',(3.20000031365506,13.4679069244931,-9.06442354013544));
#1509=CARTESIAN_POINT('Ctrl Pts',(3.20000017586085,13.4701342126955,-9.06661626174371));
#1510=CARTESIAN_POINT('Ctrl Pts',(3.19999999839861,13.4730026899135,-9.06944022137858));
#1511=CARTESIAN_POINT('Ctrl Pts',(3.19999978539473,13.4756931108953,-9.07242830229534));
#1512=CARTESIAN_POINT('Ctrl Pts',(3.19999974577249,13.4781892379331,-9.0755653160627));
#1513=CARTESIAN_POINT('Ctrl Pts',(3.19999966652446,13.4831817158325,-9.08183962488833));
#1514=CARTESIAN_POINT('Ctrl Pts',(3.20000019080748,13.4873999871594,-9.08870826451625));
#1515=CARTESIAN_POINT('Ctrl Pts',(3.20000019390172,13.490768001656,-9.09601030359705));
#1516=CARTESIAN_POINT('Ctrl Pts',(3.20000019427231,13.4911713839011,-9.09688485830026));
#1517=CARTESIAN_POINT('Ctrl Pts',(3.20000018878971,13.4915625141761,-9.09776565620306));
#1518=CARTESIAN_POINT('Ctrl Pts',(3.20000017657339,13.4919412146056,-9.09865243839776));
#1519=CARTESIAN_POINT('Ctrl Pts',(3.20000010046159,13.4943006448722,-9.10417738790202));
#1520=CARTESIAN_POINT('Ctrl Pts',(3.19999994704174,13.4961644998846,-9.10990055510219));
#1521=CARTESIAN_POINT('Ctrl Pts',(3.19999994472301,13.4974989771335,-9.11575563099819));
#1522=CARTESIAN_POINT('Ctrl Pts',(3.19999994443479,13.4976648503768,-9.11648340693427));
#1523=CARTESIAN_POINT('Ctrl Pts',(3.19999994679511,13.4978225243766,-9.11721322689007));
#1524=CARTESIAN_POINT('Ctrl Pts',(3.1999999509013,13.4979719917935,-9.11794494716011));
#1525=CARTESIAN_POINT('Ctrl Pts',(3.19999998804936,13.4993242012555,-9.12456471147564));
#1526=CARTESIAN_POINT('Ctrl Pts',(3.2000000372529,13.5,-9.13130450500389));
#1527=CARTESIAN_POINT('Ctrl Pts',(3.20000003725292,13.5,-9.13806054325777));
#1528=CARTESIAN_POINT('Ctrl Pts',(3.20000001871656,13.4,-9.03782837523562));
#1529=CARTESIAN_POINT('Ctrl Pts',(3.469577619294,13.4,-9.0195372089657));
#1530=CARTESIAN_POINT('Ctrl Pts',(4.01284926054559,13.4,-9.00400016585881));
#1531=CARTESIAN_POINT('Ctrl Pts',(4.71002532909296,13.4,-9.11565972880445));
#1532=CARTESIAN_POINT('Ctrl Pts',(5.22062486590556,13.4,-9.39004042281927));
#1533=CARTESIAN_POINT('Ctrl Pts',(5.53345544308583,13.4,-9.6969881600471));
#1534=CARTESIAN_POINT('Ctrl Pts',(5.74734628437042,13.4,-10.0733227311105));
#1535=CARTESIAN_POINT('Ctrl Pts',(5.84218503966174,13.3999999999999,-10.3752113149798));
#1536=CARTESIAN_POINT('Ctrl Pts',(5.90546329026283,13.3999999999999,-10.5573369102714));
#1537=CARTESIAN_POINT('Ctrl Pts',(5.94330619573558,13.3999999999999,-10.6422544489992));
#1538=CARTESIAN_POINT('Ctrl Pts',(5.98156537855416,13.3999999999999,-10.6987568747491));
#1539=CARTESIAN_POINT('Ctrl Pts',(6.06346081262561,13.3999999999999,-10.7605524028426));
#1540=CARTESIAN_POINT('Ctrl Pts',(6.20516748048052,13.4,-10.8220362361763));
#1541=CARTESIAN_POINT('Ctrl Pts',(6.45096189630344,13.4,-10.8841105374119));
#1542=CARTESIAN_POINT('Ctrl Pts',(6.773319439049,13.4,-10.9141521016567));
#1543=CARTESIAN_POINT('Ctrl Pts',(7.1590917935893,13.4,-10.8826431377442));
#1544=CARTESIAN_POINT('Ctrl Pts',(7.5266394523932,13.4,-10.7735039989672));
#1545=CARTESIAN_POINT('Ctrl Pts',(7.82466027992967,13.4,-10.5580995676885));
#1546=CARTESIAN_POINT('Ctrl Pts',(7.99501047926615,13.4,-10.2271931437055));
#1547=CARTESIAN_POINT('Ctrl Pts',(8.09963629322547,13.4,-9.72049394930286));
#1548=CARTESIAN_POINT('Ctrl Pts',(8.10052355933357,13.4,-9.05595585712042));
#1549=CARTESIAN_POINT('Ctrl Pts',(8.01698793160536,13.4,-8.26182126399838));
#1550=CARTESIAN_POINT('Ctrl Pts',(7.88532711246934,13.4,-7.60906039750542));
#1551=CARTESIAN_POINT('Ctrl Pts',(7.70092035711544,13.4,-7.12188685833117));
#1552=CARTESIAN_POINT('Ctrl Pts',(7.47298903227014,13.4,-6.76626981815905));
#1553=CARTESIAN_POINT('Ctrl Pts',(7.09625203727563,13.4,-6.48936595420656));
#1554=CARTESIAN_POINT('Ctrl Pts',(6.61040972917689,13.4,-6.28798001228973));
#1555=CARTESIAN_POINT('Ctrl Pts',(6.10112502066356,13.4,-6.13397659791841));
#1556=CARTESIAN_POINT('Ctrl Pts',(5.66639524353608,13.4,-6.0208710568209));
#1557=CARTESIAN_POINT('Ctrl Pts',(5.3132837705798,13.4,-5.89670939684809));
#1558=CARTESIAN_POINT('Ctrl Pts',(4.96908091294227,13.4,-5.7007491769593));
#1559=CARTESIAN_POINT('Ctrl Pts',(4.69536670033054,13.4,-5.30991531310693));
#1560=CARTESIAN_POINT('Ctrl Pts',(4.68285626088641,13.4,-4.78888657321239));
#1561=CARTESIAN_POINT('Ctrl Pts',(4.89436299234852,13.4,-4.37167726111549));
#1562=CARTESIAN_POINT('Ctrl Pts',(5.25439574843388,13.4,-4.10370384263025));
#1563=CARTESIAN_POINT('Ctrl Pts',(5.62569313422915,13.4,-3.93146943356751));
#1564=CARTESIAN_POINT('Ctrl Pts',(5.99172817213742,13.4,-3.76219435444154));
#1565=CARTESIAN_POINT('Ctrl Pts',(6.34790069363462,13.4,-3.58415519677729));
#1566=CARTESIAN_POINT('Ctrl Pts',(6.68811506221195,13.4,-3.38142678514943));
#1567=CARTESIAN_POINT('Ctrl Pts',(6.998955212814,13.4,-3.14470692312297));
#1568=CARTESIAN_POINT('Ctrl Pts',(7.2561999783353,13.4,-2.86014806183578));
#1569=CARTESIAN_POINT('Ctrl Pts',(7.4101578922933,13.4,-2.52055137313293));
#1570=CARTESIAN_POINT('Ctrl Pts',(7.43308448701707,13.4,-2.14361885396576));
#1571=CARTESIAN_POINT('Ctrl Pts',(7.36068481094728,13.4,-1.76378634305981));
#1572=CARTESIAN_POINT('Ctrl Pts',(7.22512213411728,13.4,-1.39713046572453));
#1573=CARTESIAN_POINT('Ctrl Pts',(6.98252350646174,13.4,-0.930800003468335));
#1574=CARTESIAN_POINT('Ctrl Pts',(6.59184698491667,13.4,-0.40153753286588));
#1575=CARTESIAN_POINT('Ctrl Pts',(6.0832664340911,13.4,0.0169297589907526));
#1576=CARTESIAN_POINT('Ctrl Pts',(5.60243205003026,13.4,0.167488287806238));
#1577=CARTESIAN_POINT('Ctrl Pts',(5.28513901506965,13.4,0.164440254694031));
#1578=CARTESIAN_POINT('Ctrl Pts',(4.90519444739453,13.4,0.100297615510247));
#1579=CARTESIAN_POINT('Ctrl Pts',(4.53198925688575,13.4,-0.0317012366702386));
#1580=CARTESIAN_POINT('Ctrl Pts',(4.19302818909179,13.4,-0.212201974488735));
#1581=CARTESIAN_POINT('Ctrl Pts',(4.03716037248515,13.4,-0.390449689230133));
#1582=CARTESIAN_POINT('Ctrl Pts',(3.96387361474375,13.4,-0.500448523916695));
#1583=CARTESIAN_POINT('Ctrl Pts',(3.92927771871704,13.4,-0.555800539164795));
#1584=CARTESIAN_POINT('Origin',(3.92927771855317,11.,-0.555800539136221));
#1585=CARTESIAN_POINT('',(3.92927771855317,13.,-0.555800539136221));
#1586=CARTESIAN_POINT('',(3.92927771855317,11.,-0.555800539136221));
#1587=CARTESIAN_POINT('',(3.2000000372529,13.,-1.89999995753169));
#1588=CARTESIAN_POINT('',(3.11815240087094,13.,-2.05086093688529));
#1589=CARTESIAN_POINT('',(3.2000000372529,11.,-1.89999995753169));
#1590=CARTESIAN_POINT('Ctrl Pts',(3.20000003725289,11.,-9.03782864842649));
#1591=CARTESIAN_POINT('Ctrl Pts',(3.20000003725289,13.5,-9.03782864842649));
#1592=CARTESIAN_POINT('Ctrl Pts',(3.84843133049853,11.,-8.9938834660426));
#1593=CARTESIAN_POINT('Ctrl Pts',(3.84843133049853,13.5,-8.9938834660426));
#1594=CARTESIAN_POINT('Ctrl Pts',(4.34969972692392,11.,-9.01196166649731));
#1595=CARTESIAN_POINT('Ctrl Pts',(4.34969972692392,13.5,-9.01196166649731));
#1596=CARTESIAN_POINT('Ctrl Pts',(4.80951050402354,11.,-9.18986726091785));
#1597=CARTESIAN_POINT('Ctrl Pts',(4.80951050402354,13.5,-9.18986726091785));
#1598=CARTESIAN_POINT('Ctrl Pts',(5.16853724319147,11.,-9.32877845792683));
#1599=CARTESIAN_POINT('Ctrl Pts',(5.16853724319147,13.5,-9.32877845792683));
#1600=CARTESIAN_POINT('Ctrl Pts',(5.4813012473766,11.,-9.6188544290885));
#1601=CARTESIAN_POINT('Ctrl Pts',(5.4813012473766,13.5,-9.6188544290885));
#1602=CARTESIAN_POINT('Ctrl Pts',(5.63679659770167,11.,-9.88748289684462));
#1603=CARTESIAN_POINT('Ctrl Pts',(5.63679659770167,13.5,-9.88748289684462));
#1604=CARTESIAN_POINT('Ctrl Pts',(5.84400044868913,11.,-10.2454412080582));
#1605=CARTESIAN_POINT('Ctrl Pts',(5.84400044868913,13.5,-10.2454412080582));
#1606=CARTESIAN_POINT('Ctrl Pts',(5.87295850092413,11.,-10.4801491577219));
#1607=CARTESIAN_POINT('Ctrl Pts',(5.87295850092413,13.5,-10.4801491577219));
#1608=CARTESIAN_POINT('Ctrl Pts',(5.91823186411136,11.,-10.5858602633418));
#1609=CARTESIAN_POINT('Ctrl Pts',(5.91823186411136,13.5,-10.5858602633418));
#1610=CARTESIAN_POINT('Ctrl Pts',(5.97024056320041,11.,-10.707298051381));
#1611=CARTESIAN_POINT('Ctrl Pts',(5.97024056320041,13.5,-10.707298051381));
#1612=CARTESIAN_POINT('Ctrl Pts',(5.95615054831427,11.,-10.7034970613093));
#1613=CARTESIAN_POINT('Ctrl Pts',(5.95615054831427,13.5,-10.7034970613093));
#1614=CARTESIAN_POINT('Ctrl Pts',(6.09726736478034,11.,-10.7728279646889));
#1615=CARTESIAN_POINT('Ctrl Pts',(6.09726736478034,13.5,-10.7728279646889));
#1616=CARTESIAN_POINT('Ctrl Pts',(6.26451889898433,11.,-10.8549988940536));
#1617=CARTESIAN_POINT('Ctrl Pts',(6.26451889898433,13.5,-10.8549988940536));
#1618=CARTESIAN_POINT('Ctrl Pts',(6.68945870709817,11.,-10.9304149984957));
#1619=CARTESIAN_POINT('Ctrl Pts',(6.68945870709817,13.5,-10.9304149984957));
#1620=CARTESIAN_POINT('Ctrl Pts',(7.03750188087828,11.,-10.8882430628009));
#1621=CARTESIAN_POINT('Ctrl Pts',(7.03750188087828,13.5,-10.8882430628009));
#1622=CARTESIAN_POINT('Ctrl Pts',(7.41159139188716,11.,-10.8429151265251));
#1623=CARTESIAN_POINT('Ctrl Pts',(7.41159139188716,13.5,-10.8429151265251));
#1624=CARTESIAN_POINT('Ctrl Pts',(7.64966489112289,11.,-10.7113057973861));
#1625=CARTESIAN_POINT('Ctrl Pts',(7.64966489112289,13.5,-10.7113057973861));
#1626=CARTESIAN_POINT('Ctrl Pts',(7.79254018729521,11.,-10.5509814979336));
#1627=CARTESIAN_POINT('Ctrl Pts',(7.79254018729521,13.5,-10.5509814979336));
#1628=CARTESIAN_POINT('Ctrl Pts',(7.94515319314962,11.,-10.3797302466224));
#1629=CARTESIAN_POINT('Ctrl Pts',(7.94515319314962,13.5,-10.3797302466224));
#1630=CARTESIAN_POINT('Ctrl Pts',(8.04672008208636,11.,-10.1058106630702));
#1631=CARTESIAN_POINT('Ctrl Pts',(8.04672008208636,13.5,-10.1058106630702));
#1632=CARTESIAN_POINT('Ctrl Pts',(8.08107343905363,11.,-9.69683541587628));
#1633=CARTESIAN_POINT('Ctrl Pts',(8.08107343905363,13.5,-9.69683541587628));
#1634=CARTESIAN_POINT('Ctrl Pts',(8.13619191420873,11.,-9.04065232369751));
#1635=CARTESIAN_POINT('Ctrl Pts',(8.13619191420873,13.5,-9.04065232369751));
#1636=CARTESIAN_POINT('Ctrl Pts',(8.02477379340262,11.,-8.1633137480392));
#1637=CARTESIAN_POINT('Ctrl Pts',(8.02477379340262,13.5,-8.1633137480392));
#1638=CARTESIAN_POINT('Ctrl Pts',(7.86362226727179,11.,-7.59395897307637));
#1639=CARTESIAN_POINT('Ctrl Pts',(7.86362226727179,13.5,-7.59395897307637));
#1640=CARTESIAN_POINT('Ctrl Pts',(7.7370279376463,11.,-7.14669615288457));
#1641=CARTESIAN_POINT('Ctrl Pts',(7.7370279376463,13.5,-7.14669615288457));
#1642=CARTESIAN_POINT('Ctrl Pts',(7.59035227234281,11.,-6.89791056631109));
#1643=CARTESIAN_POINT('Ctrl Pts',(7.59035227234281,13.5,-6.89791056631109));
#1644=CARTESIAN_POINT('Ctrl Pts',(7.36587603254838,11.,-6.70159016300271));
#1645=CARTESIAN_POINT('Ctrl Pts',(7.36587603254838,13.5,-6.70159016300271));
#1646=CARTESIAN_POINT('Ctrl Pts',(7.14409461801234,11.,-6.5076265756409));
#1647=CARTESIAN_POINT('Ctrl Pts',(7.14409461801234,13.5,-6.5076265756409));
#1648=CARTESIAN_POINT('Ctrl Pts',(6.76497416838344,11.,-6.33740792985862));
#1649=CARTESIAN_POINT('Ctrl Pts',(6.76497416838344,13.5,-6.33740792985862));
#1650=CARTESIAN_POINT('Ctrl Pts',(6.33400567082124,11.,-6.20552894425212));
#1651=CARTESIAN_POINT('Ctrl Pts',(6.33400567082124,13.5,-6.20552894425212));
#1652=CARTESIAN_POINT('Ctrl Pts',(6.02957556275391,11.,-6.11237147667132));
#1653=CARTESIAN_POINT('Ctrl Pts',(6.02957556275391,13.5,-6.11237147667132));
#1654=CARTESIAN_POINT('Ctrl Pts',(5.7440201191443,11.,-6.0508102614024));
#1655=CARTESIAN_POINT('Ctrl Pts',(5.7440201191443,13.5,-6.0508102614024));
#1656=CARTESIAN_POINT('Ctrl Pts',(5.45914573651834,11.,-5.94681554671004));
#1657=CARTESIAN_POINT('Ctrl Pts',(5.45914573651834,13.5,-5.94681554671004));
#1658=CARTESIAN_POINT('Ctrl Pts',(5.3367584368161,11.,-5.9021374952925));
#1659=CARTESIAN_POINT('Ctrl Pts',(5.3367584368161,13.5,-5.9021374952925));
#1660=CARTESIAN_POINT('Ctrl Pts',(5.20953440701627,11.,-5.88003401048647));
#1661=CARTESIAN_POINT('Ctrl Pts',(5.20953440701627,13.5,-5.88003401048647));
#1662=CARTESIAN_POINT('Ctrl Pts',(4.99491646695239,11.,-5.67762387049559));
#1663=CARTESIAN_POINT('Ctrl Pts',(4.99491646695239,13.5,-5.67762387049559));
#1664=CARTESIAN_POINT('Ctrl Pts',(4.88303729892144,11.,-5.57210856242551));
#1665=CARTESIAN_POINT('Ctrl Pts',(4.88303729892144,13.5,-5.57210856242551));
#1666=CARTESIAN_POINT('Ctrl Pts',(4.73130941696414,11.,-5.36863666011645));
#1667=CARTESIAN_POINT('Ctrl Pts',(4.73130941696414,13.5,-5.36863666011645));
#1668=CARTESIAN_POINT('Ctrl Pts',(4.70259339233946,11.,-5.09430087878051));
#1669=CARTESIAN_POINT('Ctrl Pts',(4.70259339233946,13.5,-5.09430087878051));
#1670=CARTESIAN_POINT('Ctrl Pts',(4.67351596992557,11.,-4.81651251839944));
#1671=CARTESIAN_POINT('Ctrl Pts',(4.67351596992557,13.5,-4.81651251839944));
#1672=CARTESIAN_POINT('Ctrl Pts',(4.78860741745858,11.,-4.57019312531366));
#1673=CARTESIAN_POINT('Ctrl Pts',(4.78860741745858,13.5,-4.57019312531366));
#1674=CARTESIAN_POINT('Ctrl Pts',(4.88531581890307,11.,-4.44016470596918));
#1675=CARTESIAN_POINT('Ctrl Pts',(4.88531581890307,13.5,-4.44016470596918));
#1676=CARTESIAN_POINT('Ctrl Pts',(5.04210151256687,11.,-4.2293598987505));
#1677=CARTESIAN_POINT('Ctrl Pts',(5.04210151256687,13.5,-4.2293598987505));
#1678=CARTESIAN_POINT('Ctrl Pts',(5.15775126984363,11.,-4.17806735099309));
#1679=CARTESIAN_POINT('Ctrl Pts',(5.15775126984363,13.5,-4.17806735099309));
#1680=CARTESIAN_POINT('Ctrl Pts',(5.25901511188566,11.,-4.11811424826773));
#1681=CARTESIAN_POINT('Ctrl Pts',(5.25901511188566,13.5,-4.11811424826773));
#1682=CARTESIAN_POINT('Ctrl Pts',(5.44096157975323,11.,-4.01039312038428));
#1683=CARTESIAN_POINT('Ctrl Pts',(5.44096157975323,13.5,-4.01039312038428));
#1684=CARTESIAN_POINT('Ctrl Pts',(5.60804874350475,11.,-3.93954588330482));
#1685=CARTESIAN_POINT('Ctrl Pts',(5.60804874350475,13.5,-3.93954588330482));
#1686=CARTESIAN_POINT('Ctrl Pts',(5.79936314671262,11.,-3.85070188461678));
#1687=CARTESIAN_POINT('Ctrl Pts',(5.79936314671262,13.5,-3.85070188461678));
#1688=CARTESIAN_POINT('Ctrl Pts',(6.21368109135502,11.,-3.65829785066516));
#1689=CARTESIAN_POINT('Ctrl Pts',(6.21368109135502,13.5,-3.65829785066516));
#1690=CARTESIAN_POINT('Ctrl Pts',(6.69642024200072,11.,-3.40607047345868));
#1691=CARTESIAN_POINT('Ctrl Pts',(6.69642024200072,13.5,-3.40607047345868));
#1692=CARTESIAN_POINT('Ctrl Pts',(6.98904809810258,11.,-3.13787586353448));
#1693=CARTESIAN_POINT('Ctrl Pts',(6.98904809810258,13.5,-3.13787586353448));
#1694=CARTESIAN_POINT('Ctrl Pts',(7.35816352625407,11.,-2.79958008544686));
#1695=CARTESIAN_POINT('Ctrl Pts',(7.35816352625407,13.5,-2.79958008544686));
#1696=CARTESIAN_POINT('Ctrl Pts',(7.46009828178146,11.,-2.51159689674617));
#1697=CARTESIAN_POINT('Ctrl Pts',(7.46009828178146,13.5,-2.51159689674617));
#1698=CARTESIAN_POINT('Ctrl Pts',(7.41074817876687,11.,-2.07087658911583));
#1699=CARTESIAN_POINT('Ctrl Pts',(7.41074817876687,13.5,-2.07087658911583));
#1700=CARTESIAN_POINT('Ctrl Pts',(7.34985666803655,11.,-1.52708592401414));
#1701=CARTESIAN_POINT('Ctrl Pts',(7.34985666803655,13.5,-1.52708592401414));
#1702=CARTESIAN_POINT('Ctrl Pts',(6.9324469983432,11.,-0.782491028287079));
#1703=CARTESIAN_POINT('Ctrl Pts',(6.9324469983432,13.5,-0.782491028287079));
#1704=CARTESIAN_POINT('Ctrl Pts',(6.50635439357848,11.,-0.360232294544565));
#1705=CARTESIAN_POINT('Ctrl Pts',(6.50635439357848,13.5,-0.360232294544565));
#1706=CARTESIAN_POINT('Ctrl Pts',(6.14203126766398,11.,0.00081274613789338));
#1707=CARTESIAN_POINT('Ctrl Pts',(6.14203126766398,13.5,0.00081274613789338));
#1708=CARTESIAN_POINT('Ctrl Pts',(5.8270434317893,11.,0.134618971612335));
#1709=CARTESIAN_POINT('Ctrl Pts',(5.8270434317893,13.5,0.134618971612335));
#1710=CARTESIAN_POINT('Ctrl Pts',(5.50683885615537,11.,0.157876942200083));
#1711=CARTESIAN_POINT('Ctrl Pts',(5.50683885615537,13.5,0.157876942200083));
#1712=CARTESIAN_POINT('Ctrl Pts',(5.0430370927959,11.,0.191565054711917));
#1713=CARTESIAN_POINT('Ctrl Pts',(5.0430370927959,13.5,0.191565054711917));
#1714=CARTESIAN_POINT('Ctrl Pts',(4.42395860641624,11.,-0.0701260805116027));
#1715=CARTESIAN_POINT('Ctrl Pts',(4.42395860641624,13.5,-0.0701260805116027));
#1716=CARTESIAN_POINT('Ctrl Pts',(4.22420733298217,11.,-0.211113264518875));
#1717=CARTESIAN_POINT('Ctrl Pts',(4.22420733298217,13.5,-0.211113264518875));
#1718=CARTESIAN_POINT('Ctrl Pts',(4.11765607922694,11.,-0.286318598438072));
#1719=CARTESIAN_POINT('Ctrl Pts',(4.11765607922694,13.5,-0.286318598438072));
#1720=CARTESIAN_POINT('Ctrl Pts',(4.06359414198088,11.,-0.340895164001662));
#1721=CARTESIAN_POINT('Ctrl Pts',(4.06359414198088,13.5,-0.340895164001662));
#1722=CARTESIAN_POINT('Ctrl Pts',(3.92927771855317,11.,-0.555800539136221));
#1723=CARTESIAN_POINT('Ctrl Pts',(3.92927771855317,13.5,-0.555800539136221));
#1724=CARTESIAN_POINT('',(3.20000003725289,13.,-9.03782864842649));
#1725=CARTESIAN_POINT('',(3.20000003725289,11.,-9.03782864842649));
#1726=CARTESIAN_POINT('Ctrl Pts',(3.20000003725289,13.,-9.03782864842649));
#1727=CARTESIAN_POINT('Ctrl Pts',(3.84843133049853,13.,-8.9938834660426));
#1728=CARTESIAN_POINT('Ctrl Pts',(4.34969972692392,13.,-9.01196166649731));
#1729=CARTESIAN_POINT('Ctrl Pts',(4.80951050402354,13.,-9.18986726091785));
#1730=CARTESIAN_POINT('Ctrl Pts',(5.16853724319148,13.,-9.32877845792683));
#1731=CARTESIAN_POINT('Ctrl Pts',(5.4813012473766,13.,-9.6188544290885));
#1732=CARTESIAN_POINT('Ctrl Pts',(5.63679659770167,13.,-9.88748289684462));
#1733=CARTESIAN_POINT('Ctrl Pts',(5.84400044868913,13.,-10.2454412080582));
#1734=CARTESIAN_POINT('Ctrl Pts',(5.87295850092413,13.,-10.4801491577219));
#1735=CARTESIAN_POINT('Ctrl Pts',(5.91823186411136,13.,-10.5858602633418));
#1736=CARTESIAN_POINT('Ctrl Pts',(5.94423621365589,13.,-10.6465791573614));
#1737=CARTESIAN_POINT('Ctrl Pts',(5.95371588470662,13.,-10.6759883568533));
#1738=CARTESIAN_POINT('Ctrl Pts',(5.97433407042947,13.,-10.6988841957627));
#1739=CARTESIAN_POINT('Ctrl Pts',(5.99495225615233,13.,-10.7217800346721));
#1740=CARTESIAN_POINT('Ctrl Pts',(6.02670895654731,13.,-10.7381625129991));
#1741=CARTESIAN_POINT('Ctrl Pts',(6.09726736478034,13.,-10.7728279646889));
#1742=CARTESIAN_POINT('Ctrl Pts',(6.26451889898434,13.,-10.8549988940536));
#1743=CARTESIAN_POINT('Ctrl Pts',(6.68945870709817,13.,-10.9304149984957));
#1744=CARTESIAN_POINT('Ctrl Pts',(7.03750188087828,13.,-10.8882430628009));
#1745=CARTESIAN_POINT('Ctrl Pts',(7.41159139188716,13.,-10.8429151265251));
#1746=CARTESIAN_POINT('Ctrl Pts',(7.64966489112289,13.,-10.7113057973861));
#1747=CARTESIAN_POINT('Ctrl Pts',(7.79254018729521,13.,-10.5509814979336));
#1748=CARTESIAN_POINT('Ctrl Pts',(7.94515319314962,13.,-10.3797302466224));
#1749=CARTESIAN_POINT('Ctrl Pts',(8.04672008208636,13.,-10.1058106630702));
#1750=CARTESIAN_POINT('Ctrl Pts',(8.08107343905363,13.,-9.69683541587628));
#1751=CARTESIAN_POINT('Ctrl Pts',(8.13619191420873,13.,-9.04065232369751));
#1752=CARTESIAN_POINT('Ctrl Pts',(8.02477379340262,13.,-8.1633137480392));
#1753=CARTESIAN_POINT('Ctrl Pts',(7.86362226727179,13.,-7.59395897307637));
#1754=CARTESIAN_POINT('Ctrl Pts',(7.7370279376463,13.,-7.14669615288457));
#1755=CARTESIAN_POINT('Ctrl Pts',(7.59035227234281,13.,-6.89791056631109));
#1756=CARTESIAN_POINT('Ctrl Pts',(7.36587603254838,13.,-6.70159016300271));
#1757=CARTESIAN_POINT('Ctrl Pts',(7.14409461801234,13.,-6.5076265756409));
#1758=CARTESIAN_POINT('Ctrl Pts',(6.76497416838344,13.,-6.33740792985862));
#1759=CARTESIAN_POINT('Ctrl Pts',(6.33400567082124,13.,-6.20552894425212));
#1760=CARTESIAN_POINT('Ctrl Pts',(6.02957556275391,13.,-6.11237147667132));
#1761=CARTESIAN_POINT('Ctrl Pts',(5.7440201191443,13.,-6.0508102614024));
#1762=CARTESIAN_POINT('Ctrl Pts',(5.45914573651835,13.,-5.94681554671004));
#1763=CARTESIAN_POINT('Ctrl Pts',(5.3367584368161,13.,-5.9021374952925));
#1764=CARTESIAN_POINT('Ctrl Pts',(5.20953440701627,13.,-5.88003401048647));
#1765=CARTESIAN_POINT('Ctrl Pts',(4.99491646695239,13.,-5.67762387049559));
#1766=CARTESIAN_POINT('Ctrl Pts',(4.88303729892144,13.,-5.5721085624255));
#1767=CARTESIAN_POINT('Ctrl Pts',(4.73130941696414,13.,-5.36863666011645));
#1768=CARTESIAN_POINT('Ctrl Pts',(4.70259339233946,13.,-5.09430087878051));
#1769=CARTESIAN_POINT('Ctrl Pts',(4.67351596992557,13.,-4.81651251839945));
#1770=CARTESIAN_POINT('Ctrl Pts',(4.78860741745858,13.,-4.57019312531366));
#1771=CARTESIAN_POINT('Ctrl Pts',(4.88531581890306,13.,-4.44016470596918));
#1772=CARTESIAN_POINT('Ctrl Pts',(5.04210151256687,13.,-4.2293598987505));
#1773=CARTESIAN_POINT('Ctrl Pts',(5.15775126984362,13.,-4.17806735099309));
#1774=CARTESIAN_POINT('Ctrl Pts',(5.25901511188566,13.,-4.11811424826773));
#1775=CARTESIAN_POINT('Ctrl Pts',(5.44096157975323,13.,-4.01039312038428));
#1776=CARTESIAN_POINT('Ctrl Pts',(5.60804874350475,13.,-3.93954588330482));
#1777=CARTESIAN_POINT('Ctrl Pts',(5.79936314671262,13.,-3.85070188461678));
#1778=CARTESIAN_POINT('Ctrl Pts',(6.21368109135502,13.,-3.65829785066516));
#1779=CARTESIAN_POINT('Ctrl Pts',(6.69642024200072,13.,-3.40607047345868));
#1780=CARTESIAN_POINT('Ctrl Pts',(6.98904809810258,13.,-3.13787586353448));
#1781=CARTESIAN_POINT('Ctrl Pts',(7.35816352625407,13.,-2.79958008544686));
#1782=CARTESIAN_POINT('Ctrl Pts',(7.46009828178146,13.,-2.51159689674617));
#1783=CARTESIAN_POINT('Ctrl Pts',(7.41074817876687,13.,-2.07087658911583));
#1784=CARTESIAN_POINT('Ctrl Pts',(7.34985666803655,13.,-1.52708592401414));
#1785=CARTESIAN_POINT('Ctrl Pts',(6.9324469983432,13.,-0.782491028287079));
#1786=CARTESIAN_POINT('Ctrl Pts',(6.50635439357848,13.,-0.360232294544565));
#1787=CARTESIAN_POINT('Ctrl Pts',(6.14203126766398,13.,0.00081274613789338));
#1788=CARTESIAN_POINT('Ctrl Pts',(5.8270434317893,13.,0.134618971612335));
#1789=CARTESIAN_POINT('Ctrl Pts',(5.50683885615537,13.,0.157876942200083));
#1790=CARTESIAN_POINT('Ctrl Pts',(5.0430370927959,13.,0.191565054711917));
#1791=CARTESIAN_POINT('Ctrl Pts',(4.42395860641624,13.,-0.0701260805116028));
#1792=CARTESIAN_POINT('Ctrl Pts',(4.22420733298217,13.,-0.211113264518875));
#1793=CARTESIAN_POINT('Ctrl Pts',(4.11765607922694,13.,-0.286318598438072));
#1794=CARTESIAN_POINT('Ctrl Pts',(4.06359414198088,13.,-0.340895164001662));
#1795=CARTESIAN_POINT('Ctrl Pts',(3.92927771855317,13.,-0.555800539136221));
#1796=CARTESIAN_POINT('Ctrl Pts',(3.11520030686915,13.4,-0.235679073427615));
#1797=CARTESIAN_POINT('Ctrl Pts',(3.14346688366373,13.4,-0.190452740453678));
#1798=CARTESIAN_POINT('Ctrl Pts',(3.17173346045832,13.4,-0.145226407479742));
#1799=CARTESIAN_POINT('Ctrl Pts',(3.24109981133913,13.4,-0.0342407120798058));
#1800=CARTESIAN_POINT('Ctrl Pts',(3.32756416238068,13.4,0.0955680589552129));
#1801=CARTESIAN_POINT('Ctrl Pts',(3.47743255194892,13.4,0.281669935352408));
#1802=CARTESIAN_POINT('Ctrl Pts',(3.65764462310657,13.4,0.446886718045389));
#1803=CARTESIAN_POINT('Ctrl Pts',(3.8571044392263,13.4,0.579499378656825));
#1804=CARTESIAN_POINT('Ctrl Pts',(4.06477695533329,13.4,0.689688550214741));
#1805=CARTESIAN_POINT('Ctrl Pts',(4.2782938573042,13.4,0.784037517950891));
#1806=CARTESIAN_POINT('Ctrl Pts',(4.49680195874628,13.4,0.864657510795605));
#1807=CARTESIAN_POINT('Ctrl Pts',(4.72060964435286,13.4,0.931233248510323));
#1808=CARTESIAN_POINT('Ctrl Pts',(4.94942633368512,13.4,0.982057549693201));
#1809=CARTESIAN_POINT('Ctrl Pts',(5.18268069203937,13.4,1.01453220814809));
#1810=CARTESIAN_POINT('Ctrl Pts',(5.41923126919449,13.4,1.02550972777432));
#1811=CARTESIAN_POINT('Ctrl Pts',(5.65677517876108,13.4,1.01192812384019));
#1812=CARTESIAN_POINT('Ctrl Pts',(5.89190157695212,13.4,0.971817414067101));
#1813=CARTESIAN_POINT('Ctrl Pts',(6.12082362448397,13.4,0.905120772889886));
#1814=CARTESIAN_POINT('Ctrl Pts',(6.34032938729341,13.4,0.813727498866955));
#1815=CARTESIAN_POINT('Ctrl Pts',(6.54847973373498,13.4,0.700757137736945));
#1816=CARTESIAN_POINT('Ctrl Pts',(6.74435100741668,13.4,0.569723778393678));
#1817=CARTESIAN_POINT('Ctrl Pts',(6.92797247202711,13.4,0.423859697414097));
#1818=CARTESIAN_POINT('Ctrl Pts',(7.0999060042569,13.4,0.265771078377055));
#1819=CARTESIAN_POINT('Ctrl Pts',(7.26080250125803,13.4,0.0974910136952163));
#1820=CARTESIAN_POINT('Ctrl Pts',(7.41127836491921,13.4,-0.0794686231743997));
#1821=CARTESIAN_POINT('Ctrl Pts',(7.55177488983507,13.4,-0.264048829504664));
#1822=CARTESIAN_POINT('Ctrl Pts',(7.68250062068077,13.3999999999999,-0.455531585991672));
#1823=CARTESIAN_POINT('Ctrl Pts',(7.80333275073086,13.3999999999999,-0.653456762913059));
#1824=CARTESIAN_POINT('Ctrl Pts',(7.91381799395865,13.3999999999999,-0.85752012197821));
#1825=CARTESIAN_POINT('Ctrl Pts',(8.01316797073666,13.3999999999998,-1.06760726773535));
#1826=CARTESIAN_POINT('Ctrl Pts',(8.10018261461983,13.3999999999997,-1.28368517405373));
#1827=CARTESIAN_POINT('Ctrl Pts',(8.17319748278071,13.3999999999996,-1.50567486600039));
#1828=CARTESIAN_POINT('Ctrl Pts',(8.23005228670455,13.3999999999995,-1.73331647034581));
#1829=CARTESIAN_POINT('Ctrl Pts',(8.26808572253485,13.3999999999993,-1.96599714731116));
#1830=CARTESIAN_POINT('Ctrl Pts',(8.28421001278389,13.399999999999,-2.20242697200308));
#1831=CARTESIAN_POINT('Ctrl Pts',(8.27522022252844,13.3999999999986,-2.44046667975865));
#1832=CARTESIAN_POINT('Ctrl Pts',(8.23833069268659,13.399999999998,-2.67695771265682));
#1833=CARTESIAN_POINT('Ctrl Pts',(8.17206072038917,13.3999999999972,-2.90760974952866));
#1834=CARTESIAN_POINT('Ctrl Pts',(8.07706485948185,13.3999999999961,-3.12782388879829));
#1835=CARTESIAN_POINT('Ctrl Pts',(7.9560809327143,13.3999999999945,-3.33400167325308));
#1836=CARTESIAN_POINT('Ctrl Pts',(7.81318554377667,13.3999999999923,-3.52412490263454));
#1837=CARTESIAN_POINT('Ctrl Pts',(7.65279662583411,13.3999999999905,-3.69780478960074));
#1838=CARTESIAN_POINT('Ctrl Pts',(7.47895929598389,13.399999999985,-3.85585197900997));
#1839=CARTESIAN_POINT('Ctrl Pts',(7.29500139910157,13.3999999999791,-3.99979718390139));
#1840=CARTESIAN_POINT('Ctrl Pts',(7.10363586881676,13.3999999999697,-4.1313186457854));
#1841=CARTESIAN_POINT('Ctrl Pts',(6.90692143542095,13.3999999999582,-4.2521502262682));
#1842=CARTESIAN_POINT('Ctrl Pts',(6.70620480031844,13.3999999999393,-4.3640857904223));
#1843=CARTESIAN_POINT('Ctrl Pts',(6.50233357888924,13.3999999999187,-4.46891999585758));
#1844=CARTESIAN_POINT('Ctrl Pts',(6.33044908046528,13.3999999998833,-4.55184927709487));
#1845=CARTESIAN_POINT('Ctrl Pts',(6.19244427888053,13.3999999998694,-4.61646436875544));
#1846=CARTESIAN_POINT('Ctrl Pts',(6.07182334058488,13.3999999998516,-4.67234519271848));
#1847=CARTESIAN_POINT('Ctrl Pts',(5.96905815624614,13.3999999998133,-4.71993155649701));
#1848=CARTESIAN_POINT('Ctrl Pts',(5.89328928536744,13.3999999998104,-4.75606557128406));
#1849=CARTESIAN_POINT('Ctrl Pts',(5.85993358916348,13.3999999998067,-4.77225959617863));
#1850=CARTESIAN_POINT('Ctrl Pts',(5.83509610649195,13.3999999998041,-4.78448916163028));
#1851=CARTESIAN_POINT('Ctrl Pts',(5.81046552412226,13.3999999998025,-4.79682568546521));
#1852=CARTESIAN_POINT('Ctrl Pts',(5.78607611014342,13.3999999997994,-4.80929388895383));
#1853=CARTESIAN_POINT('Ctrl Pts',(5.76599187365297,13.3999999997957,-4.81981605815735));
#1854=CARTESIAN_POINT('Ctrl Pts',(5.75010126507352,13.3999999997945,-4.82832632937535));
#1855=CARTESIAN_POINT('Ctrl Pts',(5.73434378378529,13.3999999997932,-4.83690281364598));
#1856=CARTESIAN_POINT('Ctrl Pts',(5.71492663165544,13.3999999997885,-4.84775603083628));
#1857=CARTESIAN_POINT('Ctrl Pts',(5.69219869781485,13.3999999997835,-4.86101460733561));
#1858=CARTESIAN_POINT('Ctrl Pts',(5.67021552827802,13.3999999997781,-4.87452449999349));
#1859=CARTESIAN_POINT('Ctrl Pts',(5.64920774611554,13.3999999997715,-4.88828781722708));
#1860=CARTESIAN_POINT('Ctrl Pts',(5.63276365982918,13.3999999997675,-4.89995094783892));
#1861=CARTESIAN_POINT('Ctrl Pts',(5.62043918307614,13.3999999997658,-4.90936282344519));
#1862=CARTESIAN_POINT('Ctrl Pts',(5.61313095381373,13.3999999997638,-4.91526534986218));
#1863=CARTESIAN_POINT('Ctrl Pts',(5.60755082460723,13.3999999997632,-4.9199884764291));
#1864=CARTESIAN_POINT('Ctrl Pts',(5.60215901880742,13.3999999997627,-4.92470749082713));
#1865=CARTESIAN_POINT('Ctrl Pts',(5.59579234656483,13.3999999997599,-4.93058946697952));
#1866=CARTESIAN_POINT('Ctrl Pts',(5.58880816287702,13.3999999997593,-4.93758431405909));
#1867=CARTESIAN_POINT('Ctrl Pts',(5.58357862643563,13.3999999997566,-4.94332595239512));
#1868=CARTESIAN_POINT('Ctrl Pts',(5.57976689284841,13.399999999756,-4.94784484269923));
#1869=CARTESIAN_POINT('Ctrl Pts',(5.57754169235142,13.3999999997552,-4.9506339090249));
#1870=CARTESIAN_POINT('Ctrl Pts',(5.57585641449352,13.3999999997551,-4.95284151548537));
#1871=CARTESIAN_POINT('Ctrl Pts',(5.57484269624687,13.3999999997549,-4.95421096421281));
#1872=CARTESIAN_POINT('Ctrl Pts',(5.57415383445101,13.3999999997548,-4.95516391972741));
#1873=CARTESIAN_POINT('Ctrl Pts',(5.57376611667555,13.3999999997548,-4.95570681844706));
#1874=CARTESIAN_POINT('Ctrl Pts',(5.57319045765916,13.3999999997548,-4.95651950507188));
#1875=CARTESIAN_POINT('Ctrl Pts',(5.57234917131517,13.3999999997546,-4.95773225768943));
#1876=CARTESIAN_POINT('Ctrl Pts',(5.57145362150721,13.3999999997544,-4.95906819464443));
#1877=CARTESIAN_POINT('Ctrl Pts',(5.5708904946423,13.3999999997543,-4.95993074921429));
#1878=CARTESIAN_POINT('Ctrl Pts',(5.57063422125093,13.3999999997543,-4.96032771999586));
#1879=CARTESIAN_POINT('Ctrl Pts',(5.57046434091061,13.3999999997543,-4.96059206488399));
#1880=CARTESIAN_POINT('Ctrl Pts',(5.56966430678826,13.3999999997542,-4.96184554813968));
#1881=CARTESIAN_POINT('Ctrl Pts',(5.56890574736789,13.3999999997532,-4.96308605985705));
#1882=CARTESIAN_POINT('Ctrl Pts',(5.56824202386189,13.3999999997532,-4.96421682342193));
#1883=CARTESIAN_POINT('Ctrl Pts',(5.56816652156073,13.3999999997532,-4.96434593459511));
#1884=CARTESIAN_POINT('Ctrl Pts',(5.56811007177342,13.3999999997532,-4.96444270879331));
#1885=CARTESIAN_POINT('Ctrl Pts',(5.56805379817565,13.3999999997532,-4.96453942359177));
#1886=CARTESIAN_POINT('Ctrl Pts',(5.56797900184306,13.3999999997532,-4.96466829751728));
#1887=CARTESIAN_POINT('Ctrl Pts',(5.56784872474235,13.3999999997532,-4.96489361897341));
#1888=CARTESIAN_POINT('Ctrl Pts',(5.56766437599874,13.3999999997532,-4.96521491289452));
#1889=CARTESIAN_POINT('Ctrl Pts',(5.56722753562694,13.3999999997532,-4.96598410587761));
#1890=CARTESIAN_POINT('Ctrl Pts',(5.56680472578611,13.3999999997531,-4.96674853794659));
#1891=CARTESIAN_POINT('Ctrl Pts',(5.56639560038349,13.3999999997531,-4.96750812638199));
#1892=CARTESIAN_POINT('Ctrl Pts',(5.566227420433,13.3999999997531,-4.96782382066755));
#1893=CARTESIAN_POINT('Ctrl Pts',(5.56609423177526,13.3999999997531,-4.96807589033277));
#1894=CARTESIAN_POINT('Ctrl Pts',(5.56596196486129,13.3999999997531,-4.96832764379516));
#1895=CARTESIAN_POINT('Ctrl Pts',(5.5657328002569,13.3999999997531,-4.96876733946318));
#1896=CARTESIAN_POINT('Ctrl Pts',(5.56547657460752,13.3999999997532,-4.96926801960983));
#1897=CARTESIAN_POINT('Ctrl Pts',(5.56522523218873,13.3999999997531,-4.96976658718449));
#1898=CARTESIAN_POINT('Ctrl Pts',(5.55720301710878,13.3999999997597,-4.98594006565764));
#1899=CARTESIAN_POINT('Ctrl Pts',(5.55516687933157,13.3999999998063,-5.00524861015498));
#1900=CARTESIAN_POINT('Ctrl Pts',(5.56645711869927,13.3999999998084,-5.03223258111716));
#1901=CARTESIAN_POINT('Ctrl Pts',(5.58136531251306,13.3999999998273,-5.04933429106957));
#1902=CARTESIAN_POINT('Ctrl Pts',(5.59351998559076,13.3999999998288,-5.05954032882896));
#1903=CARTESIAN_POINT('Ctrl Pts',(5.59675521045433,13.3999999998289,-5.06209347920206));
#1904=CARTESIAN_POINT('Ctrl Pts',(5.59757655998823,13.3999999998289,-5.06273180586055));
#1905=CARTESIAN_POINT('Ctrl Pts',(5.59781209148941,13.3999999998289,-5.06291417875966));
#1906=CARTESIAN_POINT('Ctrl Pts',(5.59796934863074,13.3999999998289,-5.06303576026662));
#1907=CARTESIAN_POINT('Ctrl Pts',(5.59840276938642,13.3999999998289,-5.06337010562798));
#1908=CARTESIAN_POINT('Ctrl Pts',(5.59943480285163,13.3999999998289,-5.06416033467098));
#1909=CARTESIAN_POINT('Ctrl Pts',(5.60072721913551,13.3999999998292,-5.06513266702418));
#1910=CARTESIAN_POINT('Ctrl Pts',(5.60204135689328,13.3999999998292,-5.06610443865679));
#1911=CARTESIAN_POINT('Ctrl Pts',(5.60336985763314,13.3999999998293,-5.06707576004095));
#1912=CARTESIAN_POINT('Ctrl Pts',(5.60505718326657,13.3999999998295,-5.0682889197365));
#1913=CARTESIAN_POINT('Ctrl Pts',(5.60781246265791,13.3999999998297,-5.07022713238214));
#1914=CARTESIAN_POINT('Ctrl Pts',(5.61029487453147,13.3999999998305,-5.07191859733181));
#1915=CARTESIAN_POINT('Ctrl Pts',(5.61247097355931,13.3999999998306,-5.07336402435089));
#1916=CARTESIAN_POINT('Ctrl Pts',(5.61393446835765,13.3999999998306,-5.07432642482823));
#1917=CARTESIAN_POINT('Ctrl Pts',(5.61578747067176,13.3999999998308,-5.07552702564169));
#1918=CARTESIAN_POINT('Ctrl Pts',(5.61804780363123,13.399999999831,-5.07696352046678));
#1919=CARTESIAN_POINT('Ctrl Pts',(5.62034385910343,13.3999999998311,-5.0783954607406));
#1920=CARTESIAN_POINT('Ctrl Pts',(5.62267460648524,13.3999999998313,-5.07982253676053));
#1921=CARTESIAN_POINT('Ctrl Pts',(5.62582717140741,13.3999999998315,-5.08171845254069));
#1922=CARTESIAN_POINT('Ctrl Pts',(5.62984963562244,13.3999999998321,-5.08407489260262));
#1923=CARTESIAN_POINT('Ctrl Pts',(5.63356188932945,13.3999999998327,-5.08617819865152));
#1924=CARTESIAN_POINT('Ctrl Pts',(5.63607255619946,13.3999999998328,-5.08757264892193));
#1925=CARTESIAN_POINT('Ctrl Pts',(5.63775574245084,13.3999999998328,-5.08850019600863));
#1926=CARTESIAN_POINT('Ctrl Pts',(5.63987712220284,13.3999999998329,-5.08965569197551));
#1927=CARTESIAN_POINT('Ctrl Pts',(5.64244960559794,13.399999999833,-5.09103583147844));
#1928=CARTESIAN_POINT('Ctrl Pts',(5.64504803539099,13.3999999998331,-5.0924094188452));
#1929=CARTESIAN_POINT('Ctrl Pts',(5.64767150149135,13.3999999998332,-5.09377635383109));
#1930=CARTESIAN_POINT('Ctrl Pts',(5.65296681918492,13.3999999998334,-5.09649679308188));
#1931=CARTESIAN_POINT('Ctrl Pts',(5.6610850205498,13.399999999835,-5.10052662763771));
#1932=CARTESIAN_POINT('Ctrl Pts',(5.67223180092479,13.3999999998361,-5.10578920758454));
#1933=CARTESIAN_POINT('Ctrl Pts',(5.68175361003886,13.3999999998375,-5.11008372071747));
#1934=CARTESIAN_POINT('Ctrl Pts',(5.68779905890444,13.3999999998378,-5.11272628813511));
#1935=CARTESIAN_POINT('Ctrl Pts',(5.69023044282454,13.3999999998378,-5.11377721865706));
#1936=CARTESIAN_POINT('Ctrl Pts',(5.69120415835262,13.3999999998378,-5.11419704979185));
#1937=CARTESIAN_POINT('Ctrl Pts',(5.69291119624992,13.3999999998379,-5.11493034338831));
#1938=CARTESIAN_POINT('Ctrl Pts',(5.69633722519232,13.3999999998379,-5.11639131987353));
#1939=CARTESIAN_POINT('Ctrl Pts',(5.70126443187424,13.3999999998382,-5.11846257664923));
#1940=CARTESIAN_POINT('Ctrl Pts',(5.71318831642654,13.3999999998387,-5.12338414759955));
#1941=CARTESIAN_POINT('Ctrl Pts',(5.7314179168166,13.3999999998427,-5.13058638473622));
#1942=CARTESIAN_POINT('Ctrl Pts',(5.75629352744416,13.3999999998459,-5.13985223291233));
#1943=CARTESIAN_POINT('Ctrl Pts',(5.78162858497913,13.3999999998493,-5.1488293485776));
#1944=CARTESIAN_POINT('Ctrl Pts',(5.80733891604565,13.3999999998529,-5.15755995756489));
#1945=CARTESIAN_POINT('Ctrl Pts',(5.83335444370095,13.3999999998544,-5.16607922621288));
#1946=CARTESIAN_POINT('Ctrl Pts',(5.85962252874977,13.3999999998569,-5.17441851344411));
#1947=CARTESIAN_POINT('Ctrl Pts',(5.88609951544723,13.3999999998592,-5.18260486498914));
#1948=CARTESIAN_POINT('Ctrl Pts',(5.91275054881105,13.39999999986,-5.19066143101096));
#1949=CARTESIAN_POINT('Ctrl Pts',(5.93954619222739,13.399999999862,-5.19860958780637));
#1950=CARTESIAN_POINT('Ctrl Pts',(5.99338207490706,13.3999999998642,-5.21432193116902));
#1951=CARTESIAN_POINT('Ctrl Pts',(6.07486310325494,13.3999999998835,-5.23734395467804));
#1952=CARTESIAN_POINT('Ctrl Pts',(6.22061328748832,13.3999999998946,-5.2777186522832));
#1953=CARTESIAN_POINT('Ctrl Pts',(6.40322347176648,13.3999999999234,-5.32854034073964));
#1954=CARTESIAN_POINT('Ctrl Pts',(6.62190433437613,13.3999999999411,-5.39327277779535));
#1955=CARTESIAN_POINT('Ctrl Pts',(6.84008903532437,13.3999999999567,-5.46429538742778));
#1956=CARTESIAN_POINT('Ctrl Pts',(7.05702880512573,13.3999999999701,-5.54401400883531));
#1957=CARTESIAN_POINT('Ctrl Pts',(7.27097374124515,13.3999999999786,-5.63470890950043));
#1958=CARTESIAN_POINT('Ctrl Pts',(7.48004486470367,13.3999999999852,-5.73898636220736));
#1959=CARTESIAN_POINT('Ctrl Pts',(7.68190767557531,13.3999999999898,-5.85965931765842));
#1960=CARTESIAN_POINT('Ctrl Pts',(7.87324977486159,13.3999999999935,-5.99924251179493));
#1961=CARTESIAN_POINT('Ctrl Pts',(8.0498348958557,13.3999999999948,-6.15888923813951));
#1962=CARTESIAN_POINT('Ctrl Pts',(8.20764935259267,13.3999999999962,-6.3376919035115));
#1963=CARTESIAN_POINT('Ctrl Pts',(8.34431359734581,13.3999999999971,-6.53249778498102));
#1964=CARTESIAN_POINT('Ctrl Pts',(8.45973148999321,13.399999999998,-6.73894701853479));
#1965=CARTESIAN_POINT('Ctrl Pts',(8.55594908192838,13.3999999999985,-6.95312159652844));
#1966=CARTESIAN_POINT('Ctrl Pts',(8.635937400856,13.399999999999,-7.17221488031987));
#1967=CARTESIAN_POINT('Ctrl Pts',(8.7026527091264,13.3999999999993,-7.39436928873467));
#1968=CARTESIAN_POINT('Ctrl Pts',(8.75862395549018,13.3999999999995,-7.61846279313853));
#1969=CARTESIAN_POINT('Ctrl Pts',(8.80581467589546,13.3999999999996,-7.84380361623801));
#1970=CARTESIAN_POINT('Ctrl Pts',(8.8456520477249,13.3999999999997,-8.06993486229157));
#1971=CARTESIAN_POINT('Ctrl Pts',(8.8791077031162,13.3999999999998,-8.29664192244151));
#1972=CARTESIAN_POINT('Ctrl Pts',(8.90673915566002,13.3999999999999,-8.52389542539455));
#1973=CARTESIAN_POINT('Ctrl Pts',(8.92869485833551,13.3999999999999,-8.75178001567626));
#1974=CARTESIAN_POINT('Ctrl Pts',(8.94469814939518,13.3999999999999,-8.98043917081619));
#1975=CARTESIAN_POINT('Ctrl Pts',(8.9539939976068,13.3999999999999,-9.20999946829476));
#1976=CARTESIAN_POINT('Ctrl Pts',(8.95535772994831,13.4,-9.44047217749604));
#1977=CARTESIAN_POINT('Ctrl Pts',(8.94707427808231,13.4,-9.67169186013461));
#1978=CARTESIAN_POINT('Ctrl Pts',(8.92692493490015,13.4,-9.90325584600063));
#1979=CARTESIAN_POINT('Ctrl Pts',(8.89209550868576,13.4,-10.1344350702149));
#1980=CARTESIAN_POINT('Ctrl Pts',(8.83916702242583,13.4,-10.3638423239151));
#1981=CARTESIAN_POINT('Ctrl Pts',(8.76425409805128,13.4,-10.5890487346719));
#1982=CARTESIAN_POINT('Ctrl Pts',(8.66346019304241,13.4,-10.8062443057392));
#1983=CARTESIAN_POINT('Ctrl Pts',(8.53413145457226,13.4,-11.009882737096));
#1984=CARTESIAN_POINT('Ctrl Pts',(8.3764348033461,13.4,-11.1935124419876));
#1985=CARTESIAN_POINT('Ctrl Pts',(8.19380446115135,13.4,-11.351974463082));
#1986=CARTESIAN_POINT('Ctrl Pts',(7.99167122043416,13.4,-11.4827408915188));
#1987=CARTESIAN_POINT('Ctrl Pts',(7.77577006314242,13.4,-11.5859717672509));
#1988=CARTESIAN_POINT('Ctrl Pts',(7.55104936909962,13.4,-11.6634417125143));
#1989=CARTESIAN_POINT('Ctrl Pts',(7.32102135016895,13.4,-11.7176933842859));
#1990=CARTESIAN_POINT('Ctrl Pts',(7.08803610154292,13.4,-11.7511108793244));
#1991=CARTESIAN_POINT('Ctrl Pts',(6.85367851035737,13.4,-11.7654488644095));
#1992=CARTESIAN_POINT('Ctrl Pts',(6.61926119383414,13.4,-11.761641937715));
#1993=CARTESIAN_POINT('Ctrl Pts',(6.38567556599762,13.4,-11.7397061794492));
#1994=CARTESIAN_POINT('Ctrl Pts',(6.15372828295986,13.4,-11.6984025415756));
#1995=CARTESIAN_POINT('Ctrl Pts',(5.92499272767957,13.4,-11.6349173996187));
#1996=CARTESIAN_POINT('Ctrl Pts',(5.70223825904637,13.4,-11.5438468502314));
#1997=CARTESIAN_POINT('Ctrl Pts',(5.49188374569212,13.4,-11.4167918176441));
#1998=CARTESIAN_POINT('Ctrl Pts',(5.30807913635949,13.4,-11.2446381724254));
#1999=CARTESIAN_POINT('Ctrl Pts',(5.1709929455057,13.4,-11.0341003349108));
#2000=CARTESIAN_POINT('Ctrl Pts',(5.07971230859295,13.4,-10.8109009547099));
#2001=CARTESIAN_POINT('Ctrl Pts',(5.01074770233339,13.4,-10.5925214900555));
#2002=CARTESIAN_POINT('Ctrl Pts',(4.94914783140982,13.4,-10.4233055960632));
#2003=CARTESIAN_POINT('Ctrl Pts',(4.88528766799177,13.4,-10.3021543541994));
#2004=CARTESIAN_POINT('Ctrl Pts',(4.80933486514836,13.4,-10.192502413888));
#2005=CARTESIAN_POINT('Ctrl Pts',(4.68812450109574,13.4,-10.0801692281964));
#2006=CARTESIAN_POINT('Ctrl Pts',(4.50590472592567,13.4,-9.98732910120766));
#2007=CARTESIAN_POINT('Ctrl Pts',(4.30209793131659,13.4,-9.92930366418591));
#2008=CARTESIAN_POINT('Ctrl Pts',(4.08760649309391,13.4,-9.89638079256764));
#2009=CARTESIAN_POINT('Ctrl Pts',(3.86803994751149,13.4,-9.8811205673964));
#2010=CARTESIAN_POINT('Ctrl Pts',(3.64639011259443,13.4,-9.87850308263357));
#2011=CARTESIAN_POINT('Ctrl Pts',(3.46077174495114,13.4,-9.88408266244394));
#2012=CARTESIAN_POINT('Ctrl Pts',(3.33052803007149,13.4,-9.89112053126052));
#2013=CARTESIAN_POINT('Ctrl Pts',(3.25595323640133,13.4,-9.89594687855824));
#2014=CARTESIAN_POINT('Ctrl Pts',(3.21883895532319,13.4,-9.89859586374763));
#2015=CARTESIAN_POINT('Ctrl Pts',(3.19999964712403,13.4,-9.90000010358514));
#2016=CARTESIAN_POINT('Ctrl Pts',(3.11520030686915,13.4149599650171,-0.235679073427615));
#2017=CARTESIAN_POINT('Ctrl Pts',(3.14346688366373,13.4149599650171,-0.190452740453678));
#2018=CARTESIAN_POINT('Ctrl Pts',(3.17173346045832,13.4149599650171,-0.145226407479742));
#2019=CARTESIAN_POINT('Ctrl Pts',(3.24109981133913,13.4149599650171,-0.0342407120798058));
#2020=CARTESIAN_POINT('Ctrl Pts',(3.32756416238068,13.4149599650171,0.0955680589552129));
#2021=CARTESIAN_POINT('Ctrl Pts',(3.47743255194892,13.4149599650171,0.281669935352408));
#2022=CARTESIAN_POINT('Ctrl Pts',(3.65764462310657,13.4149599650171,0.446886718045389));
#2023=CARTESIAN_POINT('Ctrl Pts',(3.8571044392263,13.4149599650171,0.579499378656825));
#2024=CARTESIAN_POINT('Ctrl Pts',(4.06477695533329,13.4149599650171,0.689688550214741));
#2025=CARTESIAN_POINT('Ctrl Pts',(4.2782938573042,13.4149599650171,0.784037517950891));
#2026=CARTESIAN_POINT('Ctrl Pts',(4.49680195874628,13.4149599650171,0.864657510795605));
#2027=CARTESIAN_POINT('Ctrl Pts',(4.72060964435286,13.4149599650171,0.931233248510323));
#2028=CARTESIAN_POINT('Ctrl Pts',(4.94942633368512,13.4149599650171,0.982057549693201));
#2029=CARTESIAN_POINT('Ctrl Pts',(5.18268069203937,13.4149599650171,1.01453220814809));
#2030=CARTESIAN_POINT('Ctrl Pts',(5.41923126919449,13.4149599650171,1.02550972777432));
#2031=CARTESIAN_POINT('Ctrl Pts',(5.65677517876108,13.4149599650171,1.01192812384019));
#2032=CARTESIAN_POINT('Ctrl Pts',(5.89190157695212,13.4149599650171,0.971817414067101));
#2033=CARTESIAN_POINT('Ctrl Pts',(6.12082362448397,13.4149599650171,0.905120772889886));
#2034=CARTESIAN_POINT('Ctrl Pts',(6.34032938729341,13.4149599650171,0.813727498866955));
#2035=CARTESIAN_POINT('Ctrl Pts',(6.54847973373498,13.4149599650171,0.700757137736945));
#2036=CARTESIAN_POINT('Ctrl Pts',(6.74435100741668,13.4149599650171,0.569723778393678));
#2037=CARTESIAN_POINT('Ctrl Pts',(6.92797247202711,13.4149599650171,0.423859697414097));
#2038=CARTESIAN_POINT('Ctrl Pts',(7.0999060042569,13.4149599650171,0.265771078377055));
#2039=CARTESIAN_POINT('Ctrl Pts',(7.26080250125803,13.4149599650171,0.0974910136952163));
#2040=CARTESIAN_POINT('Ctrl Pts',(7.41127836491921,13.4149599650171,-0.0794686231743997));
#2041=CARTESIAN_POINT('Ctrl Pts',(7.55177488983507,13.4149599650171,-0.264048829504664));
#2042=CARTESIAN_POINT('Ctrl Pts',(7.68250062068077,13.414959965017,-0.455531585991672));
#2043=CARTESIAN_POINT('Ctrl Pts',(7.80333275073086,13.414959965017,-0.653456762913059));
#2044=CARTESIAN_POINT('Ctrl Pts',(7.91381799395865,13.414959965017,-0.85752012197821));
#2045=CARTESIAN_POINT('Ctrl Pts',(8.01316797073666,13.4149599650169,-1.06760726773535));
#2046=CARTESIAN_POINT('Ctrl Pts',(8.10018261461983,13.4149599650168,-1.28368517405373));
#2047=CARTESIAN_POINT('Ctrl Pts',(8.17319748278071,13.4149599650167,-1.50567486600039));
#2048=CARTESIAN_POINT('Ctrl Pts',(8.23005228670455,13.4149599650166,-1.73331647034581));
#2049=CARTESIAN_POINT('Ctrl Pts',(8.26808572253485,13.4149599650164,-1.96599714731116));
#2050=CARTESIAN_POINT('Ctrl Pts',(8.28421001278389,13.4149599650161,-2.20242697200308));
#2051=CARTESIAN_POINT('Ctrl Pts',(8.27522022252844,13.4149599650157,-2.44046667975865));
#2052=CARTESIAN_POINT('Ctrl Pts',(8.23833069268659,13.4149599650151,-2.67695771265682));
#2053=CARTESIAN_POINT('Ctrl Pts',(8.17206072038917,13.4149599650143,-2.90760974952866));
#2054=CARTESIAN_POINT('Ctrl Pts',(8.07706485948185,13.4149599650132,-3.12782388879829));
#2055=CARTESIAN_POINT('Ctrl Pts',(7.9560809327143,13.4149599650116,-3.33400167325308));
#2056=CARTESIAN_POINT('Ctrl Pts',(7.81318554377667,13.4149599650094,-3.52412490263454));
#2057=CARTESIAN_POINT('Ctrl Pts',(7.65279662583411,13.4149599650076,-3.69780478960074));
#2058=CARTESIAN_POINT('Ctrl Pts',(7.47895929598389,13.4149599650021,-3.85585197900997));
#2059=CARTESIAN_POINT('Ctrl Pts',(7.29500139910157,13.4149599649962,-3.99979718390139));
#2060=CARTESIAN_POINT('Ctrl Pts',(7.10363586881676,13.4149599649868,-4.1313186457854));
#2061=CARTESIAN_POINT('Ctrl Pts',(6.90692143542095,13.4149599649753,-4.2521502262682));
#2062=CARTESIAN_POINT('Ctrl Pts',(6.70620480031844,13.4149599649564,-4.3640857904223));
#2063=CARTESIAN_POINT('Ctrl Pts',(6.50233357888924,13.4149599649358,-4.46891999585758));
#2064=CARTESIAN_POINT('Ctrl Pts',(6.33044908046528,13.4149599649004,-4.55184927709487));
#2065=CARTESIAN_POINT('Ctrl Pts',(6.19244427888053,13.4149599648864,-4.61646436875544));
#2066=CARTESIAN_POINT('Ctrl Pts',(6.07182334058488,13.4149599648687,-4.67234519271848));
#2067=CARTESIAN_POINT('Ctrl Pts',(5.96905815624614,13.4149599648304,-4.71993155649701));
#2068=CARTESIAN_POINT('Ctrl Pts',(5.89328928536744,13.4149599648275,-4.75606557128406));
#2069=CARTESIAN_POINT('Ctrl Pts',(5.85993358916348,13.4149599648238,-4.77225959617863));
#2070=CARTESIAN_POINT('Ctrl Pts',(5.83509610649195,13.4149599648212,-4.78448916163028));
#2071=CARTESIAN_POINT('Ctrl Pts',(5.81046552412226,13.4149599648196,-4.79682568546521));
#2072=CARTESIAN_POINT('Ctrl Pts',(5.78607611014342,13.4149599648165,-4.80929388895383));
#2073=CARTESIAN_POINT('Ctrl Pts',(5.76599187365297,13.4149599648128,-4.81981605815735));
#2074=CARTESIAN_POINT('Ctrl Pts',(5.75010126507352,13.4149599648116,-4.82832632937535));
#2075=CARTESIAN_POINT('Ctrl Pts',(5.73434378378529,13.4149599648103,-4.83690281364598));
#2076=CARTESIAN_POINT('Ctrl Pts',(5.71492663165544,13.4149599648055,-4.84775603083628));
#2077=CARTESIAN_POINT('Ctrl Pts',(5.69219869781485,13.4149599648006,-4.86101460733561));
#2078=CARTESIAN_POINT('Ctrl Pts',(5.67021552827802,13.4149599647952,-4.87452449999349));
#2079=CARTESIAN_POINT('Ctrl Pts',(5.64920774611554,13.4149599647886,-4.88828781722708));
#2080=CARTESIAN_POINT('Ctrl Pts',(5.63276365982918,13.4149599647846,-4.89995094783892));
#2081=CARTESIAN_POINT('Ctrl Pts',(5.62043918307614,13.4149599647829,-4.90936282344519));
#2082=CARTESIAN_POINT('Ctrl Pts',(5.61313095381373,13.4149599647809,-4.91526534986218));
#2083=CARTESIAN_POINT('Ctrl Pts',(5.60755082460723,13.4149599647803,-4.9199884764291));
#2084=CARTESIAN_POINT('Ctrl Pts',(5.60215901880742,13.4149599647798,-4.92470749082713));
#2085=CARTESIAN_POINT('Ctrl Pts',(5.59579234656483,13.414959964777,-4.93058946697952));
#2086=CARTESIAN_POINT('Ctrl Pts',(5.58880816287702,13.4149599647764,-4.93758431405909));
#2087=CARTESIAN_POINT('Ctrl Pts',(5.58357862643563,13.4149599647737,-4.94332595239512));
#2088=CARTESIAN_POINT('Ctrl Pts',(5.57976689284841,13.4149599647731,-4.94784484269923));
#2089=CARTESIAN_POINT('Ctrl Pts',(5.57754169235142,13.4149599647723,-4.9506339090249));
#2090=CARTESIAN_POINT('Ctrl Pts',(5.57585641449352,13.4149599647722,-4.95284151548537));
#2091=CARTESIAN_POINT('Ctrl Pts',(5.57484269624687,13.414959964772,-4.95421096421281));
#2092=CARTESIAN_POINT('Ctrl Pts',(5.57415383445101,13.4149599647719,-4.95516391972741));
#2093=CARTESIAN_POINT('Ctrl Pts',(5.57376611667555,13.4149599647719,-4.95570681844706));
#2094=CARTESIAN_POINT('Ctrl Pts',(5.57319045765916,13.4149599647719,-4.95651950507188));
#2095=CARTESIAN_POINT('Ctrl Pts',(5.57234917131517,13.4149599647717,-4.95773225768943));
#2096=CARTESIAN_POINT('Ctrl Pts',(5.57145362150721,13.4149599647715,-4.95906819464443));
#2097=CARTESIAN_POINT('Ctrl Pts',(5.5708904946423,13.4149599647714,-4.95993074921429));
#2098=CARTESIAN_POINT('Ctrl Pts',(5.57063422125093,13.4149599647714,-4.96032771999586));
#2099=CARTESIAN_POINT('Ctrl Pts',(5.57046434091061,13.4149599647714,-4.96059206488399));
#2100=CARTESIAN_POINT('Ctrl Pts',(5.56966430678826,13.4149599647713,-4.96184554813968));
#2101=CARTESIAN_POINT('Ctrl Pts',(5.56890574736789,13.4149599647703,-4.96308605985705));
#2102=CARTESIAN_POINT('Ctrl Pts',(5.56824202386189,13.4149599647703,-4.96421682342193));
#2103=CARTESIAN_POINT('Ctrl Pts',(5.56816652156073,13.4149599647703,-4.96434593459511));
#2104=CARTESIAN_POINT('Ctrl Pts',(5.56811007177342,13.4149599647703,-4.96444270879331));
#2105=CARTESIAN_POINT('Ctrl Pts',(5.56805379817565,13.4149599647703,-4.96453942359177));
#2106=CARTESIAN_POINT('Ctrl Pts',(5.56797900184306,13.4149599647703,-4.96466829751728));
#2107=CARTESIAN_POINT('Ctrl Pts',(5.56784872474235,13.4149599647703,-4.96489361897341));
#2108=CARTESIAN_POINT('Ctrl Pts',(5.56766437599874,13.4149599647703,-4.96521491289452));
#2109=CARTESIAN_POINT('Ctrl Pts',(5.56722753562694,13.4149599647703,-4.96598410587761));
#2110=CARTESIAN_POINT('Ctrl Pts',(5.56680472578611,13.4149599647702,-4.96674853794659));
#2111=CARTESIAN_POINT('Ctrl Pts',(5.56639560038349,13.4149599647702,-4.96750812638199));
#2112=CARTESIAN_POINT('Ctrl Pts',(5.566227420433,13.4149599647702,-4.96782382066755));
#2113=CARTESIAN_POINT('Ctrl Pts',(5.56609423177526,13.4149599647702,-4.96807589033277));
#2114=CARTESIAN_POINT('Ctrl Pts',(5.56596196486129,13.4149599647702,-4.96832764379516));
#2115=CARTESIAN_POINT('Ctrl Pts',(5.5657328002569,13.4149599647702,-4.96876733946318));
#2116=CARTESIAN_POINT('Ctrl Pts',(5.56547657460752,13.4149599647703,-4.96926801960983));
#2117=CARTESIAN_POINT('Ctrl Pts',(5.56522523218873,13.4149599647702,-4.96976658718449));
#2118=CARTESIAN_POINT('Ctrl Pts',(5.55720301710878,13.4149599647768,-4.98594006565764));
#2119=CARTESIAN_POINT('Ctrl Pts',(5.55516687933157,13.4149599648234,-5.00524861015498));
#2120=CARTESIAN_POINT('Ctrl Pts',(5.56645711869927,13.4149599648254,-5.03223258111716));
#2121=CARTESIAN_POINT('Ctrl Pts',(5.58136531251306,13.4149599648443,-5.04933429106957));
#2122=CARTESIAN_POINT('Ctrl Pts',(5.59351998559076,13.4149599648458,-5.05954032882896));
#2123=CARTESIAN_POINT('Ctrl Pts',(5.59675521045433,13.414959964846,-5.06209347920206));
#2124=CARTESIAN_POINT('Ctrl Pts',(5.59757655998823,13.414959964846,-5.06273180586055));
#2125=CARTESIAN_POINT('Ctrl Pts',(5.59781209148941,13.414959964846,-5.06291417875966));
#2126=CARTESIAN_POINT('Ctrl Pts',(5.59796934863074,13.414959964846,-5.06303576026662));
#2127=CARTESIAN_POINT('Ctrl Pts',(5.59840276938642,13.414959964846,-5.06337010562798));
#2128=CARTESIAN_POINT('Ctrl Pts',(5.59943480285163,13.414959964846,-5.06416033467098));
#2129=CARTESIAN_POINT('Ctrl Pts',(5.60072721913551,13.4149599648463,-5.06513266702418));
#2130=CARTESIAN_POINT('Ctrl Pts',(5.60204135689328,13.4149599648463,-5.06610443865679));
#2131=CARTESIAN_POINT('Ctrl Pts',(5.60336985763314,13.4149599648464,-5.06707576004095));
#2132=CARTESIAN_POINT('Ctrl Pts',(5.60505718326657,13.4149599648466,-5.0682889197365));
#2133=CARTESIAN_POINT('Ctrl Pts',(5.60781246265791,13.4149599648468,-5.07022713238214));
#2134=CARTESIAN_POINT('Ctrl Pts',(5.61029487453147,13.4149599648476,-5.07191859733181));
#2135=CARTESIAN_POINT('Ctrl Pts',(5.61247097355931,13.4149599648477,-5.07336402435089));
#2136=CARTESIAN_POINT('Ctrl Pts',(5.61393446835765,13.4149599648477,-5.07432642482823));
#2137=CARTESIAN_POINT('Ctrl Pts',(5.61578747067176,13.4149599648479,-5.07552702564169));
#2138=CARTESIAN_POINT('Ctrl Pts',(5.61804780363123,13.4149599648481,-5.07696352046678));
#2139=CARTESIAN_POINT('Ctrl Pts',(5.62034385910343,13.4149599648482,-5.0783954607406));
#2140=CARTESIAN_POINT('Ctrl Pts',(5.62267460648524,13.4149599648484,-5.07982253676053));
#2141=CARTESIAN_POINT('Ctrl Pts',(5.62582717140741,13.4149599648486,-5.08171845254069));
#2142=CARTESIAN_POINT('Ctrl Pts',(5.62984963562244,13.4149599648492,-5.08407489260262));
#2143=CARTESIAN_POINT('Ctrl Pts',(5.63356188932945,13.4149599648498,-5.08617819865152));
#2144=CARTESIAN_POINT('Ctrl Pts',(5.63607255619946,13.4149599648499,-5.08757264892193));
#2145=CARTESIAN_POINT('Ctrl Pts',(5.63775574245084,13.4149599648499,-5.08850019600863));
#2146=CARTESIAN_POINT('Ctrl Pts',(5.63987712220284,13.41495996485,-5.08965569197551));
#2147=CARTESIAN_POINT('Ctrl Pts',(5.64244960559794,13.4149599648501,-5.09103583147844));
#2148=CARTESIAN_POINT('Ctrl Pts',(5.64504803539099,13.4149599648502,-5.0924094188452));
#2149=CARTESIAN_POINT('Ctrl Pts',(5.64767150149135,13.4149599648503,-5.09377635383109));
#2150=CARTESIAN_POINT('Ctrl Pts',(5.65296681918492,13.4149599648505,-5.09649679308188));
#2151=CARTESIAN_POINT('Ctrl Pts',(5.6610850205498,13.4149599648521,-5.10052662763771));
#2152=CARTESIAN_POINT('Ctrl Pts',(5.67223180092479,13.4149599648532,-5.10578920758454));
#2153=CARTESIAN_POINT('Ctrl Pts',(5.68175361003886,13.4149599648546,-5.11008372071747));
#2154=CARTESIAN_POINT('Ctrl Pts',(5.68779905890444,13.4149599648549,-5.11272628813511));
#2155=CARTESIAN_POINT('Ctrl Pts',(5.69023044282454,13.4149599648549,-5.11377721865706));
#2156=CARTESIAN_POINT('Ctrl Pts',(5.69120415835262,13.4149599648549,-5.11419704979185));
#2157=CARTESIAN_POINT('Ctrl Pts',(5.69291119624992,13.4149599648549,-5.11493034338831));
#2158=CARTESIAN_POINT('Ctrl Pts',(5.69633722519232,13.414959964855,-5.11639131987353));
#2159=CARTESIAN_POINT('Ctrl Pts',(5.70126443187424,13.4149599648553,-5.11846257664923));
#2160=CARTESIAN_POINT('Ctrl Pts',(5.71318831642654,13.4149599648558,-5.12338414759955));
#2161=CARTESIAN_POINT('Ctrl Pts',(5.7314179168166,13.4149599648598,-5.13058638473622));
#2162=CARTESIAN_POINT('Ctrl Pts',(5.75629352744416,13.414959964863,-5.13985223291233));
#2163=CARTESIAN_POINT('Ctrl Pts',(5.78162858497913,13.4149599648664,-5.1488293485776));
#2164=CARTESIAN_POINT('Ctrl Pts',(5.80733891604565,13.41495996487,-5.15755995756489));
#2165=CARTESIAN_POINT('Ctrl Pts',(5.83335444370095,13.4149599648715,-5.16607922621288));
#2166=CARTESIAN_POINT('Ctrl Pts',(5.85962252874977,13.414959964874,-5.17441851344411));
#2167=CARTESIAN_POINT('Ctrl Pts',(5.88609951544723,13.4149599648763,-5.18260486498914));
#2168=CARTESIAN_POINT('Ctrl Pts',(5.91275054881105,13.4149599648771,-5.19066143101096));
#2169=CARTESIAN_POINT('Ctrl Pts',(5.93954619222739,13.4149599648791,-5.19860958780637));
#2170=CARTESIAN_POINT('Ctrl Pts',(5.99338207490706,13.4149599648813,-5.21432193116902));
#2171=CARTESIAN_POINT('Ctrl Pts',(6.07486310325494,13.4149599649006,-5.23734395467804));
#2172=CARTESIAN_POINT('Ctrl Pts',(6.22061328748832,13.4149599649117,-5.2777186522832));
#2173=CARTESIAN_POINT('Ctrl Pts',(6.40322347176648,13.4149599649405,-5.32854034073964));
#2174=CARTESIAN_POINT('Ctrl Pts',(6.62190433437613,13.4149599649582,-5.39327277779535));
#2175=CARTESIAN_POINT('Ctrl Pts',(6.84008903532437,13.4149599649738,-5.46429538742778));
#2176=CARTESIAN_POINT('Ctrl Pts',(7.05702880512573,13.4149599649872,-5.54401400883531));
#2177=CARTESIAN_POINT('Ctrl Pts',(7.27097374124515,13.4149599649957,-5.63470890950043));
#2178=CARTESIAN_POINT('Ctrl Pts',(7.48004486470367,13.4149599650023,-5.73898636220736));
#2179=CARTESIAN_POINT('Ctrl Pts',(7.68190767557531,13.4149599650069,-5.85965931765842));
#2180=CARTESIAN_POINT('Ctrl Pts',(7.87324977486159,13.4149599650106,-5.99924251179493));
#2181=CARTESIAN_POINT('Ctrl Pts',(8.0498348958557,13.4149599650119,-6.15888923813951));
#2182=CARTESIAN_POINT('Ctrl Pts',(8.20764935259267,13.4149599650133,-6.3376919035115));
#2183=CARTESIAN_POINT('Ctrl Pts',(8.34431359734581,13.4149599650142,-6.53249778498102));
#2184=CARTESIAN_POINT('Ctrl Pts',(8.45973148999321,13.4149599650151,-6.73894701853479));
#2185=CARTESIAN_POINT('Ctrl Pts',(8.55594908192838,13.4149599650156,-6.95312159652844));
#2186=CARTESIAN_POINT('Ctrl Pts',(8.635937400856,13.4149599650161,-7.17221488031987));
#2187=CARTESIAN_POINT('Ctrl Pts',(8.7026527091264,13.4149599650164,-7.39436928873467));
#2188=CARTESIAN_POINT('Ctrl Pts',(8.75862395549018,13.4149599650166,-7.61846279313853));
#2189=CARTESIAN_POINT('Ctrl Pts',(8.80581467589546,13.4149599650167,-7.84380361623801));
#2190=CARTESIAN_POINT('Ctrl Pts',(8.8456520477249,13.4149599650168,-8.06993486229157));
#2191=CARTESIAN_POINT('Ctrl Pts',(8.8791077031162,13.4149599650169,-8.29664192244151));
#2192=CARTESIAN_POINT('Ctrl Pts',(8.90673915566002,13.414959965017,-8.52389542539455));
#2193=CARTESIAN_POINT('Ctrl Pts',(8.92869485833551,13.414959965017,-8.75178001567626));
#2194=CARTESIAN_POINT('Ctrl Pts',(8.94469814939518,13.414959965017,-8.98043917081619));
#2195=CARTESIAN_POINT('Ctrl Pts',(8.9539939976068,13.414959965017,-9.20999946829476));
#2196=CARTESIAN_POINT('Ctrl Pts',(8.95535772994831,13.4149599650171,-9.44047217749604));
#2197=CARTESIAN_POINT('Ctrl Pts',(8.94707427808231,13.4149599650171,-9.67169186013461));
#2198=CARTESIAN_POINT('Ctrl Pts',(8.92692493490015,13.4149599650171,-9.90325584600063));
#2199=CARTESIAN_POINT('Ctrl Pts',(8.89209550868576,13.4149599650171,-10.1344350702149));
#2200=CARTESIAN_POINT('Ctrl Pts',(8.83916702242583,13.4149599650171,-10.3638423239151));
#2201=CARTESIAN_POINT('Ctrl Pts',(8.76425409805128,13.4149599650171,-10.5890487346719));
#2202=CARTESIAN_POINT('Ctrl Pts',(8.66346019304241,13.4149599650171,-10.8062443057392));
#2203=CARTESIAN_POINT('Ctrl Pts',(8.53413145457226,13.4149599650171,-11.009882737096));
#2204=CARTESIAN_POINT('Ctrl Pts',(8.3764348033461,13.4149599650171,-11.1935124419876));
#2205=CARTESIAN_POINT('Ctrl Pts',(8.19380446115135,13.4149599650171,-11.351974463082));
#2206=CARTESIAN_POINT('Ctrl Pts',(7.99167122043416,13.4149599650171,-11.4827408915188));
#2207=CARTESIAN_POINT('Ctrl Pts',(7.77577006314242,13.4149599650171,-11.5859717672509));
#2208=CARTESIAN_POINT('Ctrl Pts',(7.55104936909962,13.4149599650171,-11.6634417125143));
#2209=CARTESIAN_POINT('Ctrl Pts',(7.32102135016895,13.4149599650171,-11.7176933842859));
#2210=CARTESIAN_POINT('Ctrl Pts',(7.08803610154292,13.4149599650171,-11.7511108793244));
#2211=CARTESIAN_POINT('Ctrl Pts',(6.85367851035737,13.4149599650171,-11.7654488644095));
#2212=CARTESIAN_POINT('Ctrl Pts',(6.61926119383414,13.4149599650171,-11.761641937715));
#2213=CARTESIAN_POINT('Ctrl Pts',(6.38567556599762,13.4149599650171,-11.7397061794492));
#2214=CARTESIAN_POINT('Ctrl Pts',(6.15372828295986,13.4149599650171,-11.6984025415756));
#2215=CARTESIAN_POINT('Ctrl Pts',(5.92499272767957,13.4149599650171,-11.6349173996187));
#2216=CARTESIAN_POINT('Ctrl Pts',(5.70223825904637,13.4149599650171,-11.5438468502314));
#2217=CARTESIAN_POINT('Ctrl Pts',(5.49188374569212,13.4149599650171,-11.4167918176441));
#2218=CARTESIAN_POINT('Ctrl Pts',(5.30807913635949,13.4149599650171,-11.2446381724254));
#2219=CARTESIAN_POINT('Ctrl Pts',(5.1709929455057,13.4149599650171,-11.0341003349108));
#2220=CARTESIAN_POINT('Ctrl Pts',(5.07971230859295,13.4149599650171,-10.8109009547099));
#2221=CARTESIAN_POINT('Ctrl Pts',(5.01074770233339,13.4149599650171,-10.5925214900555));
#2222=CARTESIAN_POINT('Ctrl Pts',(4.94914783140982,13.4149599650171,-10.4233055960632));
#2223=CARTESIAN_POINT('Ctrl Pts',(4.88528766799177,13.4149599650171,-10.3021543541994));
#2224=CARTESIAN_POINT('Ctrl Pts',(4.80933486514836,13.4149599650171,-10.192502413888));
#2225=CARTESIAN_POINT('Ctrl Pts',(4.68812450109574,13.4149599650171,-10.0801692281964));
#2226=CARTESIAN_POINT('Ctrl Pts',(4.50590472592567,13.4149599650171,-9.98732910120766));
#2227=CARTESIAN_POINT('Ctrl Pts',(4.30209793131659,13.4149599650171,-9.92930366418591));
#2228=CARTESIAN_POINT('Ctrl Pts',(4.08760649309391,13.4149599650171,-9.89638079256764));
#2229=CARTESIAN_POINT('Ctrl Pts',(3.86803994751149,13.4149599650171,-9.8811205673964));
#2230=CARTESIAN_POINT('Ctrl Pts',(3.64639011259443,13.4149599650171,-9.87850308263357));
#2231=CARTESIAN_POINT('Ctrl Pts',(3.46077174495114,13.4149599650171,-9.88408266244394));
#2232=CARTESIAN_POINT('Ctrl Pts',(3.33052803007149,13.4149599650171,-9.89112053126052));
#2233=CARTESIAN_POINT('Ctrl Pts',(3.25595323640133,13.4149599650171,-9.89594687855824));
#2234=CARTESIAN_POINT('Ctrl Pts',(3.21883895532319,13.4149599650171,-9.89859586374763));
#2235=CARTESIAN_POINT('Ctrl Pts',(3.19999964712403,13.4149599650171,-9.90000010358514));
#2236=CARTESIAN_POINT('Ctrl Pts',(3.12099249124087,13.4448679641273,-0.239299203860163));
#2237=CARTESIAN_POINT('Ctrl Pts',(3.14925906803545,13.4448679641273,-0.194072870886227));
#2238=CARTESIAN_POINT('Ctrl Pts',(3.17752564483003,13.4448679641273,-0.14884653791229));
#2239=CARTESIAN_POINT('Ctrl Pts',(3.24682077101646,13.4448679641273,-0.0379661672508282));
#2240=CARTESIAN_POINT('Ctrl Pts',(3.33311053448496,13.4448679641273,0.0915644280631874));
#2241=CARTESIAN_POINT('Ctrl Pts',(3.48247649481651,13.4448679641273,0.277026369020684));
#2242=CARTESIAN_POINT('Ctrl Pts',(3.66183308466954,13.4448679641273,0.441453116301521));
#2243=CARTESIAN_POINT('Ctrl Pts',(3.86056188066401,13.4448679641273,0.573598638150656));
#2244=CARTESIAN_POINT('Ctrl Pts',(4.0677485568255,13.4448679641273,0.683532439048212));
#2245=CARTESIAN_POINT('Ctrl Pts',(4.28085927069611,13.4448679641273,0.777703083908974));
#2246=CARTESIAN_POINT('Ctrl Pts',(4.49896371245423,13.4448679641273,0.858173559874797));
#2247=CARTESIAN_POINT('Ctrl Pts',(4.72233537468626,13.4448679641273,0.924618983883234));
#2248=CARTESIAN_POINT('Ctrl Pts',(4.95065130920105,13.4448679641273,0.975330591631258));
#2249=CARTESIAN_POINT('Ctrl Pts',(5.18332471617443,13.4448679641273,1.00772277631143));
#2250=CARTESIAN_POINT('Ctrl Pts',(5.41920553393026,13.4448679641273,1.01866717070778));
#2251=CARTESIAN_POINT('Ctrl Pts',(5.65600944466226,13.4448679641273,1.00512642850384));
#2252=CARTESIAN_POINT('Ctrl Pts',(5.89036541674965,13.4448679641273,0.96514657769342));
#2253=CARTESIAN_POINT('Ctrl Pts',(6.11854058227484,13.4448679641273,0.898667965268768));
#2254=CARTESIAN_POINT('Ctrl Pts',(6.33736920946411,13.4448679641272,0.807558497771954));
#2255=CARTESIAN_POINT('Ctrl Pts',(6.54493293386599,13.4448679641272,0.694908376892491));
#2256=CARTESIAN_POINT('Ctrl Pts',(6.74031108808462,13.4448679641272,0.564206798738064));
#2257=CARTESIAN_POINT('Ctrl Pts',(6.92352271883518,13.4448679641272,0.418669862196016));
#2258=CARTESIAN_POINT('Ctrl Pts',(7.09511478748981,13.4448679641272,0.260896307034317));
#2259=CARTESIAN_POINT('Ctrl Pts',(7.25572352670756,13.4448679641272,0.0929181499829353));
#2260=CARTESIAN_POINT('Ctrl Pts',(7.40595222693918,13.4448679641272,-0.0837503093662158));
#2261=CARTESIAN_POINT('Ctrl Pts',(7.54623150377678,13.4448679641272,-0.268044631717193));
#2262=CARTESIAN_POINT('Ctrl Pts',(7.6767608128249,13.4448679641272,-0.459239666226515));
#2263=CARTESIAN_POINT('Ctrl Pts',(7.79741087020797,13.4448679641272,-0.656866730627489));
#2264=CARTESIAN_POINT('Ctrl Pts',(7.9077237904903,13.4448679641271,-0.860612317640627));
#2265=CARTESIAN_POINT('Ctrl Pts',(8.00690856622848,13.4448679641271,-1.07035109139348));
#2266=CARTESIAN_POINT('Ctrl Pts',(8.09376510351643,13.444867964127,-1.28603809243996));
#2267=CARTESIAN_POINT('Ctrl Pts',(8.16663225895717,13.4448679641269,-1.50758161283723));
#2268=CARTESIAN_POINT('Ctrl Pts',(8.22335728678066,13.4448679641267,-1.73470881487556));
#2269=CARTESIAN_POINT('Ctrl Pts',(8.26129186408396,13.4448679641265,-1.96679500594522));
#2270=CARTESIAN_POINT('Ctrl Pts',(8.27736765196493,13.4448679641262,-2.20254346627175));
#2271=CARTESIAN_POINT('Ctrl Pts',(8.26840454640957,13.4448679641259,-2.43981934534781));
#2272=CARTESIAN_POINT('Ctrl Pts',(8.23164165716613,13.4448679641253,-2.67548716650307));
#2273=CARTESIAN_POINT('Ctrl Pts',(8.16561152431499,13.4448679641245,-2.90530194897684));
#2274=CARTESIAN_POINT('Ctrl Pts',(8.07095897028935,13.4448679641234,-3.12472191022627));
#2275=CARTESIAN_POINT('Ctrl Pts',(7.95038965933676,13.4448679641218,-3.33019634573334));
#2276=CARTESIAN_POINT('Ctrl Pts',(7.80793882250365,13.4448679641196,-3.51973123214961));
#2277=CARTESIAN_POINT('Ctrl Pts',(7.64798866985065,13.4448679641177,-3.69293877519421));
#2278=CARTESIAN_POINT('Ctrl Pts',(7.47455842052714,13.4448679641122,-3.85061704145907));
#2279=CARTESIAN_POINT('Ctrl Pts',(7.29096431474966,13.4448679641062,-3.99427809237567));
#2280=CARTESIAN_POINT('Ctrl Pts',(7.09991498816913,13.4448679640969,-4.12558167594521));
#2281=CARTESIAN_POINT('Ctrl Pts',(6.90347000141021,13.4448679640853,-4.24624655930409));
#2282=CARTESIAN_POINT('Ctrl Pts',(6.70297636025617,13.4448679640664,-4.35805526637288));
#2283=CARTESIAN_POINT('Ctrl Pts',(6.49928250482984,13.4448679640457,-4.46279546962278));
#2284=CARTESIAN_POINT('Ctrl Pts',(6.32749917645227,13.4448679640102,-4.54567093842427));
#2285=CARTESIAN_POINT('Ctrl Pts',(6.18954281689789,13.4448679639962,-4.61026121790961));
#2286=CARTESIAN_POINT('Ctrl Pts',(6.06893333581112,13.4448679639783,-4.66613437053168));
#2287=CARTESIAN_POINT('Ctrl Pts',(5.96613938354026,13.44486796394,-4.71372765218478));
#2288=CARTESIAN_POINT('Ctrl Pts',(5.89030104481524,13.444867963937,-4.74989439254273));
#2289=CARTESIAN_POINT('Ctrl Pts',(5.85690383702995,13.4448679639334,-4.76610793024677));
#2290=CARTESIAN_POINT('Ctrl Pts',(5.83202783098836,13.4448679639307,-4.77835608035138));
#2291=CARTESIAN_POINT('Ctrl Pts',(5.80735160174213,13.4448679639292,-4.79071518028916));
#2292=CARTESIAN_POINT('Ctrl Pts',(5.78290650081171,13.4448679639261,-4.80321134506523));
#2293=CARTESIAN_POINT('Ctrl Pts',(5.76276625668894,13.4448679639223,-4.81376221281015));
#2294=CARTESIAN_POINT('Ctrl Pts',(5.74682394552084,13.4448679639211,-4.82229996956317));
#2295=CARTESIAN_POINT('Ctrl Pts',(5.73100951266322,13.4448679639198,-4.83090721755975));
#2296=CARTESIAN_POINT('Ctrl Pts',(5.71150957746293,13.444867963915,-4.84180581769997));
#2297=CARTESIAN_POINT('Ctrl Pts',(5.68866018397248,13.4448679639101,-4.85513423515552));
#2298=CARTESIAN_POINT('Ctrl Pts',(5.66652711220884,13.4448679639047,-4.86873492569003));
#2299=CARTESIAN_POINT('Ctrl Pts',(5.64533289978233,13.444867963898,-4.88261871136338));
#2300=CARTESIAN_POINT('Ctrl Pts',(5.62869497255506,13.444867963894,-4.89441744029153));
#2301=CARTESIAN_POINT('Ctrl Pts',(5.61618642596505,13.4448679638923,-4.90396929780065));
#2302=CARTESIAN_POINT('Ctrl Pts',(5.60874959748622,13.4448679638903,-4.90997496251729));
#2303=CARTESIAN_POINT('Ctrl Pts',(5.6030580969829,13.4448679638897,-4.91479219974788));
#2304=CARTESIAN_POINT('Ctrl Pts',(5.59754902080934,13.4448679638892,-4.91961364234192));
#2305=CARTESIAN_POINT('Ctrl Pts',(5.59102414131389,13.4448679638864,-4.92564067666504));
#2306=CARTESIAN_POINT('Ctrl Pts',(5.58383258117282,13.4448679638858,-4.93284222004885));
#2307=CARTESIAN_POINT('Ctrl Pts',(5.57841613676744,13.444867963883,-4.93878742661495));
#2308=CARTESIAN_POINT('Ctrl Pts',(5.57444853781563,13.4448679638824,-4.94349070186855));
#2309=CARTESIAN_POINT('Ctrl Pts',(5.57212359757974,13.4448679638817,-4.94640439666864));
#2310=CARTESIAN_POINT('Ctrl Pts',(5.57035763190072,13.4448679638815,-4.94871761991967));
#2311=CARTESIAN_POINT('Ctrl Pts',(5.56929313325543,13.4448679638813,-4.95015557918686));
#2312=CARTESIAN_POINT('Ctrl Pts',(5.56856862729622,13.4448679638813,-4.95115782720821));
#2313=CARTESIAN_POINT('Ctrl Pts',(5.56816051226759,13.4448679638813,-4.95172927969967));
#2314=CARTESIAN_POINT('Ctrl Pts',(5.56755423725568,13.4448679638812,-4.95258517979646));
#2315=CARTESIAN_POINT('Ctrl Pts',(5.56666692564569,13.444867963881,-4.95386418944758));
#2316=CARTESIAN_POINT('Ctrl Pts',(5.56572022023466,13.4448679638808,-4.95527634920842));
#2317=CARTESIAN_POINT('Ctrl Pts',(5.56512389114679,13.4448679638808,-4.95618973035818));
#2318=CARTESIAN_POINT('Ctrl Pts',(5.56485231158244,13.4448679638807,-4.95661040804815));
#2319=CARTESIAN_POINT('Ctrl Pts',(5.56467223096027,13.4448679638807,-4.95689062307803));
#2320=CARTESIAN_POINT('Ctrl Pts',(5.56382377480438,13.4448679638807,-4.95821995860997));
#2321=CARTESIAN_POINT('Ctrl Pts',(5.56301686144552,13.4448679638797,-4.95953907552986));
#2322=CARTESIAN_POINT('Ctrl Pts',(5.5623091555148,13.4448679638796,-4.96074475162583));
#2323=CARTESIAN_POINT('Ctrl Pts',(5.56222863012476,13.4448679638796,-4.96088244962164));
#2324=CARTESIAN_POINT('Ctrl Pts',(5.56216842000849,13.4448679638796,-4.96098567769621));
#2325=CARTESIAN_POINT('Ctrl Pts',(5.56210837668648,13.4448679638796,-4.96108885400522));
#2326=CARTESIAN_POINT('Ctrl Pts',(5.56202858336985,13.4448679638796,-4.96122637117887));
#2327=CARTESIAN_POINT('Ctrl Pts',(5.56188950754289,13.4448679638796,-4.96146683406177));
#2328=CARTESIAN_POINT('Ctrl Pts',(5.56169272109841,13.4448679638796,-4.96180993006931));
#2329=CARTESIAN_POINT('Ctrl Pts',(5.56122582788499,13.4448679638796,-4.96263171654463));
#2330=CARTESIAN_POINT('Ctrl Pts',(5.56077353971832,13.4448679638796,-4.96344988746572));
#2331=CARTESIAN_POINT('Ctrl Pts',(5.56033471843079,13.4448679638796,-4.96426397959034));
#2332=CARTESIAN_POINT('Ctrl Pts',(5.56015468512779,13.4448679638796,-4.9646027583784));
#2333=CARTESIAN_POINT('Ctrl Pts',(5.56001114723891,13.4448679638796,-4.96487299288115));
#2334=CARTESIAN_POINT('Ctrl Pts',(5.55987034592037,13.4448679638796,-4.96514377834674));
#2335=CARTESIAN_POINT('Ctrl Pts',(5.55962129467223,13.4448679638796,-4.96561471432017));
#2336=CARTESIAN_POINT('Ctrl Pts',(5.55935126610061,13.4448679638797,-4.96615541490999));
#2337=CARTESIAN_POINT('Ctrl Pts',(5.55907386995223,13.4448679638796,-4.96668885622226));
#2338=CARTESIAN_POINT('Ctrl Pts',(5.5506612148357,13.4448679638862,-4.98420731739192));
#2339=CARTESIAN_POINT('Ctrl Pts',(5.54803544548521,13.444867963933,-5.00623309059141));
#2340=CARTESIAN_POINT('Ctrl Pts',(5.56079211892926,13.444867963935,-5.0361624622831));
#2341=CARTESIAN_POINT('Ctrl Pts',(5.57659880473559,13.4448679639539,-5.0542450309394));
#2342=CARTESIAN_POINT('Ctrl Pts',(5.5892323110481,13.4448679639555,-5.06484407765302));
#2343=CARTESIAN_POINT('Ctrl Pts',(5.59257499935848,13.4448679639556,-5.06748460586543));
#2344=CARTESIAN_POINT('Ctrl Pts',(5.59342514208879,13.4448679639556,-5.06814442184278));
#2345=CARTESIAN_POINT('Ctrl Pts',(5.59366806448838,13.4448679639556,-5.06833280639082));
#2346=CARTESIAN_POINT('Ctrl Pts',(5.59383067632271,13.4448679639556,-5.06845843009156));
#2347=CARTESIAN_POINT('Ctrl Pts',(5.59427830423704,13.4448679639556,-5.06880379205464));
#2348=CARTESIAN_POINT('Ctrl Pts',(5.59534395780522,13.4448679639557,-5.06961971643906));
#2349=CARTESIAN_POINT('Ctrl Pts',(5.59667689222121,13.4448679639559,-5.07062257187888));
#2350=CARTESIAN_POINT('Ctrl Pts',(5.5980309635595,13.4448679639559,-5.07162386034069));
#2351=CARTESIAN_POINT('Ctrl Pts',(5.59939889957997,13.444867963956,-5.07262402299492));
#2352=CARTESIAN_POINT('Ctrl Pts',(5.6011346315752,13.4448679639562,-5.07387198669739));
#2353=CARTESIAN_POINT('Ctrl Pts',(5.60396553014606,13.4448679639564,-5.0758633899863));
#2354=CARTESIAN_POINT('Ctrl Pts',(5.60651151111901,13.4448679639572,-5.07759816780661));
#2355=CARTESIAN_POINT('Ctrl Pts',(5.60874048825146,13.4448679639573,-5.07907871873968));
#2356=CARTESIAN_POINT('Ctrl Pts',(5.6102387713561,13.4448679639573,-5.08006399765061));
#2357=CARTESIAN_POINT('Ctrl Pts',(5.6121343764357,13.4448679639575,-5.08129220305609));
#2358=CARTESIAN_POINT('Ctrl Pts',(5.61444448289142,13.4448679639577,-5.08276032977427));
#2359=CARTESIAN_POINT('Ctrl Pts',(5.616788966679,13.4448679639579,-5.08422247279579));
#2360=CARTESIAN_POINT('Ctrl Pts',(5.61916682398689,13.444867963958,-5.0856783932025));
#2361=CARTESIAN_POINT('Ctrl Pts',(5.62238047654457,13.4448679639582,-5.08761104585268));
#2362=CARTESIAN_POINT('Ctrl Pts',(5.62647605849556,13.4448679639588,-5.09001030430877));
#2363=CARTESIAN_POINT('Ctrl Pts',(5.63025045449612,13.4448679639594,-5.09214880916179));
#2364=CARTESIAN_POINT('Ctrl Pts',(5.63280116001094,13.4448679639595,-5.09356549807262));
#2365=CARTESIAN_POINT('Ctrl Pts',(5.63451066494355,13.4448679639595,-5.09450754816814));
#2366=CARTESIAN_POINT('Ctrl Pts',(5.63666421054577,13.4448679639596,-5.09568056518888));
#2367=CARTESIAN_POINT('Ctrl Pts',(5.63927420788553,13.4448679639597,-5.09708082890982));
#2368=CARTESIAN_POINT('Ctrl Pts',(5.64190907707241,13.4448679639599,-5.09847367989371));
#2369=CARTESIAN_POINT('Ctrl Pts',(5.6445679460018,13.44486796396,-5.09985905762794));
#2370=CARTESIAN_POINT('Ctrl Pts',(5.64993205125261,13.4448679639602,-5.10261483932466));
#2371=CARTESIAN_POINT('Ctrl Pts',(5.6581457657875,13.4448679639617,-5.10669200536463));
#2372=CARTESIAN_POINT('Ctrl Pts',(5.66940627454208,13.4448679639628,-5.11200819429249));
#2373=CARTESIAN_POINT('Ctrl Pts',(5.67901256614516,13.4448679639642,-5.1163407529242));
#2374=CARTESIAN_POINT('Ctrl Pts',(5.68510676714619,13.4448679639645,-5.11900462064306));
#2375=CARTESIAN_POINT('Ctrl Pts',(5.68755708926934,13.4448679639646,-5.12006373776947));
#2376=CARTESIAN_POINT('Ctrl Pts',(5.68853833253969,13.4448679639646,-5.12048681543921));
#2377=CARTESIAN_POINT('Ctrl Pts',(5.69025839696082,13.4448679639646,-5.12122570098895));
#2378=CARTESIAN_POINT('Ctrl Pts',(5.69370996068271,13.4448679639647,-5.12269757312123));
#2379=CARTESIAN_POINT('Ctrl Pts',(5.69867211127525,13.4448679639649,-5.12478350062655));
#2380=CARTESIAN_POINT('Ctrl Pts',(5.71067555810592,13.4448679639655,-5.1297379186723));
#2381=CARTESIAN_POINT('Ctrl Pts',(5.72900833389943,13.4448679639695,-5.13698069403436));
#2382=CARTESIAN_POINT('Ctrl Pts',(5.75399653606453,13.4448679639727,-5.14628831242092));
#2383=CARTESIAN_POINT('Ctrl Pts',(5.77942409325566,13.4448679639761,-5.1552980481927));
#2384=CARTESIAN_POINT('Ctrl Pts',(5.80521093476544,13.4448679639797,-5.16405449965676));
#2385=CARTESIAN_POINT('Ctrl Pts',(5.83129045042308,13.4448679639812,-5.17259464874873));
#2386=CARTESIAN_POINT('Ctrl Pts',(5.85761178241954,13.4448679639837,-5.180950748652));
#2387=CARTESIAN_POINT('Ctrl Pts',(5.88413305051472,13.444867963986,-5.18915069468734));
#2388=CARTESIAN_POINT('Ctrl Pts',(5.91082160073822,13.4448679639868,-5.19721858169114));
#2389=CARTESIAN_POINT('Ctrl Pts',(5.93764762290807,13.4448679639888,-5.20517564330833));
#2390=CARTESIAN_POINT('Ctrl Pts',(5.99153532855486,13.444867963991,-5.22090309197354));
#2391=CARTESIAN_POINT('Ctrl Pts',(6.07305433462007,13.4448679640104,-5.24393496137178));
#2392=CARTESIAN_POINT('Ctrl Pts',(6.21881915797277,13.4448679640215,-5.28431333840769));
#2393=CARTESIAN_POINT('Ctrl Pts',(6.40136580308292,13.4448679640504,-5.33511632674552));
#2394=CARTESIAN_POINT('Ctrl Pts',(6.61990077250886,13.4448679640681,-5.39980544817026));
#2395=CARTESIAN_POINT('Ctrl Pts',(6.83787291205657,13.4448679640838,-5.47075899385203));
#2396=CARTESIAN_POINT('Ctrl Pts',(7.05453473145698,13.4448679640972,-5.55037605590477));
#2397=CARTESIAN_POINT('Ctrl Pts',(7.26813135535945,13.4448679641057,-5.64092452564313));
#2398=CARTESIAN_POINT('Ctrl Pts',(7.47678010547548,13.4448679641124,-5.74499316057723));
#2399=CARTESIAN_POINT('Ctrl Pts',(7.67814880624765,13.4448679641171,-5.86537344779802));
#2400=CARTESIAN_POINT('Ctrl Pts',(7.86894328311316,13.4448679641207,-6.00455994591487));
#2401=CARTESIAN_POINT('Ctrl Pts',(8.04496944059213,13.444867964122,-6.16370407847744));
#2402=CARTESIAN_POINT('Ctrl Pts',(8.20227070586981,13.4448679641235,-6.34192430918546));
#2403=CARTESIAN_POINT('Ctrl Pts',(8.33851269962229,13.4448679641243,-6.53612562295516));
#2404=CARTESIAN_POINT('Ctrl Pts',(8.45361463497076,13.4448679641253,-6.74200520499754));
#2405=CARTESIAN_POINT('Ctrl Pts',(8.5496104409404,13.4448679641258,-6.95568134614253));
#2406=CARTESIAN_POINT('Ctrl Pts',(8.62944792610125,13.4448679641262,-7.17435739245963));
#2407=CARTESIAN_POINT('Ctrl Pts',(8.6960614720741,13.4448679641265,-7.39616976741899));
#2408=CARTESIAN_POINT('Ctrl Pts',(8.75196330949042,13.4448679641267,-7.61998309960431));
#2409=CARTESIAN_POINT('Ctrl Pts',(8.79910557249205,13.4448679641269,-7.8450909587557));
#2410=CARTESIAN_POINT('Ctrl Pts',(8.83890797756548,13.444867964127,-8.07102271276958));
#2411=CARTESIAN_POINT('Ctrl Pts',(8.87233737898065,13.4448679641271,-8.29755131976185));
#2412=CARTESIAN_POINT('Ctrl Pts',(8.89994826649662,13.4448679641271,-8.52463565475644));
#2413=CARTESIAN_POINT('Ctrl Pts',(8.92188735836231,13.4448679641272,-8.75234853038477));
#2414=CARTESIAN_POINT('Ctrl Pts',(8.93787738685503,13.4448679641272,-8.98082061344031));
#2415=CARTESIAN_POINT('Ctrl Pts',(8.94716423355882,13.4448679641272,-9.2101647379201));
#2416=CARTESIAN_POINT('Ctrl Pts',(8.94852594595236,13.4448679641272,-9.44037912938998));
#2417=CARTESIAN_POINT('Ctrl Pts',(8.94025309487717,13.4448679641272,-9.67128475050826));
#2418=CARTESIAN_POINT('Ctrl Pts',(8.92013607386461,13.4448679641272,-9.90246425656517));
#2419=CARTESIAN_POINT('Ctrl Pts',(8.88537575214879,13.4448679641272,-10.1331733424854));
#2420=CARTESIAN_POINT('Ctrl Pts',(8.83257628844841,13.4448679641272,-10.3620107706626));
#2421=CARTESIAN_POINT('Ctrl Pts',(8.7578841756758,13.4448679641272,-10.5865433619995));
#2422=CARTESIAN_POINT('Ctrl Pts',(8.65744112506058,13.4448679641272,-10.8029740713481));
#2423=CARTESIAN_POINT('Ctrl Pts',(8.52861955231529,13.4448679641272,-11.0058089098436));
#2424=CARTESIAN_POINT('Ctrl Pts',(8.37157685383773,13.4448679641273,-11.1886759594053));
#2425=CARTESIAN_POINT('Ctrl Pts',(8.18969624073886,13.4448679641273,-11.3464888534779));
#2426=CARTESIAN_POINT('Ctrl Pts',(7.9883394043264,13.4448679641273,-11.4767567407805));
#2427=CARTESIAN_POINT('Ctrl Pts',(7.7731880794807,13.4448679641273,-11.5796321239713));
#2428=CARTESIAN_POINT('Ctrl Pts',(7.54915967119744,13.4448679641273,-11.6568660454759));
#2429=CARTESIAN_POINT('Ctrl Pts',(7.31975992640833,13.4448679641273,-11.7109714603919));
#2430=CARTESIAN_POINT('Ctrl Pts',(7.08734774183525,13.4448679641273,-11.744307683143));
#2431=CARTESIAN_POINT('Ctrl Pts',(6.85352733439731,13.4448679641273,-11.7586134942946));
#2432=CARTESIAN_POINT('Ctrl Pts',(6.61963400963783,13.4448679641273,-11.7548149390292));
#2433=CARTESIAN_POINT('Ctrl Pts',(6.38658699881925,13.4448679641273,-11.73292947314));
#2434=CARTESIAN_POINT('Ctrl Pts',(6.15522720509745,13.4448679641273,-11.6917285560665));
#2435=CARTESIAN_POINT('Ctrl Pts',(5.92717795695367,13.4448679641273,-11.6284304477011));
#2436=CARTESIAN_POINT('Ctrl Pts',(5.70527317813771,13.4448679641273,-11.5376993867414));
#2437=CARTESIAN_POINT('Ctrl Pts',(5.49599164178569,13.4448679641273,-11.411271232304));
#2438=CARTESIAN_POINT('Ctrl Pts',(5.31337108150663,13.4448679641273,-11.2402094767114));
#2439=CARTESIAN_POINT('Ctrl Pts',(5.17712444480888,13.4448679641273,-11.0309967893436));
#2440=CARTESIAN_POINT('Ctrl Pts',(5.08618238771695,13.4448679641273,-10.8086924666255));
#2441=CARTESIAN_POINT('Ctrl Pts',(5.01726217184922,13.4448679641273,-10.5904876284366));
#2442=CARTESIAN_POINT('Ctrl Pts',(4.9554747916246,13.4448679641273,-10.4206534124565));
#2443=CARTESIAN_POINT('Ctrl Pts',(4.89116385893224,13.4448679641273,-10.2986328274445));
#2444=CARTESIAN_POINT('Ctrl Pts',(4.81451269638287,13.4448679641273,-10.1879644367556));
#2445=CARTESIAN_POINT('Ctrl Pts',(4.69200653571666,13.4448679641273,-10.0744365654874));
#2446=CARTESIAN_POINT('Ctrl Pts',(4.5082962167189,13.4448679641273,-9.98089386137286));
#2447=CARTESIAN_POINT('Ctrl Pts',(4.30348120560506,13.4448679641273,-9.92260037519057));
#2448=CARTESIAN_POINT('Ctrl Pts',(4.0883054844135,13.4448679641272,-9.88957957054948));
#2449=CARTESIAN_POINT('Ctrl Pts',(3.86827615054263,13.4448679641273,-9.87429196584471));
#2450=CARTESIAN_POINT('Ctrl Pts',(3.64628590699547,13.4448679641273,-9.87167262571962));
#2451=CARTESIAN_POINT('Ctrl Pts',(3.46046385192743,13.4448679641273,-9.87725913993024));
#2452=CARTESIAN_POINT('Ctrl Pts',(3.33008418130302,13.4448679641273,-9.88430488540383));
#2453=CARTESIAN_POINT('Ctrl Pts',(3.25546396044202,13.4448679641273,-9.88913401051919));
#2454=CARTESIAN_POINT('Ctrl Pts',(3.21828369600333,13.4448679641273,-9.89178789349751));
#2455=CARTESIAN_POINT('Ctrl Pts',(3.19949193078458,13.4448679641273,-9.89318857157954));
#2456=CARTESIAN_POINT('Ctrl Pts',(3.14532251937398,13.4808586121219,-0.254505535291796));
#2457=CARTESIAN_POINT('Ctrl Pts',(3.17358909616856,13.4808586121219,-0.209279202317859));
#2458=CARTESIAN_POINT('Ctrl Pts',(3.20185567296315,13.4808586121219,-0.164052869343922));
#2459=CARTESIAN_POINT('Ctrl Pts',(3.27084945331503,13.4808586121219,-0.0536583802610656));
#2460=CARTESIAN_POINT('Ctrl Pts',(3.35640185343721,13.4808586121219,0.074763646084702));
#2461=CARTESIAN_POINT('Ctrl Pts',(3.50366140552462,13.4808586121219,0.25750139578365));
#2462=CARTESIAN_POINT('Ctrl Pts',(3.67942712735067,13.4808586121219,0.418634553813958));
#2463=CARTESIAN_POINT('Ctrl Pts',(3.87508615029585,13.4808586121219,0.548809399642711));
#2464=CARTESIAN_POINT('Ctrl Pts',(4.08023001855922,13.4808586121219,0.65767214187965));
#2465=CARTESIAN_POINT('Ctrl Pts',(4.29162477453273,13.4808586121219,0.751088967987186));
#2466=CARTESIAN_POINT('Ctrl Pts',(4.50805019097576,13.4808586121219,0.830938950872399));
#2467=CARTESIAN_POINT('Ctrl Pts',(4.72958188320335,13.4808586121219,0.896833754841002));
#2468=CARTESIAN_POINT('Ctrl Pts',(4.95579908394172,13.4808586121219,0.947074186336539));
#2469=CARTESIAN_POINT('Ctrl Pts',(5.18602912846464,13.4808586121219,0.979118841727309));
#2470=CARTESIAN_POINT('Ctrl Pts',(5.41909808092238,13.4808586121219,0.989924894143491));
#2471=CARTESIAN_POINT('Ctrl Pts',(5.6527928920136,13.4808586121219,0.976555384312672));
#2472=CARTESIAN_POINT('Ctrl Pts',(5.88391262370306,13.4808586121219,0.937125409785596));
#2473=CARTESIAN_POINT('Ctrl Pts',(6.10895195104453,13.4808586121219,0.871563360772153));
#2474=CARTESIAN_POINT('Ctrl Pts',(6.32493475134415,13.4808586121219,0.781645666004444));
#2475=CARTESIAN_POINT('Ctrl Pts',(6.53003461395507,13.4808586121219,0.67034088316529));
#2476=CARTESIAN_POINT('Ctrl Pts',(6.72334134390499,13.4808586121219,0.5410328019863));
#2477=CARTESIAN_POINT('Ctrl Pts',(6.90483143556933,13.4808586121219,0.396869899579891));
#2478=CARTESIAN_POINT('Ctrl Pts',(7.07498930626599,13.4808586121219,0.240420045997882));
#2479=CARTESIAN_POINT('Ctrl Pts',(7.23438924799848,13.4808586121218,0.073709884976042));
#2480=CARTESIAN_POINT('Ctrl Pts',(7.3835799157091,13.4808586121218,-0.101735331803243));
#2481=CARTESIAN_POINT('Ctrl Pts',(7.52294645378109,13.4808586121218,-0.284828993519045));
#2482=CARTESIAN_POINT('Ctrl Pts',(7.65265090966628,13.4808586121218,-0.474815403117961));
#2483=CARTESIAN_POINT('Ctrl Pts',(7.77253612611006,13.4808586121218,-0.671190290591476));
#2484=CARTESIAN_POINT('Ctrl Pts',(7.88212524175522,13.4808586121217,-0.873601082343082));
#2485=CARTESIAN_POINT('Ctrl Pts',(7.98061610523364,13.4808586121217,-1.08187655056025));
#2486=CARTESIAN_POINT('Ctrl Pts',(8.06680855689694,13.4808586121216,-1.29592156467422));
#2487=CARTESIAN_POINT('Ctrl Pts',(8.13905530078929,13.4808586121215,-1.51559098820178));
#2488=CARTESIAN_POINT('Ctrl Pts',(8.19523528181757,13.4808586121214,-1.7405574481979));
#2489=CARTESIAN_POINT('Ctrl Pts',(8.23275472945564,13.4808586121212,-1.9701465422711));
#2490=CARTESIAN_POINT('Ctrl Pts',(8.24862697617608,13.4808586121209,-2.20303294926447));
#2491=CARTESIAN_POINT('Ctrl Pts',(8.23977628124935,13.4808586121205,-2.43710042499967));
#2492=CARTESIAN_POINT('Ctrl Pts',(8.20354574449689,13.4808586121199,-2.6693105525996));
#2493=CARTESIAN_POINT('Ctrl Pts',(8.13852358183184,13.4808586121191,-2.89560868829511));
#2494=CARTESIAN_POINT('Ctrl Pts',(8.0453136906854,13.480858612118,-3.11169309825586));
#2495=CARTESIAN_POINT('Ctrl Pts',(7.92648692320266,13.4808586121164,-3.31421338035282));
#2496=CARTESIAN_POINT('Ctrl Pts',(7.78590481641803,13.4808586121142,-3.5012774748943));
#2497=CARTESIAN_POINT('Ctrl Pts',(7.62779820465893,13.4808586121123,-3.67250183830178));
#2498=CARTESIAN_POINT('Ctrl Pts',(7.45608161756596,13.4808586121068,-3.82863147033348));
#2499=CARTESIAN_POINT('Ctrl Pts',(7.27401903526243,13.4808586121008,-3.9711005661183));
#2500=CARTESIAN_POINT('Ctrl Pts',(7.08430379438163,13.4808586120915,-4.10149112723396));
#2501=CARTESIAN_POINT('Ctrl Pts',(6.88899737120085,13.4808586120798,-4.22145885990868));
#2502=CARTESIAN_POINT('Ctrl Pts',(6.68945226817478,13.4808586120609,-4.33273917397448));
#2503=CARTESIAN_POINT('Ctrl Pts',(6.48651514146594,13.4808586120402,-4.43709015114645));
#2504=CARTESIAN_POINT('Ctrl Pts',(6.31517959966426,13.4808586120046,-4.51974759528643));
#2505=CARTESIAN_POINT('Ctrl Pts',(6.17743381435255,13.4808586119906,-4.58423804169515));
#2506=CARTESIAN_POINT('Ctrl Pts',(6.0568885719156,13.4808586119728,-4.64008016125126));
#2507=CARTESIAN_POINT('Ctrl Pts',(5.9539822105592,13.4808586119343,-4.68772087594649));
#2508=CARTESIAN_POINT('Ctrl Pts',(5.87785939275851,13.4808586119314,-4.72402250523939));
#2509=CARTESIAN_POINT('Ctrl Pts',(5.84428707097497,13.4808586119277,-4.74032068424365));
#2510=CARTESIAN_POINT('Ctrl Pts',(5.81925246073322,13.4808586119251,-4.75264659093094));
#2511=CARTESIAN_POINT('Ctrl Pts',(5.79438440005896,13.4808586119235,-4.76510153522483));
#2512=CARTESIAN_POINT('Ctrl Pts',(5.76970776037523,13.4808586119204,-4.77771561795021));
#2513=CARTESIAN_POINT('Ctrl Pts',(5.74933410622346,13.4808586119166,-4.78838821911008));
#2514=CARTESIAN_POINT('Ctrl Pts',(5.73317551520973,13.4808586119154,-4.79704161778028));
#2515=CARTESIAN_POINT('Ctrl Pts',(5.71712251478181,13.4808586119141,-4.80577853167663));
#2516=CARTESIAN_POINT('Ctrl Pts',(5.69727766763596,13.4808586119093,-4.81686898550622));
#2517=CARTESIAN_POINT('Ctrl Pts',(5.67392092817345,13.4808586119044,-4.83049203726827));
#2518=CARTESIAN_POINT('Ctrl Pts',(5.65116133936743,13.480858611899,-4.84447568621385));
#2519=CARTESIAN_POINT('Ctrl Pts',(5.62918789386206,13.4808586118923,-4.85886688351123));
#2520=CARTESIAN_POINT('Ctrl Pts',(5.61173799116776,13.4808586118883,-4.87123701097684));
#2521=CARTESIAN_POINT('Ctrl Pts',(5.59845726682704,13.4808586118866,-4.88137687993486));
#2522=CARTESIAN_POINT('Ctrl Pts',(5.5904814117609,13.4808586118846,-4.8878166054969));
#2523=CARTESIAN_POINT('Ctrl Pts',(5.58432241943459,13.480858611884,-4.89302910324666));
#2524=CARTESIAN_POINT('Ctrl Pts',(5.5783210680843,13.4808586118835,-4.89828104924236));
#2525=CARTESIAN_POINT('Ctrl Pts',(5.57113321113837,13.4808586118807,-4.90491806888497));
#2526=CARTESIAN_POINT('Ctrl Pts',(5.56307101441995,13.4808586118801,-4.91298806093204));
#2527=CARTESIAN_POINT('Ctrl Pts',(5.55687108858563,13.4808586118773,-4.91978904436518));
#2528=CARTESIAN_POINT('Ctrl Pts',(5.55224903741095,13.4808586118767,-4.92526703948167));
#2529=CARTESIAN_POINT('Ctrl Pts',(5.54950563563062,13.480858611876,-4.92870439751521));
#2530=CARTESIAN_POINT('Ctrl Pts',(5.5474007826793,13.4808586118758,-4.93146133508983));
#2531=CARTESIAN_POINT('Ctrl Pts',(5.54612312718325,13.4808586118756,-4.93318710692355));
#2532=CARTESIAN_POINT('Ctrl Pts',(5.5452489069045,13.4808586118756,-4.93439643128864));
#2533=CARTESIAN_POINT('Ctrl Pts',(5.54475513094387,13.4808586118755,-4.93508782382248));
#2534=CARTESIAN_POINT('Ctrl Pts',(5.54402026448738,13.4808586118755,-4.93612525090549));
#2535=CARTESIAN_POINT('Ctrl Pts',(5.54293974292157,13.4808586118753,-4.93768262407712));
#2536=CARTESIAN_POINT('Ctrl Pts',(5.54177825912888,13.4808586118751,-4.93941500602671));
#2537=CARTESIAN_POINT('Ctrl Pts',(5.54104250691484,13.480858611875,-4.9405419030857));
#2538=CARTESIAN_POINT('Ctrl Pts',(5.54070663768051,13.480858611875,-4.94106216305622));
#2539=CARTESIAN_POINT('Ctrl Pts',(5.54048371425835,13.480858611875,-4.94140904284093));
#2540=CARTESIAN_POINT('Ctrl Pts',(5.53943188214053,13.480858611875,-4.9430570023815));
#2541=CARTESIAN_POINT('Ctrl Pts',(5.53842241336699,13.480858611874,-4.94470654221182));
#2542=CARTESIAN_POINT('Ctrl Pts',(5.53752997642412,13.4808586118739,-4.94622691517215));
#2543=CARTESIAN_POINT('Ctrl Pts',(5.53742835888364,13.4808586118739,-4.94640068265821));
#2544=CARTESIAN_POINT('Ctrl Pts',(5.53735233661505,13.4808586118739,-4.9465310140843));
#2545=CARTESIAN_POINT('Ctrl Pts',(5.53727649582661,13.4808586118739,-4.94666134780195));
#2546=CARTESIAN_POINT('Ctrl Pts',(5.53717564063428,13.4808586118739,-4.9468351391317));
#2547=CARTESIAN_POINT('Ctrl Pts',(5.53699976757519,13.4808586118739,-4.94713927535672));
#2548=CARTESIAN_POINT('Ctrl Pts',(5.5367504654725,13.4808586118739,-4.94757383040017));
#2549=CARTESIAN_POINT('Ctrl Pts',(5.53615800924604,13.4808586118739,-4.9486168359568));
#2550=CARTESIAN_POINT('Ctrl Pts',(5.5355808611657,13.4808586118739,-4.94966027699027));
#2551=CARTESIAN_POINT('Ctrl Pts',(5.53501856448922,13.4808586118739,-4.95070387627957));
#2552=CARTESIAN_POINT('Ctrl Pts',(5.53478706843705,13.4808586118739,-4.95113887367192));
#2553=CARTESIAN_POINT('Ctrl Pts',(5.53460287691587,13.4808586118739,-4.95148666925094));
#2554=CARTESIAN_POINT('Ctrl Pts',(5.53442071771992,13.4808586118739,-4.95183493641128));
#2555=CARTESIAN_POINT('Ctrl Pts',(5.53410173817786,13.4808586118739,-4.95244317603542));
#2556=CARTESIAN_POINT('Ctrl Pts',(5.5337482973269,13.4808586118739,-4.95314062295097));
#2557=CARTESIAN_POINT('Ctrl Pts',(5.5333938168648,13.4808586118739,-4.95383501032252));
#2558=CARTESIAN_POINT('Ctrl Pts',(5.52226708998092,13.4808586118805,-4.9765191658375));
#2559=CARTESIAN_POINT('Ctrl Pts',(5.51806041575892,13.4808586119273,-5.01028097341327));
#2560=CARTESIAN_POINT('Ctrl Pts',(5.53670466052333,13.4808586119293,-5.05254924722815));
#2561=CARTESIAN_POINT('Ctrl Pts',(5.55648681226908,13.4808586119483,-5.07481928268659));
#2562=CARTESIAN_POINT('Ctrl Pts',(5.57108059461792,13.4808586119498,-5.08706218646794));
#2563=CARTESIAN_POINT('Ctrl Pts',(5.57489269294994,13.48085861195,-5.09007192907078));
#2564=CARTESIAN_POINT('Ctrl Pts',(5.57585765635646,13.48085861195,-5.09082136809734));
#2565=CARTESIAN_POINT('Ctrl Pts',(5.57613362626691,13.48085861195,-5.09103521660976));
#2566=CARTESIAN_POINT('Ctrl Pts',(5.57631805244791,13.48085861195,-5.09117774811968));
#2567=CARTESIAN_POINT('Ctrl Pts',(5.57682575727952,13.48085861195,-5.09156943003275));
#2568=CARTESIAN_POINT('Ctrl Pts',(5.5780323237367,13.48085861195,-5.09249326820103));
#2569=CARTESIAN_POINT('Ctrl Pts',(5.5795358567078,13.4808586119503,-5.0936244339171));
#2570=CARTESIAN_POINT('Ctrl Pts',(5.58105760356898,13.4808586119503,-5.09474971548198));
#2571=CARTESIAN_POINT('Ctrl Pts',(5.5825912805353,13.4808586119504,-5.09587104980388));
#2572=CARTESIAN_POINT('Ctrl Pts',(5.58453048810137,13.4808586119506,-5.09726528633099));
#2573=CARTESIAN_POINT('Ctrl Pts',(5.5876791344761,13.4808586119507,-5.0994801585391));
#2574=CARTESIAN_POINT('Ctrl Pts',(5.59049272823986,13.4808586119516,-5.10139714510321));
#2575=CARTESIAN_POINT('Ctrl Pts',(5.59294386979305,13.4808586119517,-5.10302525959494));
#2576=CARTESIAN_POINT('Ctrl Pts',(5.59458832405958,13.4808586119517,-5.10410665754123));
#2577=CARTESIAN_POINT('Ctrl Pts',(5.59666301395102,13.4808586119519,-5.10545087708545));
#2578=CARTESIAN_POINT('Ctrl Pts',(5.59918231221387,13.4808586119521,-5.10705192755607));
#2579=CARTESIAN_POINT('Ctrl Pts',(5.6017303486055,13.4808586119522,-5.10864099599029));
#2580=CARTESIAN_POINT('Ctrl Pts',(5.60430621244617,13.4808586119524,-5.11021813367588));
#2581=CARTESIAN_POINT('Ctrl Pts',(5.60777661308365,13.4808586119526,-5.11230516641513));
#2582=CARTESIAN_POINT('Ctrl Pts',(5.61217973535631,13.4808586119532,-5.11488447119769));
#2583=CARTESIAN_POINT('Ctrl Pts',(5.61621557057639,13.4808586119538,-5.11717101627096));
#2584=CARTESIAN_POINT('Ctrl Pts',(5.61893451958998,13.4808586119539,-5.1186811475379));
#2585=CARTESIAN_POINT('Ctrl Pts',(5.62075458949357,13.4808586119539,-5.11968412406629));
#2586=CARTESIAN_POINT('Ctrl Pts',(5.62304335870225,13.480858611954,-5.12093078685166));
#2587=CARTESIAN_POINT('Ctrl Pts',(5.62581101468607,13.4808586119541,-5.12241562423188));
#2588=CARTESIAN_POINT('Ctrl Pts',(5.6285990449629,13.4808586119543,-5.12388942840912));
#2589=CARTESIAN_POINT('Ctrl Pts',(5.63140671035953,13.4808586119543,-5.12535232827635));
#2590=CARTESIAN_POINT('Ctrl Pts',(5.63705991884483,13.4808586119545,-5.12825660979795));
#2591=CARTESIAN_POINT('Ctrl Pts',(5.64567620807326,13.4808586119561,-5.13253323677641));
#2592=CARTESIAN_POINT('Ctrl Pts',(5.65741539201829,13.4808586119572,-5.13807504217583));
#2593=CARTESIAN_POINT('Ctrl Pts',(5.66737780105612,13.4808586119586,-5.14256798068084));
#2594=CARTESIAN_POINT('Ctrl Pts',(5.67367708991107,13.4808586119589,-5.14532146990037));
#2595=CARTESIAN_POINT('Ctrl Pts',(5.67620698957094,13.480858611959,-5.14641498235128));
#2596=CARTESIAN_POINT('Ctrl Pts',(5.67721984719173,13.480858611959,-5.14685169052599));
#2597=CARTESIAN_POINT('Ctrl Pts',(5.67899467131804,13.480858611959,-5.14761410042884));
#2598=CARTESIAN_POINT('Ctrl Pts',(5.68255350153871,13.4808586119591,-5.14913170612938));
#2599=CARTESIAN_POINT('Ctrl Pts',(5.68766272498052,13.4808586119593,-5.15127944873408));
#2600=CARTESIAN_POINT('Ctrl Pts',(5.7000005745061,13.4808586119599,-5.15637182261585));
#2601=CARTESIAN_POINT('Ctrl Pts',(5.71876983725936,13.4808586119639,-5.16378636504491));
#2602=CARTESIAN_POINT('Ctrl Pts',(5.74423327127025,13.4808586119671,-5.17327045386812));
#2603=CARTESIAN_POINT('Ctrl Pts',(5.77005194918073,13.4808586119705,-5.18241840048167));
#2604=CARTESIAN_POINT('Ctrl Pts',(5.79616278828518,13.4808586119741,-5.1912846042587));
#2605=CARTESIAN_POINT('Ctrl Pts',(5.82251229495722,13.4808586119756,-5.19991300151171));
#2606=CARTESIAN_POINT('Ctrl Pts',(5.84905884832921,13.4808586119781,-5.20834045811642));
#2607=CARTESIAN_POINT('Ctrl Pts',(5.87576841079554,13.4808586119804,-5.21659851535333));
#2608=CARTESIAN_POINT('Ctrl Pts',(5.90261409374645,13.4808586119812,-5.22471382899904));
#2609=CARTESIAN_POINT('Ctrl Pts',(5.92957099920419,13.4808586119832,-5.23270966043542));
#2610=CARTESIAN_POINT('Ctrl Pts',(5.98367395579431,13.4808586119855,-5.24849976439678));
#2611=CARTESIAN_POINT('Ctrl Pts',(6.06537104268177,13.4808586120048,-5.27158108682672));
#2612=CARTESIAN_POINT('Ctrl Pts',(6.21120106478668,13.480858612016,-5.31197712293955));
#2613=CARTESIAN_POINT('Ctrl Pts',(6.39350838239828,13.480858612045,-5.36271352296862));
#2614=CARTESIAN_POINT('Ctrl Pts',(6.6114407935476,13.4808586120627,-5.42722572206097));
#2615=CARTESIAN_POINT('Ctrl Pts',(6.82853288369626,13.4808586120783,-5.49789491238748));
#2616=CARTESIAN_POINT('Ctrl Pts',(7.04403652823855,13.4808586120918,-5.57708983542015));
#2617=CARTESIAN_POINT('Ctrl Pts',(7.25617657717028,13.4808586121003,-5.66702617849337));
#2618=CARTESIAN_POINT('Ctrl Pts',(7.46305586809299,13.480858612107,-5.7702200580465));
#2619=CARTESIAN_POINT('Ctrl Pts',(7.66235291580772,13.4808586121117,-5.88937247293653));
#2620=CARTESIAN_POINT('Ctrl Pts',(7.85084935365313,13.4808586121153,-6.02689435270621));
#2621=CARTESIAN_POINT('Ctrl Pts',(8.02452899564163,13.4808586121166,-6.18392541110053));
#2622=CARTESIAN_POINT('Ctrl Pts',(8.17967433990144,13.4808586121181,-6.35970149395655));
#2623=CARTESIAN_POINT('Ctrl Pts',(8.31414334434957,13.4808586121189,-6.55136292074516));
#2624=CARTESIAN_POINT('Ctrl Pts',(8.42791901556203,13.4808586121199,-6.75485051816012));
#2625=CARTESIAN_POINT('Ctrl Pts',(8.52298359891161,13.4808586121204,-6.9664329372475));
#2626=CARTESIAN_POINT('Ctrl Pts',(8.60218794620475,13.4808586121209,-7.18335659955223));
#2627=CARTESIAN_POINT('Ctrl Pts',(8.66837431310961,13.4808586121211,-7.40373233276875));
#2628=CARTESIAN_POINT('Ctrl Pts',(8.72398482425688,13.4808586121214,-7.62636889143966));
#2629=CARTESIAN_POINT('Ctrl Pts',(8.77092369701533,13.4808586121215,-7.85049826193653));
#2630=CARTESIAN_POINT('Ctrl Pts',(8.81057934275636,13.4808586121216,-8.07559208048248));
#2631=CARTESIAN_POINT('Ctrl Pts',(8.8438985530688,13.4808586121217,-8.30137115897959));
#2632=CARTESIAN_POINT('Ctrl Pts',(8.87142313193126,13.4808586121217,-8.52774489834112));
#2633=CARTESIAN_POINT('Ctrl Pts',(8.8932925071745,13.4808586121218,-8.75473652995112));
#2634=CARTESIAN_POINT('Ctrl Pts',(8.90922691035601,13.4808586121218,-8.98242278453761));
#2635=CARTESIAN_POINT('Ctrl Pts',(8.91847584571381,13.4808586121218,-9.21085885721081));
#2636=CARTESIAN_POINT('Ctrl Pts',(8.91982923911407,13.4808586121218,-9.43998823499841));
#2637=CARTESIAN_POINT('Ctrl Pts',(8.91160070469614,13.4808586121218,-9.66957458577259));
#2638=CARTESIAN_POINT('Ctrl Pts',(8.8916195584831,13.4808586121219,-9.89913921555728));
#2639=CARTESIAN_POINT('Ctrl Pts',(8.857149784102,13.4808586121219,-10.1278730168245));
#2640=CARTESIAN_POINT('Ctrl Pts',(8.8048919466539,13.4808586121219,-10.3543176172784));
#2641=CARTESIAN_POINT('Ctrl Pts',(8.73112792400478,13.4808586121219,-10.5760171456257));
#2642=CARTESIAN_POINT('Ctrl Pts',(8.63215747738238,13.4808586121219,-10.7892378504363));
#2643=CARTESIAN_POINT('Ctrl Pts',(8.50546571975673,13.4808586121219,-10.9886966820953));
#2644=CARTESIAN_POINT('Ctrl Pts',(8.35117075315566,13.4808586121219,-11.1683596334608));
#2645=CARTESIAN_POINT('Ctrl Pts',(8.17243860173816,13.4808586121219,-11.3234491347765));
#2646=CARTESIAN_POINT('Ctrl Pts',(7.97434452936968,13.4808586121219,-11.451619989903));
#2647=CARTESIAN_POINT('Ctrl Pts',(7.76234257261227,13.4808586121219,-11.553002795293));
#2648=CARTESIAN_POINT('Ctrl Pts',(7.54122217417425,13.4808586121219,-11.6292449123219));
#2649=CARTESIAN_POINT('Ctrl Pts',(7.31446103307257,13.4808586121219,-11.6827355388228));
#2650=CARTESIAN_POINT('Ctrl Pts',(7.0844566237337,13.4808586121219,-11.7157310909221));
#2651=CARTESIAN_POINT('Ctrl Pts',(6.85289201270518,13.4808586121219,-11.729900958693));
#2652=CARTESIAN_POINT('Ctrl Pts',(6.62120029419739,13.4808586121219,-11.7261384520318));
#2653=CARTESIAN_POINT('Ctrl Pts',(6.39041435876294,13.4808586121219,-11.7044620539716));
#2654=CARTESIAN_POINT('Ctrl Pts',(6.16152395506837,13.4808586121219,-11.6636950938738));
#2655=CARTESIAN_POINT('Ctrl Pts',(5.93635420220587,13.4808586121219,-11.6011778010839));
#2656=CARTESIAN_POINT('Ctrl Pts',(5.71802373662343,13.4808586121219,-11.5118761215614));
#2657=CARTESIAN_POINT('Ctrl Pts',(5.51324542968424,13.4808586121219,-11.388081280559));
#2658=CARTESIAN_POINT('Ctrl Pts',(5.33559633756686,13.4808586121219,-11.2216033061088));
#2659=CARTESIAN_POINT('Ctrl Pts',(5.20287662900554,13.4808586121219,-11.017953841896));
#2660=CARTESIAN_POINT('Ctrl Pts',(5.11335337131694,13.4808586121219,-10.7994111886552));
#2661=CARTESIAN_POINT('Ctrl Pts',(5.0446289700995,13.4808586121219,-10.5819133983603));
#2662=CARTESIAN_POINT('Ctrl Pts',(4.98203406919687,13.4808586121219,-10.4095370713342));
#2663=CARTESIAN_POINT('Ctrl Pts',(4.91582919423916,13.4808586121219,-10.2838395437809));
#2664=CARTESIAN_POINT('Ctrl Pts',(4.83627374700815,13.4808586121219,-10.1688855709851));
#2665=CARTESIAN_POINT('Ctrl Pts',(4.70829709311067,13.4808586121219,-10.050350201515));
#2666=CARTESIAN_POINT('Ctrl Pts',(4.51839520904436,13.4808586121219,-9.95386958013785));
#2667=CARTESIAN_POINT('Ctrl Pts',(4.30933791192536,13.4808586121219,-9.89444349338131));
#2668=CARTESIAN_POINT('Ctrl Pts',(4.09130729635517,13.4808586121219,-9.86101598847607));
#2669=CARTESIAN_POINT('Ctrl Pts',(3.86933578900811,13.4808586121219,-9.84560611353161));
#2670=CARTESIAN_POINT('Ctrl Pts',(3.64594540137876,13.4808586121219,-9.84297616302429));
#2671=CARTESIAN_POINT('Ctrl Pts',(3.45926198157632,13.4808586121219,-9.84859094081582));
#2672=CARTESIAN_POINT('Ctrl Pts',(3.32836918240632,13.4808586121219,-9.8556648054334));
#2673=CARTESIAN_POINT('Ctrl Pts',(3.25349857900753,13.4808586121219,-9.86051012743956));
#2674=CARTESIAN_POINT('Ctrl Pts',(3.21617157718845,13.4808586121219,-9.86317456429345));
#2675=CARTESIAN_POINT('Ctrl Pts',(3.1973592720103,13.4808586121219,-9.86457678115812));
#2676=CARTESIAN_POINT('Ctrl Pts',(3.17169354877617,13.4958285430886,-0.270987497872728));
#2677=CARTESIAN_POINT('Ctrl Pts',(3.19996012557075,13.4958285430886,-0.225761164898791));
#2678=CARTESIAN_POINT('Ctrl Pts',(3.22822670236534,13.4958285430886,-0.180534831924854));
#2679=CARTESIAN_POINT('Ctrl Pts',(3.29689419726869,13.4958285430886,-0.0706601698282137));
#2680=CARTESIAN_POINT('Ctrl Pts',(3.38164800657945,13.4958285430886,0.0565509000199138));
#2681=CARTESIAN_POINT('Ctrl Pts',(3.52662381401792,13.4958285430886,0.236341597998252));
#2682=CARTESIAN_POINT('Ctrl Pts',(3.69849703282496,13.4958285430886,0.393900962328444));
#2683=CARTESIAN_POINT('Ctrl Pts',(3.89082862845975,13.4958285430886,0.521941142541328));
#2684=CARTESIAN_POINT('Ctrl Pts',(4.09375864136874,13.4958285430886,0.629642722388081));
#2685=CARTESIAN_POINT('Ctrl Pts',(4.30329502222507,13.4958285430886,0.722243241842126));
#2686=CARTESIAN_POINT('Ctrl Pts',(4.5178979693045,13.4958285430886,0.801419495749529));
#2687=CARTESIAN_POINT('Ctrl Pts',(4.73743666566963,13.4958285430886,0.866717996853078));
#2688=CARTESIAN_POINT('Ctrl Pts',(4.96137833951877,13.4958285430886,0.916447382386656));
#2689=CARTESIAN_POINT('Ctrl Pts',(5.18896053534308,13.4958285430886,0.948115527159167));
#2690=CARTESIAN_POINT('Ctrl Pts',(5.41898151232422,13.4958285430886,0.958771506874021));
#2691=CARTESIAN_POINT('Ctrl Pts',(5.64930652313335,13.4958285430886,0.945587657595945));
#2692=CARTESIAN_POINT('Ctrl Pts',(5.87691854333468,13.4958285430886,0.906753655453279));
#2693=CARTESIAN_POINT('Ctrl Pts',(6.09855874795056,13.4958285430886,0.842184943403458));
#2694=CARTESIAN_POINT('Ctrl Pts',(6.31145722905281,13.4958285430886,0.753559052563049));
#2695=CARTESIAN_POINT('Ctrl Pts',(6.51388650344853,13.4958285430886,0.643712438854758));
#2696=CARTESIAN_POINT('Ctrl Pts',(6.70494805363533,13.4958285430886,0.515914775668753));
#2697=CARTESIAN_POINT('Ctrl Pts',(6.88457219494841,13.4958285430886,0.373241193550223));
#2698=CARTESIAN_POINT('Ctrl Pts',(7.05317553707201,13.4958285430886,0.218226040841863));
#2699=CARTESIAN_POINT('Ctrl Pts',(7.21126528897099,13.4958285430886,0.052890271533203));
#2700=CARTESIAN_POINT('Ctrl Pts',(7.35933081798467,13.4958285430886,-0.121229111177343));
#2701=CARTESIAN_POINT('Ctrl Pts',(7.49770807907205,13.4958285430886,-0.303021360801109));
#2702=CARTESIAN_POINT('Ctrl Pts',(7.62651845264912,13.4958285430886,-0.491697764142165));
#2703=CARTESIAN_POINT('Ctrl Pts',(7.74557467427182,13.4958285430885,-0.686715425202405));
#2704=CARTESIAN_POINT('Ctrl Pts',(7.85437926089773,13.4958285430885,-0.887679447560581));
#2705=CARTESIAN_POINT('Ctrl Pts',(7.95211799897777,13.4958285430884,-1.09436885176293));
#2706=CARTESIAN_POINT('Ctrl Pts',(8.03759064982917,13.4958285430884,-1.30663413445969));
#2707=CARTESIAN_POINT('Ctrl Pts',(8.10916492842228,13.4958285430883,-1.52427223976737));
#2708=CARTESIAN_POINT('Ctrl Pts',(8.16475412764819,13.4958285430881,-1.74689669687831));
#2709=CARTESIAN_POINT('Ctrl Pts',(8.20182360158362,13.4958285430879,-1.97377921133703));
#2710=CARTESIAN_POINT('Ctrl Pts',(8.21747520224275,13.4958285430876,-2.20356347062022));
#2711=CARTESIAN_POINT('Ctrl Pts',(8.20874629742474,13.4958285430872,-2.43415338758587));
#2712=CARTESIAN_POINT('Ctrl Pts',(8.17309270858953,13.4958285430866,-2.66261573051626));
#2713=CARTESIAN_POINT('Ctrl Pts',(8.10916299035672,13.4958285430858,-2.88510217769233));
#2714=CARTESIAN_POINT('Ctrl Pts',(8.01751668960075,13.4958285430847,-3.09757116232895));
#2715=CARTESIAN_POINT('Ctrl Pts',(7.90057849498226,13.4958285430831,-3.29688943196641));
#2716=CARTESIAN_POINT('Ctrl Pts',(7.76202166431176,13.4958285430809,-3.48127538003617));
#2717=CARTESIAN_POINT('Ctrl Pts',(7.60591316466497,13.495828543079,-3.6503500578046));
#2718=CARTESIAN_POINT('Ctrl Pts',(7.43605341203185,13.4958285430735,-3.80480098287586));
#2719=CARTESIAN_POINT('Ctrl Pts',(7.25565029346979,13.4958285430675,-3.94597787682062));
#2720=CARTESIAN_POINT('Ctrl Pts',(7.06738013133685,13.4958285430582,-4.07537848291211));
#2721=CARTESIAN_POINT('Ctrl Pts',(6.87330672473662,13.4958285430465,-4.19459010258612));
#2722=CARTESIAN_POINT('Ctrl Pts',(6.67478787260788,13.4958285430275,-4.30529699706951));
#2723=CARTESIAN_POINT('Ctrl Pts',(6.47266912029443,13.4958285430068,-4.40922521415871));
#2724=CARTESIAN_POINT('Ctrl Pts',(6.30181535108068,13.4958285429711,-4.49164508755028));
#2725=CARTESIAN_POINT('Ctrl Pts',(6.16429669256649,13.4958285429571,-4.55602663778709));
#2726=CARTESIAN_POINT('Ctrl Pts',(6.04381855158516,13.4958285429392,-4.61183493435525));
#2727=CARTESIAN_POINT('Ctrl Pts',(5.94078902968421,13.4958285429007,-4.65952418051039));
#2728=CARTESIAN_POINT('Ctrl Pts',(5.86435672077996,13.4958285428977,-4.69597241795082));
#2729=CARTESIAN_POINT('Ctrl Pts',(5.83059471178883,13.495828542894,-4.71236191883523));
#2730=CARTESIAN_POINT('Ctrl Pts',(5.80538768862809,13.4958285428914,-4.7247721532664));
#2731=CARTESIAN_POINT('Ctrl Pts',(5.78031171857254,13.4958285428898,-4.73733082321672));
#2732=CARTESIAN_POINT('Ctrl Pts',(5.75538374461316,13.4958285428867,-4.75007264263439));
#2733=CARTESIAN_POINT('Ctrl Pts',(5.73475681012228,13.4958285428829,-4.76087700336118));
#2734=CARTESIAN_POINT('Ctrl Pts',(5.71836365539695,13.4958285428817,-4.76965571528573));
#2735=CARTESIAN_POINT('Ctrl Pts',(5.70205197139128,13.4958285428804,-4.77853310304992));
#2736=CARTESIAN_POINT('Ctrl Pts',(5.68183283652392,13.4958285428756,-4.78983131309656));
#2737=CARTESIAN_POINT('Ctrl Pts',(5.65792574484193,13.4958285428707,-4.80377351672404));
#2738=CARTESIAN_POINT('Ctrl Pts',(5.6344865883953,13.4958285428652,-4.81817200478278));
#2739=CARTESIAN_POINT('Ctrl Pts',(5.61166793531281,13.4958285428585,-4.83311296242698));
#2740=CARTESIAN_POINT('Ctrl Pts',(5.59333758897113,13.4958285428546,-4.84610213686085));
#2741=CARTESIAN_POINT('Ctrl Pts',(5.57921975255523,13.4958285428528,-4.85687934156714));
#2742=CARTESIAN_POINT('Ctrl Pts',(5.5706594721178,13.4958285428508,-4.86378941054734));
#2743=CARTESIAN_POINT('Ctrl Pts',(5.56399372038119,13.4958285428502,-4.86943033443197));
#2744=CARTESIAN_POINT('Ctrl Pts',(5.55745874791488,13.4958285428498,-4.87514885806616));
#2745=CARTESIAN_POINT('Ctrl Pts',(5.54955205127516,13.4958285428469,-4.88244692860838));
#2746=CARTESIAN_POINT('Ctrl Pts',(5.54054611184889,13.4958285428463,-4.89145818701997));
#2747=CARTESIAN_POINT('Ctrl Pts',(5.53349672515305,13.4958285428435,-4.89918662869139));
#2748=CARTESIAN_POINT('Ctrl Pts',(5.52816528034287,13.4958285428429,-4.90550430022173));
#2749=CARTESIAN_POINT('Ctrl Pts',(5.52496823552477,13.4958285428422,-4.90950922519875));
#2750=CARTESIAN_POINT('Ctrl Pts',(5.52249606019217,13.495828542842,-4.91274708822358));
#2751=CARTESIAN_POINT('Ctrl Pts',(5.52098734364523,13.4958285428418,-4.91478481127444));
#2752=CARTESIAN_POINT('Ctrl Pts',(5.51995084841995,13.4958285428418,-4.91621857954773));
#2753=CARTESIAN_POINT('Ctrl Pts',(5.51936422283321,13.4958285428417,-4.91703997365253));
#2754=CARTESIAN_POINT('Ctrl Pts',(5.51848997593615,13.4958285428417,-4.91827415425777));
#2755=CARTESIAN_POINT('Ctrl Pts',(5.51720001775635,13.4958285428415,-4.92013323430517));
#2756=CARTESIAN_POINT('Ctrl Pts',(5.51580572248587,13.4958285428413,-4.92221269363503));
#2757=CARTESIAN_POINT('Ctrl Pts',(5.51491884452261,13.4958285428412,-4.92357101504479));
#2758=CARTESIAN_POINT('Ctrl Pts',(5.51451329188084,13.4958285428412,-4.92419921082155));
#2759=CARTESIAN_POINT('Ctrl Pts',(5.51424393112057,13.4958285428412,-4.92461834737774));
#2760=CARTESIAN_POINT('Ctrl Pts',(5.51297165900192,13.4958285428412,-4.92661165859904));
#2761=CARTESIAN_POINT('Ctrl Pts',(5.51174255581105,13.4958285428402,-4.92861930191816));
#2762=CARTESIAN_POINT('Ctrl Pts',(5.51064988847118,13.4958285428401,-4.93048076679962));
#2763=CARTESIAN_POINT('Ctrl Pts',(5.51052540825452,13.4958285428401,-4.93069362948429));
#2764=CARTESIAN_POINT('Ctrl Pts',(5.51043225003355,13.4958285428401,-4.93085333886989));
#2765=CARTESIAN_POINT('Ctrl Pts',(5.51033928072119,13.4958285428401,-4.9310131056915));
#2766=CARTESIAN_POINT('Ctrl Pts',(5.51021560811156,13.4958285428401,-4.93122621912626));
#2767=CARTESIAN_POINT('Ctrl Pts',(5.50999982560959,13.4958285428401,-4.93159935886243));
#2768=CARTESIAN_POINT('Ctrl Pts',(5.5096936449218,13.4958285428401,-4.93213306415831));
#2769=CARTESIAN_POINT('Ctrl Pts',(5.5089649868092,13.4958285428401,-4.93341579934692));
#2770=CARTESIAN_POINT('Ctrl Pts',(5.50825266703078,13.4958285428401,-4.9347034800322));
#2771=CARTESIAN_POINT('Ctrl Pts',(5.50755633900003,13.4958285428401,-4.93599575087121));
#2772=CARTESIAN_POINT('Ctrl Pts',(5.50726932533937,13.4958285428401,-4.93653515568615));
#2773=CARTESIAN_POINT('Ctrl Pts',(5.50704062800125,13.4958285428401,-4.93696682129209));
#2774=CARTESIAN_POINT('Ctrl Pts',(5.50681450518666,13.4958285428401,-4.93739945593642));
#2775=CARTESIAN_POINT('Ctrl Pts',(5.50641759822104,13.4958285428401,-4.93815556433655));
#2776=CARTESIAN_POINT('Ctrl Pts',(5.50597773505275,13.4958285428401,-4.93902468757377));
#2777=CARTESIAN_POINT('Ctrl Pts',(5.50553463152143,13.4958285428401,-4.93989125565029));
#2778=CARTESIAN_POINT('Ctrl Pts',(5.49163453452795,13.4958285428467,-4.96825030834024));
#2779=CARTESIAN_POINT('Ctrl Pts',(5.48557389211772,13.4958285428936,-5.01468213086255));
#2780=CARTESIAN_POINT('Ctrl Pts',(5.51064227556752,13.4958285428957,-5.07032960451557));
#2781=CARTESIAN_POINT('Ctrl Pts',(5.53470182025276,13.4958285429147,-5.09712782270009));
#2782=CARTESIAN_POINT('Ctrl Pts',(5.55142832738127,13.4958285429162,-5.11115357706107));
#2783=CARTESIAN_POINT('Ctrl Pts',(5.55574639008445,13.4958285429163,-5.11456316431044));
#2784=CARTESIAN_POINT('Ctrl Pts',(5.55683676649269,13.4958285429163,-5.11540984545394));
#2785=CARTESIAN_POINT('Ctrl Pts',(5.55714824233228,13.4958285429163,-5.11565126080768));
#2786=CARTESIAN_POINT('Ctrl Pts',(5.55735641911842,13.4958285429163,-5.11581212968485));
#2787=CARTESIAN_POINT('Ctrl Pts',(5.55792917792305,13.4958285429163,-5.11625401022055));
#2788=CARTESIAN_POINT('Ctrl Pts',(5.55928852649537,13.4958285429164,-5.11729481788867));
#2789=CARTESIAN_POINT('Ctrl Pts',(5.56097690612861,13.4958285429166,-5.11856504218706));
#2790=CARTESIAN_POINT('Ctrl Pts',(5.56268040472376,13.4958285429167,-5.11982471717313));
#2791=CARTESIAN_POINT('Ctrl Pts',(5.56439371170581,13.4958285429167,-5.12107738424889));
#2792=CARTESIAN_POINT('Ctrl Pts',(5.56655344130128,13.495828542917,-5.12263015179734));
#2793=CARTESIAN_POINT('Ctrl Pts',(5.57004647351416,13.4958285429171,-5.12508723273466));
#2794=CARTESIAN_POINT('Ctrl Pts',(5.57315003691995,13.495828542918,-5.12720167034494));
#2795=CARTESIAN_POINT('Ctrl Pts',(5.57584197196793,13.495828542918,-5.12898972318355));
#2796=CARTESIAN_POINT('Ctrl Pts',(5.5776448526635,13.4958285429181,-5.13017530053855));
#2797=CARTESIAN_POINT('Ctrl Pts',(5.57991362973538,13.4958285429183,-5.13164525683137));
#2798=CARTESIAN_POINT('Ctrl Pts',(5.58265964992758,13.4958285429185,-5.13339037328355));
#2799=CARTESIAN_POINT('Ctrl Pts',(5.58542829422423,13.4958285429186,-5.13511700542131));
#2800=CARTESIAN_POINT('Ctrl Pts',(5.58821875593237,13.4958285429188,-5.13682552020002));
#2801=CARTESIAN_POINT('Ctrl Pts',(5.59196741927092,13.495828542919,-5.13907987316477));
#2802=CARTESIAN_POINT('Ctrl Pts',(5.59670381660974,13.4958285429196,-5.14185429855913));
#2803=CARTESIAN_POINT('Ctrl Pts',(5.60102295827485,13.4958285429202,-5.14430127321626));
#2804=CARTESIAN_POINT('Ctrl Pts',(5.60392425478867,13.4958285429203,-5.14591268098293));
#2805=CARTESIAN_POINT('Ctrl Pts',(5.60586416263196,13.4958285429203,-5.14698169390788));
#2806=CARTESIAN_POINT('Ctrl Pts',(5.60829948167516,13.4958285429204,-5.14830817282967));
#2807=CARTESIAN_POINT('Ctrl Pts',(5.61123800920469,13.4958285429205,-5.14988467200877));
#2808=CARTESIAN_POINT('Ctrl Pts',(5.61419203365928,13.4958285429206,-5.15144621466984));
#2809=CARTESIAN_POINT('Ctrl Pts',(5.61716096412319,13.4958285429207,-5.15299313147117));
#2810=CARTESIAN_POINT('Ctrl Pts',(5.62312750284596,13.4958285429209,-5.15605836327473));
#2811=CARTESIAN_POINT('Ctrl Pts',(5.63217992287366,13.4958285429225,-5.16055108242302));
#2812=CARTESIAN_POINT('Ctrl Pts',(5.64443778669243,13.4958285429236,-5.16633736306501));
#2813=CARTESIAN_POINT('Ctrl Pts',(5.65478599133437,13.495828542925,-5.1710040460492));
#2814=CARTESIAN_POINT('Ctrl Pts',(5.66130752469082,13.4958285429253,-5.1738546514766));
#2815=CARTESIAN_POINT('Ctrl Pts',(5.66392367314949,13.4958285429253,-5.17498544342847));
#2816=CARTESIAN_POINT('Ctrl Pts',(5.66497079811156,13.4958285429254,-5.17543692657163));
#2817=CARTESIAN_POINT('Ctrl Pts',(5.66680496906711,13.4958285429254,-5.17622482869337));
#2818=CARTESIAN_POINT('Ctrl Pts',(5.67048006294594,13.4958285429255,-5.17779200972172));
#2819=CARTESIAN_POINT('Ctrl Pts',(5.67574865125375,13.4958285429257,-5.18000672306714));
#2820=CARTESIAN_POINT('Ctrl Pts',(5.68844892424395,13.4958285429263,-5.18524862849123));
#2821=CARTESIAN_POINT('Ctrl Pts',(5.70769080413428,13.4958285429303,-5.19284911415837));
#2822=CARTESIAN_POINT('Ctrl Pts',(5.73366897700301,13.4958285429335,-5.20252431807698));
#2823=CARTESIAN_POINT('Ctrl Pts',(5.75991118208778,13.4958285429369,-5.21182188317375));
#2824=CARTESIAN_POINT('Ctrl Pts',(5.78637278822217,13.4958285429405,-5.22080685786977));
#2825=CARTESIAN_POINT('Ctrl Pts',(5.81301474528038,13.495828542942,-5.22953082160029));
#2826=CARTESIAN_POINT('Ctrl Pts',(5.83980516918672,13.4958285429445,-5.23803550562925));
#2827=CARTESIAN_POINT('Ctrl Pts',(5.8667184625728,13.4958285429468,-5.24635639093705));
#2828=CARTESIAN_POINT('Ctrl Pts',(5.89373453140424,13.4958285429477,-5.25452312967807));
#2829=CARTESIAN_POINT('Ctrl Pts',(5.92083278587252,13.4958285429497,-5.26256076923765));
#2830=CARTESIAN_POINT('Ctrl Pts',(5.97516943153692,13.4958285429519,-5.27841890907651));
#2831=CARTESIAN_POINT('Ctrl Pts',(6.05705662906853,13.4958285429713,-5.30155256390673));
#2832=CARTESIAN_POINT('Ctrl Pts',(6.20295673813044,13.4958285429825,-5.3419673950082));
#2833=CARTESIAN_POINT('Ctrl Pts',(6.38500032950648,13.4958285430115,-5.39262974552126));
#2834=CARTESIAN_POINT('Ctrl Pts',(6.60227802559367,13.4958285430293,-5.45694939285675));
#2835=CARTESIAN_POINT('Ctrl Pts',(6.81841423184142,13.495828543045,-5.5273094727592));
#2836=CARTESIAN_POINT('Ctrl Pts',(7.03266107794123,13.4958285430585,-5.60604614504642));
#2837=CARTESIAN_POINT('Ctrl Pts',(7.24322134223202,13.495828543067,-5.69531854794993));
#2838=CARTESIAN_POINT('Ctrl Pts',(7.44818199779291,13.4958285430737,-5.79756391704477));
#2839=CARTESIAN_POINT('Ctrl Pts',(7.64523300126951,13.4958285430784,-5.91538522387504));
#2840=CARTESIAN_POINT('Ctrl Pts',(7.83123826988122,13.495828543082,-6.05110257695283));
#2841=CARTESIAN_POINT('Ctrl Pts',(8.00237433098526,13.4958285430834,-6.20584360226767));
#2842=CARTESIAN_POINT('Ctrl Pts',(8.15518293937705,13.4958285430848,-6.37897013148485));
#2843=CARTESIAN_POINT('Ctrl Pts',(8.28773011621283,13.4958285430857,-6.56787866830762));
#2844=CARTESIAN_POINT('Ctrl Pts',(8.40006812242495,13.4958285430867,-6.76877349141219));
#2845=CARTESIAN_POINT('Ctrl Pts',(8.49412330382076,13.4958285430872,-6.97808655649313));
#2846=CARTESIAN_POINT('Ctrl Pts',(8.57264133176712,13.4958285430876,-7.19311079619112));
#2847=CARTESIAN_POINT('Ctrl Pts',(8.6383646415831,13.4958285430879,-7.41192935988486));
#2848=CARTESIAN_POINT('Ctrl Pts',(8.69365935228323,13.4958285430881,-7.63329041390623));
#2849=CARTESIAN_POINT('Ctrl Pts',(8.74037774850828,13.4958285430882,-7.85635920042458));
#2850=CARTESIAN_POINT('Ctrl Pts',(8.77987430500492,13.4958285430884,-8.08054478603166));
#2851=CARTESIAN_POINT('Ctrl Pts',(8.81307406660634,13.4958285430884,-8.30551144963989));
#2852=CARTESIAN_POINT('Ctrl Pts',(8.84050508484658,13.4958285430885,-8.53111498388429));
#2853=CARTESIAN_POINT('Ctrl Pts',(8.86229888613797,13.4958285430885,-8.75732486103841));
#2854=CARTESIAN_POINT('Ctrl Pts',(8.87817298453362,13.4958285430886,-8.9841593707113));
#2855=CARTESIAN_POINT('Ctrl Pts',(8.88738084400045,13.4958285430886,-9.21161121971598));
#2856=CARTESIAN_POINT('Ctrl Pts',(8.88872519455188,13.4958285430886,-9.43956455648624));
#2857=CARTESIAN_POINT('Ctrl Pts',(8.88054472765239,13.4958285430886,-9.66772097472696));
#2858=CARTESIAN_POINT('Ctrl Pts',(8.86071083794489,13.4958285430886,-9.8955352391189));
#2859=CARTESIAN_POINT('Ctrl Pts',(8.82655594136178,13.4958285430886,-10.1221281267662));
#2860=CARTESIAN_POINT('Ctrl Pts',(8.7748852182545,13.4958285430886,-10.3459790566719));
#2861=CARTESIAN_POINT('Ctrl Pts',(8.70212705173151,13.4958285430886,-10.5646082832253));
#2862=CARTESIAN_POINT('Ctrl Pts',(8.60475292457818,13.4958285430886,-10.7743492644886));
#2863=CARTESIAN_POINT('Ctrl Pts',(8.48036973155756,13.4958285430886,-10.9701489639753));
#2864=CARTESIAN_POINT('Ctrl Pts',(8.3290528723072,13.4958285430886,-11.1463391206155));
#2865=CARTESIAN_POINT('Ctrl Pts',(8.15373342192682,13.4958285430886,-11.2984762575994));
#2866=CARTESIAN_POINT('Ctrl Pts',(7.95917558830735,13.4958285430886,-11.4243746211867));
#2867=CARTESIAN_POINT('Ctrl Pts',(7.75058724098872,13.4958285430886,-11.5241395347572));
#2868=CARTESIAN_POINT('Ctrl Pts',(7.53261878923822,13.4958285430886,-11.59930670755));
#2869=CARTESIAN_POINT('Ctrl Pts',(7.30871767111518,13.4958285430886,-11.6521310407656));
#2870=CARTESIAN_POINT('Ctrl Pts',(7.08132292303619,13.4958285430886,-11.6847572322));
#2871=CARTESIAN_POINT('Ctrl Pts',(6.85220344335995,13.4958285430886,-11.6987798775003));
#2872=CARTESIAN_POINT('Ctrl Pts',(6.62289792845068,13.4958285430886,-11.6950563048313));
#2873=CARTESIAN_POINT('Ctrl Pts',(6.39456296242939,13.4958285430886,-11.6736068554559));
#2874=CARTESIAN_POINT('Ctrl Pts',(6.16834884338193,13.4958285430886,-11.633309867542));
#2875=CARTESIAN_POINT('Ctrl Pts',(5.94630066385994,13.4958285430886,-11.5716396467922));
#2876=CARTESIAN_POINT('Ctrl Pts',(5.73184353925653,13.4958285430886,-11.4838867296884));
#2877=CARTESIAN_POINT('Ctrl Pts',(5.53194682551107,13.4958285430886,-11.3629460876969));
#2878=CARTESIAN_POINT('Ctrl Pts',(5.3596865814218,13.4958285430886,-11.2014368415826));
#2879=CARTESIAN_POINT('Ctrl Pts',(5.23078960782777,13.4958285430886,-11.0038177688575));
#2880=CARTESIAN_POINT('Ctrl Pts',(5.14280470346102,13.4958285430886,-10.7893520331019));
#2881=CARTESIAN_POINT('Ctrl Pts',(5.07429107709647,13.4958285430886,-10.5726247533442));
#2882=CARTESIAN_POINT('Ctrl Pts',(5.01082403220618,13.4958285430886,-10.3974844168076));
#2883=CARTESIAN_POINT('Ctrl Pts',(4.94256641235047,13.4958285430886,-10.2678054569207));
#2884=CARTESIAN_POINT('Ctrl Pts',(4.85985847222071,13.4958285430886,-10.1482088991972));
#2885=CARTESIAN_POINT('Ctrl Pts',(4.72595672818466,13.4958285430886,-10.02424427329));
#2886=CARTESIAN_POINT('Ctrl Pts',(4.52933299157123,13.4958285430886,-9.92457720048241));
#2887=CARTESIAN_POINT('Ctrl Pts',(4.31567867218967,13.4958285430886,-9.86392454580803));
#2888=CARTESIAN_POINT('Ctrl Pts',(4.09455062409577,13.4958285430886,-9.83005549168784));
#2889=CARTESIAN_POINT('Ctrl Pts',(3.87047374115447,13.4958285430886,-9.81451422808212));
#2890=CARTESIAN_POINT('Ctrl Pts',(3.64556109149426,13.4958285430886,-9.81187321873103));
#2891=CARTESIAN_POINT('Ctrl Pts',(3.45794495436939,13.4958285430886,-9.81751876658561));
#2892=CARTESIAN_POINT('Ctrl Pts',(3.32648689579081,13.4958285430886,-9.82462388785908));
#2893=CARTESIAN_POINT('Ctrl Pts',(3.25135424411523,13.4958285430886,-9.82948605550297));
#2894=CARTESIAN_POINT('Ctrl Pts',(3.21384774810392,13.4958285430886,-9.83216350233539));
#2895=CARTESIAN_POINT('Ctrl Pts',(3.19504770841762,13.4958285430886,-9.83356480031188));
#2896=CARTESIAN_POINT('Ctrl Pts',(3.19048639065058,13.4995768921757,-0.282733073361629));
#2897=CARTESIAN_POINT('Ctrl Pts',(3.21875296744517,13.4995768921757,-0.237506740387692));
#2898=CARTESIAN_POINT('Ctrl Pts',(3.24701954423975,13.4995768921757,-0.192280407413755));
#2899=CARTESIAN_POINT('Ctrl Pts',(3.31545417544707,13.4995768921757,-0.0827830547705068));
#2900=CARTESIAN_POINT('Ctrl Pts',(3.39963825013813,13.4995768921758,0.0435745089103565));
#2901=CARTESIAN_POINT('Ctrl Pts',(3.54298722616998,13.4995768921758,0.221259334946927));
#2902=CARTESIAN_POINT('Ctrl Pts',(3.7120869290356,13.4995768921758,0.376275839063491));
#2903=CARTESIAN_POINT('Ctrl Pts',(3.90204743083145,13.4995768921758,0.502793451575083));
#2904=CARTESIAN_POINT('Ctrl Pts',(4.10339945709222,13.4995768921757,0.609667806286831));
#2905=CARTESIAN_POINT('Ctrl Pts',(4.31160995768908,13.4995768921757,0.701685845388888));
#2906=CARTESIAN_POINT('Ctrl Pts',(4.52491676725634,13.4995768921757,0.780383170924209));
#2907=CARTESIAN_POINT('Ctrl Pts',(4.74303385528956,13.4995768921757,0.845256216085843));
#2908=CARTESIAN_POINT('Ctrl Pts',(4.96535465521023,13.4995768921757,0.894621759975975));
#2909=CARTESIAN_POINT('Ctrl Pts',(5.19104942261892,13.4995768921757,0.926021417677327));
#2910=CARTESIAN_POINT('Ctrl Pts',(5.41889854409696,13.4995768921757,0.936570577152216));
#2911=CARTESIAN_POINT('Ctrl Pts',(5.64682201022765,13.4995768921757,0.923518971265393));
#2912=CARTESIAN_POINT('Ctrl Pts',(5.87193431140953,13.4995768921757,0.885109710412084));
#2913=CARTESIAN_POINT('Ctrl Pts',(6.09115241857495,13.4995768921757,0.821248998268012));
#2914=CARTESIAN_POINT('Ctrl Pts',(6.30185267421731,13.4995768921757,0.733543632380115));
#2915=CARTESIAN_POINT('Ctrl Pts',(6.50237883961301,13.4995768921757,0.62473618382823));
#2916=CARTESIAN_POINT('Ctrl Pts',(6.69184039008119,13.4995768921757,0.498014869687194));
#2917=CARTESIAN_POINT('Ctrl Pts',(6.87013478977062,13.4995768921757,0.356402603891193));
#2918=CARTESIAN_POINT('Ctrl Pts',(7.03763034346676,13.4995768921757,0.202409908982062));
#2919=CARTESIAN_POINT('Ctrl Pts',(7.1947864005116,13.4995768921757,0.0380535492967248));
#2920=CARTESIAN_POINT('Ctrl Pts',(7.34205014732072,13.4995768921757,-0.135120977262503));
#2921=CARTESIAN_POINT('Ctrl Pts',(7.47972238790712,13.4995768921757,-0.315985829330834));
#2922=CARTESIAN_POINT('Ctrl Pts',(7.60789564371594,13.4995768921757,-0.503728672141224));
#2923=CARTESIAN_POINT('Ctrl Pts',(7.72636108975505,13.4995768921757,-0.697779136819346));
#2924=CARTESIAN_POINT('Ctrl Pts',(7.83460660160957,13.4995768921756,-0.897712145495985));
#2925=CARTESIAN_POINT('Ctrl Pts',(7.93180935312492,13.4995768921756,-1.10327127408432));
#2926=CARTESIAN_POINT('Ctrl Pts',(8.01676905712981,13.4995768921755,-1.31426826428917));
#2927=CARTESIAN_POINT('Ctrl Pts',(8.0878641240001,13.4995768921754,-1.53045879390621));
#2928=CARTESIAN_POINT('Ctrl Pts',(8.14303232527656,13.4995768921752,-1.75141426477172));
#2929=CARTESIAN_POINT('Ctrl Pts',(8.1797811532275,13.499576892175,-1.97636798952526));
#2930=CARTESIAN_POINT('Ctrl Pts',(8.19527554485028,13.4995768921747,-2.20394156079972));
#2931=CARTESIAN_POINT('Ctrl Pts',(8.18663348238124,13.4995768921743,-2.43205326622149));
#2932=CARTESIAN_POINT('Ctrl Pts',(8.15139110824935,13.4995768921738,-2.65784484931704));
#2933=CARTESIAN_POINT('Ctrl Pts',(8.08823998409828,13.499576892173,-2.87761500191118));
#2934=CARTESIAN_POINT('Ctrl Pts',(7.99770804354882,13.4995768921718,-3.08750757965471));
#2935=CARTESIAN_POINT('Ctrl Pts',(7.88211585702311,13.4995768921702,-3.28454403330622));
#2936=CARTESIAN_POINT('Ctrl Pts',(7.74500252296001,13.499576892168,-3.46702153328239));
#2937=CARTESIAN_POINT('Ctrl Pts',(7.59031802274727,13.4995768921662,-3.63456441781543));
#2938=CARTESIAN_POINT('Ctrl Pts',(7.42178209794418,13.4995768921606,-3.78781920425765));
#2939=CARTESIAN_POINT('Ctrl Pts',(7.2425621068353,13.4995768921546,-3.92807549135504));
#2940=CARTESIAN_POINT('Ctrl Pts',(7.0553226818646,13.4995768921453,-4.05677096701172));
#2941=CARTESIAN_POINT('Ctrl Pts',(6.86212902918343,13.4995768921336,-4.17544423942683));
#2942=CARTESIAN_POINT('Ctrl Pts',(6.66434338829674,13.4995768921146,-4.28574320249236));
#2943=CARTESIAN_POINT('Ctrl Pts',(6.46280968414064,13.4995768920939,-4.3893710361689));
#2944=CARTESIAN_POINT('Ctrl Pts',(6.29230284563968,13.4995768920582,-4.47162287459423));
#2945=CARTESIAN_POINT('Ctrl Pts',(6.15494716522183,13.4995768920442,-4.53592751523213));
#2946=CARTESIAN_POINT('Ctrl Pts',(6.03451938739232,13.4995768920262,-4.59171189643146));
#2947=CARTESIAN_POINT('Ctrl Pts',(5.93140342865308,13.4995768919877,-4.63943862934921));
#2948=CARTESIAN_POINT('Ctrl Pts',(5.85475172243748,13.4995768919847,-4.67599093788529));
#2949=CARTESIAN_POINT('Ctrl Pts',(5.82085441862031,13.4995768919811,-4.69244594056066));
#2950=CARTESIAN_POINT('Ctrl Pts',(5.79552503586269,13.4995768919784,-4.7049162209911));
#2951=CARTESIAN_POINT('Ctrl Pts',(5.77030088837215,13.4995768919768,-4.71754896923962));
#2952=CARTESIAN_POINT('Ctrl Pts',(5.74519418042195,13.4995768919737,-4.73038189163468));
#2953=CARTESIAN_POINT('Ctrl Pts',(5.72438704232272,13.49957689197,-4.74128033565448));
#2954=CARTESIAN_POINT('Ctrl Pts',(5.70782687154283,13.4995768919688,-4.7501483796926));
#2955=CARTESIAN_POINT('Ctrl Pts',(5.6913309450831,13.4995768919674,-4.75912594361602));
#2956=CARTESIAN_POINT('Ctrl Pts',(5.67084552574679,13.4995768919627,-4.77057240053548));
#2957=CARTESIAN_POINT('Ctrl Pts',(5.64654668459473,13.4995768919577,-4.78474224224678));
#2958=CARTESIAN_POINT('Ctrl Pts',(5.62262374327659,13.4995768919523,-4.7994366047337));
#2959=CARTESIAN_POINT('Ctrl Pts',(5.59920337864473,13.4995768919456,-4.8147695579339));
#2960=CARTESIAN_POINT('Ctrl Pts',(5.58024595553512,13.4995768919416,-4.82820017232698));
#2961=CARTESIAN_POINT('Ctrl Pts',(5.56553172509552,13.4995768919399,-4.83943156586114));
#2962=CARTESIAN_POINT('Ctrl Pts',(5.55655514653894,13.4995768919379,-4.84667694759746));
#2963=CARTESIAN_POINT('Ctrl Pts',(5.54952831271127,13.4995768919372,-4.85262317369885));
#2964=CARTESIAN_POINT('Ctrl Pts',(5.54261311495745,13.4995768919368,-4.85867423572438));
#2965=CARTESIAN_POINT('Ctrl Pts',(5.53419439816614,13.4995768919339,-4.86644349808451));
#2966=CARTESIAN_POINT('Ctrl Pts',(5.52451598794102,13.4995768919333,-4.87612556822824));
#2967=CARTESIAN_POINT('Ctrl Pts',(5.51686150465068,13.4995768919306,-4.88451505536961));
#2968=CARTESIAN_POINT('Ctrl Pts',(5.51102456408644,13.4995768919299,-4.89143114077514));
#2969=CARTESIAN_POINT('Ctrl Pts',(5.50750431677172,13.4995768919292,-4.89584055779124));
#2970=CARTESIAN_POINT('Ctrl Pts',(5.50477038224868,13.499576891929,-4.89942115505945));
#2971=CARTESIAN_POINT('Ctrl Pts',(5.50309702721276,13.4995768919288,-4.90168119001434));
#2972=CARTESIAN_POINT('Ctrl Pts',(5.50194489103105,13.4995768919288,-4.90327490793538));
#2973=CARTESIAN_POINT('Ctrl Pts',(5.50129210059728,13.4995768919288,-4.9041889453527));
#2974=CARTESIAN_POINT('Ctrl Pts',(5.50031852843397,13.4995768919287,-4.90556334027138));
#2975=CARTESIAN_POINT('Ctrl Pts',(5.49887933776831,13.4995768919285,-4.90763743442787));
#2976=CARTESIAN_POINT('Ctrl Pts',(5.49731914941515,13.4995768919283,-4.90996423995192));
#2977=CARTESIAN_POINT('Ctrl Pts',(5.49632458111534,13.4995768919283,-4.91148748481813));
#2978=CARTESIAN_POINT('Ctrl Pts',(5.49586937044084,13.4995768919282,-4.91219259936471));
#2979=CARTESIAN_POINT('Ctrl Pts',(5.49556691748153,13.4995768919282,-4.91266322878477));
#2980=CARTESIAN_POINT('Ctrl Pts',(5.49413755597099,13.4995768919282,-4.91490264981459));
#2981=CARTESIAN_POINT('Ctrl Pts',(5.4927520218827,13.4995768919272,-4.91716552744109));
#2982=CARTESIAN_POINT('Ctrl Pts',(5.49151666659556,13.4995768919271,-4.91927006968727));
#2983=CARTESIAN_POINT('Ctrl Pts',(5.49137589485456,13.4995768919271,-4.91951079296063));
#2984=CARTESIAN_POINT('Ctrl Pts',(5.49127052233231,13.4995768919271,-4.91969143705827));
#2985=CARTESIAN_POINT('Ctrl Pts',(5.49116535256384,13.4995768919271,-4.91987218136223));
#2986=CARTESIAN_POINT('Ctrl Pts',(5.49102540814748,13.4995768919271,-4.92011331197792));
#2987=CARTESIAN_POINT('Ctrl Pts',(5.49078121043955,13.4995768919271,-4.92053563718337));
#2988=CARTESIAN_POINT('Ctrl Pts',(5.49043445342119,13.4995768919271,-4.92113998110687));
#2989=CARTESIAN_POINT('Ctrl Pts',(5.48960883986776,13.4995768919271,-4.92259360277964));
#2990=CARTESIAN_POINT('Ctrl Pts',(5.48880002872892,13.4995768919271,-4.92405526390868));
#2991=CARTESIAN_POINT('Ctrl Pts',(5.48800838494054,13.4995768919271,-4.92552483526966));
#2992=CARTESIAN_POINT('Ctrl Pts',(5.48768154347944,13.4995768919271,-4.92613852609205));
#2993=CARTESIAN_POINT('Ctrl Pts',(5.48742157492025,13.4995768919271,-4.9266301591182));
#2994=CARTESIAN_POINT('Ctrl Pts',(5.48716325221858,13.4995768919271,-4.92712252792827));
#2995=CARTESIAN_POINT('Ctrl Pts',(5.48671296021838,13.4995768919271,-4.92798497234773));
#2996=CARTESIAN_POINT('Ctrl Pts',(5.48620749335442,13.4995768919272,-4.92897464380279));
#2997=CARTESIAN_POINT('Ctrl Pts',(5.48570634351106,13.4995768919271,-4.92996619675028));
#2998=CARTESIAN_POINT('Ctrl Pts',(5.46966024435055,13.4995768919337,-4.96229294711838));
#2999=CARTESIAN_POINT('Ctrl Pts',(5.46241987432384,13.4995768919807,-5.01780473164451));
#3000=CARTESIAN_POINT('Ctrl Pts',(5.49202332375706,13.4995768919827,-5.08298140450591));
#3001=CARTESIAN_POINT('Ctrl Pts',(5.51916287394371,13.4995768920017,-5.11301719110926));
#3002=CARTESIAN_POINT('Ctrl Pts',(5.53740116595056,13.4995768920033,-5.12831236065774));
#3003=CARTESIAN_POINT('Ctrl Pts',(5.54208263931284,13.4995768920034,-5.13200723499436));
#3004=CARTESIAN_POINT('Ctrl Pts',(5.54326142180919,13.4995768920034,-5.13292311250035));
#3005=CARTESIAN_POINT('Ctrl Pts',(5.54359851648179,13.4995768920034,-5.13318420636083));
#3006=CARTESIAN_POINT('Ctrl Pts',(5.54382351164216,13.4995768920034,-5.1333581317596));
#3007=CARTESIAN_POINT('Ctrl Pts',(5.5444426931397,13.4995768920034,-5.13383579251877));
#3008=CARTESIAN_POINT('Ctrl Pts',(5.5459108704945,13.4995768920035,-5.13495995335696));
#3009=CARTESIAN_POINT('Ctrl Pts',(5.54773104134381,13.4995768920037,-5.13632929078318));
#3010=CARTESIAN_POINT('Ctrl Pts',(5.54956405176276,13.4995768920037,-5.1376847400783));
#3011=CARTESIAN_POINT('Ctrl Pts',(5.55140538359864,13.4995768920038,-5.13903100289886));
#3012=CARTESIAN_POINT('Ctrl Pts',(5.55372228716793,13.499576892004,-5.14069675719238));
#3013=CARTESIAN_POINT('Ctrl Pts',(5.55746075715135,13.4995768920042,-5.14332645047761));
#3014=CARTESIAN_POINT('Ctrl Pts',(5.56077105559996,13.499576892005,-5.14558164120679));
#3015=CARTESIAN_POINT('Ctrl Pts',(5.56363459576792,13.4995768920051,-5.14748367532086));
#3016=CARTESIAN_POINT('Ctrl Pts',(5.56555038303309,13.4995768920052,-5.1487434971625));
#3017=CARTESIAN_POINT('Ctrl Pts',(5.56795749373647,13.4995768920053,-5.15030306717041));
#3018=CARTESIAN_POINT('Ctrl Pts',(5.57086510198081,13.4995768920055,-5.15215085822637));
#3019=CARTESIAN_POINT('Ctrl Pts',(5.57379097905138,13.4995768920057,-5.15397553198999));
#3020=CARTESIAN_POINT('Ctrl Pts',(5.576734389295,13.4995768920058,-5.15577767924649));
#3021=CARTESIAN_POINT('Ctrl Pts',(5.58068137523868,13.4995768920061,-5.15815128057559));
#3022=CARTESIAN_POINT('Ctrl Pts',(5.58565533980145,13.4995768920066,-5.16106478486462));
#3023=CARTESIAN_POINT('Ctrl Pts',(5.59017643963116,13.4995768920072,-5.1636261164649));
#3024=CARTESIAN_POINT('Ctrl Pts',(5.59320769253199,13.4995768920073,-5.16530970171246));
#3025=CARTESIAN_POINT('Ctrl Pts',(5.5952330028757,13.4995768920073,-5.1664257753431));
#3026=CARTESIAN_POINT('Ctrl Pts',(5.5977727755928,13.4995768920075,-5.16780914149681));
#3027=CARTESIAN_POINT('Ctrl Pts',(5.60083308455474,13.4995768920076,-5.16945096845258));
#3028=CARTESIAN_POINT('Ctrl Pts',(5.6039054172135,13.4995768920077,-5.17107504213868));
#3029=CARTESIAN_POINT('Ctrl Pts',(5.60698928410124,13.4995768920078,-5.17268184055277));
#3030=CARTESIAN_POINT('Ctrl Pts',(5.61317913752703,13.499576892008,-5.17586177766298));
#3031=CARTESIAN_POINT('Ctrl Pts',(5.62254257507411,13.4995768920096,-5.1805085929449));
#3032=CARTESIAN_POINT('Ctrl Pts',(5.63517021841294,13.4995768920106,-5.18646916276499));
#3033=CARTESIAN_POINT('Ctrl Pts',(5.64579355068049,13.499576892012,-5.19125975165999));
#3034=CARTESIAN_POINT('Ctrl Pts',(5.65247351074508,13.4995768920124,-5.19417958886077));
#3035=CARTESIAN_POINT('Ctrl Pts',(5.65515112724849,13.4995768920124,-5.19533694857406));
#3036=CARTESIAN_POINT('Ctrl Pts',(5.65622267128978,13.4995768920124,-5.19579895980091));
#3037=CARTESIAN_POINT('Ctrl Pts',(5.6580991413152,13.4995768920124,-5.19660503408537));
#3038=CARTESIAN_POINT('Ctrl Pts',(5.66185708964679,13.4995768920125,-5.19820753879026));
#3039=CARTESIAN_POINT('Ctrl Pts',(5.66723929245979,13.4995768920128,-5.20047000776677));
#3040=CARTESIAN_POINT('Ctrl Pts',(5.68019787192998,13.4995768920133,-5.20581847130085));
#3041=CARTESIAN_POINT('Ctrl Pts',(5.69977704341802,13.4995768920173,-5.21355170084055));
#3042=CARTESIAN_POINT('Ctrl Pts',(5.72612239765254,13.4995768920206,-5.22336325979276));
#3043=CARTESIAN_POINT('Ctrl Pts',(5.7526668286856,13.4995768920239,-5.23276763579658));
#3044=CARTESIAN_POINT('Ctrl Pts',(5.77937881578378,13.4995768920276,-5.24183744014967));
#3045=CARTESIAN_POINT('Ctrl Pts',(5.80622937343513,13.4995768920291,-5.25062959289653));
#3046=CARTESIAN_POINT('Ctrl Pts',(5.83319383334194,13.4995768920316,-5.25918942776756));
#3047=CARTESIAN_POINT('Ctrl Pts',(5.86025267366153,13.4995768920339,-5.26755524550091));
#3048=CARTESIAN_POINT('Ctrl Pts',(5.88739009283905,13.4995768920347,-5.27575861135005));
#3049=CARTESIAN_POINT('Ctrl Pts',(5.91458959473588,13.4995768920367,-5.28382626030747));
#3050=CARTESIAN_POINT('Ctrl Pts',(5.9690923908259,13.499576892039,-5.29973275924283));
#3051=CARTESIAN_POINT('Ctrl Pts',(6.05111799759549,13.4995768920584,-5.32290498624331));
#3052=CARTESIAN_POINT('Ctrl Pts',(6.19706863831455,13.4995768920696,-5.3633335592552));
#3053=CARTESIAN_POINT('Ctrl Pts',(6.37892864346353,13.4995768920986,-5.41394502863592));
#3054=CARTESIAN_POINT('Ctrl Pts',(6.5957413896174,13.4995768921164,-5.47812825089755));
#3055=CARTESIAN_POINT('Ctrl Pts',(6.81119842576591,13.4995768921321,-5.54826895639219));
#3056=CARTESIAN_POINT('Ctrl Pts',(7.02455111409658,13.4995768921456,-5.62667976885762));
#3057=CARTESIAN_POINT('Ctrl Pts',(7.23398660087969,13.4995768921542,-5.71547949339709));
#3058=CARTESIAN_POINT('Ctrl Pts',(7.43758072020116,13.4995768921608,-5.81704929968466));
#3059=CARTESIAN_POINT('Ctrl Pts',(7.63303172890162,13.4995768921655,-5.93392224966452));
#3060=CARTESIAN_POINT('Ctrl Pts',(7.8172620648893,13.4995768921692,-6.06835390763178));
#3061=CARTESIAN_POINT('Ctrl Pts',(7.98658571076388,13.4995768921705,-6.22146267667741));
#3062=CARTESIAN_POINT('Ctrl Pts',(8.13772904448621,13.499576892172,-6.39270142236984));
#3063=CARTESIAN_POINT('Ctrl Pts',(8.26890677155808,13.4995768921728,-6.57964809753319));
#3064=CARTESIAN_POINT('Ctrl Pts',(8.38022039560393,13.4995768921738,-6.77869535790359));
#3065=CARTESIAN_POINT('Ctrl Pts',(8.47355630599917,13.4995768921743,-6.98639120190158));
#3066=CARTESIAN_POINT('Ctrl Pts',(8.55158530996368,13.4995768921747,-7.20006188666838));
#3067=CARTESIAN_POINT('Ctrl Pts',(8.61697867350477,13.499576892175,-7.41777077201209));
#3068=CARTESIAN_POINT('Ctrl Pts',(8.67204837028318,13.4995768921752,-7.63822287435755));
#3069=CARTESIAN_POINT('Ctrl Pts',(8.71860967228908,13.4995768921754,-7.86053586649329));
#3070=CARTESIAN_POINT('Ctrl Pts',(8.75799287536169,13.4995768921755,-8.08407422080109));
#3071=CARTESIAN_POINT('Ctrl Pts',(8.79110752795906,13.4995768921756,-8.30846194138666));
#3072=CARTESIAN_POINT('Ctrl Pts',(8.81847188367735,13.4995768921756,-8.53351660166323));
#3073=CARTESIAN_POINT('Ctrl Pts',(8.84021183754075,13.4995768921757,-8.75916938215622));
#3074=CARTESIAN_POINT('Ctrl Pts',(8.85604297407651,13.4995768921757,-8.9853969057713));
#3075=CARTESIAN_POINT('Ctrl Pts',(8.86522154566201,13.4995768921757,-9.21214736244938));
#3076=CARTESIAN_POINT('Ctrl Pts',(8.86655947816946,13.4995768921757,-9.43926262223789));
#3077=CARTESIAN_POINT('Ctrl Pts',(8.85841323226529,13.4995768921757,-9.66640001562805));
#3078=CARTESIAN_POINT('Ctrl Pts',(8.83868429897137,13.4995768921757,-9.89296693373676));
#3079=CARTESIAN_POINT('Ctrl Pts',(8.80475383774429,13.4995768921757,-10.1180340630638));
#3080=CARTESIAN_POINT('Ctrl Pts',(8.75350145871897,13.4995768921757,-10.3400367738351));
#3081=CARTESIAN_POINT('Ctrl Pts',(8.681460187977,13.4995768921757,-10.5564775800825));
#3082=CARTESIAN_POINT('Ctrl Pts',(8.58522346654468,13.4995768921757,-10.7637392395053));
#3083=CARTESIAN_POINT('Ctrl Pts',(8.46248534692653,13.4995768921757,-10.9569312417151));
#3084=CARTESIAN_POINT('Ctrl Pts',(8.31329091016983,13.4995768921757,-11.1306464833595));
#3085=CARTESIAN_POINT('Ctrl Pts',(8.14040333848905,13.4995768921757,-11.2806801856734));
#3086=CARTESIAN_POINT('Ctrl Pts',(7.9483657763523,13.4995768921757,-11.4049586387179));
#3087=CARTESIAN_POINT('Ctrl Pts',(7.74221002967214,13.4995768921757,-11.5035706958323));
#3088=CARTESIAN_POINT('Ctrl Pts',(7.52648776711479,13.4995768921757,-11.5779717675286));
#3089=CARTESIAN_POINT('Ctrl Pts',(7.3046247209438,13.4995768921757,-11.6303212096667));
#3090=CARTESIAN_POINT('Ctrl Pts',(7.07908979975039,13.4995768921757,-11.6626842954329));
#3091=CARTESIAN_POINT('Ctrl Pts',(6.85171269807953,13.4995768921757,-11.6766018994135));
#3092=CARTESIAN_POINT('Ctrl Pts',(6.62410776045026,13.4995768921757,-11.6729062120324));
#3093=CARTESIAN_POINT('Ctrl Pts',(6.39751921573242,13.4995768921757,-11.6516181485316));
#3094=CARTESIAN_POINT('Ctrl Pts',(6.17321256286119,13.4995768921757,-11.6116564693601));
#3095=CARTESIAN_POINT('Ctrl Pts',(5.95338839036558,13.4995768921757,-11.5505891385326));
#3096=CARTESIAN_POINT('Ctrl Pts',(5.74169235361154,13.4995768921757,-11.463940450278));
#3097=CARTESIAN_POINT('Ctrl Pts',(5.54527381933152,13.4995768921757,-11.3450338204746));
#3098=CARTESIAN_POINT('Ctrl Pts',(5.37685350630781,13.4995768921757,-11.1870650243181));
#3099=CARTESIAN_POINT('Ctrl Pts',(5.25068079745464,13.4995768921757,-10.9937429188124));
#3100=CARTESIAN_POINT('Ctrl Pts',(5.16379163569154,13.4995768921757,-10.782182839091));
#3101=CARTESIAN_POINT('Ctrl Pts',(5.09542969128629,13.4995768921757,-10.5660004698726));
#3102=CARTESIAN_POINT('Ctrl Pts',(5.03133798771952,13.4995768921757,-10.3888991200301));
#3103=CARTESIAN_POINT('Ctrl Pts',(4.96161743871368,13.4995768921757,-10.2563788726074));
#3104=CARTESIAN_POINT('Ctrl Pts',(4.87666753748562,13.4995768921757,-10.1334713347941));
#3105=CARTESIAN_POINT('Ctrl Pts',(4.73853903987427,13.4995768921757,-10.0056393472676));
#3106=CARTESIAN_POINT('Ctrl Pts',(4.53713606340124,13.4995768921757,-9.90370359977652));
#3107=CARTESIAN_POINT('Ctrl Pts',(4.32020460878446,13.4995768921757,-9.84217580138005));
#3108=CARTESIAN_POINT('Ctrl Pts',(4.09687229942365,13.4995768921757,-9.80799282207516));
#3109=CARTESIAN_POINT('Ctrl Pts',(3.8712953370478,13.4995768921757,-9.79235677977518));
#3110=CARTESIAN_POINT('Ctrl Pts',(3.64530257109411,13.4995768921757,-9.78970744468857));
#3111=CARTESIAN_POINT('Ctrl Pts',(3.45702083734456,13.4995768921757,-9.79537478378579));
#3112=CARTESIAN_POINT('Ctrl Pts',(3.32516910856482,13.4995768921757,-9.80250139522115));
#3113=CARTESIAN_POINT('Ctrl Pts',(3.24984030629902,13.4995768921757,-9.80737628277165));
#3114=CARTESIAN_POINT('Ctrl Pts',(3.21222649355114,13.4995768921757,-9.81006141870517));
#3115=CARTESIAN_POINT('Ctrl Pts',(3.19340041401673,13.4995768921757,-9.81146466749692));
#3116=CARTESIAN_POINT('Ctrl Pts',(3.1968285347529,13.5,-0.286696930069045));
#3117=CARTESIAN_POINT('Ctrl Pts',(3.22509511154749,13.5,-0.241470597095109));
#3118=CARTESIAN_POINT('Ctrl Pts',(3.25336168834207,13.5,-0.196244264121172));
#3119=CARTESIAN_POINT('Ctrl Pts',(3.32171776636029,13.5,-0.0868735855675648));
#3120=CARTESIAN_POINT('Ctrl Pts',(3.40570962974867,13.5,0.0391950314864702));
#3121=CARTESIAN_POINT('Ctrl Pts',(3.54850952698758,13.5,0.216169723103909));
#3122=CARTESIAN_POINT('Ctrl Pts',(3.71667319412367,13.5,0.370327693173176));
#3123=CARTESIAN_POINT('Ctrl Pts',(3.90583349405186,13.5,0.496331603050795));
#3124=CARTESIAN_POINT('Ctrl Pts',(4.10665301770847,13.5,0.60292676402716));
#3125=CARTESIAN_POINT('Ctrl Pts',(4.31441621285889,13.5,0.694748302043549));
#3126=CARTESIAN_POINT('Ctrl Pts',(4.52728535552538,13.5,0.773283885973883));
#3127=CARTESIAN_POINT('Ctrl Pts',(4.74492281225602,13.5,0.838013398814818));
#3128=CARTESIAN_POINT('Ctrl Pts',(4.96669653417322,13.5,0.887256121439649));
#3129=CARTESIAN_POINT('Ctrl Pts',(5.19175438538984,13.5,0.918565187700774));
#3130=CARTESIAN_POINT('Ctrl Pts',(5.41887053444145,13.5,0.92907828571183));
#3131=CARTESIAN_POINT('Ctrl Pts',(5.64598354669363,13.5,0.916071315044321));
#3132=CARTESIAN_POINT('Ctrl Pts',(5.87025225231601,13.5,0.877805391335425));
#3133=CARTESIAN_POINT('Ctrl Pts',(6.08865293655941,13.5,0.814183601434538));
#3134=CARTESIAN_POINT('Ctrl Pts',(6.29861136568141,13.5,0.72678889653921));
#3135=CARTESIAN_POINT('Ctrl Pts',(6.4984952727147,13.5,0.618332139299983));
#3136=CARTESIAN_POINT('Ctrl Pts',(6.68741686194785,13.5,0.49197406999526));
#3137=CARTESIAN_POINT('Ctrl Pts',(6.86526250550485,13.5,0.350719975634502));
#3138=CARTESIAN_POINT('Ctrl Pts',(7.03238420476696,13.5,0.197072332075913));
#3139=CARTESIAN_POINT('Ctrl Pts',(7.18922516276788,13.5,0.0330465027039263));
#3140=CARTESIAN_POINT('Ctrl Pts',(7.33621832419322,13.5,-0.1398091593555));
#3141=CARTESIAN_POINT('Ctrl Pts',(7.47365263974614,13.5,-0.320361033538516));
#3142=CARTESIAN_POINT('Ctrl Pts',(7.60161087996392,13.4999999999999,-0.507788822299826));
#3143=CARTESIAN_POINT('Ctrl Pts',(7.71987695377436,13.4999999999999,-0.70151288020075));
#3144=CARTESIAN_POINT('Ctrl Pts',(7.82793379042868,13.4999999999999,-0.901097945841379));
#3145=CARTESIAN_POINT('Ctrl Pts',(7.92495565882376,13.4999999999998,-1.10627563244268));
#3146=CARTESIAN_POINT('Ctrl Pts',(8.00974225467243,13.4999999999997,-1.31684460350996));
#3147=CARTESIAN_POINT('Ctrl Pts',(8.08067559797827,13.4999999999996,-1.53254660956708));
#3148=CARTESIAN_POINT('Ctrl Pts',(8.13570172114046,13.4999999999995,-1.75293883663719));
#3149=CARTESIAN_POINT('Ctrl Pts',(8.17234233668647,13.4999999999993,-1.97724163947152));
#3150=CARTESIAN_POINT('Ctrl Pts',(8.1877836710191,13.499999999999,-2.20406915511317));
#3151=CARTESIAN_POINT('Ctrl Pts',(8.1791709109313,13.4999999999986,-2.43134452135533));
#3152=CARTESIAN_POINT('Ctrl Pts',(8.14406730607492,13.499999999998,-2.65623478248897));
#3153=CARTESIAN_POINT('Ctrl Pts',(8.08117893121553,13.4999999999972,-2.87508824571223));
#3154=CARTESIAN_POINT('Ctrl Pts',(7.99102305197298,13.4999999999961,-3.08411134057741));
#3155=CARTESIAN_POINT('Ctrl Pts',(7.87588509721649,13.4999999999945,-3.28037773083945));
#3156=CARTESIAN_POINT('Ctrl Pts',(7.73925888835135,13.4999999999923,-3.46221116610607));
#3157=CARTESIAN_POINT('Ctrl Pts',(7.5850549468649,13.4999999999904,-3.62923709268031));
#3158=CARTESIAN_POINT('Ctrl Pts',(7.41696572650334,13.4999999999849,-3.78208819480573));
#3159=CARTESIAN_POINT('Ctrl Pts',(7.23814496132993,13.4999999999789,-3.92203377391063));
#3160=CARTESIAN_POINT('Ctrl Pts',(7.05125329695172,13.4999999999695,-4.05049125159726));
#3161=CARTESIAN_POINT('Ctrl Pts',(6.85835643820233,13.4999999999579,-4.1689827980325));
#3162=CARTESIAN_POINT('Ctrl Pts',(6.66081805921966,13.4999999999388,-4.27914402603449));
#3163=CARTESIAN_POINT('Ctrl Pts',(6.45948161766327,13.4999999999181,-4.38267040199103));
#3164=CARTESIAN_POINT('Ctrl Pts',(6.28909151412556,13.4999999998824,-4.46486541104244));
#3165=CARTESIAN_POINT('Ctrl Pts',(6.15179072744417,13.4999999998684,-4.52914402992725));
#3166=CARTESIAN_POINT('Ctrl Pts',(6.0313797017024,13.4999999998505,-4.58492032220188));
#3167=CARTESIAN_POINT('Ctrl Pts',(5.92823444473469,13.4999999998119,-4.63265942743424));
#3168=CARTESIAN_POINT('Ctrl Pts',(5.85150858607823,13.499999999809,-4.66924689656347));
#3169=CARTESIAN_POINT('Ctrl Pts',(5.8175656347192,13.4999999998053,-4.68572396395819));
#3170=CARTESIAN_POINT('Ctrl Pts',(5.79219490974904,13.4999999998026,-4.69821451317901));
#3171=CARTESIAN_POINT('Ctrl Pts',(5.76692075723947,13.4999999998011,-4.7108722457507));
#3172=CARTESIAN_POINT('Ctrl Pts',(5.74175369476027,13.4999999997979,-4.7237359061905));
#3173=CARTESIAN_POINT('Ctrl Pts',(5.7208857141192,13.4999999997942,-4.73466608314601));
#3174=CARTESIAN_POINT('Ctrl Pts',(5.70426916573904,13.499999999793,-4.74356427181327));
#3175=CARTESIAN_POINT('Ctrl Pts',(5.6877110518026,13.4999999997916,-4.75257563612676));
#3176=CARTESIAN_POINT('Ctrl Pts',(5.66713572497126,13.4999999997869,-4.76407210435275));
#3177=CARTESIAN_POINT('Ctrl Pts',(5.64270463441976,13.4999999997819,-4.778318749364));
#3178=CARTESIAN_POINT('Ctrl Pts',(5.6186183793339,13.4999999997765,-4.79311293885097));
#3179=CARTESIAN_POINT('Ctrl Pts',(5.59499489252961,13.4999999997698,-4.80857816037652));
#3180=CARTESIAN_POINT('Ctrl Pts',(5.57582581154966,13.4999999997658,-4.82215772284346));
#3181=CARTESIAN_POINT('Ctrl Pts',(5.56091029683494,13.4999999997641,-4.83354239419198));
#3182=CARTESIAN_POINT('Ctrl Pts',(5.55179320992191,13.4999999997621,-4.84090092356055));
#3183=CARTESIAN_POINT('Ctrl Pts',(5.54464451445358,13.4999999997614,-4.84695018277924));
#3184=CARTESIAN_POINT('Ctrl Pts',(5.53760099474409,13.499999999761,-4.85311346486668));
#3185=CARTESIAN_POINT('Ctrl Pts',(5.529009459322,13.4999999997581,-4.86104173328122));
#3186=CARTESIAN_POINT('Ctrl Pts',(5.5191040991753,13.4999999997575,-4.87095018330647));
#3187=CARTESIAN_POINT('Ctrl Pts',(5.51124538532823,13.4999999997547,-4.87956274735405));
#3188=CARTESIAN_POINT('Ctrl Pts',(5.50523784785463,13.4999999997541,-4.88668078021296));
#3189=CARTESIAN_POINT('Ctrl Pts',(5.50160851976754,13.4999999997534,-4.89122670136137));
#3190=CARTESIAN_POINT('Ctrl Pts',(5.49878624702012,13.4999999997532,-4.89492296232356));
#3191=CARTESIAN_POINT('Ctrl Pts',(5.49705732813791,13.499999999753,-4.89725802181692));
#3192=CARTESIAN_POINT('Ctrl Pts',(5.49586616570878,13.499999999753,-4.89890571864214));
#3193=CARTESIAN_POINT('Ctrl Pts',(5.49519104592182,13.499999999753,-4.89985102100621));
#3194=CARTESIAN_POINT('Ctrl Pts',(5.49418395364278,13.4999999997529,-4.90127273483441));
#3195=CARTESIAN_POINT('Ctrl Pts',(5.4926943987056,13.4999999997527,-4.90341939043988));
#3196=CARTESIAN_POINT('Ctrl Pts',(5.49107822379982,13.4999999997525,-4.90582966877227));
#3197=CARTESIAN_POINT('Ctrl Pts',(5.49004731188755,13.4999999997525,-4.90740857115181));
#3198=CARTESIAN_POINT('Ctrl Pts',(5.48957534273215,13.4999999997524,-4.90813964395813));
#3199=CARTESIAN_POINT('Ctrl Pts',(5.48926172187883,13.4999999997524,-4.90862765097857));
#3200=CARTESIAN_POINT('Ctrl Pts',(5.48777934606688,13.4999999997524,-4.91095012819886));
#3201=CARTESIAN_POINT('Ctrl Pts',(5.48634101179951,13.4999999997514,-4.91329913775369));
#3202=CARTESIAN_POINT('Ctrl Pts',(5.48505750241583,13.4999999997513,-4.91548571250457));
#3203=CARTESIAN_POINT('Ctrl Pts',(5.48491123255617,13.4999999997513,-4.91573583806509));
#3204=CARTESIAN_POINT('Ctrl Pts',(5.48480173824975,13.4999999997513,-4.91592354723049));
#3205=CARTESIAN_POINT('Ctrl Pts',(5.48469245054849,13.4999999997513,-4.91611137070278));
#3206=CARTESIAN_POINT('Ctrl Pts',(5.48454701587123,13.4999999997513,-4.91636195694231));
#3207=CARTESIAN_POINT('Ctrl Pts',(5.48429322624418,13.4999999997513,-4.91680088000201));
#3208=CARTESIAN_POINT('Ctrl Pts',(5.48393277977598,13.4999999997513,-4.91742906463485));
#3209=CARTESIAN_POINT('Ctrl Pts',(5.48307443581658,13.4999999997513,-4.91894035193864));
#3210=CARTESIAN_POINT('Ctrl Pts',(5.48223307681686,13.4999999997513,-4.92046073436121));
#3211=CARTESIAN_POINT('Ctrl Pts',(5.4814092470586,13.4999999997513,-4.9219901319333));
#3212=CARTESIAN_POINT('Ctrl Pts',(5.48106899001038,13.4999999997513,-4.92262890387994));
#3213=CARTESIAN_POINT('Ctrl Pts',(5.48079842541694,13.4999999997513,-4.92314075540541));
#3214=CARTESIAN_POINT('Ctrl Pts',(5.48052931953591,13.4999999997513,-4.92365332042737));
#3215=CARTESIAN_POINT('Ctrl Pts',(5.48006080505509,13.4999999997513,-4.92455155859576));
#3216=CARTESIAN_POINT('Ctrl Pts',(5.4795335840912,13.4999999997514,-4.9255820844776));
#3217=CARTESIAN_POINT('Ctrl Pts',(5.47901235443139,13.4999999997513,-4.92661559766645));
#3218=CARTESIAN_POINT('Ctrl Pts',(5.4622583139539,13.4999999997579,-4.96028868979076));
#3219=CARTESIAN_POINT('Ctrl Pts',(5.45460623102674,13.4999999998049,-5.01885986173227));
#3220=CARTESIAN_POINT('Ctrl Pts',(5.48574428567368,13.4999999998069,-5.08725292005866));
#3221=CARTESIAN_POINT('Ctrl Pts',(5.51392021268164,13.499999999826,-5.11838028864512));
#3222=CARTESIAN_POINT('Ctrl Pts',(5.53266947083642,13.4999999998275,-5.1341039618368));
#3223=CARTESIAN_POINT('Ctrl Pts',(5.53747331371522,13.4999999998276,-5.13789508076593));
#3224=CARTESIAN_POINT('Ctrl Pts',(5.53868202406088,13.4999999998276,-5.13883432016814));
#3225=CARTESIAN_POINT('Ctrl Pts',(5.53902773413453,13.4999999998276,-5.13910205184844));
#3226=CARTESIAN_POINT('Ctrl Pts',(5.53925841538208,13.4999999998276,-5.13928038460001));
#3227=CARTESIAN_POINT('Ctrl Pts',(5.53989325738908,13.4999999998276,-5.13977011966765));
#3228=CARTESIAN_POINT('Ctrl Pts',(5.5413981665812,13.4999999998277,-5.14092241054181));
#3229=CARTESIAN_POINT('Ctrl Pts',(5.54326280777843,13.4999999998279,-5.14232519483797));
#3230=CARTESIAN_POINT('Ctrl Pts',(5.54513952639382,13.499999999828,-5.14371296560042));
#3231=CARTESIAN_POINT('Ctrl Pts',(5.54702406220504,13.499999999828,-5.14509081442756));
#3232=CARTESIAN_POINT('Ctrl Pts',(5.54939400611182,13.4999999998283,-5.14679469790652));
#3233=CARTESIAN_POINT('Ctrl Pts',(5.55321530392824,13.4999999998284,-5.14948264318053));
#3234=CARTESIAN_POINT('Ctrl Pts',(5.55659536164873,13.4999999998292,-5.15178533064721));
#3235=CARTESIAN_POINT('Ctrl Pts',(5.55951681376352,13.4999999998293,-5.15372583038153));
#3236=CARTESIAN_POINT('Ctrl Pts',(5.56147070369823,13.4999999998294,-5.15501070772089));
#3237=CARTESIAN_POINT('Ctrl Pts',(5.56392449675872,13.4999999998296,-5.15660051933067));
#3238=CARTESIAN_POINT('Ctrl Pts',(5.56688663538893,13.4999999998297,-5.15848295983928));
#3239=CARTESIAN_POINT('Ctrl Pts',(5.56986557287084,13.4999999998299,-5.16034071946159));
#3240=CARTESIAN_POINT('Ctrl Pts',(5.57286059781977,13.4999999998301,-5.16217446462815));
#3241=CARTESIAN_POINT('Ctrl Pts',(5.57687451072606,13.4999999998303,-5.16458830847018));
#3242=CARTESIAN_POINT('Ctrl Pts',(5.58192864245095,13.4999999998309,-5.16754874577963));
#3243=CARTESIAN_POINT('Ctrl Pts',(5.58651789220141,13.4999999998314,-5.17014866732168));
#3244=CARTESIAN_POINT('Ctrl Pts',(5.58959300140805,13.4999999998315,-5.17185661033767));
#3245=CARTESIAN_POINT('Ctrl Pts',(5.59164713289065,13.4999999998315,-5.17298856575374));
#3246=CARTESIAN_POINT('Ctrl Pts',(5.59422215459114,13.4999999998317,-5.17439112927775));
#3247=CARTESIAN_POINT('Ctrl Pts',(5.59732356069792,13.4999999998318,-5.17605500219128));
#3248=CARTESIAN_POINT('Ctrl Pts',(5.6004358181244,13.4999999998319,-5.17770017808062));
#3249=CARTESIAN_POINT('Ctrl Pts',(5.60355847204275,13.499999999832,-5.1793271843257));
#3250=CARTESIAN_POINT('Ctrl Pts',(5.60982368650175,13.4999999998322,-5.18254583112188));
#3251=CARTESIAN_POINT('Ctrl Pts',(5.61929206437246,13.4999999998338,-5.18724464045562));
#3252=CARTESIAN_POINT('Ctrl Pts',(5.63204448508632,13.4999999998348,-5.19326402223739));
#3253=CARTESIAN_POINT('Ctrl Pts',(5.64276064754305,13.4999999998363,-5.19809641783336));
#3254=CARTESIAN_POINT('Ctrl Pts',(5.64949406828983,13.4999999998366,-5.20103961686627));
#3255=CARTESIAN_POINT('Ctrl Pts',(5.65219242839829,13.4999999998366,-5.20220594246246));
#3256=CARTESIAN_POINT('Ctrl Pts',(5.65327221339614,13.4999999998366,-5.20267150677022));
#3257=CARTESIAN_POINT('Ctrl Pts',(5.65516295773214,13.4999999998366,-5.20348371319747));
#3258=CARTESIAN_POINT('Ctrl Pts',(5.65894886738259,13.4999999998367,-5.20509813932428));
#3259=CARTESIAN_POINT('Ctrl Pts',(5.66436940801562,13.499999999837,-5.20737672181513));
#3260=CARTESIAN_POINT('Ctrl Pts',(5.67741515681306,13.4999999998375,-5.21276114649146));
#3261=CARTESIAN_POINT('Ctrl Pts',(5.697108109325,13.4999999998415,-5.22053915144135));
#3262=CARTESIAN_POINT('Ctrl Pts',(5.72357734392361,13.4999999998448,-5.23039671163594));
#3263=CARTESIAN_POINT('Ctrl Pts',(5.75022373007212,13.4999999998482,-5.23983711577259));
#3264=CARTESIAN_POINT('Ctrl Pts',(5.77702017521934,13.4999999998518,-5.24893552993674));
#3265=CARTESIAN_POINT('Ctrl Pts',(5.8039411123427,13.4999999998533,-5.25775068669253));
#3266=CARTESIAN_POINT('Ctrl Pts',(5.83096428170327,13.4999999998558,-5.26632912253458));
#3267=CARTESIAN_POINT('Ctrl Pts',(5.85807220597426,13.4999999998581,-5.27471008863184));
#3268=CARTESIAN_POINT('Ctrl Pts',(5.88525058497455,13.499999999859,-5.28292581719881));
#3269=CARTESIAN_POINT('Ctrl Pts',(5.91248420581443,13.499999999861,-5.29100357292685));
#3270=CARTESIAN_POINT('Ctrl Pts',(5.96704311064164,13.4999999998632,-5.30692640396968));
#3271=CARTESIAN_POINT('Ctrl Pts',(6.04911514595184,13.4999999998826,-5.33011152543355));
#3272=CARTESIAN_POINT('Ctrl Pts',(6.19508278371388,13.4999999998938,-5.37054470260723));
#3273=CARTESIAN_POINT('Ctrl Pts',(6.37688041482669,13.4999999999229,-5.42113881944166));
#3274=CARTESIAN_POINT('Ctrl Pts',(6.59353609563002,13.4999999999406,-5.48527592525273));
#3275=CARTESIAN_POINT('Ctrl Pts',(6.80876373350229,13.4999999999563,-5.55534250988289));
#3276=CARTESIAN_POINT('Ctrl Pts',(7.0218145227031,13.4999999999699,-5.63364328466244));
#3277=CARTESIAN_POINT('Ctrl Pts',(7.230870324742,13.4999999999784,-5.72228344651316));
#3278=CARTESIAN_POINT('Ctrl Pts',(7.43400319856278,13.4999999999851,-5.82362523005395));
#3279=CARTESIAN_POINT('Ctrl Pts',(7.62891418807466,13.4999999999898,-5.94017810938679));
#3280=CARTESIAN_POINT('Ctrl Pts',(7.81254549182397,13.4999999999934,-6.07417584957775));
#3281=CARTESIAN_POINT('Ctrl Pts',(7.98125746866835,13.4999999999947,-6.22673379965389));
#3282=CARTESIAN_POINT('Ctrl Pts',(8.13183881518514,13.4999999999962,-6.39733542675584));
#3283=CARTESIAN_POINT('Ctrl Pts',(8.26255437482413,13.4999999999971,-6.5836200256828));
#3284=CARTESIAN_POINT('Ctrl Pts',(8.37352228004419,13.499999999998,-6.78204376427032));
#3285=CARTESIAN_POINT('Ctrl Pts',(8.46661544743998,13.4999999999985,-6.98919383465219));
#3286=CARTESIAN_POINT('Ctrl Pts',(8.54447941061612,13.499999999999,-7.20240772300323));
#3287=CARTESIAN_POINT('Ctrl Pts',(8.60976142088015,13.4999999999993,-7.41974211686649));
#3288=CARTESIAN_POINT('Ctrl Pts',(8.66475517730956,13.4999999999995,-7.6398874679724));
#3289=CARTESIAN_POINT('Ctrl Pts',(8.71126346134889,13.4999999999996,-7.86194539606807));
#3290=CARTESIAN_POINT('Ctrl Pts',(8.75060840850185,13.4999999999997,-8.08526532452159));
#3291=CARTESIAN_POINT('Ctrl Pts',(8.78369433746087,13.4999999999998,-8.30945766444235));
#3292=CARTESIAN_POINT('Ctrl Pts',(8.81103619500788,13.4999999999999,-8.53432709271055));
#3293=CARTESIAN_POINT('Ctrl Pts',(8.83275797576151,13.4999999999999,-8.75979186548596));
#3294=CARTESIAN_POINT('Ctrl Pts',(8.84857461240184,13.4999999999999,-8.98581454602757));
#3295=CARTESIAN_POINT('Ctrl Pts',(8.85774330153811,13.4999999999999,-9.21232829950197));
#3296=CARTESIAN_POINT('Ctrl Pts',(8.85907906559243,13.5,-9.43916072720384));
#3297=CARTESIAN_POINT('Ctrl Pts',(8.85094437168547,13.5,-9.66595422443478));
#3298=CARTESIAN_POINT('Ctrl Pts',(8.83125085712006,13.5,-9.89210019043314));
#3299=CARTESIAN_POINT('Ctrl Pts',(8.79739613341026,13.5,-10.1166524192114));
#3300=CARTESIAN_POINT('Ctrl Pts',(8.74628494075187,13.5,-10.3380313883808));
#3301=CARTESIAN_POINT('Ctrl Pts',(8.6744855968684,13.5,-10.5537336947928));
#3302=CARTESIAN_POINT('Ctrl Pts',(8.57863274078183,13.5,-10.7601585988229));
#3303=CARTESIAN_POINT('Ctrl Pts',(8.45644980296586,13.5,-10.952470572158));
#3304=CARTESIAN_POINT('Ctrl Pts',(8.307971621852,13.5,-11.125350596584));
#3305=CARTESIAN_POINT('Ctrl Pts',(8.13590476396356,13.5,-11.2746743895126));
#3306=CARTESIAN_POINT('Ctrl Pts',(7.9447177119492,13.5,-11.3984062048568));
#3307=CARTESIAN_POINT('Ctrl Pts',(7.73938291553818,13.5,-11.4966291898132));
#3308=CARTESIAN_POINT('Ctrl Pts',(7.52441868819984,13.5,-11.5707717262163));
#3309=CARTESIAN_POINT('Ctrl Pts',(7.30324345052441,13.5,-11.6229609103694));
#3310=CARTESIAN_POINT('Ctrl Pts',(7.07833616789855,13.5,-11.6552351933229));
#3311=CARTESIAN_POINT('Ctrl Pts',(6.85154708771057,13.5,-11.6691173604016));
#3312=CARTESIAN_POINT('Ctrl Pts',(6.62451604626027,13.5,-11.665431070242));
#3313=CARTESIAN_POINT('Ctrl Pts',(6.39851689878565,13.5,-11.6441975038224));
#3314=CARTESIAN_POINT('Ctrl Pts',(6.17485394613817,13.5,-11.6043489459143));
#3315=CARTESIAN_POINT('Ctrl Pts',(5.95578037447078,13.5,-11.543485149363));
#3316=CARTESIAN_POINT('Ctrl Pts',(5.74501606141463,13.5,-11.4572090615042));
#3317=CARTESIAN_POINT('Ctrl Pts',(5.54977138891804,13.5,-11.3389888614243));
#3318=CARTESIAN_POINT('Ctrl Pts',(5.38264699487942,13.5,-11.1822149250641));
#3319=CARTESIAN_POINT('Ctrl Pts',(5.25739365572006,13.5,-10.9903429917828));
#3320=CARTESIAN_POINT('Ctrl Pts',(5.17087433301931,13.5,-10.7797634728103));
#3321=CARTESIAN_POINT('Ctrl Pts',(5.10256343591409,13.5,-10.5637653994601));
#3322=CARTESIAN_POINT('Ctrl Pts',(5.03826122622528,13.5,-10.3860014174359));
#3323=CARTESIAN_POINT('Ctrl Pts',(4.96804698030288,13.5,-10.2525226851803));
#3324=CARTESIAN_POINT('Ctrl Pts',(4.88234002742923,13.5,-10.1284980115444));
#3325=CARTESIAN_POINT('Ctrl Pts',(4.74278551653897,13.5,-9.99936071673547));
#3326=CARTESIAN_POINT('Ctrl Pts',(4.53976860548501,13.5,-9.89665914372364));
#3327=CARTESIAN_POINT('Ctrl Pts',(4.32173130483625,13.5,-9.83483610582019));
#3328=CARTESIAN_POINT('Ctrl Pts',(4.09765481429915,13.5,-9.800547113361));
#3329=CARTESIAN_POINT('Ctrl Pts',(3.87157158347246,13.5,-9.78487919558612));
#3330=CARTESIAN_POINT('Ctrl Pts',(3.64521385265251,13.5,-9.78222709346848));
#3331=CARTESIAN_POINT('Ctrl Pts',(3.45670758321916,13.5,-9.7879017997044));
#3332=CARTESIAN_POINT('Ctrl Pts',(3.32472212130337,13.5,-9.79503573886988));
#3333=CARTESIAN_POINT('Ctrl Pts',(3.2493280259288,13.5,-9.79991485042831));
#3334=CARTESIAN_POINT('Ctrl Pts',(3.21167601882347,13.5,-9.80260273316254));
#3335=CARTESIAN_POINT('Ctrl Pts',(3.19284449072747,13.5,-9.80400639014166));
#3336=CARTESIAN_POINT('Ctrl Pts',(3.2000000372529,13.5,-0.288679127454408));
#3337=CARTESIAN_POINT('Ctrl Pts',(3.22826661404749,13.5,-0.243452794480471));
#3338=CARTESIAN_POINT('Ctrl Pts',(3.25653319084207,13.5,-0.198226461506534));
#3339=CARTESIAN_POINT('Ctrl Pts',(3.32484993719257,13.5,-0.088920126303757));
#3340=CARTESIAN_POINT('Ctrl Pts',(3.40874558984993,13.5,0.0370053729036264));
#3341=CARTESIAN_POINT('Ctrl Pts',(3.55127100320748,13.5,0.213624119397107));
#3342=CARTESIAN_POINT('Ctrl Pts',(3.71896664805388,13.5,0.367353336843114));
#3343=CARTESIAN_POINT('Ctrl Pts',(3.90772681274525,13.5,0.493100166278003));
#3344=CARTESIAN_POINT('Ctrl Pts',(4.1082800021149,13.5,0.599555748713019));
#3345=CARTESIAN_POINT('Ctrl Pts',(4.31581928997518,13.5,0.6912789132492));
#3346=CARTESIAN_POINT('Ctrl Pts',(4.5284699492408,13.5,0.769733788735153));
#3347=CARTESIAN_POINT('Ctrl Pts',(4.7458673636459,13.5,0.834391451343192));
#3348=CARTESIAN_POINT('Ctrl Pts',(4.9673676169276,13.5,0.883572805307307));
#3349=CARTESIAN_POINT('Ctrl Pts',(5.19210689611232,13.5,0.914836544478015));
#3350=CARTESIAN_POINT('Ctrl Pts',(5.41885654258175,13.5,0.925331627679748));
#3351=CARTESIAN_POINT('Ctrl Pts',(5.64556425590364,13.5,0.912346968308513));
#3352=CARTESIAN_POINT('Ctrl Pts',(5.86941110485662,13.5,0.874152727586706));
#3353=CARTESIAN_POINT('Ctrl Pts',(6.08740305508065,13.5,0.81065043189971));
#3354=CARTESIAN_POINT('Ctrl Pts',(6.29699048561981,13.5,0.72341107044821));
#3355=CARTESIAN_POINT('Ctrl Pts',(6.4965532253854,13.5,0.615129686597028));
#3356=CARTESIAN_POINT('Ctrl Pts',(6.68520479552687,13.5,0.488953260978985));
#3357=CARTESIAN_POINT('Ctrl Pts',(6.86282602975775,13.5,0.347878273576803));
#3358=CARTESIAN_POINT('Ctrl Pts',(7.02976077912126,13.5,0.194403185495391));
#3359=CARTESIAN_POINT('Ctrl Pts',(7.18644416453802,13.5,0.0305426399315378));
#3360=CARTESIAN_POINT('Ctrl Pts',(7.33330201893858,13.5,-0.142153564712336));
#3361=CARTESIAN_POINT('Ctrl Pts',(7.47061735146985,13.5,-0.32254893313903));
#3362=CARTESIAN_POINT('Ctrl Pts',(7.59846807423756,13.4999999999999,-0.50981917232561));
#3363=CARTESIAN_POINT('Ctrl Pts',(7.71663444734544,13.4999999999999,-0.703380005660696));
#3364=CARTESIAN_POINT('Ctrl Pts',(7.82459693443499,13.4999999999999,-0.902791076258019));
#3365=CARTESIAN_POINT('Ctrl Pts',(7.92152834930308,13.4999999999998,-1.1077780166316));
#3366=CARTESIAN_POINT('Ctrl Pts',(8.00622838024213,13.4999999999997,-1.31813294925909));
#3367=CARTESIAN_POINT('Ctrl Pts',(8.07708085204388,13.4999999999996,-1.53359066137726));
#3368=CARTESIAN_POINT('Ctrl Pts',(8.132035928268,13.4999999999995,-1.75370122834665));
#3369=CARTESIAN_POINT('Ctrl Pts',(8.16862243313295,13.4999999999993,-1.97767852688414));
#3370=CARTESIAN_POINT('Ctrl Pts',(8.18403723964225,13.499999999999,-2.20413296436534));
#3371=CARTESIAN_POINT('Ctrl Pts',(8.17543914011906,13.4999999999986,-2.43099010548117));
#3372=CARTESIAN_POINT('Ctrl Pts',(8.14040493849084,13.499999999998,-2.65542964908197));
#3373=CARTESIAN_POINT('Ctrl Pts',(8.07764796819205,13.4999999999972,-2.87382471077887));
#3374=CARTESIAN_POINT('Ctrl Pts',(7.9876801590099,13.4999999999961,-3.08241301409086));
#3375=CARTESIAN_POINT('Ctrl Pts',(7.872769372837,13.4999999999945,-3.27829432633136));
#3376=CARTESIAN_POINT('Ctrl Pts',(7.73638679158858,13.4999999999923,-3.45980569788933));
#3377=CARTESIAN_POINT('Ctrl Pts',(7.58242317379934,13.4999999999904,-3.62657313099997));
#3378=CARTESIAN_POINT('Ctrl Pts',(7.4145574214446,13.4999999999849,-3.7792223870902));
#3379=CARTESIAN_POINT('Ctrl Pts',(7.23593637487378,13.4999999999789,-3.91901262856145));
#3380=CARTESIAN_POINT('Ctrl Pts',(7.04921874923387,13.4999999999695,-4.04735114100732));
#3381=CARTESIAN_POINT('Ctrl Pts',(6.85647046264642,13.4999999999579,-4.16575188234302));
#3382=CARTESIAN_POINT('Ctrl Pts',(6.65905600348562,13.4999999999388,-4.27584433605179));
#3383=CARTESIAN_POINT('Ctrl Pts',(6.45781847527248,13.4999999999181,-4.3793201054792));
#3384=CARTESIAN_POINT('Ctrl Pts',(6.28748727100513,13.4999999998824,-4.46148687994088));
#3385=CARTESIAN_POINT('Ctrl Pts',(6.15021409774901,13.4999999998684,-4.52575258695708));
#3386=CARTESIAN_POINT('Ctrl Pts',(6.02981181903776,13.4999999998505,-4.58152486154341));
#3387=CARTESIAN_POINT('Ctrl Pts',(5.92665210447778,13.4999999998119,-4.62927057554029));
#3388=CARTESIAN_POINT('Ctrl Pts',(5.84988933259291,13.499999999809,-4.66587556825573));
#3389=CARTESIAN_POINT('Ctrl Pts',(5.81592353726636,13.4999999998053,-4.68236373097558));
#3390=CARTESIAN_POINT('Ctrl Pts',(5.79053221213329,13.4999999998026,-4.69486440889478));
#3391=CARTESIAN_POINT('Ctrl Pts',(5.76523305160725,13.4999999998011,-4.70753465858986));
#3392=CARTESIAN_POINT('Ctrl Pts',(5.74003586225697,13.4999999997979,-4.72041370085234));
#3393=CARTESIAN_POINT('Ctrl Pts',(5.71913749867152,13.4999999997942,-4.73135977363903));
#3394=CARTESIAN_POINT('Ctrl Pts',(5.70249277824298,13.499999999793,-4.74027304100803));
#3395=CARTESIAN_POINT('Ctrl Pts',(5.68590358142999,13.4999999997916,-4.74930131798134));
#3396=CARTESIAN_POINT('Ctrl Pts',(5.66528335942701,13.4999999997869,-4.76082282332615));
#3397=CARTESIAN_POINT('Ctrl Pts',(5.64078620048989,13.4999999997819,-4.77510790430287));
#3398=CARTESIAN_POINT('Ctrl Pts',(5.6166183496526,13.4999999997765,-4.78995204993284));
#3399=CARTESIAN_POINT('Ctrl Pts',(5.59289337671298,13.4999999997698,-4.80548344638534));
#3400=CARTESIAN_POINT('Ctrl Pts',(5.57361850412427,13.4999999997658,-4.81913753474703));
#3401=CARTESIAN_POINT('Ctrl Pts',(5.55860235670804,13.4999999997641,-4.83059885583026));
#3402=CARTESIAN_POINT('Ctrl Pts',(5.5494150325572,13.4999999997621,-4.83801398572711));
#3403=CARTESIAN_POINT('Ctrl Pts',(5.54220540540017,13.4999999997614,-4.84411476733515));
#3404=CARTESIAN_POINT('Ctrl Pts',(5.53509772330675,13.499999999761,-4.8503341729121));
#3405=CARTESIAN_POINT('Ctrl Pts',(5.52641980289948,13.4999999997581,-4.85834197051416));
#3406=CARTESIAN_POINT('Ctrl Pts',(5.51640096264211,13.4999999997575,-4.86836363094859));
#3407=CARTESIAN_POINT('Ctrl Pts',(5.50844015693489,13.4999999997547,-4.87708776442804));
#3408=CARTESIAN_POINT('Ctrl Pts',(5.50234731537541,13.4999999997541,-4.88430678959155));
#3409=CARTESIAN_POINT('Ctrl Pts',(5.49866345084939,13.4999999997534,-4.88892097579478));
#3410=CARTESIAN_POINT('Ctrl Pts',(5.49579700394286,13.4999999997532,-4.89267507810152));
#3411=CARTESIAN_POINT('Ctrl Pts',(5.49404030271398,13.499999999753,-4.89504765574905));
#3412=CARTESIAN_POINT('Ctrl Pts',(5.49282962471272,13.499999999753,-4.89672234623007));
#3413=CARTESIAN_POINT('Ctrl Pts',(5.4921433391372,13.499999999753,-4.89768328319253));
#3414=CARTESIAN_POINT('Ctrl Pts',(5.49111948477361,13.4999999997529,-4.89912865989627));
#3415=CARTESIAN_POINT('Ctrl Pts',(5.48960474701018,13.4999999997527,-4.90131160232941));
#3416=CARTESIAN_POINT('Ctrl Pts',(5.48796057733176,13.4999999997525,-4.90376362385265));
#3417=CARTESIAN_POINT('Ctrl Pts',(5.4869114921237,13.4999999997525,-4.90537035920784));
#3418=CARTESIAN_POINT('Ctrl Pts',(5.48643114267762,13.4999999997524,-4.90611441294223));
#3419=CARTESIAN_POINT('Ctrl Pts',(5.48611193719756,13.4999999997524,-4.90661110999601));
#3420=CARTESIAN_POINT('Ctrl Pts',(5.48460305110586,13.4999999997524,-4.9089751211111));
#3421=CARTESIAN_POINT('Ctrl Pts',(5.4831383259036,13.4999999997514,-4.91136720803841));
#3422=CARTESIAN_POINT('Ctrl Pts',(5.48183073658995,13.4999999997513,-4.9135948052365));
#3423=CARTESIAN_POINT('Ctrl Pts',(5.48168171746532,13.4999999997513,-4.91384963259262));
#3424=CARTESIAN_POINT('Ctrl Pts',(5.48157016159872,13.4999999997513,-4.91404087463119));
#3425=CARTESIAN_POINT('Ctrl Pts',(5.48145881550622,13.4999999997513,-4.91423223853264));
#3426=CARTESIAN_POINT('Ctrl Pts',(5.48131063367135,13.4999999997513,-4.9144875524972));
#3427=CARTESIAN_POINT('Ctrl Pts',(5.48105205114657,13.4999999997513,-4.91493477726068));
#3428=CARTESIAN_POINT('Ctrl Pts',(5.48068475279956,13.4999999997513,-4.91557488110107));
#3429=CARTESIAN_POINT('Ctrl Pts',(5.47981005688041,13.4999999997513,-4.91711501203188));
#3430=CARTESIAN_POINT('Ctrl Pts',(5.47895239795129,13.4999999997513,-4.91866474853839));
#3431=CARTESIAN_POINT('Ctrl Pts',(5.47811250199044,13.4999999997513,-4.92022407624125));
#3432=CARTESIAN_POINT('Ctrl Pts',(5.47776549784022,13.4999999997513,-4.92087537329013));
#3433=CARTESIAN_POINT('Ctrl Pts',(5.47748969919999,13.4999999997513,-4.92139736435502));
#3434=CARTESIAN_POINT('Ctrl Pts',(5.47721507454049,13.4999999997513,-4.92191997233901));
#3435=CARTESIAN_POINT('Ctrl Pts',(5.47673775987951,13.4999999997513,-4.92283624934733));
#3436=CARTESIAN_POINT('Ctrl Pts',(5.47619907659837,13.4999999997514,-4.92388694447644));
#3437=CARTESIAN_POINT('Ctrl Pts',(5.47566854832169,13.4999999997513,-4.92494177252816));
#3438=CARTESIAN_POINT('Ctrl Pts',(5.45853583595023,13.4999999997579,-4.95927701962479));
#3439=CARTESIAN_POINT('Ctrl Pts',(5.4506984315949,13.4999999998049,-5.01938549175937));
#3440=CARTESIAN_POINT('Ctrl Pts',(5.48259764554729,13.4999999998069,-5.08938619831195));
#3441=CARTESIAN_POINT('Ctrl Pts',(5.51129645322834,13.499999999826,-5.12106097854027));
#3442=CARTESIAN_POINT('Ctrl Pts',(5.53030005712395,13.4999999998275,-5.13699877255225));
#3443=CARTESIAN_POINT('Ctrl Pts',(5.53516550647954,13.4999999998276,-5.14083807045067));
#3444=CARTESIAN_POINT('Ctrl Pts',(5.53638904219005,13.4999999998276,-5.14178897763465));
#3445=CARTESIAN_POINT('Ctrl Pts',(5.53673910650485,13.4999999998276,-5.14206003354335));
#3446=CARTESIAN_POINT('Ctrl Pts',(5.53697261561913,13.4999999998276,-5.14224056863165));
#3447=CARTESIAN_POINT('Ctrl Pts',(5.53761529812189,13.4999999998276,-5.14273634270124));
#3448=CARTESIAN_POINT('Ctrl Pts',(5.53913856865344,13.4999999998277,-5.14390270005936));
#3449=CARTESIAN_POINT('Ctrl Pts',(5.54102545728038,13.4999999998279,-5.14532221231633));
#3450=CARTESIAN_POINT('Ctrl Pts',(5.54292403146414,13.499999999828,-5.14672614618696));
#3451=CARTESIAN_POINT('Ctrl Pts',(5.5448301743378,13.499999999828,-5.14811979071491));
#3452=CARTESIAN_POINT('Ctrl Pts',(5.54722664534158,13.4999999998283,-5.14984274318432));
#3453=CARTESIAN_POINT('Ctrl Pts',(5.55108936522089,13.4999999998284,-5.15255981937066));
#3454=CARTESIAN_POINT('Ctrl Pts',(5.55450432088353,13.4999999998292,-5.15488626470414));
#3455=CARTESIAN_POINT('Ctrl Pts',(5.55745473405752,13.4999999998293,-5.15684600045182));
#3456=CARTESIAN_POINT('Ctrl Pts',(5.55942767890321,13.4999999998294,-5.15814340766162));
#3457=CARTESIAN_POINT('Ctrl Pts',(5.56190481934529,13.4999999998296,-5.15974834353084));
#3458=CARTESIAN_POINT('Ctrl Pts',(5.5648942295918,13.4999999998297,-5.16164811236196));
#3459=CARTESIAN_POINT('Ctrl Pts',(5.56789970386052,13.4999999998299,-5.16352241851327));
#3460=CARTESIAN_POINT('Ctrl Pts',(5.57092054245719,13.4999999998301,-5.16537196607963));
#3461=CARTESIAN_POINT('Ctrl Pts',(5.57496792682828,13.4999999998303,-5.16780593545042));
#3462=CARTESIAN_POINT('Ctrl Pts',(5.58006215698192,13.4999999998309,-5.17078984677024));
#3463=CARTESIAN_POINT('Ctrl Pts',(5.58468549575151,13.4999999998314,-5.17340907021537));
#3464=CARTESIAN_POINT('Ctrl Pts',(5.58778253749847,13.4999999998315,-5.17512919443694));
#3465=CARTESIAN_POINT('Ctrl Pts',(5.58985108181749,13.4999999998315,-5.17626909197629));
#3466=CARTESIAN_POINT('Ctrl Pts',(5.59244373295425,13.4999999998317,-5.17768125660639));
#3467=CARTESIAN_POINT('Ctrl Pts',(5.59556569229566,13.4999999998318,-5.17935615495981));
#3468=CARTESIAN_POINT('Ctrl Pts',(5.59869791705792,13.4999999998319,-5.18101188422105));
#3469=CARTESIAN_POINT('Ctrl Pts',(5.60183996912436,13.499999999832,-5.18264899698127));
#3470=CARTESIAN_POINT('Ctrl Pts',(5.60814287292423,13.4999999998322,-5.18588700226087));
#3471=CARTESIAN_POINT('Ctrl Pts',(5.61766375957927,13.4999999998338,-5.19061182696351));
#3472=CARTESIAN_POINT('Ctrl Pts',(5.6304785994843,13.4999999998348,-5.1966606286416));
#3473=CARTESIAN_POINT('Ctrl Pts',(5.64124121201371,13.4999999998363,-5.20151394351001));
#3474=CARTESIAN_POINT('Ctrl Pts',(5.64800137372786,13.4999999998366,-5.20446882848172));
#3475=CARTESIAN_POINT('Ctrl Pts',(5.65071010768379,13.4999999998366,-5.20563963780124));
#3476=CARTESIAN_POINT('Ctrl Pts',(5.65179401358437,13.4999999998366,-5.20610697874046));
#3477=CARTESIAN_POINT('Ctrl Pts',(5.65369189700594,13.4999999998366,-5.20692225246773));
#3478=CARTESIAN_POINT('Ctrl Pts',(5.65749178939364,13.4999999998367,-5.20854263934526));
#3479=CARTESIAN_POINT('Ctrl Pts',(5.66293150822306,13.499999999837,-5.21082928406669));
#3480=CARTESIAN_POINT('Ctrl Pts',(5.67602085223541,13.4999999998375,-5.21623169133828));
#3481=CARTESIAN_POINT('Ctrl Pts',(5.69577077412573,13.4999999998415,-5.22403212115427));
#3482=CARTESIAN_POINT('Ctrl Pts',(5.72230200992265,13.4999999998448,-5.23391270838978));
#3483=CARTESIAN_POINT('Ctrl Pts',(5.74899943969143,13.4999999998482,-5.24337115636064));
#3484=CARTESIAN_POINT('Ctrl Pts',(5.77583817964363,13.4999999998518,-5.2524839049438));
#3485=CARTESIAN_POINT('Ctrl Pts',(5.80279433905113,13.4999999998533,-5.26131057766066));
#3486=CARTESIAN_POINT('Ctrl Pts',(5.82984690288452,13.4999999998558,-5.26989833212628));
#3487=CARTESIAN_POINT('Ctrl Pts',(5.85697942504267,13.4999999998581,-5.27828689656298));
#3488=CARTESIAN_POINT('Ctrl Pts',(5.88417827625434,13.499999999859,-5.28650880441141));
#3489=CARTESIAN_POINT('Ctrl Pts',(5.91142903411407,13.499999999861,-5.29459164554692));
#3490=CARTESIAN_POINT('Ctrl Pts',(5.96601594131598,13.4999999998632,-5.31052262551701));
#3491=CARTESIAN_POINT('Ctrl Pts',(6.04811161997295,13.4999999998826,-5.33371438090964));
#3492=CARTESIAN_POINT('Ctrl Pts',(6.19408784250559,13.4999999998938,-5.37414991105915));
#3493=CARTESIAN_POINT('Ctrl Pts',(6.37585491516672,13.4999999999229,-5.42473562500332));
#3494=CARTESIAN_POINT('Ctrl Pts',(6.59243228825562,13.4999999999406,-5.48884978479457));
#3495=CARTESIAN_POINT('Ctrl Pts',(6.80754550553316,13.4999999999563,-5.55887943588386));
#3496=CARTESIAN_POINT('Ctrl Pts',(7.02044553938412,13.4999999999699,-5.63712528673346));
#3497=CARTESIAN_POINT('Ctrl Pts',(7.22931162266402,13.4999999999784,-5.72568572424737));
#3498=CARTESIAN_POINT('Ctrl Pts',(7.43221395070139,13.4999999999851,-5.82691353561815));
#3499=CARTESIAN_POINT('Ctrl Pts',(7.62685498240408,13.4999999999898,-5.94330639183965));
#3500=CARTESIAN_POINT('Ctrl Pts',(7.81018678090765,13.4999999999934,-6.07708718272239));
#3501=CARTESIAN_POINT('Ctrl Pts',(7.97859291401079,13.4999999999947,-6.22936964156701));
#3502=CARTESIAN_POINT('Ctrl Pts',(8.12889322272126,13.4999999999962,-6.39965272041075));
#3503=CARTESIAN_POINT('Ctrl Pts',(8.25937768272252,13.4999999999971,-6.58560622699245));
#3504=CARTESIAN_POINT('Ctrl Pts',(8.37017272600363,13.499999999998,-6.7837181814758));
#3505=CARTESIAN_POINT('Ctrl Pts',(8.46314451432385,13.4999999999985,-6.99059532704976));
#3506=CARTESIAN_POINT('Ctrl Pts',(8.54092595596422,13.499999999999,-7.20358079121536));
#3507=CARTESIAN_POINT('Ctrl Pts',(8.60615228829202,13.4999999999993,-7.42072791546573));
#3508=CARTESIAN_POINT('Ctrl Pts',(8.66110807456904,13.4999999999995,-7.64071987214862));
#3509=CARTESIAN_POINT('Ctrl Pts',(8.70758984957827,13.4999999999996,-7.86265025262758));
#3510=CARTESIAN_POINT('Ctrl Pts',(8.7469156688897,13.4999999999997,-8.08586095400368));
#3511=CARTESIAN_POINT('Ctrl Pts',(8.77998723611219,13.4999999999998,-8.3099555917703));
#3512=CARTESIAN_POINT('Ctrl Pts',(8.80731784475885,13.4999999999999,-8.53473239130493));
#3513=CARTESIAN_POINT('Ctrl Pts',(8.82903053903168,13.4999999999999,-8.76010314842826));
#3514=CARTESIAN_POINT('Ctrl Pts',(8.8448399266684,13.4999999999999,-8.98602339276021));
#3515=CARTESIAN_POINT('Ctrl Pts',(8.85400367160066,13.4999999999999,-9.21241877813809));
#3516=CARTESIAN_POINT('Ctrl Pts',(8.85533835508661,13.5,-9.43910977170368));
#3517=CARTESIAN_POINT('Ctrl Pts',(8.84720943309868,13.5,-9.66573129620088));
#3518=CARTESIAN_POINT('Ctrl Pts',(8.82753363272909,13.5,-9.89166676051983));
#3519=CARTESIAN_POINT('Ctrl Pts',(8.79371678921672,13.5,-10.1159614932384));
#3520=CARTESIAN_POINT('Ctrl Pts',(8.74267619170207,13.5,-10.3370285658046));
#3521=CARTESIAN_POINT('Ctrl Pts',(8.67099784081115,13.5,-10.552361510443));
#3522=CARTESIAN_POINT('Ctrl Pts',(8.57533691688579,13.5,-10.7583680440614));
#3523=CARTESIAN_POINT('Ctrl Pts',(8.45343159546778,13.5,-10.9502399312741));
#3524=CARTESIAN_POINT('Ctrl Pts',(8.30531160933828,13.5,-11.1227022773187));
#3525=CARTESIAN_POINT('Ctrl Pts',(8.13365514637644,13.5,-11.2716711422146));
#3526=CARTESIAN_POINT('Ctrl Pts',(7.942893441199,13.5,-11.395129534725));
#3527=CARTESIAN_POINT('Ctrl Pts',(7.73796916880982,13.5,-11.4931579724834));
#3528=CARTESIAN_POINT('Ctrl Pts',(7.52338401210369,13.5,-11.5671712147775));
#3529=CARTESIAN_POINT('Ctrl Pts',(7.30255271486267,13.5,-11.6192802490174));
#3530=CARTESIAN_POINT('Ctrl Pts',(7.07795930843933,13.5,-11.6515101409035));
#3531=CARTESIAN_POINT('Ctrl Pts',(6.85146426421208,13.5,-11.6653745688317));
#3532=CARTESIAN_POINT('Ctrl Pts',(6.62472022317697,13.5,-11.6616929982229));
#3533=CARTESIAN_POINT('Ctrl Pts',(6.39901578261707,13.5,-11.6404866338901));
#3534=CARTESIAN_POINT('Ctrl Pts',(6.17567476153958,13.5,-11.600694701194));
#3535=CARTESIAN_POINT('Ctrl Pts',(5.95697646472907,13.5,-11.5399325750111));
#3536=CARTESIAN_POINT('Ctrl Pts',(5.74667819605874,13.5,-11.4538428898278));
#3537=CARTESIAN_POINT('Ctrl Pts',(5.55202044683978,13.5,-11.335965953869));
#3538=CARTESIAN_POINT('Ctrl Pts',(5.38554405155864,13.5,-11.1797894666829));
#3539=CARTESIAN_POINT('Ctrl Pts',(5.26075046852892,13.5,-10.9886426476916));
#3540=CARTESIAN_POINT('Ctrl Pts',(5.17441601235651,13.5,-10.7785535212561));
#3541=CARTESIAN_POINT('Ctrl Pts',(5.10613085705668,13.5,-10.5626470007754));
#3542=CARTESIAN_POINT('Ctrl Pts',(5.04172292348452,13.5,-10.3845529235002));
#3543=CARTESIAN_POINT('Ctrl Pts',(4.97126178436651,13.5,-10.2505943036612));
#3544=CARTESIAN_POINT('Ctrl Pts',(4.88517692385649,13.5,-10.1260106192664));
#3545=CARTESIAN_POINT('Ctrl Pts',(4.74490867810268,13.5,-9.99622082943302));
#3546=CARTESIAN_POINT('Ctrl Pts',(4.54108628444352,13.5,-9.89313659588703));
#3547=CARTESIAN_POINT('Ctrl Pts',(4.32249581862072,13.5,-9.83116576527228));
#3548=CARTESIAN_POINT('Ctrl Pts',(4.09804763300924,13.5,-9.79682386615919));
#3549=CARTESIAN_POINT('Ctrl Pts',(3.87171127411767,13.5,-9.78113984177606));
#3550=CARTESIAN_POINT('Ctrl Pts',(3.64517171873973,13.5,-9.77848629129525));
#3551=CARTESIAN_POINT('Ctrl Pts',(3.45655303361593,13.5,-9.7841646617611));
#3552=CARTESIAN_POINT('Ctrl Pts',(3.32450202629187,13.5,-9.79130215128403));
#3553=CARTESIAN_POINT('Ctrl Pts',(3.2490739126615,13.5,-9.79618347908409));
#3554=CARTESIAN_POINT('Ctrl Pts',(3.21140579955082,13.5,-9.7988725054244));
#3555=CARTESIAN_POINT('Ctrl Pts',(3.19256649135166,13.5,-9.80027674526191));
#3556=CARTESIAN_POINT('',(3.19999964712403,13.4,-9.90000010358514));
#3557=CARTESIAN_POINT('',(3.2000000372529,13.5,-9.79972575751347));
#3558=CARTESIAN_POINT('Ctrl Pts',(3.2000000372529,13.5,-9.79972575751347));
#3559=CARTESIAN_POINT('Ctrl Pts',(3.2000000372529,13.5,-9.81281590646138));
#3560=CARTESIAN_POINT('Ctrl Pts',(3.20000003725297,13.4974436073301,-9.82578276442285));
#3561=CARTESIAN_POINT('Ctrl Pts',(3.20000003725297,13.4875089405941,-9.84998491887458));
#3562=CARTESIAN_POINT('Ctrl Pts',(3.20000003725296,13.4802312326983,-9.86099363768328));
#3563=CARTESIAN_POINT('Ctrl Pts',(3.20000003725296,13.4618849615319,-9.87956571065667));
#3564=CARTESIAN_POINT('Ctrl Pts',(3.20000003725292,13.4510025964008,-9.8869610111705));
#3565=CARTESIAN_POINT('Ctrl Pts',(3.20000003725292,13.4328527713164,-9.89467090437291));
#3566=CARTESIAN_POINT('Ctrl Pts',(3.2000000372529,13.4264524600462,-9.8966601497556));
#3567=CARTESIAN_POINT('Ctrl Pts',(3.2000000372529,13.4133513716713,-9.89932802279749));
#3568=CARTESIAN_POINT('Ctrl Pts',(3.2000000372529,13.4066842781438,-9.90000007450581));
#3569=CARTESIAN_POINT('Ctrl Pts',(3.2000000372529,13.4,-9.90000007450581));
#3570=CARTESIAN_POINT('',(3.2000000372529,13.5,-0.288679127454407));
#3571=CARTESIAN_POINT('Ctrl Pts',(3.20000003693101,13.5,-9.79972575314612));
#3572=CARTESIAN_POINT('Ctrl Pts',(3.21636047013415,13.5,-9.79851989303338));
#3573=CARTESIAN_POINT('Ctrl Pts',(3.25155417007825,13.5,-9.79602296930998));
#3574=CARTESIAN_POINT('Ctrl Pts',(3.32450202629187,13.5,-9.79130215128403));
#3575=CARTESIAN_POINT('Ctrl Pts',(3.45655303361593,13.5,-9.7841646617611));
#3576=CARTESIAN_POINT('Ctrl Pts',(3.64517171873973,13.5,-9.77848629129525));
#3577=CARTESIAN_POINT('Ctrl Pts',(3.87171127411767,13.5,-9.78113984177606));
#3578=CARTESIAN_POINT('Ctrl Pts',(4.09804763300924,13.5,-9.79682386615919));
#3579=CARTESIAN_POINT('Ctrl Pts',(4.32249581862072,13.5,-9.83116576527228));
#3580=CARTESIAN_POINT('Ctrl Pts',(4.54108628444352,13.5,-9.89313659588703));
#3581=CARTESIAN_POINT('Ctrl Pts',(4.74490867810268,13.5,-9.99622082943302));
#3582=CARTESIAN_POINT('Ctrl Pts',(4.88517692385649,13.5,-10.1260106192664));
#3583=CARTESIAN_POINT('Ctrl Pts',(4.97126178436651,13.5,-10.2505943036612));
#3584=CARTESIAN_POINT('Ctrl Pts',(5.04172292348452,13.5,-10.3845529235002));
#3585=CARTESIAN_POINT('Ctrl Pts',(5.10613085705668,13.5,-10.5626470007754));
#3586=CARTESIAN_POINT('Ctrl Pts',(5.17441601235651,13.5,-10.7785535212561));
#3587=CARTESIAN_POINT('Ctrl Pts',(5.26075046852892,13.5,-10.9886426476916));
#3588=CARTESIAN_POINT('Ctrl Pts',(5.38554405155864,13.5,-11.1797894666829));
#3589=CARTESIAN_POINT('Ctrl Pts',(5.55202044683978,13.5,-11.335965953869));
#3590=CARTESIAN_POINT('Ctrl Pts',(5.74667819605874,13.5,-11.4538428898278));
#3591=CARTESIAN_POINT('Ctrl Pts',(5.95697646472907,13.5,-11.5399325750111));
#3592=CARTESIAN_POINT('Ctrl Pts',(6.17567476153958,13.5,-11.600694701194));
#3593=CARTESIAN_POINT('Ctrl Pts',(6.39901578261707,13.5,-11.6404866338901));
#3594=CARTESIAN_POINT('Ctrl Pts',(6.62472022317697,13.5,-11.6616929982229));
#3595=CARTESIAN_POINT('Ctrl Pts',(6.85146426421208,13.5,-11.6653745688317));
#3596=CARTESIAN_POINT('Ctrl Pts',(7.07795930843933,13.5,-11.6515101409035));
#3597=CARTESIAN_POINT('Ctrl Pts',(7.30255271486267,13.5,-11.6192802490174));
#3598=CARTESIAN_POINT('Ctrl Pts',(7.52338401210369,13.5,-11.5671712147775));
#3599=CARTESIAN_POINT('Ctrl Pts',(7.73796916880982,13.5,-11.4931579724834));
#3600=CARTESIAN_POINT('Ctrl Pts',(7.942893441199,13.5,-11.395129534725));
#3601=CARTESIAN_POINT('Ctrl Pts',(8.13365514637644,13.5,-11.2716711422146));
#3602=CARTESIAN_POINT('Ctrl Pts',(8.30531160933828,13.5,-11.1227022773187));
#3603=CARTESIAN_POINT('Ctrl Pts',(8.45343159546778,13.5,-10.9502399312741));
#3604=CARTESIAN_POINT('Ctrl Pts',(8.57533691688579,13.5,-10.7583680440614));
#3605=CARTESIAN_POINT('Ctrl Pts',(8.67099784081115,13.5,-10.552361510443));
#3606=CARTESIAN_POINT('Ctrl Pts',(8.74267619170207,13.5,-10.3370285658046));
#3607=CARTESIAN_POINT('Ctrl Pts',(8.79371678921672,13.5,-10.1159614932384));
#3608=CARTESIAN_POINT('Ctrl Pts',(8.82753363272909,13.5,-9.89166676051983));
#3609=CARTESIAN_POINT('Ctrl Pts',(8.84720943309868,13.5,-9.66573129620088));
#3610=CARTESIAN_POINT('Ctrl Pts',(8.85533835508661,13.5,-9.43910977170368));
#3611=CARTESIAN_POINT('Ctrl Pts',(8.85400367160066,13.4999999999999,-9.21241877813809));
#3612=CARTESIAN_POINT('Ctrl Pts',(8.8448399266684,13.4999999999999,-8.98602339276021));
#3613=CARTESIAN_POINT('Ctrl Pts',(8.82903053903168,13.4999999999999,-8.76010314842826));
#3614=CARTESIAN_POINT('Ctrl Pts',(8.80731784475885,13.4999999999999,-8.53473239130493));
#3615=CARTESIAN_POINT('Ctrl Pts',(8.77998723611219,13.4999999999998,-8.3099555917703));
#3616=CARTESIAN_POINT('Ctrl Pts',(8.7469156688897,13.4999999999997,-8.08586095400368));
#3617=CARTESIAN_POINT('Ctrl Pts',(8.70758984957827,13.4999999999996,-7.86265025262758));
#3618=CARTESIAN_POINT('Ctrl Pts',(8.66110807456904,13.4999999999995,-7.64071987214862));
#3619=CARTESIAN_POINT('Ctrl Pts',(8.60615228829202,13.4999999999993,-7.42072791546573));
#3620=CARTESIAN_POINT('Ctrl Pts',(8.54092595596422,13.499999999999,-7.20358079121536));
#3621=CARTESIAN_POINT('Ctrl Pts',(8.46314451432385,13.4999999999985,-6.99059532704976));
#3622=CARTESIAN_POINT('Ctrl Pts',(8.37017272600363,13.499999999998,-6.7837181814758));
#3623=CARTESIAN_POINT('Ctrl Pts',(8.25937768272252,13.4999999999971,-6.58560622699245));
#3624=CARTESIAN_POINT('Ctrl Pts',(8.12889322272126,13.4999999999962,-6.39965272041075));
#3625=CARTESIAN_POINT('Ctrl Pts',(7.97859291401079,13.4999999999947,-6.22936964156701));
#3626=CARTESIAN_POINT('Ctrl Pts',(7.81018678090765,13.4999999999934,-6.07708718272239));
#3627=CARTESIAN_POINT('Ctrl Pts',(7.62685498240408,13.4999999999898,-5.94330639183965));
#3628=CARTESIAN_POINT('Ctrl Pts',(7.43221395070139,13.4999999999851,-5.82691353561815));
#3629=CARTESIAN_POINT('Ctrl Pts',(7.22931162266402,13.4999999999784,-5.72568572424737));
#3630=CARTESIAN_POINT('Ctrl Pts',(7.02044553938412,13.4999999999699,-5.63712528673346));
#3631=CARTESIAN_POINT('Ctrl Pts',(6.80754550553316,13.4999999999563,-5.55887943588386));
#3632=CARTESIAN_POINT('Ctrl Pts',(6.59243228825562,13.4999999999406,-5.48884978479457));
#3633=CARTESIAN_POINT('Ctrl Pts',(6.37585491516672,13.4999999999229,-5.42473562500332));
#3634=CARTESIAN_POINT('Ctrl Pts',(6.19408784250559,13.4999999998938,-5.37414991105915));
#3635=CARTESIAN_POINT('Ctrl Pts',(6.04811161997295,13.4999999998826,-5.33371438090964));
#3636=CARTESIAN_POINT('Ctrl Pts',(5.96601594131598,13.4999999998632,-5.31052262551701));
#3637=CARTESIAN_POINT('Ctrl Pts',(5.91142903411407,13.499999999861,-5.29459164554692));
#3638=CARTESIAN_POINT('Ctrl Pts',(5.88417827625434,13.499999999859,-5.28650880441141));
#3639=CARTESIAN_POINT('Ctrl Pts',(5.85697942504267,13.4999999998581,-5.27828689656298));
#3640=CARTESIAN_POINT('Ctrl Pts',(5.82984690288452,13.4999999998558,-5.26989833212628));
#3641=CARTESIAN_POINT('Ctrl Pts',(5.80279433905113,13.4999999998533,-5.26131057766066));
#3642=CARTESIAN_POINT('Ctrl Pts',(5.77583817964363,13.4999999998518,-5.2524839049438));
#3643=CARTESIAN_POINT('Ctrl Pts',(5.74899943969143,13.4999999998482,-5.24337115636064));
#3644=CARTESIAN_POINT('Ctrl Pts',(5.72230200992265,13.4999999998448,-5.23391270838978));
#3645=CARTESIAN_POINT('Ctrl Pts',(5.69577077412573,13.4999999998415,-5.22403212115427));
#3646=CARTESIAN_POINT('Ctrl Pts',(5.67602085223541,13.4999999998375,-5.21623169133828));
#3647=CARTESIAN_POINT('Ctrl Pts',(5.66293150822306,13.499999999837,-5.21082928406669));
#3648=CARTESIAN_POINT('Ctrl Pts',(5.65749178939364,13.4999999998367,-5.20854263934526));
#3649=CARTESIAN_POINT('Ctrl Pts',(5.65369189700594,13.4999999998366,-5.20692225246773));
#3650=CARTESIAN_POINT('Ctrl Pts',(5.65179401358437,13.4999999998366,-5.20610697874046));
#3651=CARTESIAN_POINT('Ctrl Pts',(5.65071010768379,13.4999999998366,-5.20563963780124));
#3652=CARTESIAN_POINT('Ctrl Pts',(5.64800137372786,13.4999999998366,-5.20446882848172));
#3653=CARTESIAN_POINT('Ctrl Pts',(5.64124121201371,13.4999999998363,-5.20151394351001));
#3654=CARTESIAN_POINT('Ctrl Pts',(5.6304785994843,13.4999999998348,-5.1966606286416));
#3655=CARTESIAN_POINT('Ctrl Pts',(5.61766375957927,13.4999999998338,-5.19061182696351));
#3656=CARTESIAN_POINT('Ctrl Pts',(5.60814287292423,13.4999999998322,-5.18588700226087));
#3657=CARTESIAN_POINT('Ctrl Pts',(5.60183996912436,13.499999999832,-5.18264899698127));
#3658=CARTESIAN_POINT('Ctrl Pts',(5.59869791705792,13.4999999998319,-5.18101188422105));
#3659=CARTESIAN_POINT('Ctrl Pts',(5.59556569229566,13.4999999998318,-5.17935615495981));
#3660=CARTESIAN_POINT('Ctrl Pts',(5.59244373295425,13.4999999998317,-5.17768125660639));
#3661=CARTESIAN_POINT('Ctrl Pts',(5.58985108181749,13.4999999998315,-5.17626909197629));
#3662=CARTESIAN_POINT('Ctrl Pts',(5.58778253749847,13.4999999998315,-5.17512919443694));
#3663=CARTESIAN_POINT('Ctrl Pts',(5.58468549575151,13.4999999998314,-5.17340907021537));
#3664=CARTESIAN_POINT('Ctrl Pts',(5.58006215698192,13.4999999998309,-5.17078984677024));
#3665=CARTESIAN_POINT('Ctrl Pts',(5.57496792682828,13.4999999998303,-5.16780593545042));
#3666=CARTESIAN_POINT('Ctrl Pts',(5.57092054245719,13.4999999998301,-5.16537196607963));
#3667=CARTESIAN_POINT('Ctrl Pts',(5.56789970386052,13.4999999998299,-5.16352241851327));
#3668=CARTESIAN_POINT('Ctrl Pts',(5.5648942295918,13.4999999998297,-5.16164811236196));
#3669=CARTESIAN_POINT('Ctrl Pts',(5.56190481934529,13.4999999998296,-5.15974834353084));
#3670=CARTESIAN_POINT('Ctrl Pts',(5.55942767890321,13.4999999998294,-5.15814340766162));
#3671=CARTESIAN_POINT('Ctrl Pts',(5.55745473405752,13.4999999998293,-5.15684600045182));
#3672=CARTESIAN_POINT('Ctrl Pts',(5.55450432088353,13.4999999998292,-5.15488626470414));
#3673=CARTESIAN_POINT('Ctrl Pts',(5.55108936522089,13.4999999998284,-5.15255981937066));
#3674=CARTESIAN_POINT('Ctrl Pts',(5.54722664534158,13.4999999998283,-5.14984274318432));
#3675=CARTESIAN_POINT('Ctrl Pts',(5.5448301743378,13.499999999828,-5.14811979071491));
#3676=CARTESIAN_POINT('Ctrl Pts',(5.54292403146414,13.499999999828,-5.14672614618696));
#3677=CARTESIAN_POINT('Ctrl Pts',(5.54102545728038,13.4999999998279,-5.14532221231633));
#3678=CARTESIAN_POINT('Ctrl Pts',(5.53913856865344,13.4999999998277,-5.14390270005936));
#3679=CARTESIAN_POINT('Ctrl Pts',(5.53761529812189,13.4999999998276,-5.14273634270124));
#3680=CARTESIAN_POINT('Ctrl Pts',(5.53697261561913,13.4999999998276,-5.14224056863165));
#3681=CARTESIAN_POINT('Ctrl Pts',(5.53673910650485,13.4999999998276,-5.14206003354335));
#3682=CARTESIAN_POINT('Ctrl Pts',(5.53638904219005,13.4999999998276,-5.14178897763465));
#3683=CARTESIAN_POINT('Ctrl Pts',(5.53516550647954,13.4999999998276,-5.14083807045067));
#3684=CARTESIAN_POINT('Ctrl Pts',(5.53030005712395,13.4999999998275,-5.13699877255225));
#3685=CARTESIAN_POINT('Ctrl Pts',(5.51129645322834,13.499999999826,-5.12106097854027));
#3686=CARTESIAN_POINT('Ctrl Pts',(5.48259764554729,13.4999999998069,-5.08938619831195));
#3687=CARTESIAN_POINT('Ctrl Pts',(5.4506984315949,13.4999999998049,-5.01938549175937));
#3688=CARTESIAN_POINT('Ctrl Pts',(5.45853583595023,13.4999999997579,-4.95927701962479));
#3689=CARTESIAN_POINT('Ctrl Pts',(5.47566854832169,13.4999999997513,-4.92494177252816));
#3690=CARTESIAN_POINT('Ctrl Pts',(5.47619907659837,13.4999999997514,-4.92388694447644));
#3691=CARTESIAN_POINT('Ctrl Pts',(5.47673775987951,13.4999999997513,-4.92283624934733));
#3692=CARTESIAN_POINT('Ctrl Pts',(5.47721507454049,13.4999999997513,-4.92191997233901));
#3693=CARTESIAN_POINT('Ctrl Pts',(5.47748969919999,13.4999999997513,-4.92139736435502));
#3694=CARTESIAN_POINT('Ctrl Pts',(5.47776549784022,13.4999999997513,-4.92087537329013));
#3695=CARTESIAN_POINT('Ctrl Pts',(5.47811250199044,13.4999999997513,-4.92022407624125));
#3696=CARTESIAN_POINT('Ctrl Pts',(5.47895239795129,13.4999999997513,-4.91866474853839));
#3697=CARTESIAN_POINT('Ctrl Pts',(5.47981005688041,13.4999999997513,-4.91711501203188));
#3698=CARTESIAN_POINT('Ctrl Pts',(5.48068475279956,13.4999999997513,-4.91557488110107));
#3699=CARTESIAN_POINT('Ctrl Pts',(5.48105205114657,13.4999999997513,-4.91493477726068));
#3700=CARTESIAN_POINT('Ctrl Pts',(5.48131063367135,13.4999999997513,-4.9144875524972));
#3701=CARTESIAN_POINT('Ctrl Pts',(5.48145881550622,13.4999999997513,-4.91423223853264));
#3702=CARTESIAN_POINT('Ctrl Pts',(5.48157016159872,13.4999999997513,-4.91404087463119));
#3703=CARTESIAN_POINT('Ctrl Pts',(5.48168171746532,13.4999999997513,-4.91384963259262));
#3704=CARTESIAN_POINT('Ctrl Pts',(5.48183073658995,13.4999999997513,-4.9135948052365));
#3705=CARTESIAN_POINT('Ctrl Pts',(5.4831383259036,13.4999999997514,-4.91136720803841));
#3706=CARTESIAN_POINT('Ctrl Pts',(5.48460305110586,13.4999999997524,-4.9089751211111));
#3707=CARTESIAN_POINT('Ctrl Pts',(5.48611193719756,13.4999999997524,-4.90661110999601));
#3708=CARTESIAN_POINT('Ctrl Pts',(5.48643114267762,13.4999999997524,-4.90611441294223));
#3709=CARTESIAN_POINT('Ctrl Pts',(5.4869114921237,13.4999999997525,-4.90537035920784));
#3710=CARTESIAN_POINT('Ctrl Pts',(5.48796057733176,13.4999999997525,-4.90376362385265));
#3711=CARTESIAN_POINT('Ctrl Pts',(5.48960474701018,13.4999999997527,-4.90131160232941));
#3712=CARTESIAN_POINT('Ctrl Pts',(5.49111948477361,13.4999999997529,-4.89912865989627));
#3713=CARTESIAN_POINT('Ctrl Pts',(5.4921433391372,13.499999999753,-4.89768328319253));
#3714=CARTESIAN_POINT('Ctrl Pts',(5.49282962471272,13.499999999753,-4.89672234623007));
#3715=CARTESIAN_POINT('Ctrl Pts',(5.49404030271398,13.499999999753,-4.89504765574905));
#3716=CARTESIAN_POINT('Ctrl Pts',(5.49579700394286,13.4999999997532,-4.89267507810152));
#3717=CARTESIAN_POINT('Ctrl Pts',(5.49866345084939,13.4999999997534,-4.88892097579478));
#3718=CARTESIAN_POINT('Ctrl Pts',(5.50234731537541,13.4999999997541,-4.88430678959155));
#3719=CARTESIAN_POINT('Ctrl Pts',(5.50844015693489,13.4999999997547,-4.87708776442804));
#3720=CARTESIAN_POINT('Ctrl Pts',(5.51640096264211,13.4999999997575,-4.86836363094859));
#3721=CARTESIAN_POINT('Ctrl Pts',(5.52641980289948,13.4999999997581,-4.85834197051416));
#3722=CARTESIAN_POINT('Ctrl Pts',(5.53509772330675,13.499999999761,-4.8503341729121));
#3723=CARTESIAN_POINT('Ctrl Pts',(5.54220540540017,13.4999999997614,-4.84411476733515));
#3724=CARTESIAN_POINT('Ctrl Pts',(5.5494150325572,13.4999999997621,-4.83801398572711));
#3725=CARTESIAN_POINT('Ctrl Pts',(5.55860235670804,13.4999999997641,-4.83059885583026));
#3726=CARTESIAN_POINT('Ctrl Pts',(5.57361850412427,13.4999999997658,-4.81913753474703));
#3727=CARTESIAN_POINT('Ctrl Pts',(5.59289337671298,13.4999999997698,-4.80548344638534));
#3728=CARTESIAN_POINT('Ctrl Pts',(5.6166183496526,13.4999999997765,-4.78995204993284));
#3729=CARTESIAN_POINT('Ctrl Pts',(5.64078620048989,13.4999999997819,-4.77510790430287));
#3730=CARTESIAN_POINT('Ctrl Pts',(5.66528335942701,13.4999999997869,-4.76082282332615));
#3731=CARTESIAN_POINT('Ctrl Pts',(5.68590358142999,13.4999999997916,-4.74930131798134));
#3732=CARTESIAN_POINT('Ctrl Pts',(5.70249277824298,13.499999999793,-4.74027304100803));
#3733=CARTESIAN_POINT('Ctrl Pts',(5.71913749867152,13.4999999997942,-4.73135977363903));
#3734=CARTESIAN_POINT('Ctrl Pts',(5.74003586225697,13.4999999997979,-4.72041370085234));
#3735=CARTESIAN_POINT('Ctrl Pts',(5.76523305160725,13.4999999998011,-4.70753465858986));
#3736=CARTESIAN_POINT('Ctrl Pts',(5.79053221213329,13.4999999998026,-4.69486440889478));
#3737=CARTESIAN_POINT('Ctrl Pts',(5.81592353726636,13.4999999998053,-4.68236373097558));
#3738=CARTESIAN_POINT('Ctrl Pts',(5.84988933259291,13.499999999809,-4.66587556825573));
#3739=CARTESIAN_POINT('Ctrl Pts',(5.92665210447778,13.4999999998119,-4.62927057554029));
#3740=CARTESIAN_POINT('Ctrl Pts',(6.02981181903776,13.4999999998505,-4.58152486154341));
#3741=CARTESIAN_POINT('Ctrl Pts',(6.15021409774901,13.4999999998684,-4.52575258695708));
#3742=CARTESIAN_POINT('Ctrl Pts',(6.28748727100513,13.4999999998824,-4.46148687994088));
#3743=CARTESIAN_POINT('Ctrl Pts',(6.45781847527248,13.4999999999181,-4.3793201054792));
#3744=CARTESIAN_POINT('Ctrl Pts',(6.65905600348562,13.4999999999388,-4.27584433605179));
#3745=CARTESIAN_POINT('Ctrl Pts',(6.85647046264642,13.4999999999579,-4.16575188234302));
#3746=CARTESIAN_POINT('Ctrl Pts',(7.04921874923387,13.4999999999695,-4.04735114100732));
#3747=CARTESIAN_POINT('Ctrl Pts',(7.23593637487378,13.4999999999789,-3.91901262856145));
#3748=CARTESIAN_POINT('Ctrl Pts',(7.4145574214446,13.4999999999849,-3.7792223870902));
#3749=CARTESIAN_POINT('Ctrl Pts',(7.58242317379934,13.4999999999904,-3.62657313099997));
#3750=CARTESIAN_POINT('Ctrl Pts',(7.73638679158858,13.4999999999923,-3.45980569788933));
#3751=CARTESIAN_POINT('Ctrl Pts',(7.872769372837,13.4999999999945,-3.27829432633136));
#3752=CARTESIAN_POINT('Ctrl Pts',(7.9876801590099,13.4999999999961,-3.08241301409086));
#3753=CARTESIAN_POINT('Ctrl Pts',(8.07764796819205,13.4999999999972,-2.87382471077887));
#3754=CARTESIAN_POINT('Ctrl Pts',(8.14040493849084,13.499999999998,-2.65542964908197));
#3755=CARTESIAN_POINT('Ctrl Pts',(8.17543914011906,13.4999999999986,-2.43099010548117));
#3756=CARTESIAN_POINT('Ctrl Pts',(8.18403723964225,13.499999999999,-2.20413296436534));
#3757=CARTESIAN_POINT('Ctrl Pts',(8.16862243313295,13.4999999999993,-1.97767852688414));
#3758=CARTESIAN_POINT('Ctrl Pts',(8.132035928268,13.4999999999995,-1.75370122834665));
#3759=CARTESIAN_POINT('Ctrl Pts',(8.07708085204388,13.4999999999996,-1.53359066137726));
#3760=CARTESIAN_POINT('Ctrl Pts',(8.00622838024213,13.4999999999997,-1.31813294925909));
#3761=CARTESIAN_POINT('Ctrl Pts',(7.92152834930308,13.4999999999998,-1.1077780166316));
#3762=CARTESIAN_POINT('Ctrl Pts',(7.82459693443499,13.4999999999999,-0.902791076258019));
#3763=CARTESIAN_POINT('Ctrl Pts',(7.71663444734544,13.4999999999999,-0.703380005660696));
#3764=CARTESIAN_POINT('Ctrl Pts',(7.59846807423756,13.4999999999999,-0.50981917232561));
#3765=CARTESIAN_POINT('Ctrl Pts',(7.47061735146985,13.5,-0.32254893313903));
#3766=CARTESIAN_POINT('Ctrl Pts',(7.33330201893858,13.5,-0.142153564712336));
#3767=CARTESIAN_POINT('Ctrl Pts',(7.18644416453802,13.5,0.0305426399315378));
#3768=CARTESIAN_POINT('Ctrl Pts',(7.02976077912126,13.5,0.194403185495391));
#3769=CARTESIAN_POINT('Ctrl Pts',(6.86282602975775,13.5,0.347878273576803));
#3770=CARTESIAN_POINT('Ctrl Pts',(6.68520479552687,13.5,0.488953260978985));
#3771=CARTESIAN_POINT('Ctrl Pts',(6.4965532253854,13.5,0.615129686597028));
#3772=CARTESIAN_POINT('Ctrl Pts',(6.29699048561981,13.5,0.72341107044821));
#3773=CARTESIAN_POINT('Ctrl Pts',(6.08740305508065,13.5,0.81065043189971));
#3774=CARTESIAN_POINT('Ctrl Pts',(5.86941110485662,13.5,0.874152727586706));
#3775=CARTESIAN_POINT('Ctrl Pts',(5.64556425590364,13.5,0.912346968308513));
#3776=CARTESIAN_POINT('Ctrl Pts',(5.41885654258175,13.5,0.925331627679748));
#3777=CARTESIAN_POINT('Ctrl Pts',(5.19210689611232,13.5,0.914836544478015));
#3778=CARTESIAN_POINT('Ctrl Pts',(4.9673676169276,13.5,0.883572805307307));
#3779=CARTESIAN_POINT('Ctrl Pts',(4.7458673636459,13.5,0.834391451343192));
#3780=CARTESIAN_POINT('Ctrl Pts',(4.5284699492408,13.5,0.769733788735153));
#3781=CARTESIAN_POINT('Ctrl Pts',(4.31581928997518,13.5,0.6912789132492));
#3782=CARTESIAN_POINT('Ctrl Pts',(4.1082800021149,13.5,0.599555748713019));
#3783=CARTESIAN_POINT('Ctrl Pts',(3.90772681274525,13.5,0.493100166278003));
#3784=CARTESIAN_POINT('Ctrl Pts',(3.71896664805388,13.5,0.367353336843114));
#3785=CARTESIAN_POINT('Ctrl Pts',(3.55127100320748,13.5,0.213624119397107));
#3786=CARTESIAN_POINT('Ctrl Pts',(3.40874558984993,13.5,0.0370053729036264));
#3787=CARTESIAN_POINT('Ctrl Pts',(3.32484993719257,13.5,-0.088920126303757));
#3788=CARTESIAN_POINT('Ctrl Pts',(3.25653319084207,13.5,-0.198226461506534));
#3789=CARTESIAN_POINT('Ctrl Pts',(3.22826661404749,13.5,-0.243452794480471));
#3790=CARTESIAN_POINT('Ctrl Pts',(3.2000000372529,13.5,-0.288679127454408));
#3791=CARTESIAN_POINT('',(3.20000004984336,13.4,-0.10000007799978));
#3792=CARTESIAN_POINT('Ctrl Pts',(3.2000000372529,13.4,-0.100000074505803));
#3793=CARTESIAN_POINT('Ctrl Pts',(3.2000000372529,13.4070591486866,-0.100000074505803));
#3794=CARTESIAN_POINT('Ctrl Pts',(3.2000000372529,13.4139237251941,-0.101409330330593));
#3795=CARTESIAN_POINT('Ctrl Pts',(3.2000000372529,13.4284538602926,-0.107149365450299));
#3796=CARTESIAN_POINT('Ctrl Pts',(3.2000000372529,13.4356914509783,-0.111917372844465));
#3797=CARTESIAN_POINT('Ctrl Pts',(3.2000000372529,13.4520841986352,-0.126288942973473));
#3798=CARTESIAN_POINT('Ctrl Pts',(3.2000000372529,13.4603573307248,-0.137277233013126));
#3799=CARTESIAN_POINT('Ctrl Pts',(3.2000000372529,13.4774332084505,-0.166412257263342));
#3800=CARTESIAN_POINT('Ctrl Pts',(3.2000000372529,13.4857231704397,-0.188002398375745));
#3801=CARTESIAN_POINT('Ctrl Pts',(3.2000000372529,13.4972414253768,-0.236955863979552));
#3802=CARTESIAN_POINT('Ctrl Pts',(3.2000000372529,13.5,-0.263092065156942));
#3803=CARTESIAN_POINT('Ctrl Pts',(3.2000000372529,13.5,-0.288679127454407));
#3804=CARTESIAN_POINT('Ctrl Pts',(3.20000003921924,13.4,-0.100000071359676));
#3805=CARTESIAN_POINT('Ctrl Pts',(3.20014478818791,13.4,-0.0997684739822476));
#3806=CARTESIAN_POINT('Ctrl Pts',(3.2002895481504,13.4,-0.0995368590147658));
#3807=CARTESIAN_POINT('Ctrl Pts',(3.24109981133913,13.4,-0.0342407120798058));
#3808=CARTESIAN_POINT('Ctrl Pts',(3.32756416238068,13.4,0.0955680589552129));
#3809=CARTESIAN_POINT('Ctrl Pts',(3.47743255194892,13.4,0.281669935352408));
#3810=CARTESIAN_POINT('Ctrl Pts',(3.65764462310657,13.4,0.446886718045389));
#3811=CARTESIAN_POINT('Ctrl Pts',(3.8571044392263,13.4,0.579499378656825));
#3812=CARTESIAN_POINT('Ctrl Pts',(4.06477695533329,13.4,0.689688550214741));
#3813=CARTESIAN_POINT('Ctrl Pts',(4.2782938573042,13.4,0.784037517950891));
#3814=CARTESIAN_POINT('Ctrl Pts',(4.49680195874628,13.4,0.864657510795605));
#3815=CARTESIAN_POINT('Ctrl Pts',(4.72060964435286,13.4,0.931233248510323));
#3816=CARTESIAN_POINT('Ctrl Pts',(4.94942633368512,13.4,0.982057549693201));
#3817=CARTESIAN_POINT('Ctrl Pts',(5.18268069203937,13.4,1.01453220814809));
#3818=CARTESIAN_POINT('Ctrl Pts',(5.41923126919449,13.4,1.02550972777432));
#3819=CARTESIAN_POINT('Ctrl Pts',(5.65677517876108,13.4,1.01192812384019));
#3820=CARTESIAN_POINT('Ctrl Pts',(5.89190157695212,13.4,0.971817414067101));
#3821=CARTESIAN_POINT('Ctrl Pts',(6.12082362448397,13.4,0.905120772889886));
#3822=CARTESIAN_POINT('Ctrl Pts',(6.34032938729341,13.4,0.813727498866955));
#3823=CARTESIAN_POINT('Ctrl Pts',(6.54847973373498,13.4,0.700757137736945));
#3824=CARTESIAN_POINT('Ctrl Pts',(6.74435100741668,13.4,0.569723778393678));
#3825=CARTESIAN_POINT('Ctrl Pts',(6.92797247202711,13.4,0.423859697414097));
#3826=CARTESIAN_POINT('Ctrl Pts',(7.0999060042569,13.4,0.265771078377055));
#3827=CARTESIAN_POINT('Ctrl Pts',(7.26080250125803,13.4,0.0974910136952163));
#3828=CARTESIAN_POINT('Ctrl Pts',(7.41127836491921,13.4,-0.0794686231743997));
#3829=CARTESIAN_POINT('Ctrl Pts',(7.55177488983507,13.4,-0.264048829504664));
#3830=CARTESIAN_POINT('Ctrl Pts',(7.68250062068077,13.3999999999999,-0.455531585991672));
#3831=CARTESIAN_POINT('Ctrl Pts',(7.80333275073086,13.3999999999999,-0.653456762913059));
#3832=CARTESIAN_POINT('Ctrl Pts',(7.91381799395865,13.3999999999999,-0.85752012197821));
#3833=CARTESIAN_POINT('Ctrl Pts',(8.01316797073666,13.3999999999998,-1.06760726773535));
#3834=CARTESIAN_POINT('Ctrl Pts',(8.10018261461983,13.3999999999997,-1.28368517405373));
#3835=CARTESIAN_POINT('Ctrl Pts',(8.17319748278071,13.3999999999996,-1.50567486600039));
#3836=CARTESIAN_POINT('Ctrl Pts',(8.23005228670455,13.3999999999995,-1.73331647034581));
#3837=CARTESIAN_POINT('Ctrl Pts',(8.26808572253485,13.3999999999993,-1.96599714731116));
#3838=CARTESIAN_POINT('Ctrl Pts',(8.28421001278389,13.399999999999,-2.20242697200308));
#3839=CARTESIAN_POINT('Ctrl Pts',(8.27522022252844,13.3999999999986,-2.44046667975865));
#3840=CARTESIAN_POINT('Ctrl Pts',(8.23833069268659,13.399999999998,-2.67695771265682));
#3841=CARTESIAN_POINT('Ctrl Pts',(8.17206072038917,13.3999999999972,-2.90760974952866));
#3842=CARTESIAN_POINT('Ctrl Pts',(8.07706485948185,13.3999999999961,-3.12782388879829));
#3843=CARTESIAN_POINT('Ctrl Pts',(7.9560809327143,13.3999999999945,-3.33400167325308));
#3844=CARTESIAN_POINT('Ctrl Pts',(7.81318554377667,13.3999999999923,-3.52412490263454));
#3845=CARTESIAN_POINT('Ctrl Pts',(7.65279662583411,13.3999999999905,-3.69780478960074));
#3846=CARTESIAN_POINT('Ctrl Pts',(7.47895929598389,13.399999999985,-3.85585197900997));
#3847=CARTESIAN_POINT('Ctrl Pts',(7.29500139910157,13.3999999999791,-3.99979718390139));
#3848=CARTESIAN_POINT('Ctrl Pts',(7.10363586881676,13.3999999999697,-4.1313186457854));
#3849=CARTESIAN_POINT('Ctrl Pts',(6.90692143542095,13.3999999999582,-4.2521502262682));
#3850=CARTESIAN_POINT('Ctrl Pts',(6.70620480031844,13.3999999999393,-4.3640857904223));
#3851=CARTESIAN_POINT('Ctrl Pts',(6.50233357888924,13.3999999999187,-4.46891999585758));
#3852=CARTESIAN_POINT('Ctrl Pts',(6.33044908046528,13.3999999998833,-4.55184927709487));
#3853=CARTESIAN_POINT('Ctrl Pts',(6.19244427888053,13.3999999998694,-4.61646436875544));
#3854=CARTESIAN_POINT('Ctrl Pts',(6.07182334058488,13.3999999998516,-4.67234519271848));
#3855=CARTESIAN_POINT('Ctrl Pts',(5.96905815624614,13.3999999998133,-4.71993155649701));
#3856=CARTESIAN_POINT('Ctrl Pts',(5.89328928536744,13.3999999998104,-4.75606557128406));
#3857=CARTESIAN_POINT('Ctrl Pts',(5.85993358916348,13.3999999998067,-4.77225959617863));
#3858=CARTESIAN_POINT('Ctrl Pts',(5.83509610649195,13.3999999998041,-4.78448916163028));
#3859=CARTESIAN_POINT('Ctrl Pts',(5.81046552412226,13.3999999998025,-4.79682568546521));
#3860=CARTESIAN_POINT('Ctrl Pts',(5.78607611014342,13.3999999997994,-4.80929388895383));
#3861=CARTESIAN_POINT('Ctrl Pts',(5.76599187365297,13.3999999997957,-4.81981605815735));
#3862=CARTESIAN_POINT('Ctrl Pts',(5.75010126507352,13.3999999997945,-4.82832632937535));
#3863=CARTESIAN_POINT('Ctrl Pts',(5.73434378378529,13.3999999997932,-4.83690281364598));
#3864=CARTESIAN_POINT('Ctrl Pts',(5.71492663165544,13.3999999997885,-4.84775603083628));
#3865=CARTESIAN_POINT('Ctrl Pts',(5.69219869781485,13.3999999997835,-4.86101460733561));
#3866=CARTESIAN_POINT('Ctrl Pts',(5.67021552827802,13.3999999997781,-4.87452449999349));
#3867=CARTESIAN_POINT('Ctrl Pts',(5.64920774611554,13.3999999997715,-4.88828781722708));
#3868=CARTESIAN_POINT('Ctrl Pts',(5.63276365982918,13.3999999997675,-4.89995094783892));
#3869=CARTESIAN_POINT('Ctrl Pts',(5.62043918307614,13.3999999997658,-4.90936282344519));
#3870=CARTESIAN_POINT('Ctrl Pts',(5.61313095381373,13.3999999997638,-4.91526534986218));
#3871=CARTESIAN_POINT('Ctrl Pts',(5.60755082460723,13.3999999997632,-4.9199884764291));
#3872=CARTESIAN_POINT('Ctrl Pts',(5.60215901880742,13.3999999997627,-4.92470749082713));
#3873=CARTESIAN_POINT('Ctrl Pts',(5.59579234656483,13.3999999997599,-4.93058946697952));
#3874=CARTESIAN_POINT('Ctrl Pts',(5.58880816287702,13.3999999997593,-4.93758431405909));
#3875=CARTESIAN_POINT('Ctrl Pts',(5.58357862643563,13.3999999997566,-4.94332595239512));
#3876=CARTESIAN_POINT('Ctrl Pts',(5.57976689284841,13.399999999756,-4.94784484269923));
#3877=CARTESIAN_POINT('Ctrl Pts',(5.57754169235142,13.3999999997552,-4.9506339090249));
#3878=CARTESIAN_POINT('Ctrl Pts',(5.57585641449352,13.3999999997551,-4.95284151548537));
#3879=CARTESIAN_POINT('Ctrl Pts',(5.57484269624687,13.3999999997549,-4.95421096421281));
#3880=CARTESIAN_POINT('Ctrl Pts',(5.57415383445101,13.3999999997548,-4.95516391972741));
#3881=CARTESIAN_POINT('Ctrl Pts',(5.57376611667555,13.3999999997548,-4.95570681844706));
#3882=CARTESIAN_POINT('Ctrl Pts',(5.57319045765916,13.3999999997548,-4.95651950507188));
#3883=CARTESIAN_POINT('Ctrl Pts',(5.57234917131517,13.3999999997546,-4.95773225768943));
#3884=CARTESIAN_POINT('Ctrl Pts',(5.57145362150721,13.3999999997544,-4.95906819464443));
#3885=CARTESIAN_POINT('Ctrl Pts',(5.5708904946423,13.3999999997543,-4.95993074921429));
#3886=CARTESIAN_POINT('Ctrl Pts',(5.57063422125093,13.3999999997543,-4.96032771999586));
#3887=CARTESIAN_POINT('Ctrl Pts',(5.57046434091061,13.3999999997543,-4.96059206488399));
#3888=CARTESIAN_POINT('Ctrl Pts',(5.56966430678826,13.3999999997542,-4.96184554813968));
#3889=CARTESIAN_POINT('Ctrl Pts',(5.56890574736789,13.3999999997532,-4.96308605985705));
#3890=CARTESIAN_POINT('Ctrl Pts',(5.56824202386189,13.3999999997532,-4.96421682342193));
#3891=CARTESIAN_POINT('Ctrl Pts',(5.56816652156073,13.3999999997532,-4.96434593459511));
#3892=CARTESIAN_POINT('Ctrl Pts',(5.56811007177342,13.3999999997532,-4.96444270879331));
#3893=CARTESIAN_POINT('Ctrl Pts',(5.56805379817565,13.3999999997532,-4.96453942359177));
#3894=CARTESIAN_POINT('Ctrl Pts',(5.56797900184306,13.3999999997532,-4.96466829751728));
#3895=CARTESIAN_POINT('Ctrl Pts',(5.56784872474235,13.3999999997532,-4.96489361897341));
#3896=CARTESIAN_POINT('Ctrl Pts',(5.56766437599874,13.3999999997532,-4.96521491289452));
#3897=CARTESIAN_POINT('Ctrl Pts',(5.56722753562694,13.3999999997532,-4.96598410587761));
#3898=CARTESIAN_POINT('Ctrl Pts',(5.56680472578611,13.3999999997531,-4.96674853794659));
#3899=CARTESIAN_POINT('Ctrl Pts',(5.56639560038349,13.3999999997531,-4.96750812638199));
#3900=CARTESIAN_POINT('Ctrl Pts',(5.566227420433,13.3999999997531,-4.96782382066755));
#3901=CARTESIAN_POINT('Ctrl Pts',(5.56609423177526,13.3999999997531,-4.96807589033277));
#3902=CARTESIAN_POINT('Ctrl Pts',(5.56596196486129,13.3999999997531,-4.96832764379516));
#3903=CARTESIAN_POINT('Ctrl Pts',(5.5657328002569,13.3999999997531,-4.96876733946318));
#3904=CARTESIAN_POINT('Ctrl Pts',(5.56547657460752,13.3999999997532,-4.96926801960983));
#3905=CARTESIAN_POINT('Ctrl Pts',(5.56522523218873,13.3999999997531,-4.96976658718449));
#3906=CARTESIAN_POINT('Ctrl Pts',(5.55720301710878,13.3999999997597,-4.98594006565764));
#3907=CARTESIAN_POINT('Ctrl Pts',(5.55516687933157,13.3999999998063,-5.00524861015498));
#3908=CARTESIAN_POINT('Ctrl Pts',(5.56645711869927,13.3999999998084,-5.03223258111716));
#3909=CARTESIAN_POINT('Ctrl Pts',(5.58136531251306,13.3999999998273,-5.04933429106957));
#3910=CARTESIAN_POINT('Ctrl Pts',(5.59351998559076,13.3999999998288,-5.05954032882896));
#3911=CARTESIAN_POINT('Ctrl Pts',(5.59675521045433,13.3999999998289,-5.06209347920206));
#3912=CARTESIAN_POINT('Ctrl Pts',(5.59757655998823,13.3999999998289,-5.06273180586055));
#3913=CARTESIAN_POINT('Ctrl Pts',(5.59781209148941,13.3999999998289,-5.06291417875966));
#3914=CARTESIAN_POINT('Ctrl Pts',(5.59796934863074,13.3999999998289,-5.06303576026662));
#3915=CARTESIAN_POINT('Ctrl Pts',(5.59840276938642,13.3999999998289,-5.06337010562798));
#3916=CARTESIAN_POINT('Ctrl Pts',(5.59943480285163,13.3999999998289,-5.06416033467098));
#3917=CARTESIAN_POINT('Ctrl Pts',(5.60072721913551,13.3999999998292,-5.06513266702418));
#3918=CARTESIAN_POINT('Ctrl Pts',(5.60204135689328,13.3999999998292,-5.06610443865679));
#3919=CARTESIAN_POINT('Ctrl Pts',(5.60336985763314,13.3999999998293,-5.06707576004095));
#3920=CARTESIAN_POINT('Ctrl Pts',(5.60505718326657,13.3999999998295,-5.0682889197365));
#3921=CARTESIAN_POINT('Ctrl Pts',(5.60781246265791,13.3999999998297,-5.07022713238214));
#3922=CARTESIAN_POINT('Ctrl Pts',(5.61029487453147,13.3999999998305,-5.07191859733181));
#3923=CARTESIAN_POINT('Ctrl Pts',(5.61247097355931,13.3999999998306,-5.07336402435089));
#3924=CARTESIAN_POINT('Ctrl Pts',(5.61393446835765,13.3999999998306,-5.07432642482823));
#3925=CARTESIAN_POINT('Ctrl Pts',(5.61578747067176,13.3999999998308,-5.07552702564169));
#3926=CARTESIAN_POINT('Ctrl Pts',(5.61804780363123,13.399999999831,-5.07696352046678));
#3927=CARTESIAN_POINT('Ctrl Pts',(5.62034385910343,13.3999999998311,-5.0783954607406));
#3928=CARTESIAN_POINT('Ctrl Pts',(5.62267460648524,13.3999999998313,-5.07982253676053));
#3929=CARTESIAN_POINT('Ctrl Pts',(5.62582717140741,13.3999999998315,-5.08171845254069));
#3930=CARTESIAN_POINT('Ctrl Pts',(5.62984963562244,13.3999999998321,-5.08407489260262));
#3931=CARTESIAN_POINT('Ctrl Pts',(5.63356188932945,13.3999999998327,-5.08617819865152));
#3932=CARTESIAN_POINT('Ctrl Pts',(5.63607255619946,13.3999999998328,-5.08757264892193));
#3933=CARTESIAN_POINT('Ctrl Pts',(5.63775574245084,13.3999999998328,-5.08850019600863));
#3934=CARTESIAN_POINT('Ctrl Pts',(5.63987712220284,13.3999999998329,-5.08965569197551));
#3935=CARTESIAN_POINT('Ctrl Pts',(5.64244960559794,13.399999999833,-5.09103583147844));
#3936=CARTESIAN_POINT('Ctrl Pts',(5.64504803539099,13.3999999998331,-5.0924094188452));
#3937=CARTESIAN_POINT('Ctrl Pts',(5.64767150149135,13.3999999998332,-5.09377635383109));
#3938=CARTESIAN_POINT('Ctrl Pts',(5.65296681918492,13.3999999998334,-5.09649679308188));
#3939=CARTESIAN_POINT('Ctrl Pts',(5.6610850205498,13.399999999835,-5.10052662763771));
#3940=CARTESIAN_POINT('Ctrl Pts',(5.67223180092479,13.3999999998361,-5.10578920758454));
#3941=CARTESIAN_POINT('Ctrl Pts',(5.68175361003886,13.3999999998375,-5.11008372071747));
#3942=CARTESIAN_POINT('Ctrl Pts',(5.68779905890444,13.3999999998378,-5.11272628813511));
#3943=CARTESIAN_POINT('Ctrl Pts',(5.69023044282454,13.3999999998378,-5.11377721865706));
#3944=CARTESIAN_POINT('Ctrl Pts',(5.69120415835262,13.3999999998378,-5.11419704979185));
#3945=CARTESIAN_POINT('Ctrl Pts',(5.69291119624992,13.3999999998379,-5.11493034338831));
#3946=CARTESIAN_POINT('Ctrl Pts',(5.69633722519232,13.3999999998379,-5.11639131987353));
#3947=CARTESIAN_POINT('Ctrl Pts',(5.70126443187424,13.3999999998382,-5.11846257664923));
#3948=CARTESIAN_POINT('Ctrl Pts',(5.71318831642654,13.3999999998387,-5.12338414759955));
#3949=CARTESIAN_POINT('Ctrl Pts',(5.7314179168166,13.3999999998427,-5.13058638473622));
#3950=CARTESIAN_POINT('Ctrl Pts',(5.75629352744416,13.3999999998459,-5.13985223291233));
#3951=CARTESIAN_POINT('Ctrl Pts',(5.78162858497913,13.3999999998493,-5.1488293485776));
#3952=CARTESIAN_POINT('Ctrl Pts',(5.80733891604565,13.3999999998529,-5.15755995756489));
#3953=CARTESIAN_POINT('Ctrl Pts',(5.83335444370095,13.3999999998544,-5.16607922621288));
#3954=CARTESIAN_POINT('Ctrl Pts',(5.85962252874977,13.3999999998569,-5.17441851344411));
#3955=CARTESIAN_POINT('Ctrl Pts',(5.88609951544723,13.3999999998592,-5.18260486498914));
#3956=CARTESIAN_POINT('Ctrl Pts',(5.91275054881105,13.39999999986,-5.19066143101096));
#3957=CARTESIAN_POINT('Ctrl Pts',(5.93954619222739,13.399999999862,-5.19860958780637));
#3958=CARTESIAN_POINT('Ctrl Pts',(5.99338207490706,13.3999999998642,-5.21432193116902));
#3959=CARTESIAN_POINT('Ctrl Pts',(6.07486310325494,13.3999999998835,-5.23734395467804));
#3960=CARTESIAN_POINT('Ctrl Pts',(6.22061328748832,13.3999999998946,-5.2777186522832));
#3961=CARTESIAN_POINT('Ctrl Pts',(6.40322347176648,13.3999999999234,-5.32854034073964));
#3962=CARTESIAN_POINT('Ctrl Pts',(6.62190433437613,13.3999999999411,-5.39327277779535));
#3963=CARTESIAN_POINT('Ctrl Pts',(6.84008903532437,13.3999999999567,-5.46429538742778));
#3964=CARTESIAN_POINT('Ctrl Pts',(7.05702880512573,13.3999999999701,-5.54401400883531));
#3965=CARTESIAN_POINT('Ctrl Pts',(7.27097374124515,13.3999999999786,-5.63470890950043));
#3966=CARTESIAN_POINT('Ctrl Pts',(7.48004486470367,13.3999999999852,-5.73898636220736));
#3967=CARTESIAN_POINT('Ctrl Pts',(7.68190767557531,13.3999999999898,-5.85965931765842));
#3968=CARTESIAN_POINT('Ctrl Pts',(7.87324977486159,13.3999999999935,-5.99924251179493));
#3969=CARTESIAN_POINT('Ctrl Pts',(8.0498348958557,13.3999999999948,-6.15888923813951));
#3970=CARTESIAN_POINT('Ctrl Pts',(8.20764935259267,13.3999999999962,-6.3376919035115));
#3971=CARTESIAN_POINT('Ctrl Pts',(8.34431359734581,13.3999999999971,-6.53249778498102));
#3972=CARTESIAN_POINT('Ctrl Pts',(8.45973148999321,13.399999999998,-6.73894701853479));
#3973=CARTESIAN_POINT('Ctrl Pts',(8.55594908192838,13.3999999999985,-6.95312159652844));
#3974=CARTESIAN_POINT('Ctrl Pts',(8.635937400856,13.399999999999,-7.17221488031987));
#3975=CARTESIAN_POINT('Ctrl Pts',(8.7026527091264,13.3999999999993,-7.39436928873467));
#3976=CARTESIAN_POINT('Ctrl Pts',(8.75862395549018,13.3999999999995,-7.61846279313853));
#3977=CARTESIAN_POINT('Ctrl Pts',(8.80581467589546,13.3999999999996,-7.84380361623801));
#3978=CARTESIAN_POINT('Ctrl Pts',(8.8456520477249,13.3999999999997,-8.06993486229157));
#3979=CARTESIAN_POINT('Ctrl Pts',(8.8791077031162,13.3999999999998,-8.29664192244151));
#3980=CARTESIAN_POINT('Ctrl Pts',(8.90673915566002,13.3999999999999,-8.52389542539455));
#3981=CARTESIAN_POINT('Ctrl Pts',(8.92869485833551,13.3999999999999,-8.75178001567626));
#3982=CARTESIAN_POINT('Ctrl Pts',(8.94469814939518,13.3999999999999,-8.98043917081619));
#3983=CARTESIAN_POINT('Ctrl Pts',(8.9539939976068,13.3999999999999,-9.20999946829476));
#3984=CARTESIAN_POINT('Ctrl Pts',(8.95535772994831,13.4,-9.44047217749604));
#3985=CARTESIAN_POINT('Ctrl Pts',(8.94707427808231,13.4,-9.67169186013461));
#3986=CARTESIAN_POINT('Ctrl Pts',(8.92692493490015,13.4,-9.90325584600063));
#3987=CARTESIAN_POINT('Ctrl Pts',(8.89209550868576,13.4,-10.1344350702149));
#3988=CARTESIAN_POINT('Ctrl Pts',(8.83916702242583,13.4,-10.3638423239151));
#3989=CARTESIAN_POINT('Ctrl Pts',(8.76425409805128,13.4,-10.5890487346719));
#3990=CARTESIAN_POINT('Ctrl Pts',(8.66346019304241,13.4,-10.8062443057392));
#3991=CARTESIAN_POINT('Ctrl Pts',(8.53413145457226,13.4,-11.009882737096));
#3992=CARTESIAN_POINT('Ctrl Pts',(8.3764348033461,13.4,-11.1935124419876));
#3993=CARTESIAN_POINT('Ctrl Pts',(8.19380446115135,13.4,-11.351974463082));
#3994=CARTESIAN_POINT('Ctrl Pts',(7.99167122043416,13.4,-11.4827408915188));
#3995=CARTESIAN_POINT('Ctrl Pts',(7.77577006314242,13.4,-11.5859717672509));
#3996=CARTESIAN_POINT('Ctrl Pts',(7.55104936909962,13.4,-11.6634417125143));
#3997=CARTESIAN_POINT('Ctrl Pts',(7.32102135016895,13.4,-11.7176933842859));
#3998=CARTESIAN_POINT('Ctrl Pts',(7.08803610154292,13.4,-11.7511108793244));
#3999=CARTESIAN_POINT('Ctrl Pts',(6.85367851035737,13.4,-11.7654488644095));
#4000=CARTESIAN_POINT('Ctrl Pts',(6.61926119383414,13.4,-11.761641937715));
#4001=CARTESIAN_POINT('Ctrl Pts',(6.38567556599762,13.4,-11.7397061794492));
#4002=CARTESIAN_POINT('Ctrl Pts',(6.15372828295986,13.4,-11.6984025415756));
#4003=CARTESIAN_POINT('Ctrl Pts',(5.92499272767957,13.4,-11.6349173996187));
#4004=CARTESIAN_POINT('Ctrl Pts',(5.70223825904637,13.4,-11.5438468502314));
#4005=CARTESIAN_POINT('Ctrl Pts',(5.49188374569212,13.4,-11.4167918176441));
#4006=CARTESIAN_POINT('Ctrl Pts',(5.30807913635949,13.4,-11.2446381724254));
#4007=CARTESIAN_POINT('Ctrl Pts',(5.1709929455057,13.4,-11.0341003349108));
#4008=CARTESIAN_POINT('Ctrl Pts',(5.07971230859295,13.4,-10.8109009547099));
#4009=CARTESIAN_POINT('Ctrl Pts',(5.01074770233339,13.4,-10.5925214900555));
#4010=CARTESIAN_POINT('Ctrl Pts',(4.94914783140982,13.4,-10.4233055960632));
#4011=CARTESIAN_POINT('Ctrl Pts',(4.88528766799177,13.4,-10.3021543541994));
#4012=CARTESIAN_POINT('Ctrl Pts',(4.80933486514836,13.4,-10.192502413888));
#4013=CARTESIAN_POINT('Ctrl Pts',(4.68812450109574,13.4,-10.0801692281964));
#4014=CARTESIAN_POINT('Ctrl Pts',(4.50590472592567,13.4,-9.98732910120766));
#4015=CARTESIAN_POINT('Ctrl Pts',(4.30209793131659,13.4,-9.92930366418591));
#4016=CARTESIAN_POINT('Ctrl Pts',(4.08760649309391,13.4,-9.89638079256764));
#4017=CARTESIAN_POINT('Ctrl Pts',(3.86803994751149,13.4,-9.8811205673964));
#4018=CARTESIAN_POINT('Ctrl Pts',(3.64639011259443,13.4,-9.87850308263357));
#4019=CARTESIAN_POINT('Ctrl Pts',(3.46077174495114,13.4,-9.88408266244394));
#4020=CARTESIAN_POINT('Ctrl Pts',(3.33052803007149,13.4,-9.89112053126052));
#4021=CARTESIAN_POINT('Ctrl Pts',(3.25595323640133,13.4,-9.89594687855824));
#4022=CARTESIAN_POINT('Ctrl Pts',(3.21883895532319,13.4,-9.89859586374763));
#4023=CARTESIAN_POINT('Ctrl Pts',(3.19999964712403,13.4,-9.90000010358514));
#4024=CARTESIAN_POINT('Ctrl Pts',(3.2000000372529,11.,-0.100000074505805));
#4025=CARTESIAN_POINT('Ctrl Pts',(3.2000000372529,13.5,-0.100000074505805));
#4026=CARTESIAN_POINT('Ctrl Pts',(3.23931150169121,11.,-0.0371019955024508));
#4027=CARTESIAN_POINT('Ctrl Pts',(3.23931150169121,13.5,-0.0371019955024508));
#4028=CARTESIAN_POINT('Ctrl Pts',(3.31694756362163,11.,0.0804878950169256));
#4029=CARTESIAN_POINT('Ctrl Pts',(3.31694756362163,13.5,0.0804878950169256));
#4030=CARTESIAN_POINT('Ctrl Pts',(3.43043259680862,11.,0.232243778505692));
#4031=CARTESIAN_POINT('Ctrl Pts',(3.43043259680862,13.5,0.232243778505692));
#4032=CARTESIAN_POINT('Ctrl Pts',(3.58230020767983,11.,0.392333369029548));
#4033=CARTESIAN_POINT('Ctrl Pts',(3.58230020767983,13.5,0.392333369029548));
#4034=CARTESIAN_POINT('Ctrl Pts',(3.80395993133191,11.,0.554274915662363));
#4035=CARTESIAN_POINT('Ctrl Pts',(3.80395993133191,13.5,0.554274915662363));
#4036=CARTESIAN_POINT('Ctrl Pts',(4.08739509156906,11.,0.707325969844383));
#4037=CARTESIAN_POINT('Ctrl Pts',(4.08739509156906,13.5,0.707325969844383));
#4038=CARTESIAN_POINT('Ctrl Pts',(4.44164326893654,11.,0.854891652664193));
#4039=CARTESIAN_POINT('Ctrl Pts',(4.44164326893654,13.5,0.854891652664193));
#4040=CARTESIAN_POINT('Ctrl Pts',(4.85583043976685,11.,0.976673597109019));
#4041=CARTESIAN_POINT('Ctrl Pts',(4.85583043976685,13.5,0.976673597109019));
#4042=CARTESIAN_POINT('Ctrl Pts',(5.3094344142367,11.,1.041807075401));
#4043=CARTESIAN_POINT('Ctrl Pts',(5.3094344142367,13.5,1.041807075401));
#4044=CARTESIAN_POINT('Ctrl Pts',(5.77875621698902,11.,1.01770476297447));
#4045=CARTESIAN_POINT('Ctrl Pts',(5.77875621698902,13.5,1.01770476297447));
#4046=CARTESIAN_POINT('Ctrl Pts',(6.2468104299987,11.,0.882426103979816));
#4047=CARTESIAN_POINT('Ctrl Pts',(6.2468104299987,13.5,0.882426103979816));
#4048=CARTESIAN_POINT('Ctrl Pts',(6.70350863285213,11.,0.627719606592449));
#4049=CARTESIAN_POINT('Ctrl Pts',(6.70350863285213,13.5,0.627719606592449));
#4050=CARTESIAN_POINT('Ctrl Pts',(7.14001976370283,11.,0.256326970446996));
#4051=CARTESIAN_POINT('Ctrl Pts',(7.14001976370283,13.5,0.256326970446996));
#4052=CARTESIAN_POINT('Ctrl Pts',(7.54442247809841,11.,-0.218953253346888));
#4053=CARTESIAN_POINT('Ctrl Pts',(7.54442247809841,13.5,-0.218953253346888));
#4054=CARTESIAN_POINT('Ctrl Pts',(7.89772880966146,11.,-0.777003950817835));
#4055=CARTESIAN_POINT('Ctrl Pts',(7.89772880966146,13.5,-0.777003950817835));
#4056=CARTESIAN_POINT('Ctrl Pts',(8.16750653476161,11.,-1.38945929879232));
#4057=CARTESIAN_POINT('Ctrl Pts',(8.16750653476161,13.5,-1.38945929879232));
#4058=CARTESIAN_POINT('Ctrl Pts',(8.31117734383195,11.,-2.02316352922074));
#4059=CARTESIAN_POINT('Ctrl Pts',(8.31117734383195,13.5,-2.02316352922074));
#4060=CARTESIAN_POINT('Ctrl Pts',(8.28969727129173,11.,-2.64391221210169));
#4061=CARTESIAN_POINT('Ctrl Pts',(8.28969727129173,13.5,-2.64391221210169));
#4062=CARTESIAN_POINT('Ctrl Pts',(8.07837153327229,11.,-3.21983884258124));
#4063=CARTESIAN_POINT('Ctrl Pts',(8.07837153327229,13.5,-3.21983884258124));
#4064=CARTESIAN_POINT('Ctrl Pts',(7.67906541412188,11.,-3.72497981714673));
#4065=CARTESIAN_POINT('Ctrl Pts',(7.67906541412188,13.5,-3.72497981714673));
#4066=CARTESIAN_POINT('Ctrl Pts',(7.13147956292656,11.,-4.14271238458029));
#4067=CARTESIAN_POINT('Ctrl Pts',(7.13147956292656,13.5,-4.14271238458029));
#4068=CARTESIAN_POINT('Ctrl Pts',(6.52612182260397,11.,-4.46946639600284));
#4069=CARTESIAN_POINT('Ctrl Pts',(6.52612182260397,13.5,-4.46946639600284));
#4070=CARTESIAN_POINT('Ctrl Pts',(5.97890981851308,11.,-4.71251251819097));
#4071=CARTESIAN_POINT('Ctrl Pts',(5.97890981851308,13.5,-4.71251251819097));
#4072=CARTESIAN_POINT('Ctrl Pts',(5.60389484787769,11.,-4.88752977981372));
#4073=CARTESIAN_POINT('Ctrl Pts',(5.60389484787769,13.5,-4.88752977981372));
#4074=CARTESIAN_POINT('Ctrl Pts',(5.48739250322029,11.,-5.01629505188552));
#4075=CARTESIAN_POINT('Ctrl Pts',(5.48739250322029,13.5,-5.01629505188552));
#4076=CARTESIAN_POINT('Ctrl Pts',(5.65981509842229,11.,-5.1243282184968));
#4077=CARTESIAN_POINT('Ctrl Pts',(5.65981509842229,13.5,-5.1243282184968));
#4078=CARTESIAN_POINT('Ctrl Pts',(6.07293937834961,11.,-5.23862842498249));
#4079=CARTESIAN_POINT('Ctrl Pts',(6.07293937834961,13.5,-5.23862842498249));
#4080=CARTESIAN_POINT('Ctrl Pts',(6.63269451288467,11.,-5.38607057973289));
#4081=CARTESIAN_POINT('Ctrl Pts',(6.63269451288467,13.5,-5.38607057973289));
#4082=CARTESIAN_POINT('Ctrl Pts',(7.2290728760111,11.,-5.59176856250168));
#4083=CARTESIAN_POINT('Ctrl Pts',(7.2290728760111,13.5,-5.59176856250168));
#4084=CARTESIAN_POINT('Ctrl Pts',(7.76431473770939,11.,-5.87741860814647));
#4085=CARTESIAN_POINT('Ctrl Pts',(7.76431473770939,13.5,-5.87741860814647));
#4086=CARTESIAN_POINT('Ctrl Pts',(8.18861317459041,11.,-6.2597061763937));
#4087=CARTESIAN_POINT('Ctrl Pts',(8.18861317459041,13.5,-6.2597061763937));
#4088=CARTESIAN_POINT('Ctrl Pts',(8.49761225813794,11.,-6.74830113820951));
#4089=CARTESIAN_POINT('Ctrl Pts',(8.49761225813794,13.5,-6.74830113820951));
#4090=CARTESIAN_POINT('Ctrl Pts',(8.71050389532462,11.,-7.34358291104445));
#4091=CARTESIAN_POINT('Ctrl Pts',(8.71050389532462,13.5,-7.34358291104445));
#4092=CARTESIAN_POINT('Ctrl Pts',(8.85480801357956,11.,-8.03450283400324));
#4093=CARTESIAN_POINT('Ctrl Pts',(8.85480801357956,13.5,-8.03450283400324));
#4094=CARTESIAN_POINT('Ctrl Pts',(8.94737053857445,11.,-8.79616248395014));
#4095=CARTESIAN_POINT('Ctrl Pts',(8.94737053857445,13.5,-8.79616248395014));
#4096=CARTESIAN_POINT('Ctrl Pts',(8.9794260669256,11.,-9.58789896115099));
#4097=CARTESIAN_POINT('Ctrl Pts',(8.9794260669256,13.5,-9.58789896115099));
#4098=CARTESIAN_POINT('Ctrl Pts',(8.8935389218998,11.,-10.3499378942248));
#4099=CARTESIAN_POINT('Ctrl Pts',(8.8935389218998,13.5,-10.3499378942248));
#4100=CARTESIAN_POINT('Ctrl Pts',(8.61643048609482,11.,-11.0127142626189));
#4101=CARTESIAN_POINT('Ctrl Pts',(8.61643048609482,13.5,-11.0127142626189));
#4102=CARTESIAN_POINT('Ctrl Pts',(8.09117676284682,11.,-11.5087505793777));
#4103=CARTESIAN_POINT('Ctrl Pts',(8.09117676284682,13.5,-11.5087505793777));
#4104=CARTESIAN_POINT('Ctrl Pts',(7.32753376087351,11.,-11.7827435817746));
#4105=CARTESIAN_POINT('Ctrl Pts',(7.32753376087351,13.5,-11.7827435817746));
#4106=CARTESIAN_POINT('Ctrl Pts',(6.40478906953646,11.,-11.8044509167738));
#4107=CARTESIAN_POINT('Ctrl Pts',(6.40478906953646,13.5,-11.8044509167738));
#4108=CARTESIAN_POINT('Ctrl Pts',(5.588369212171,11.,-11.5757758419558));
#4109=CARTESIAN_POINT('Ctrl Pts',(5.588369212171,13.5,-11.5757758419558));
#4110=CARTESIAN_POINT('Ctrl Pts',(5.16848540242836,11.,-11.1522182172412));
#4111=CARTESIAN_POINT('Ctrl Pts',(5.16848540242836,13.5,-11.1522182172412));
#4112=CARTESIAN_POINT('Ctrl Pts',(5.024721821104,11.,-10.641834234621));
#4113=CARTESIAN_POINT('Ctrl Pts',(5.024721821104,13.5,-10.641834234621));
#4114=CARTESIAN_POINT('Ctrl Pts',(4.90077539918432,11.,-10.1723030978561));
#4115=CARTESIAN_POINT('Ctrl Pts',(4.90077539918432,13.5,-10.1723030978561));
#4116=CARTESIAN_POINT('Ctrl Pts',(4.54152004489215,11.,-9.92921896539109));
#4117=CARTESIAN_POINT('Ctrl Pts',(4.54152004489215,13.5,-9.92921896539109));
#4118=CARTESIAN_POINT('Ctrl Pts',(3.99471571678601,11.,-9.86425748658082));
#4119=CARTESIAN_POINT('Ctrl Pts',(3.99471571678601,13.5,-9.86425748658082));
#4120=CARTESIAN_POINT('Ctrl Pts',(3.48850716763208,11.,-9.87849539919597));
#4121=CARTESIAN_POINT('Ctrl Pts',(3.48850716763208,13.5,-9.87849539919597));
#4122=CARTESIAN_POINT('Ctrl Pts',(3.2000000372529,11.,-9.90000007450581));
#4123=CARTESIAN_POINT('Ctrl Pts',(3.2000000372529,13.5,-9.90000007450581));
#4124=CARTESIAN_POINT('',(3.20000006437304,11.,-0.100000074505805));
#4125=CARTESIAN_POINT('',(3.20000006437304,11.,-0.100000074505805));
#4126=CARTESIAN_POINT('',(3.19999964714051,11.,-9.90000007450581));
#4127=CARTESIAN_POINT('Ctrl Pts',(3.2000000372529,11.,-9.90000007450581));
#4128=CARTESIAN_POINT('Ctrl Pts',(3.48850716763208,11.,-9.87849539919597));
#4129=CARTESIAN_POINT('Ctrl Pts',(3.99471571678601,11.,-9.86425748658082));
#4130=CARTESIAN_POINT('Ctrl Pts',(4.54152004489215,11.,-9.92921896539109));
#4131=CARTESIAN_POINT('Ctrl Pts',(4.90077539918432,11.,-10.1723030978561));
#4132=CARTESIAN_POINT('Ctrl Pts',(5.024721821104,11.,-10.641834234621));
#4133=CARTESIAN_POINT('Ctrl Pts',(5.16848540242836,11.,-11.1522182172412));
#4134=CARTESIAN_POINT('Ctrl Pts',(5.588369212171,11.,-11.5757758419558));
#4135=CARTESIAN_POINT('Ctrl Pts',(6.40478906953646,11.,-11.8044509167738));
#4136=CARTESIAN_POINT('Ctrl Pts',(7.32753376087351,11.,-11.7827435817746));
#4137=CARTESIAN_POINT('Ctrl Pts',(8.09117676284682,11.,-11.5087505793777));
#4138=CARTESIAN_POINT('Ctrl Pts',(8.61643048609482,11.,-11.0127142626189));
#4139=CARTESIAN_POINT('Ctrl Pts',(8.8935389218998,11.,-10.3499378942248));
#4140=CARTESIAN_POINT('Ctrl Pts',(8.9794260669256,11.,-9.58789896115099));
#4141=CARTESIAN_POINT('Ctrl Pts',(8.94737053857445,11.,-8.79616248395014));
#4142=CARTESIAN_POINT('Ctrl Pts',(8.85480801357956,11.,-8.03450283400324));
#4143=CARTESIAN_POINT('Ctrl Pts',(8.71050389532462,11.,-7.34358291104445));
#4144=CARTESIAN_POINT('Ctrl Pts',(8.49761225813794,11.,-6.74830113820951));
#4145=CARTESIAN_POINT('Ctrl Pts',(8.18861317459041,11.,-6.2597061763937));
#4146=CARTESIAN_POINT('Ctrl Pts',(7.76431473770939,11.,-5.87741860814647));
#4147=CARTESIAN_POINT('Ctrl Pts',(7.2290728760111,11.,-5.59176856250168));
#4148=CARTESIAN_POINT('Ctrl Pts',(6.63269451288467,11.,-5.38607057973289));
#4149=CARTESIAN_POINT('Ctrl Pts',(6.07293937834961,11.,-5.23862842498249));
#4150=CARTESIAN_POINT('Ctrl Pts',(5.65981509842229,11.,-5.1243282184968));
#4151=CARTESIAN_POINT('Ctrl Pts',(5.48739250322029,11.,-5.01629505188552));
#4152=CARTESIAN_POINT('Ctrl Pts',(5.60389484787769,11.,-4.88752977981372));
#4153=CARTESIAN_POINT('Ctrl Pts',(5.97890981851308,11.,-4.71251251819097));
#4154=CARTESIAN_POINT('Ctrl Pts',(6.52612182260397,11.,-4.46946639600284));
#4155=CARTESIAN_POINT('Ctrl Pts',(7.13147956292656,11.,-4.14271238458029));
#4156=CARTESIAN_POINT('Ctrl Pts',(7.67906541412188,11.,-3.72497981714673));
#4157=CARTESIAN_POINT('Ctrl Pts',(8.07837153327229,11.,-3.21983884258124));
#4158=CARTESIAN_POINT('Ctrl Pts',(8.28969727129173,11.,-2.64391221210169));
#4159=CARTESIAN_POINT('Ctrl Pts',(8.31117734383195,11.,-2.02316352922074));
#4160=CARTESIAN_POINT('Ctrl Pts',(8.16750653476161,11.,-1.38945929879232));
#4161=CARTESIAN_POINT('Ctrl Pts',(7.89772880966146,11.,-0.777003950817835));
#4162=CARTESIAN_POINT('Ctrl Pts',(7.54442247809841,11.,-0.218953253346888));
#4163=CARTESIAN_POINT('Ctrl Pts',(7.14001976370283,11.,0.256326970446996));
#4164=CARTESIAN_POINT('Ctrl Pts',(6.70350863285213,11.,0.627719606592449));
#4165=CARTESIAN_POINT('Ctrl Pts',(6.2468104299987,11.,0.882426103979816));
#4166=CARTESIAN_POINT('Ctrl Pts',(5.77875621698902,11.,1.01770476297447));
#4167=CARTESIAN_POINT('Ctrl Pts',(5.3094344142367,11.,1.041807075401));
#4168=CARTESIAN_POINT('Ctrl Pts',(4.85583043976685,11.,0.976673597109019));
#4169=CARTESIAN_POINT('Ctrl Pts',(4.44164326893654,11.,0.854891652664193));
#4170=CARTESIAN_POINT('Ctrl Pts',(4.08739509156906,11.,0.707325969844383));
#4171=CARTESIAN_POINT('Ctrl Pts',(3.80395993133191,11.,0.554274915662363));
#4172=CARTESIAN_POINT('Ctrl Pts',(3.58230020939802,11.,0.392333370284836));
#4173=CARTESIAN_POINT('Ctrl Pts',(3.43043259975162,11.,0.232243781608025));
#4174=CARTESIAN_POINT('Ctrl Pts',(3.31694756802002,11.,0.0804879008985984));
#4175=CARTESIAN_POINT('Ctrl Pts',(3.23931150770917,11.,-0.0371019863874795));
#4176=CARTESIAN_POINT('Ctrl Pts',(3.20000004487096,11.,-0.100000062316955));
#4177=CARTESIAN_POINT('',(3.19999964714051,11.,-9.90000007450581));
#4178=CARTESIAN_POINT('Ctrl Pts',(1.80000043810756,13.4,-9.90000010438462));
#4179=CARTESIAN_POINT('Ctrl Pts',(1.78116112990042,13.4,-9.89859586454651));
#4180=CARTESIAN_POINT('Ctrl Pts',(1.74404725987613,13.4,-9.8959468796686));
#4181=CARTESIAN_POINT('Ctrl Pts',(1.66947262684972,13.4,-9.89112044672251));
#4182=CARTESIAN_POINT('Ctrl Pts',(1.53923001872747,13.4,-9.88408266098049));
#4183=CARTESIAN_POINT('Ctrl Pts',(1.35361050370942,13.4,-9.87850193953355));
#4184=CARTESIAN_POINT('Ctrl Pts',(1.13196174866198,13.4,-9.88112007955388));
#4185=CARTESIAN_POINT('Ctrl Pts',(0.912388848890115,13.4,-9.89637614722447));
#4186=CARTESIAN_POINT('Ctrl Pts',(0.697900771419552,13.4,-9.92930274674494));
#4187=CARTESIAN_POINT('Ctrl Pts',(0.494078413156857,13.4,-9.98731651317801));
#4188=CARTESIAN_POINT('Ctrl Pts',(0.311886356898952,13.4,-10.0801806747046));
#4189=CARTESIAN_POINT('Ctrl Pts',(0.166348417447807,13.4,-10.21491293409));
#4190=CARTESIAN_POINT('Ctrl Pts',(0.063160660047139,13.4,-10.389449724521));
#4191=CARTESIAN_POINT('Ctrl Pts',(-0.0107201964581683,13.4,-10.5925414666381));
#4192=CARTESIAN_POINT('Ctrl Pts',(-0.0797086023477178,13.4,-10.8109016772898));
#4193=CARTESIAN_POINT('Ctrl Pts',(-0.17098325688311,13.4,-11.0341065405888));
#4194=CARTESIAN_POINT('Ctrl Pts',(-0.308075382333384,13.4,-11.2446396874603));
#4195=CARTESIAN_POINT('Ctrl Pts',(-0.49187956030243,13.4,-11.4167938891039));
#4196=CARTESIAN_POINT('Ctrl Pts',(-0.702235802828383,13.4,-11.5438476444717));
#4197=CARTESIAN_POINT('Ctrl Pts',(-0.924990647732875,13.4,-11.6349180600929));
#4198=CARTESIAN_POINT('Ctrl Pts',(-1.15372686902646,13.4,-11.6984026500138));
#4199=CARTESIAN_POINT('Ctrl Pts',(-1.38567447034496,13.4,-11.7397060068909));
#4200=CARTESIAN_POINT('Ctrl Pts',(-1.61926036362578,13.4,-11.7616412939811));
#4201=CARTESIAN_POINT('Ctrl Pts',(-1.85367790691124,13.4,-11.7654478789047));
#4202=CARTESIAN_POINT('Ctrl Pts',(-2.08803544691751,13.4,-11.7511089338486));
#4203=CARTESIAN_POINT('Ctrl Pts',(-2.32102266211716,13.4,-11.7176946736324));
#4204=CARTESIAN_POINT('Ctrl Pts',(-2.55104650821071,13.4,-11.6634385087722));
#4205=CARTESIAN_POINT('Ctrl Pts',(-2.77576907051014,13.4,-11.5859692612054));
#4206=CARTESIAN_POINT('Ctrl Pts',(-2.99166869919859,13.4,-11.4827353091475));
#4207=CARTESIAN_POINT('Ctrl Pts',(-3.19380242819746,13.4,-11.3519685667019));
#4208=CARTESIAN_POINT('Ctrl Pts',(-3.37643309701538,13.4,-11.1935152208853));
#4209=CARTESIAN_POINT('Ctrl Pts',(-3.53413783637587,13.4,-11.0098898588271));
#4210=CARTESIAN_POINT('Ctrl Pts',(-3.66346102496248,13.4,-10.8062467280868));
#4211=CARTESIAN_POINT('Ctrl Pts',(-3.7642561987794,13.4,-10.5890516924913));
#4212=CARTESIAN_POINT('Ctrl Pts',(-3.83916794305317,13.4,-10.363844090229));
#4213=CARTESIAN_POINT('Ctrl Pts',(-3.89209647583528,13.4,-10.1344366108205));
#4214=CARTESIAN_POINT('Ctrl Pts',(-3.92692543882502,13.4,-9.90325679579418));
#4215=CARTESIAN_POINT('Ctrl Pts',(-3.9470745950798,13.4,-9.6716925300342));
#4216=CARTESIAN_POINT('Ctrl Pts',(-3.9553580505753,13.4,-9.44047270362868));
#4217=CARTESIAN_POINT('Ctrl Pts',(-3.95399398518187,13.3999999999999,-9.20999986738604));
#4218=CARTESIAN_POINT('Ctrl Pts',(-3.94469877438462,13.3999999999999,-8.98043955658809));
#4219=CARTESIAN_POINT('Ctrl Pts',(-3.92869287068163,13.3999999999999,-8.75177999768674));
#4220=CARTESIAN_POINT('Ctrl Pts',(-3.90673959395217,13.3999999999999,-8.52389536115028));
#4221=CARTESIAN_POINT('Ctrl Pts',(-3.87910760429055,13.3999999999998,-8.29664181114812));
#4222=CARTESIAN_POINT('Ctrl Pts',(-3.84565213452825,13.3999999999997,-8.06993482213236));
#4223=CARTESIAN_POINT('Ctrl Pts',(-3.80581467222161,13.3999999999995,-7.84380357784257));
#4224=CARTESIAN_POINT('Ctrl Pts',(-3.75862400021994,13.3999999999993,-7.6184627816337));
#4225=CARTESIAN_POINT('Ctrl Pts',(-3.70265275208503,13.399999999999,-7.39436928837768));
#4226=CARTESIAN_POINT('Ctrl Pts',(-3.635937472135,13.3999999999986,-7.17221489876325));
#4227=CARTESIAN_POINT('Ctrl Pts',(-3.55594917466176,13.3999999999979,-6.95312163437693));
#4228=CARTESIAN_POINT('Ctrl Pts',(-3.45973160515559,13.3999999999971,-6.73894708698869));
#4229=CARTESIAN_POINT('Ctrl Pts',(-3.34431374503698,13.3999999999955,-6.53249789989859));
#4230=CARTESIAN_POINT('Ctrl Pts',(-3.20764950430491,13.3999999999941,-6.33769207939081));
#4231=CARTESIAN_POINT('Ctrl Pts',(-3.0498350839598,13.3999999999916,-6.15888946340264));
#4232=CARTESIAN_POINT('Ctrl Pts',(-2.87325002126507,13.3999999999893,-5.9992427456107));
#4233=CARTESIAN_POINT('Ctrl Pts',(-2.68190809389798,13.3999999999828,-5.8596595734363));
#4234=CARTESIAN_POINT('Ctrl Pts',(-2.48004548366355,13.3999999999743,-5.73898668290913));
#4235=CARTESIAN_POINT('Ctrl Pts',(-2.27097462579444,13.3999999999618,-5.63470930435806));
#4236=CARTESIAN_POINT('Ctrl Pts',(-2.05702997825588,13.3999999999457,-5.54401452764642));
#4237=CARTESIAN_POINT('Ctrl Pts',(-1.84009065205175,13.399999999919,-5.46429599280948));
#4238=CARTESIAN_POINT('Ctrl Pts',(-1.62190630279223,13.3999999998881,-5.39327359170845));
#4239=CARTESIAN_POINT('Ctrl Pts',(-1.40322593153643,13.3999999998509,-5.32854107344671));
#4240=CARTESIAN_POINT('Ctrl Pts',(-1.22061579196071,13.3999999997911,-5.27771978634704));
#4241=CARTESIAN_POINT('Ctrl Pts',(-1.07486620071951,13.3999999997652,-5.23734460063364));
#4242=CARTESIAN_POINT('Ctrl Pts',(-0.984330786471064,13.3999999997217,-5.21176546729507));
#4243=CARTESIAN_POINT('Ctrl Pts',(-0.912679459070215,13.3999999997114,-5.19071711294989));
#4244=CARTESIAN_POINT('Ctrl Pts',(-0.859521292095812,13.3999999996983,-5.17449478766167));
#4245=CARTESIAN_POINT('Ctrl Pts',(-0.807189277996479,13.3999999996911,-5.1576655524757));
#4246=CARTESIAN_POINT('Ctrl Pts',(-0.770976980963988,13.3999999996699,-5.1451490831935));
#4247=CARTESIAN_POINT('Ctrl Pts',(-0.750104051141235,13.3999999996676,-5.13751808768428));
#4248=CARTESIAN_POINT('Ctrl Pts',(-0.741795679432209,13.3999999996673,-5.13444054684667));
#4249=CARTESIAN_POINT('Ctrl Pts',(-0.731490010734404,13.3999999996654,-5.13054475030082));
#4250=CARTESIAN_POINT('Ctrl Pts',(-0.719266661689147,13.3999999996634,-5.1257855655326));
#4251=CARTESIAN_POINT('Ctrl Pts',(-0.707204989257817,13.3999999996615,-5.1209361043209));
#4252=CARTESIAN_POINT('Ctrl Pts',(-0.698791327490601,13.3999999996592,-5.11743289036412));
#4253=CARTESIAN_POINT('Ctrl Pts',(-0.693891535682927,13.3999999996589,-5.11534842880073));
#4254=CARTESIAN_POINT('Ctrl Pts',(-0.692424950636376,13.3999999996589,-5.11472149570349));
#4255=CARTESIAN_POINT('Ctrl Pts',(-0.690961780120852,13.3999999996589,-5.11409296041008));
#4256=CARTESIAN_POINT('Ctrl Pts',(-0.688042334601303,13.3999999996587,-5.11283264847843));
#4257=CARTESIAN_POINT('Ctrl Pts',(-0.677886302600814,13.3999999996579,-5.10839324176233));
#4258=CARTESIAN_POINT('Ctrl Pts',(-0.66657823490253,13.3999999996428,-5.10318581976398));
#4259=CARTESIAN_POINT('Ctrl Pts',(-0.656582302658153,13.3999999996418,-5.09828590305183));
#4260=CARTESIAN_POINT('Ctrl Pts',(-0.652990985168892,13.3999999996414,-5.09649043576505));
#4261=CARTESIAN_POINT('Ctrl Pts',(-0.649429664337502,13.3999999996411,-5.09468585765083));
#4262=CARTESIAN_POINT('Ctrl Pts',(-0.64503628986226,13.3999999996401,-5.09241315270244));
#4263=CARTESIAN_POINT('Ctrl Pts',(-0.640726363834729,13.399999999639,-5.09011826686975));
#4264=CARTESIAN_POINT('Ctrl Pts',(-0.637332181316971,13.3999999996386,-5.08826948231535));
#4265=CARTESIAN_POINT('Ctrl Pts',(-0.635233953527206,13.3999999996383,-5.08710871942543));
#4266=CARTESIAN_POINT('Ctrl Pts',(-0.633569755567924,13.3999999996382,-5.08617702868852));
#4267=CARTESIAN_POINT('Ctrl Pts',(-0.631915299160268,13.3999999996382,-5.08524330695055));
#4268=CARTESIAN_POINT('Ctrl Pts',(-0.627406304423614,13.3999999996373,-5.08266729161071));
#4269=CARTESIAN_POINT('Ctrl Pts',(-0.620257460000624,13.3999999996319,-5.07840796566083));
#4270=CARTESIAN_POINT('Ctrl Pts',(-0.612776935564753,13.3999999996267,-5.07361008890129));
#4271=CARTESIAN_POINT('Ctrl Pts',(-0.607812314946638,13.3999999996247,-5.07022719786729));
#4272=CARTESIAN_POINT('Ctrl Pts',(-0.605057012496867,13.3999999996242,-5.06828898363196));
#4273=CARTESIAN_POINT('Ctrl Pts',(-0.603369700716766,13.3999999996238,-5.06707582690994));
#4274=CARTESIAN_POINT('Ctrl Pts',(-0.602041200496227,13.3999999996237,-5.06610450639949));
#4275=CARTESIAN_POINT('Ctrl Pts',(-0.60105559537633,13.3999999996236,-5.06537567671867));
#4276=CARTESIAN_POINT('Ctrl Pts',(-0.600243323738929,13.3999999996235,-5.06476809136164));
#4277=CARTESIAN_POINT('Ctrl Pts',(-0.599599005260724,13.3999999996234,-5.06428192271332));
#4278=CARTESIAN_POINT('Ctrl Pts',(-0.598638050892505,13.3999999996234,-5.06355258606866));
#4279=CARTESIAN_POINT('Ctrl Pts',(-0.597690900581323,13.3999999996229,-5.06282305776142));
#4280=CARTESIAN_POINT('Ctrl Pts',(-0.596757919149645,13.3999999996229,-5.06209355644914));
#4281=CARTESIAN_POINT('Ctrl Pts',(-0.596139696482475,13.3999999996228,-5.06160723333078));
#4282=CARTESIAN_POINT('Ctrl Pts',(-0.595067804607086,13.3999999996227,-5.06075623858628));
#4283=CARTESIAN_POINT('Ctrl Pts',(-0.593564943263749,13.3999999996221,-5.05954086015351));
#4284=CARTESIAN_POINT('Ctrl Pts',(-0.591223122704824,13.3999999996219,-5.05759793453473));
#4285=CARTESIAN_POINT('Ctrl Pts',(-0.580537558462923,13.39999999961,-5.04838444149284));
#4286=CARTESIAN_POINT('Ctrl Pts',(-0.566459308430157,13.3999999994455,-5.0322330979676));
#4287=CARTESIAN_POINT('Ctrl Pts',(-0.555168134688989,13.3999999994311,-5.00524913713633));
#4288=CARTESIAN_POINT('Ctrl Pts',(-0.557214134549464,13.3999999990592,-4.98583994799933));
#4289=CARTESIAN_POINT('Ctrl Pts',(-0.565413511893024,13.3999999990066,-4.96939372889584));
#4290=CARTESIAN_POINT('Ctrl Pts',(-0.565798737762515,13.3999999990075,-4.96864306599279));
#4291=CARTESIAN_POINT('Ctrl Pts',(-0.566193904803619,13.3999999990068,-4.96788817840096));
#4292=CARTESIAN_POINT('Ctrl Pts',(-0.566498790532927,13.3999999990069,-4.96731925303538));
#4293=CARTESIAN_POINT('Ctrl Pts',(-0.566705397915769,13.3999999990068,-4.96693872888705));
#4294=CARTESIAN_POINT('Ctrl Pts',(-0.566809402774676,13.3999999990068,-4.96674823120423));
#4295=CARTESIAN_POINT('Ctrl Pts',(-0.566914092119307,13.3999999990068,-4.96655749062635));
#4296=CARTESIAN_POINT('Ctrl Pts',(-0.567054604049299,13.3999999990068,-4.96630285101906));
#4297=CARTESIAN_POINT('Ctrl Pts',(-0.567178759922672,13.3999999990067,-4.96607961925063));
#4298=CARTESIAN_POINT('Ctrl Pts',(-0.567286052399705,13.3999999990067,-4.96588797949209));
#4299=CARTESIAN_POINT('Ctrl Pts',(-0.567339872628538,13.3999999990067,-4.96579209968805));
#4300=CARTESIAN_POINT('Ctrl Pts',(-0.56738486783882,13.3999999990067,-4.96571214988967));
#4301=CARTESIAN_POINT('Ctrl Pts',(-0.567420951580943,13.3999999990067,-4.96564816028987));
#4302=CARTESIAN_POINT('Ctrl Pts',(-0.567728152106656,13.3999999990068,-4.96510407681455));
#4303=CARTESIAN_POINT('Ctrl Pts',(-0.568627816962329,13.3999999990077,-4.96354385169488));
#4304=CARTESIAN_POINT('Ctrl Pts',(-0.569905518391806,13.3999999990116,-4.96145461578876));
#4305=CARTESIAN_POINT('Ctrl Pts',(-0.571104758698108,13.3999999990125,-4.95960096201649));
#4306=CARTESIAN_POINT('Ctrl Pts',(-0.571813425914017,13.3999999990128,-4.95853459679364));
#4307=CARTESIAN_POINT('Ctrl Pts',(-0.573624128870319,13.3999999990137,-4.95585696607202));
#4308=CARTESIAN_POINT('Ctrl Pts',(-0.576207414805627,13.3999999990274,-4.95230788365779));
#4309=CARTESIAN_POINT('Ctrl Pts',(-0.579767921502368,13.3999999990301,-4.94784537566136));
#4310=CARTESIAN_POINT('Ctrl Pts',(-0.583579592123245,13.3999999990333,-4.94332648139959));
#4311=CARTESIAN_POINT('Ctrl Pts',(-0.587240034420113,13.3999999990456,-4.93930725627822));
#4312=CARTESIAN_POINT('Ctrl Pts',(-0.590599367481519,13.3999999990466,-4.93582952844103));
#4313=CARTESIAN_POINT('Ctrl Pts',(-0.592896815590049,13.3999999990474,-4.93350316895164));
#4314=CARTESIAN_POINT('Ctrl Pts',(-0.597066685217508,13.3999999990496,-4.92941361885962));
#4315=CARTESIAN_POINT('Ctrl Pts',(-0.601523184020435,13.3999999990597,-4.92529618423754));
#4316=CARTESIAN_POINT('Ctrl Pts',(-0.605529827125293,13.3999999990606,-4.92175862862466));
#4317=CARTESIAN_POINT('Ctrl Pts',(-0.608249276757277,13.3999999990614,-4.91939860673039));
#4318=CARTESIAN_POINT('Ctrl Pts',(-0.613131838785097,13.3999999990641,-4.91526589340363));
#4319=CARTESIAN_POINT('Ctrl Pts',(-0.620440257539297,13.3999999990711,-4.90936325895722));
#4320=CARTESIAN_POINT('Ctrl Pts',(-0.628142607838866,13.3999999990792,-4.9034810118181));
#4321=CARTESIAN_POINT('Ctrl Pts',(-0.637698167334785,13.3999999990805,-4.89645240881418));
#4322=CARTESIAN_POINT('Ctrl Pts',(-0.650959509381355,13.3999999990937,-4.88714168875665));
#4323=CARTESIAN_POINT('Ctrl Pts',(-0.670215724028665,13.3999999991221,-4.87452513073951));
#4324=CARTESIAN_POINT('Ctrl Pts',(-0.699530539769392,13.3999999991375,-4.85651191927144));
#4325=CARTESIAN_POINT('Ctrl Pts',(-0.726465923601787,13.3999999992228,-4.84119064459062));
#4326=CARTESIAN_POINT('Ctrl Pts',(-0.75010033003948,13.39999999923,-4.82832622262174));
#4327=CARTESIAN_POINT('Ctrl Pts',(-0.765991466716325,13.3999999992341,-4.81981590628121));
#4328=CARTESIAN_POINT('Ctrl Pts',(-0.780049908021451,13.39999999925,-4.81245036183555));
#4329=CARTESIAN_POINT('Ctrl Pts',(-0.792190956556776,13.3999999992512,-4.80618668536559));
#4330=CARTESIAN_POINT('Ctrl Pts',(-0.800307941865648,13.3999999992524,-4.80202352270958));
#4331=CARTESIAN_POINT('Ctrl Pts',(-0.814570564444304,13.3999999992557,-4.79476970601365));
#4332=CARTESIAN_POINT('Ctrl Pts',(-0.843305822089985,13.3999999992615,-4.78037709444365));
#4333=CARTESIAN_POINT('Ctrl Pts',(-0.901503661549451,13.3999999993093,-4.75196585196248));
#4334=CARTESIAN_POINT('Ctrl Pts',(-0.986173553036349,13.3999999993576,-4.71201589299561));
#4335=CARTESIAN_POINT('Ctrl Pts',(-1.12333014634012,13.399999999428,-4.64846806490535));
#4336=CARTESIAN_POINT('Ctrl Pts',(-1.29606634553652,13.3999999996142,-4.56843258098401));
#4337=CARTESIAN_POINT('Ctrl Pts',(-1.50232185973803,13.3999999997157,-4.46891377425737));
#4338=CARTESIAN_POINT('Ctrl Pts',(-1.70619945312529,13.3999999998095,-4.36408318925882));
#4339=CARTESIAN_POINT('Ctrl Pts',(-1.90691605476272,13.3999999998647,-4.25214747156371));
#4340=CARTESIAN_POINT('Ctrl Pts',(-2.10363258025434,13.3999999999076,-4.13131702645257));
#4341=CARTESIAN_POINT('Ctrl Pts',(-2.29499873107502,13.3999999999362,-3.99979584809141));
#4342=CARTESIAN_POINT('Ctrl Pts',(-2.47895746345154,13.3999999999559,-3.85585107865065));
#4343=CARTESIAN_POINT('Ctrl Pts',(-2.65279534105751,13.3999999999727,-3.69780417203704));
#4344=CARTESIAN_POINT('Ctrl Pts',(-2.81318449276635,13.3999999999785,-3.52412442521798));
#4345=CARTESIAN_POINT('Ctrl Pts',(-2.95608011901494,13.3999999999849,-3.33400133880555));
#4346=CARTESIAN_POINT('Ctrl Pts',(-3.077064241279,13.3999999999896,-3.12782366312438));
#4347=CARTESIAN_POINT('Ctrl Pts',(-3.1720602356499,13.3999999999927,-2.90760959853852));
#4348=CARTESIAN_POINT('Ctrl Pts',(-3.23833031721139,13.399999999995,-2.67695761824643));
#4349=CARTESIAN_POINT('Ctrl Pts',(-3.27521993195568,13.3999999999965,-2.44046662313932));
#4350=CARTESIAN_POINT('Ctrl Pts',(-3.28420979089549,13.3999999999976,-2.20242693956203));
#4351=CARTESIAN_POINT('Ctrl Pts',(-3.26808555678987,13.3999999999983,-1.96599712394214));
#4352=CARTESIAN_POINT('Ctrl Pts',(-3.2300521623349,13.3999999999988,-1.73331645735914));
#4353=CARTESIAN_POINT('Ctrl Pts',(-3.17319740448476,13.3999999999992,-1.50567483877587));
#4354=CARTESIAN_POINT('Ctrl Pts',(-3.10018255848144,13.3999999999994,-1.28368516784404));
#4355=CARTESIAN_POINT('Ctrl Pts',(-3.01316799372865,13.3999999999996,-1.0676071892248));
#4356=CARTESIAN_POINT('Ctrl Pts',(-2.91381799087434,13.3999999999997,-0.857520159919608));
#4357=CARTESIAN_POINT('Ctrl Pts',(-2.80333300115216,13.3999999999998,-0.653456470872885));
#4358=CARTESIAN_POINT('Ctrl Pts',(-2.68250058292901,13.3999999999999,-0.455531911457364));
#4359=CARTESIAN_POINT('Ctrl Pts',(-2.57356316353374,13.3999999999999,-0.295961914490243));
#4360=CARTESIAN_POINT('Ctrl Pts',(-2.48152585415866,13.3999999999999,-0.17176008749659));
#4361=CARTESIAN_POINT('Ctrl Pts',(-2.38619874540628,13.3999999999999,-0.0499753520838008));
#4362=CARTESIAN_POINT('Ctrl Pts',(-2.26080206213882,13.4,0.0974891231466087));
#4363=CARTESIAN_POINT('Ctrl Pts',(-2.12672115265956,13.4,0.237724904043064));
#4364=CARTESIAN_POINT('Ctrl Pts',(-2.01393889961377,13.4,0.344813154303813));
#4365=CARTESIAN_POINT('Ctrl Pts',(-1.89736749492565,13.4,0.448172371401363));
#4366=CARTESIAN_POINT('Ctrl Pts',(-1.74435068102497,13.4,0.569722723416908));
#4367=CARTESIAN_POINT('Ctrl Pts',(-1.54847680135761,13.4,0.700755818957355));
#4368=CARTESIAN_POINT('Ctrl Pts',(-1.34032961816872,13.4,0.813727649447788));
#4369=CARTESIAN_POINT('Ctrl Pts',(-1.15740205000924,13.4,0.889884162406973));
#4370=CARTESIAN_POINT('Ctrl Pts',(-1.00636689741184,13.4,0.938473254792874));
#4371=CARTESIAN_POINT('Ctrl Pts',(-0.852713527979285,13.4,0.978500663482597));
#4372=CARTESIAN_POINT('Ctrl Pts',(-0.656774694908595,13.4,1.01193167293666));
#4373=CARTESIAN_POINT('Ctrl Pts',(-0.458828123892443,13.4,1.02324441299743));
#4374=CARTESIAN_POINT('Ctrl Pts',(-0.300949320098026,13.4,1.02002382066028));
#4375=CARTESIAN_POINT('Ctrl Pts',(-0.143810013663782,13.4,1.0091198087733));
#4376=CARTESIAN_POINT('Ctrl Pts',(0.050577000233909,13.4,0.982059023413126));
#4377=CARTESIAN_POINT('Ctrl Pts',(0.279389209868903,13.4,0.931233711480857));
#4378=CARTESIAN_POINT('Ctrl Pts',(0.503198780688154,13.4,0.864658264812114));
#4379=CARTESIAN_POINT('Ctrl Pts',(0.72170585549341,13.4,0.784038096612867));
#4380=CARTESIAN_POINT('Ctrl Pts',(0.935222888242558,13.4,0.689689147723671));
#4381=CARTESIAN_POINT('Ctrl Pts',(1.14289522179419,13.4,0.579499798333429));
#4382=CARTESIAN_POINT('Ctrl Pts',(1.34235506328612,13.4,0.446887103526225));
#4383=CARTESIAN_POINT('Ctrl Pts',(1.52256717033886,13.4,0.281670269051747));
#4384=CARTESIAN_POINT('Ctrl Pts',(1.67243564800233,13.4,0.095568332057923));
#4385=CARTESIAN_POINT('Ctrl Pts',(1.75890026314927,13.4,-0.0342407120519523));
#4386=CARTESIAN_POINT('Ctrl Pts',(1.82826661404749,13.4,-0.145226407479742));
#4387=CARTESIAN_POINT('Ctrl Pts',(1.85653319084207,13.4,-0.190452740453678));
#4388=CARTESIAN_POINT('Ctrl Pts',(1.88479976763665,13.4,-0.235679073427615));
#4389=CARTESIAN_POINT('Ctrl Pts',(1.80000043810756,13.4074799825085,-9.90000010438462));
#4390=CARTESIAN_POINT('Ctrl Pts',(1.78116112990042,13.4074799825085,-9.89859586454651));
#4391=CARTESIAN_POINT('Ctrl Pts',(1.74404725987613,13.4074799825085,-9.8959468796686));
#4392=CARTESIAN_POINT('Ctrl Pts',(1.66947262684972,13.4074799825085,-9.89112044672251));
#4393=CARTESIAN_POINT('Ctrl Pts',(1.53923001872747,13.4074799825085,-9.88408266098049));
#4394=CARTESIAN_POINT('Ctrl Pts',(1.35361050370942,13.4074799825085,-9.87850193953355));
#4395=CARTESIAN_POINT('Ctrl Pts',(1.13196174866198,13.4074799825085,-9.88112007955388));
#4396=CARTESIAN_POINT('Ctrl Pts',(0.912388848890115,13.4074799825086,-9.89637614722447));
#4397=CARTESIAN_POINT('Ctrl Pts',(0.697900771419552,13.4074799825085,-9.92930274674494));
#4398=CARTESIAN_POINT('Ctrl Pts',(0.494078413156857,13.4074799825086,-9.98731651317801));
#4399=CARTESIAN_POINT('Ctrl Pts',(0.311886356898952,13.4074799825085,-10.0801806747046));
#4400=CARTESIAN_POINT('Ctrl Pts',(0.166348417447807,13.4074799825085,-10.21491293409));
#4401=CARTESIAN_POINT('Ctrl Pts',(0.063160660047139,13.4074799825086,-10.389449724521));
#4402=CARTESIAN_POINT('Ctrl Pts',(-0.0107201964581683,13.4074799825085,
-10.5925414666381));
#4403=CARTESIAN_POINT('Ctrl Pts',(-0.0797086023477178,13.4074799825085,
-10.8109016772898));
#4404=CARTESIAN_POINT('Ctrl Pts',(-0.17098325688311,13.4074799825085,-11.0341065405888));
#4405=CARTESIAN_POINT('Ctrl Pts',(-0.308075382333384,13.4074799825085,-11.2446396874603));
#4406=CARTESIAN_POINT('Ctrl Pts',(-0.49187956030243,13.4074799825085,-11.4167938891039));
#4407=CARTESIAN_POINT('Ctrl Pts',(-0.702235802828383,13.4074799825085,-11.5438476444717));
#4408=CARTESIAN_POINT('Ctrl Pts',(-0.924990647732875,13.4074799825085,-11.6349180600929));
#4409=CARTESIAN_POINT('Ctrl Pts',(-1.15372686902646,13.4074799825085,-11.6984026500138));
#4410=CARTESIAN_POINT('Ctrl Pts',(-1.38567447034496,13.4074799825085,-11.7397060068909));
#4411=CARTESIAN_POINT('Ctrl Pts',(-1.61926036362578,13.4074799825085,-11.7616412939811));
#4412=CARTESIAN_POINT('Ctrl Pts',(-1.85367790691124,13.4074799825085,-11.7654478789047));
#4413=CARTESIAN_POINT('Ctrl Pts',(-2.08803544691751,13.4074799825085,-11.7511089338486));
#4414=CARTESIAN_POINT('Ctrl Pts',(-2.32102266211716,13.4074799825086,-11.7176946736324));
#4415=CARTESIAN_POINT('Ctrl Pts',(-2.55104650821071,13.4074799825086,-11.6634385087722));
#4416=CARTESIAN_POINT('Ctrl Pts',(-2.77576907051014,13.4074799825086,-11.5859692612054));
#4417=CARTESIAN_POINT('Ctrl Pts',(-2.99166869919859,13.4074799825085,-11.4827353091475));
#4418=CARTESIAN_POINT('Ctrl Pts',(-3.19380242819746,13.4074799825086,-11.3519685667019));
#4419=CARTESIAN_POINT('Ctrl Pts',(-3.37643309701538,13.4074799825086,-11.1935152208853));
#4420=CARTESIAN_POINT('Ctrl Pts',(-3.53413783637587,13.4074799825086,-11.0098898588271));
#4421=CARTESIAN_POINT('Ctrl Pts',(-3.66346102496248,13.4074799825085,-10.8062467280868));
#4422=CARTESIAN_POINT('Ctrl Pts',(-3.7642561987794,13.4074799825085,-10.5890516924913));
#4423=CARTESIAN_POINT('Ctrl Pts',(-3.83916794305317,13.4074799825085,-10.363844090229));
#4424=CARTESIAN_POINT('Ctrl Pts',(-3.89209647583528,13.4074799825085,-10.1344366108205));
#4425=CARTESIAN_POINT('Ctrl Pts',(-3.92692543882502,13.4074799825085,-9.90325679579418));
#4426=CARTESIAN_POINT('Ctrl Pts',(-3.9470745950798,13.4074799825085,-9.6716925300342));
#4427=CARTESIAN_POINT('Ctrl Pts',(-3.9553580505753,13.4074799825085,-9.44047270362868));
#4428=CARTESIAN_POINT('Ctrl Pts',(-3.95399398518187,13.4074799825085,-9.20999986738604));
#4429=CARTESIAN_POINT('Ctrl Pts',(-3.94469877438462,13.4074799825085,-8.98043955658809));
#4430=CARTESIAN_POINT('Ctrl Pts',(-3.92869287068163,13.4074799825084,-8.75177999768674));
#4431=CARTESIAN_POINT('Ctrl Pts',(-3.90673959395217,13.4074799825084,-8.52389536115028));
#4432=CARTESIAN_POINT('Ctrl Pts',(-3.87910760429055,13.4074799825083,-8.29664181114812));
#4433=CARTESIAN_POINT('Ctrl Pts',(-3.84565213452825,13.4074799825082,-8.06993482213236));
#4434=CARTESIAN_POINT('Ctrl Pts',(-3.80581467222161,13.4074799825081,-7.84380357784257));
#4435=CARTESIAN_POINT('Ctrl Pts',(-3.75862400021994,13.4074799825079,-7.6184627816337));
#4436=CARTESIAN_POINT('Ctrl Pts',(-3.70265275208503,13.4074799825075,-7.39436928837768));
#4437=CARTESIAN_POINT('Ctrl Pts',(-3.635937472135,13.4074799825071,-7.17221489876325));
#4438=CARTESIAN_POINT('Ctrl Pts',(-3.55594917466176,13.4074799825064,-6.95312163437693));
#4439=CARTESIAN_POINT('Ctrl Pts',(-3.45973160515559,13.4074799825056,-6.73894708698869));
#4440=CARTESIAN_POINT('Ctrl Pts',(-3.34431374503698,13.4074799825041,-6.53249789989859));
#4441=CARTESIAN_POINT('Ctrl Pts',(-3.20764950430491,13.4074799825027,-6.33769207939081));
#4442=CARTESIAN_POINT('Ctrl Pts',(-3.0498350839598,13.4074799825001,-6.15888946340264));
#4443=CARTESIAN_POINT('Ctrl Pts',(-2.87325002126507,13.4074799824979,-5.9992427456107));
#4444=CARTESIAN_POINT('Ctrl Pts',(-2.68190809389798,13.4074799824913,-5.8596595734363));
#4445=CARTESIAN_POINT('Ctrl Pts',(-2.48004548366355,13.4074799824829,-5.73898668290913));
#4446=CARTESIAN_POINT('Ctrl Pts',(-2.27097462579444,13.4074799824703,-5.63470930435806));
#4447=CARTESIAN_POINT('Ctrl Pts',(-2.05702997825588,13.4074799824542,-5.54401452764642));
#4448=CARTESIAN_POINT('Ctrl Pts',(-1.84009065205175,13.4074799824276,-5.46429599280948));
#4449=CARTESIAN_POINT('Ctrl Pts',(-1.62190630279223,13.4074799823967,-5.39327359170845));
#4450=CARTESIAN_POINT('Ctrl Pts',(-1.40322593153643,13.4074799823594,-5.32854107344671));
#4451=CARTESIAN_POINT('Ctrl Pts',(-1.22061579196071,13.4074799822996,-5.27771978634704));
#4452=CARTESIAN_POINT('Ctrl Pts',(-1.07486620071951,13.4074799822738,-5.23734460063364));
#4453=CARTESIAN_POINT('Ctrl Pts',(-0.984330786471064,13.4074799822302,-5.21176546729507));
#4454=CARTESIAN_POINT('Ctrl Pts',(-0.912679459070215,13.40747998222,-5.19071711294989));
#4455=CARTESIAN_POINT('Ctrl Pts',(-0.859521292095812,13.4074799822068,-5.17449478766167));
#4456=CARTESIAN_POINT('Ctrl Pts',(-0.807189277996479,13.4074799821996,-5.1576655524757));
#4457=CARTESIAN_POINT('Ctrl Pts',(-0.770976980963988,13.4074799821784,-5.1451490831935));
#4458=CARTESIAN_POINT('Ctrl Pts',(-0.750104051141235,13.4074799821762,-5.13751808768428));
#4459=CARTESIAN_POINT('Ctrl Pts',(-0.741795679432209,13.4074799821758,-5.13444054684667));
#4460=CARTESIAN_POINT('Ctrl Pts',(-0.731490010734404,13.4074799821739,-5.13054475030082));
#4461=CARTESIAN_POINT('Ctrl Pts',(-0.719266661689147,13.407479982172,-5.1257855655326));
#4462=CARTESIAN_POINT('Ctrl Pts',(-0.707204989257817,13.4074799821701,-5.1209361043209));
#4463=CARTESIAN_POINT('Ctrl Pts',(-0.698791327490601,13.4074799821677,-5.11743289036412));
#4464=CARTESIAN_POINT('Ctrl Pts',(-0.693891535682927,13.4074799821675,-5.11534842880073));
#4465=CARTESIAN_POINT('Ctrl Pts',(-0.692424950636376,13.4074799821675,-5.11472149570349));
#4466=CARTESIAN_POINT('Ctrl Pts',(-0.690961780120852,13.4074799821674,-5.11409296041008));
#4467=CARTESIAN_POINT('Ctrl Pts',(-0.688042334601303,13.4074799821673,-5.11283264847843));
#4468=CARTESIAN_POINT('Ctrl Pts',(-0.677886302600814,13.4074799821664,-5.10839324176233));
#4469=CARTESIAN_POINT('Ctrl Pts',(-0.66657823490253,13.4074799821514,-5.10318581976398));
#4470=CARTESIAN_POINT('Ctrl Pts',(-0.656582302658153,13.4074799821504,-5.09828590305183));
#4471=CARTESIAN_POINT('Ctrl Pts',(-0.652990985168892,13.40747998215,-5.09649043576505));
#4472=CARTESIAN_POINT('Ctrl Pts',(-0.649429664337502,13.4074799821497,-5.09468585765083));
#4473=CARTESIAN_POINT('Ctrl Pts',(-0.64503628986226,13.4074799821486,-5.09241315270244));
#4474=CARTESIAN_POINT('Ctrl Pts',(-0.640726363834729,13.4074799821475,-5.09011826686975));
#4475=CARTESIAN_POINT('Ctrl Pts',(-0.637332181316971,13.4074799821472,-5.08826948231535));
#4476=CARTESIAN_POINT('Ctrl Pts',(-0.635233953527206,13.4074799821469,-5.08710871942543));
#4477=CARTESIAN_POINT('Ctrl Pts',(-0.633569755567924,13.4074799821468,-5.08617702868852));
#4478=CARTESIAN_POINT('Ctrl Pts',(-0.631915299160268,13.4074799821467,-5.08524330695055));
#4479=CARTESIAN_POINT('Ctrl Pts',(-0.627406304423614,13.4074799821459,-5.08266729161071));
#4480=CARTESIAN_POINT('Ctrl Pts',(-0.620257460000624,13.4074799821405,-5.07840796566083));
#4481=CARTESIAN_POINT('Ctrl Pts',(-0.612776935564753,13.4074799821352,-5.07361008890129));
#4482=CARTESIAN_POINT('Ctrl Pts',(-0.607812314946638,13.4074799821332,-5.07022719786729));
#4483=CARTESIAN_POINT('Ctrl Pts',(-0.605057012496867,13.4074799821328,-5.06828898363196));
#4484=CARTESIAN_POINT('Ctrl Pts',(-0.603369700716766,13.4074799821323,-5.06707582690994));
#4485=CARTESIAN_POINT('Ctrl Pts',(-0.602041200496227,13.4074799821322,-5.06610450639949));
#4486=CARTESIAN_POINT('Ctrl Pts',(-0.60105559537633,13.4074799821321,-5.06537567671867));
#4487=CARTESIAN_POINT('Ctrl Pts',(-0.600243323738929,13.407479982132,-5.06476809136164));
#4488=CARTESIAN_POINT('Ctrl Pts',(-0.599599005260724,13.407479982132,-5.06428192271332));
#4489=CARTESIAN_POINT('Ctrl Pts',(-0.598638050892505,13.407479982132,-5.06355258606866));
#4490=CARTESIAN_POINT('Ctrl Pts',(-0.597690900581323,13.4074799821315,-5.06282305776142));
#4491=CARTESIAN_POINT('Ctrl Pts',(-0.596757919149645,13.4074799821314,-5.06209355644914));
#4492=CARTESIAN_POINT('Ctrl Pts',(-0.596139696482475,13.4074799821314,-5.06160723333078));
#4493=CARTESIAN_POINT('Ctrl Pts',(-0.595067804607086,13.4074799821313,-5.06075623858628));
#4494=CARTESIAN_POINT('Ctrl Pts',(-0.593564943263749,13.4074799821306,-5.05954086015351));
#4495=CARTESIAN_POINT('Ctrl Pts',(-0.591223122704824,13.4074799821304,-5.05759793453473));
#4496=CARTESIAN_POINT('Ctrl Pts',(-0.580537558462923,13.4074799821186,-5.04838444149284));
#4497=CARTESIAN_POINT('Ctrl Pts',(-0.566459308430157,13.4074799819541,-5.0322330979676));
#4498=CARTESIAN_POINT('Ctrl Pts',(-0.555168134688989,13.4074799819397,-5.00524913713633));
#4499=CARTESIAN_POINT('Ctrl Pts',(-0.557214134549464,13.4074799815678,-4.98583994799933));
#4500=CARTESIAN_POINT('Ctrl Pts',(-0.565413511893024,13.4074799815151,-4.96939372889584));
#4501=CARTESIAN_POINT('Ctrl Pts',(-0.565798737762515,13.4074799815161,-4.96864306599279));
#4502=CARTESIAN_POINT('Ctrl Pts',(-0.566193904803619,13.4074799815154,-4.96788817840096));
#4503=CARTESIAN_POINT('Ctrl Pts',(-0.566498790532927,13.4074799815154,-4.96731925303538));
#4504=CARTESIAN_POINT('Ctrl Pts',(-0.566705397915769,13.4074799815154,-4.96693872888705));
#4505=CARTESIAN_POINT('Ctrl Pts',(-0.566809402774676,13.4074799815154,-4.96674823120423));
#4506=CARTESIAN_POINT('Ctrl Pts',(-0.566914092119307,13.4074799815153,-4.96655749062635));
#4507=CARTESIAN_POINT('Ctrl Pts',(-0.567054604049299,13.4074799815153,-4.96630285101906));
#4508=CARTESIAN_POINT('Ctrl Pts',(-0.567178759922672,13.4074799815152,-4.96607961925063));
#4509=CARTESIAN_POINT('Ctrl Pts',(-0.567286052399705,13.4074799815152,-4.96588797949209));
#4510=CARTESIAN_POINT('Ctrl Pts',(-0.567339872628538,13.4074799815152,-4.96579209968805));
#4511=CARTESIAN_POINT('Ctrl Pts',(-0.56738486783882,13.4074799815152,-4.96571214988967));
#4512=CARTESIAN_POINT('Ctrl Pts',(-0.567420951580943,13.4074799815152,-4.96564816028987));
#4513=CARTESIAN_POINT('Ctrl Pts',(-0.567728152106656,13.4074799815153,-4.96510407681455));
#4514=CARTESIAN_POINT('Ctrl Pts',(-0.568627816962329,13.4074799815162,-4.96354385169488));
#4515=CARTESIAN_POINT('Ctrl Pts',(-0.569905518391806,13.4074799815201,-4.96145461578876));
#4516=CARTESIAN_POINT('Ctrl Pts',(-0.571104758698108,13.407479981521,-4.95960096201649));
#4517=CARTESIAN_POINT('Ctrl Pts',(-0.571813425914017,13.4074799815213,-4.95853459679364));
#4518=CARTESIAN_POINT('Ctrl Pts',(-0.573624128870319,13.4074799815223,-4.95585696607202));
#4519=CARTESIAN_POINT('Ctrl Pts',(-0.576207414805627,13.4074799815359,-4.95230788365779));
#4520=CARTESIAN_POINT('Ctrl Pts',(-0.579767921502368,13.4074799815387,-4.94784537566136));
#4521=CARTESIAN_POINT('Ctrl Pts',(-0.583579592123245,13.4074799815419,-4.94332648139959));
#4522=CARTESIAN_POINT('Ctrl Pts',(-0.587240034420113,13.4074799815542,-4.93930725627822));
#4523=CARTESIAN_POINT('Ctrl Pts',(-0.590599367481519,13.4074799815552,-4.93582952844103));
#4524=CARTESIAN_POINT('Ctrl Pts',(-0.592896815590049,13.4074799815559,-4.93350316895164));
#4525=CARTESIAN_POINT('Ctrl Pts',(-0.597066685217508,13.4074799815582,-4.92941361885962));
#4526=CARTESIAN_POINT('Ctrl Pts',(-0.601523184020435,13.4074799815683,-4.92529618423754));
#4527=CARTESIAN_POINT('Ctrl Pts',(-0.605529827125293,13.4074799815692,-4.92175862862466));
#4528=CARTESIAN_POINT('Ctrl Pts',(-0.608249276757277,13.4074799815699,-4.91939860673039));
#4529=CARTESIAN_POINT('Ctrl Pts',(-0.613131838785097,13.4074799815727,-4.91526589340363));
#4530=CARTESIAN_POINT('Ctrl Pts',(-0.620440257539297,13.4074799815796,-4.90936325895722));
#4531=CARTESIAN_POINT('Ctrl Pts',(-0.628142607838866,13.4074799815878,-4.9034810118181));
#4532=CARTESIAN_POINT('Ctrl Pts',(-0.637698167334785,13.4074799815891,-4.89645240881418));
#4533=CARTESIAN_POINT('Ctrl Pts',(-0.650959509381355,13.4074799816023,-4.88714168875665));
#4534=CARTESIAN_POINT('Ctrl Pts',(-0.670215724028665,13.4074799816306,-4.87452513073951));
#4535=CARTESIAN_POINT('Ctrl Pts',(-0.699530539769392,13.407479981646,-4.85651191927144));
#4536=CARTESIAN_POINT('Ctrl Pts',(-0.726465923601787,13.4074799817314,-4.84119064459062));
#4537=CARTESIAN_POINT('Ctrl Pts',(-0.75010033003948,13.4074799817386,-4.82832622262174));
#4538=CARTESIAN_POINT('Ctrl Pts',(-0.765991466716325,13.4074799817427,-4.81981590628121));
#4539=CARTESIAN_POINT('Ctrl Pts',(-0.780049908021451,13.4074799817585,-4.81245036183555));
#4540=CARTESIAN_POINT('Ctrl Pts',(-0.792190956556776,13.4074799817598,-4.80618668536559));
#4541=CARTESIAN_POINT('Ctrl Pts',(-0.800307941865648,13.4074799817609,-4.80202352270958));
#4542=CARTESIAN_POINT('Ctrl Pts',(-0.814570564444304,13.4074799817643,-4.79476970601365));
#4543=CARTESIAN_POINT('Ctrl Pts',(-0.843305822089985,13.40747998177,-4.78037709444365));
#4544=CARTESIAN_POINT('Ctrl Pts',(-0.901503661549451,13.4074799818179,-4.75196585196248));
#4545=CARTESIAN_POINT('Ctrl Pts',(-0.986173553036349,13.4074799818661,-4.71201589299561));
#4546=CARTESIAN_POINT('Ctrl Pts',(-1.12333014634012,13.4074799819366,-4.64846806490535));
#4547=CARTESIAN_POINT('Ctrl Pts',(-1.29606634553652,13.4074799821227,-4.56843258098401));
#4548=CARTESIAN_POINT('Ctrl Pts',(-1.50232185973803,13.4074799822243,-4.46891377425737));
#4549=CARTESIAN_POINT('Ctrl Pts',(-1.70619945312529,13.4074799823181,-4.36408318925882));
#4550=CARTESIAN_POINT('Ctrl Pts',(-1.90691605476272,13.4074799823733,-4.25214747156371));
#4551=CARTESIAN_POINT('Ctrl Pts',(-2.10363258025434,13.4074799824161,-4.13131702645257));
#4552=CARTESIAN_POINT('Ctrl Pts',(-2.29499873107502,13.4074799824447,-3.99979584809141));
#4553=CARTESIAN_POINT('Ctrl Pts',(-2.47895746345154,13.4074799824645,-3.85585107865065));
#4554=CARTESIAN_POINT('Ctrl Pts',(-2.65279534105751,13.4074799824812,-3.69780417203704));
#4555=CARTESIAN_POINT('Ctrl Pts',(-2.81318449276635,13.4074799824871,-3.52412442521798));
#4556=CARTESIAN_POINT('Ctrl Pts',(-2.95608011901494,13.4074799824935,-3.33400133880555));
#4557=CARTESIAN_POINT('Ctrl Pts',(-3.077064241279,13.4074799824982,-3.12782366312438));
#4558=CARTESIAN_POINT('Ctrl Pts',(-3.1720602356499,13.4074799825013,-2.90760959853852));
#4559=CARTESIAN_POINT('Ctrl Pts',(-3.23833031721139,13.4074799825035,-2.67695761824643));
#4560=CARTESIAN_POINT('Ctrl Pts',(-3.27521993195568,13.407479982505,-2.44046662313932));
#4561=CARTESIAN_POINT('Ctrl Pts',(-3.28420979089549,13.4074799825061,-2.20242693956203));
#4562=CARTESIAN_POINT('Ctrl Pts',(-3.26808555678987,13.4074799825068,-1.96599712394214));
#4563=CARTESIAN_POINT('Ctrl Pts',(-3.2300521623349,13.4074799825074,-1.73331645735914));
#4564=CARTESIAN_POINT('Ctrl Pts',(-3.17319740448476,13.4074799825077,-1.50567483877587));
#4565=CARTESIAN_POINT('Ctrl Pts',(-3.10018255848144,13.407479982508,-1.28368516784404));
#4566=CARTESIAN_POINT('Ctrl Pts',(-3.01316799372865,13.4074799825082,-1.0676071892248));
#4567=CARTESIAN_POINT('Ctrl Pts',(-2.91381799087434,13.4074799825083,-0.857520159919608));
#4568=CARTESIAN_POINT('Ctrl Pts',(-2.80333300115216,13.4074799825084,-0.653456470872885));
#4569=CARTESIAN_POINT('Ctrl Pts',(-2.68250058292901,13.4074799825085,-0.455531911457364));
#4570=CARTESIAN_POINT('Ctrl Pts',(-2.57356316353374,13.4074799825085,-0.295961914490243));
#4571=CARTESIAN_POINT('Ctrl Pts',(-2.48152585415866,13.4074799825085,-0.17176008749659));
#4572=CARTESIAN_POINT('Ctrl Pts',(-2.38619874540628,13.4074799825085,-0.0499753520838008));
#4573=CARTESIAN_POINT('Ctrl Pts',(-2.26080206213882,13.4074799825085,0.0974891231466087));
#4574=CARTESIAN_POINT('Ctrl Pts',(-2.12672115265956,13.4074799825085,0.237724904043064));
#4575=CARTESIAN_POINT('Ctrl Pts',(-2.01393889961377,13.4074799825085,0.344813154303813));
#4576=CARTESIAN_POINT('Ctrl Pts',(-1.89736749492565,13.4074799825085,0.448172371401363));
#4577=CARTESIAN_POINT('Ctrl Pts',(-1.74435068102497,13.4074799825085,0.569722723416908));
#4578=CARTESIAN_POINT('Ctrl Pts',(-1.54847680135761,13.4074799825085,0.700755818957355));
#4579=CARTESIAN_POINT('Ctrl Pts',(-1.34032961816872,13.4074799825085,0.813727649447788));
#4580=CARTESIAN_POINT('Ctrl Pts',(-1.15740205000924,13.4074799825085,0.889884162406973));
#4581=CARTESIAN_POINT('Ctrl Pts',(-1.00636689741184,13.4074799825085,0.938473254792874));
#4582=CARTESIAN_POINT('Ctrl Pts',(-0.852713527979285,13.4074799825085,0.978500663482597));
#4583=CARTESIAN_POINT('Ctrl Pts',(-0.656774694908595,13.4074799825085,1.01193167293666));
#4584=CARTESIAN_POINT('Ctrl Pts',(-0.458828123892443,13.4074799825085,1.02324441299743));
#4585=CARTESIAN_POINT('Ctrl Pts',(-0.300949320098026,13.4074799825085,1.02002382066028));
#4586=CARTESIAN_POINT('Ctrl Pts',(-0.143810013663782,13.4074799825085,1.0091198087733));
#4587=CARTESIAN_POINT('Ctrl Pts',(0.050577000233909,13.4074799825085,0.982059023413126));
#4588=CARTESIAN_POINT('Ctrl Pts',(0.279389209868903,13.4074799825085,0.931233711480857));
#4589=CARTESIAN_POINT('Ctrl Pts',(0.503198780688154,13.4074799825085,0.864658264812114));
#4590=CARTESIAN_POINT('Ctrl Pts',(0.72170585549341,13.4074799825085,0.784038096612867));
#4591=CARTESIAN_POINT('Ctrl Pts',(0.935222888242558,13.4074799825086,0.689689147723671));
#4592=CARTESIAN_POINT('Ctrl Pts',(1.14289522179419,13.4074799825085,0.579499798333429));
#4593=CARTESIAN_POINT('Ctrl Pts',(1.34235506328612,13.4074799825085,0.446887103526225));
#4594=CARTESIAN_POINT('Ctrl Pts',(1.52256717033886,13.4074799825085,0.281670269051747));
#4595=CARTESIAN_POINT('Ctrl Pts',(1.67243564800233,13.4074799825085,0.095568332057923));
#4596=CARTESIAN_POINT('Ctrl Pts',(1.75890026314927,13.4074799825085,-0.0342407120519523));
#4597=CARTESIAN_POINT('Ctrl Pts',(1.82826661404749,13.4074799825085,-0.145226407479742));
#4598=CARTESIAN_POINT('Ctrl Pts',(1.85653319084207,13.4074799825085,-0.190452740453678));
#4599=CARTESIAN_POINT('Ctrl Pts',(1.88479976763665,13.4074799825085,-0.235679073427615));
#4600=CARTESIAN_POINT('Ctrl Pts',(1.80012620853802,13.4224361106773,-9.89831276591264));
#4601=CARTESIAN_POINT('Ctrl Pts',(1.78130603056868,13.4224361106773,-9.89690993460875));
#4602=CARTESIAN_POINT('Ctrl Pts',(1.7441713566162,13.4224361106773,-9.89425946469314));
#4603=CARTESIAN_POINT('Ctrl Pts',(1.6695874647966,13.4224361106773,-9.8894324183326));
#4604=CARTESIAN_POINT('Ctrl Pts',(1.5393089535526,13.4224361106773,-9.88239266065224));
#4605=CARTESIAN_POINT('Ctrl Pts',(1.35363905513241,13.4224361106773,-9.87681009697201));
#4606=CARTESIAN_POINT('Ctrl Pts',(1.13190456244843,13.4224361106773,-9.87942886274592));
#4607=CARTESIAN_POINT('Ctrl Pts',(0.912216831473639,13.4224361106773,-9.89469154560968));
#4608=CARTESIAN_POINT('Ctrl Pts',(0.697557940699941,13.4224361106773,-9.92764289350657));
#4609=CARTESIAN_POINT('Ctrl Pts',(0.493486422082966,13.4224361106773,-9.98572264091705));
#4610=CARTESIAN_POINT('Ctrl Pts',(0.310923668072899,13.4224361106773,-10.0787587365398));
#4611=CARTESIAN_POINT('Ctrl Pts',(0.164996171727108,13.4224361106773,-10.2138551914538));
#4612=CARTESIAN_POINT('Ctrl Pts',(0.0616036631559525,13.4224361106773,-10.3887610754057));
#4613=CARTESIAN_POINT('Ctrl Pts',(-0.012332493889378,13.4224361106773,-10.5920377993284));
#4614=CARTESIAN_POINT('Ctrl Pts',(-0.0813098390455049,13.4224361106773,
-10.8103530480705));
#4615=CARTESIAN_POINT('Ctrl Pts',(-0.172501753448156,13.4224361106773,-11.0333379084983));
#4616=CARTESIAN_POINT('Ctrl Pts',(-0.309385548827534,13.4224361106773,-11.2435418466257));
#4617=CARTESIAN_POINT('Ctrl Pts',(-0.492896935995653,13.4224361106773,-11.4154263026503));
#4618=CARTESIAN_POINT('Ctrl Pts',(-0.70298713853435,13.4224361106773,-11.5423244468268));
#4619=CARTESIAN_POINT('Ctrl Pts',(-0.925531905711829,13.4224361106773,-11.6333111967854));
#4620=CARTESIAN_POINT('Ctrl Pts',(-1.15409798562414,13.4224361106773,-11.6967492020179));
#4621=CARTESIAN_POINT('Ctrl Pts',(-1.38590019955119,13.4224361106773,-11.7380273166467));
#4622=CARTESIAN_POINT('Ctrl Pts',(-1.61935262958033,13.4224361106773,-11.7599500570489));
#4623=CARTESIAN_POINT('Ctrl Pts',(-1.85364042123334,13.4224361106773,-11.7637546496708));
#4624=CARTESIAN_POINT('Ctrl Pts',(-2.08786488990415,13.4224361106773,-11.7494236601424));
#4625=CARTESIAN_POINT('Ctrl Pts',(-2.3207101208116,13.4224361106774,-11.7160295166144));
#4626=CARTESIAN_POINT('Ctrl Pts',(-2.55057840747718,13.4224361106774,-11.6618096638524));
#4627=CARTESIAN_POINT('Ctrl Pts',(-2.77512944598961,13.4224361106774,-11.5843988724851));
#4628=CARTESIAN_POINT('Ctrl Pts',(-2.99084333374897,13.4224361106773,-11.4812530588252));
#4629=CARTESIAN_POINT('Ctrl Pts',(-3.19278477527421,13.4224361106774,-11.3506097611543));
#4630=CARTESIAN_POINT('Ctrl Pts',(-3.37522979291357,13.4224361106773,-11.1923170832458));
#4631=CARTESIAN_POINT('Ctrl Pts',(-3.53277237086624,13.4224361106774,-11.0088805311637));
#4632=CARTESIAN_POINT('Ctrl Pts',(-3.66197000647137,13.4224361106773,-10.8054365625954));
#4633=CARTESIAN_POINT('Ctrl Pts',(-3.76267820474506,13.4224361106773,-10.5884310745087));
#4634=CARTESIAN_POINT('Ctrl Pts',(-3.83753528679564,13.4224361106773,-10.3633903294768));
#4635=CARTESIAN_POINT('Ctrl Pts',(-3.89043184621734,13.4224361106773,-10.1341240346928));
#4636=CARTESIAN_POINT('Ctrl Pts',(-3.92524370679113,13.4224361106773,-9.90306067977328));
#4637=CARTESIAN_POINT('Ctrl Pts',(-3.9453848617852,13.4224361106773,-9.6715916668815));
#4638=CARTESIAN_POINT('Ctrl Pts',(-3.95366568504967,13.4224361106773,-9.44044963992144));
#4639=CARTESIAN_POINT('Ctrl Pts',(-3.95230212732262,13.4224361106773,-9.2100407972412));
#4640=CARTESIAN_POINT('Ctrl Pts',(-3.94300913964303,13.4224361106773,-8.98053403377019));
#4641=CARTESIAN_POINT('Ctrl Pts',(-3.92700653759219,13.4224361106772,-8.75192082380829));
#4642=CARTESIAN_POINT('Ctrl Pts',(-3.90505736357953,13.4224361106772,-8.52407873669264));
#4643=CARTESIAN_POINT('Ctrl Pts',(-3.87743047217494,13.4224361106771,-8.29686708908099));
#4644=CARTESIAN_POINT('Ctrl Pts',(-3.84398150540172,13.422436110677,-8.07020430591798));
#4645=CARTESIAN_POINT('Ctrl Pts',(-3.80415270638539,13.4224361106769,-7.8441224777727));
#4646=CARTESIAN_POINT('Ctrl Pts',(-3.75697403894923,13.4224361106766,-7.61883939104254));
#4647=CARTESIAN_POINT('Ctrl Pts',(-3.70101998677479,13.4224361106763,-7.39481530135283));
#4648=CARTESIAN_POINT('Ctrl Pts',(-3.63432991728587,13.4224361106759,-7.17274563841955));
#4649=CARTESIAN_POINT('Ctrl Pts',(-3.55437898909722,13.4224361106752,-6.95375573389665));
#4650=CARTESIAN_POINT('Ctrl Pts',(-3.45821636192849,13.4224361106744,-6.73970465156127));
#4651=CARTESIAN_POINT('Ctrl Pts',(-3.34287678335009,13.4224361106728,-6.53339659679916));
#4652=CARTESIAN_POINT('Ctrl Pts',(-3.20631714884715,13.4224361106715,-6.33874051730216));
#4653=CARTESIAN_POINT('Ctrl Pts',(-3.04862982531112,13.4224361106689,-6.16008224965572));
#4654=CARTESIAN_POINT('Ctrl Pts',(-2.87218325411423,13.4224361106666,-6.00055996025243));
#4655=CARTESIAN_POINT('Ctrl Pts',(-2.6809770099302,13.4224361106601,-5.86107509289449));
#4656=CARTESIAN_POINT('Ctrl Pts',(-2.47923686695955,13.4224361106516,-5.74047472387087));
#4657=CARTESIAN_POINT('Ctrl Pts',(-2.27027072725614,13.4224361106391,-5.63624912205185));
#4658=CARTESIAN_POINT('Ctrl Pts',(-2.05641248924676,13.422436110623,-5.54559067736911));
#4659=CARTESIAN_POINT('Ctrl Pts',(-1.83954223967491,13.4224361105962,-5.46589740992755));
#4660=CARTESIAN_POINT('Ctrl Pts',(-1.62141084252869,13.4224361105653,-5.39489225250444));
#4661=CARTESIAN_POINT('Ctrl Pts',(-1.40276693160664,13.422436110528,-5.33017062203679));
#4662=CARTESIAN_POINT('Ctrl Pts',(-1.22017329038406,13.4224361104681,-5.27935430070731));
#4663=CARTESIAN_POINT('Ctrl Pts',(-1.07442032353426,13.4224361104422,-5.23897833044068));
#4664=CARTESIAN_POINT('Ctrl Pts',(-0.983874855751101,13.4224361103986,-5.21339667341313));
#4665=CARTESIAN_POINT('Ctrl Pts',(-0.912205177141018,13.4224361103883,-5.19234298963802));
#4666=CARTESIAN_POINT('Ctrl Pts',(-0.859027479415485,13.4224361103752,-5.17611480944287));
#4667=CARTESIAN_POINT('Ctrl Pts',(-0.806666859306541,13.422436110368,-5.15927644178337));
#4668=CARTESIAN_POINT('Ctrl Pts',(-0.770426181631649,13.4224361103467,-5.14675038255967));
#4669=CARTESIAN_POINT('Ctrl Pts',(-0.74953133466414,13.4224361103445,-5.13911133245501));
#4670=CARTESIAN_POINT('Ctrl Pts',(-0.741213852948207,13.4224361103441,-5.1360304341006));
#4671=CARTESIAN_POINT('Ctrl Pts',(-0.730895872445967,13.4224361103422,-5.13212998199865));
#4672=CARTESIAN_POINT('Ctrl Pts',(-0.718656217895437,13.4224361103402,-5.12736446514806));
#4673=CARTESIAN_POINT('Ctrl Pts',(-0.706576404172112,13.4224361103383,-5.12250771769092));
#4674=CARTESIAN_POINT('Ctrl Pts',(-0.698148498822239,13.422436110336,-5.11899858562213));
#4675=CARTESIAN_POINT('Ctrl Pts',(-0.693239732325615,13.4224361103358,-5.11691030552793));
#4676=CARTESIAN_POINT('Ctrl Pts',(-0.691770418164801,13.4224361103357,-5.11628220399296));
#4677=CARTESIAN_POINT('Ctrl Pts',(-0.690304482539473,13.4224361103357,-5.11565248548488));
#4678=CARTESIAN_POINT('Ctrl Pts',(-0.687379422636358,13.4224361103355,-5.11438973833359));
#4679=CARTESIAN_POINT('Ctrl Pts',(-0.677203112730762,13.4224361103347,-5.10994149987137));
#4680=CARTESIAN_POINT('Ctrl Pts',(-0.665869009117273,13.4224361103196,-5.104722155064));
#4681=CARTESIAN_POINT('Ctrl Pts',(-0.655844853569623,13.4224361103186,-5.09980839506471));
#4682=CARTESIAN_POINT('Ctrl Pts',(-0.652242825592215,13.4224361103182,-5.09800758078373));
#4683=CARTESIAN_POINT('Ctrl Pts',(-0.648670468176541,13.4224361103179,-5.09619740586097));
#4684=CARTESIAN_POINT('Ctrl Pts',(-0.644262718715567,13.4224361103169,-5.09391727006678));
#4685=CARTESIAN_POINT('Ctrl Pts',(-0.639937557686787,13.4224361103158,-5.09161427189547));
#4686=CARTESIAN_POINT('Ctrl Pts',(-0.636530625947791,13.4224361103154,-5.08975854424605));
#4687=CARTESIAN_POINT('Ctrl Pts',(-0.634424199607051,13.4224361103151,-5.08859324454784));
#4688=CARTESIAN_POINT('Ctrl Pts',(-0.632753294349027,13.422436110315,-5.08765779956669));
#4689=CARTESIAN_POINT('Ctrl Pts',(-0.631092031897315,13.422436110315,-5.08672023504764));
#4690=CARTESIAN_POINT('Ctrl Pts',(-0.626563939557678,13.4224361103141,-5.0841333113534));
#4691=CARTESIAN_POINT('Ctrl Pts',(-0.619381718544959,13.4224361103087,-5.07985412781939));
#4692=CARTESIAN_POINT('Ctrl Pts',(-0.611859709229382,13.4224361103035,-5.07502970432421));
#4693=CARTESIAN_POINT('Ctrl Pts',(-0.606863581818351,13.4224361103015,-5.07162534527006));
#4694=CARTESIAN_POINT('Ctrl Pts',(-0.604089553221974,13.422436110301,-5.0696739607216));
#4695=CARTESIAN_POINT('Ctrl Pts',(-0.602390254390654,13.4224361103006,-5.06845218245804));
#4696=CARTESIAN_POINT('Ctrl Pts',(-0.601051985267265,13.4224361103005,-5.06747371829287));
#4697=CARTESIAN_POINT('Ctrl Pts',(-0.600058962501281,13.4224361103003,-5.06673940574209));
#4698=CARTESIAN_POINT('Ctrl Pts',(-0.599240451279608,13.4224361103002,-5.06612714523349));
#4699=CARTESIAN_POINT('Ctrl Pts',(-0.598591075437467,13.4224361103002,-5.06563717142445));
#4700=CARTESIAN_POINT('Ctrl Pts',(-0.597622548742869,13.4224361103002,-5.06490205839931));
#4701=CARTESIAN_POINT('Ctrl Pts',(-0.596667626150785,13.4224361102997,-5.06416659997906));
#4702=CARTESIAN_POINT('Ctrl Pts',(-0.595726903533404,13.4224361102997,-5.06343098164602));
#4703=CARTESIAN_POINT('Ctrl Pts',(-0.595103334096263,13.4224361102996,-5.06294054178441));
#4704=CARTESIAN_POINT('Ctrl Pts',(-0.594022460586515,13.4224361102995,-5.06208219964191));
#4705=CARTESIAN_POINT('Ctrl Pts',(-0.592505737873071,13.4224361102988,-5.06085601041693));
#4706=CARTESIAN_POINT('Ctrl Pts',(-0.590142854662691,13.4224361102986,-5.05889492779232));
#4707=CARTESIAN_POINT('Ctrl Pts',(-0.579347256716894,13.4224361102868,-5.04958927087471));
#4708=CARTESIAN_POINT('Ctrl Pts',(-0.565065484795788,13.422436110122,-5.03321049685803));
#4709=CARTESIAN_POINT('Ctrl Pts',(-0.55340195887674,13.4224361101076,-5.00549593213359));
#4710=CARTESIAN_POINT('Ctrl Pts',(-0.555624634366078,13.4224361097351,-4.98542084287894));
#4711=CARTESIAN_POINT('Ctrl Pts',(-0.563886257177754,13.4224361096824,-4.96862100804719));
#4712=CARTESIAN_POINT('Ctrl Pts',(-0.564283433825045,13.4224361096834,-4.96785853263898));
#4713=CARTESIAN_POINT('Ctrl Pts',(-0.564682516344933,13.4224361096827,-4.96708838813095));
#4714=CARTESIAN_POINT('Ctrl Pts',(-0.564994986665286,13.4224361096827,-4.96651023420348));
#4715=CARTESIAN_POINT('Ctrl Pts',(-0.565204235228369,13.4224361096826,-4.96612252464494));
#4716=CARTESIAN_POINT('Ctrl Pts',(-0.565310478899665,13.4224361096826,-4.96592885827048));
#4717=CARTESIAN_POINT('Ctrl Pts',(-0.565416773682391,13.4224361096826,-4.96573467461742));
#4718=CARTESIAN_POINT('Ctrl Pts',(-0.565559885039595,13.4224361096826,-4.96547566518136));
#4719=CARTESIAN_POINT('Ctrl Pts',(-0.565686074836028,13.4224361096825,-4.96524852052346));
#4720=CARTESIAN_POINT('Ctrl Pts',(-0.565795268613455,13.4224361096825,-4.96505361154369));
#4721=CARTESIAN_POINT('Ctrl Pts',(-0.565849988894983,13.4224361096825,-4.96495607716918));
#4722=CARTESIAN_POINT('Ctrl Pts',(-0.565895766499269,13.4224361096825,-4.9648747652123));
#4723=CARTESIAN_POINT('Ctrl Pts',(-0.565932462064249,13.4224361096825,-4.96480968124289));
#4724=CARTESIAN_POINT('Ctrl Pts',(-0.566244905073183,13.4224361096826,-4.96425631859757));
#4725=CARTESIAN_POINT('Ctrl Pts',(-0.567159616497001,13.4224361096835,-4.96267003891));
#4726=CARTESIAN_POINT('Ctrl Pts',(-0.568457489489132,13.4224361096874,-4.96054800222766));
#4727=CARTESIAN_POINT('Ctrl Pts',(-0.569674440035986,13.4224361096883,-4.95866701067901));
#4728=CARTESIAN_POINT('Ctrl Pts',(-0.570393244295086,13.4224361096886,-4.95758540455114));
#4729=CARTESIAN_POINT('Ctrl Pts',(-0.572229272043274,13.4224361096896,-4.95487035011305));
#4730=CARTESIAN_POINT('Ctrl Pts',(-0.574845652791488,13.4224361097032,-4.95127644580502));
#4731=CARTESIAN_POINT('Ctrl Pts',(-0.578445677062574,13.422436109706,-4.94676454715433));
#4732=CARTESIAN_POINT('Ctrl Pts',(-0.582295984901665,13.4224361097092,-4.94219998468805));
#4733=CARTESIAN_POINT('Ctrl Pts',(-0.585988936308652,13.4224361097215,-4.93814551465594));
#4734=CARTESIAN_POINT('Ctrl Pts',(-0.58937473142696,13.4224361097225,-4.9346404290442));
#4735=CARTESIAN_POINT('Ctrl Pts',(-0.59168946453462,13.4224361097233,-4.93229658685913));
#4736=CARTESIAN_POINT('Ctrl Pts',(-0.595888669191193,13.4224361097255,-4.92817834599158));
#4737=CARTESIAN_POINT('Ctrl Pts',(-0.60037266925273,13.4224361097356,-4.92403579577415));
#4738=CARTESIAN_POINT('Ctrl Pts',(-0.604401385421092,13.4224361097365,-4.9204787816302));
#4739=CARTESIAN_POINT('Ctrl Pts',(-0.607135174118228,13.4224361097373,-4.91810633083704));
#4740=CARTESIAN_POINT('Ctrl Pts',(-0.61204190062626,13.42243610974,-4.91395323458594));
#4741=CARTESIAN_POINT('Ctrl Pts',(-0.619382193485365,13.422436109747,-4.90802505467899));
#4742=CARTESIAN_POINT('Ctrl Pts',(-0.627113128261733,13.4224361097552,-4.90212117406087));
#4743=CARTESIAN_POINT('Ctrl Pts',(-0.636700128119061,13.4224361097565,-4.89506948004016));
#4744=CARTESIAN_POINT('Ctrl Pts',(-0.649999013641453,13.4224361097697,-4.88573275453661));
#4745=CARTESIAN_POINT('Ctrl Pts',(-0.669297720897942,13.4224361097981,-4.87308896103324));
#4746=CARTESIAN_POINT('Ctrl Pts',(-0.69866197203445,13.4224361098135,-4.85504574742222));
#4747=CARTESIAN_POINT('Ctrl Pts',(-0.72562961432367,13.422436109899,-4.83970756019991));
#4748=CARTESIAN_POINT('Ctrl Pts',(-0.749285045223824,13.4224361099062,-4.82683192779115));
#4749=CARTESIAN_POINT('Ctrl Pts',(-0.765189099502127,13.4224361099103,-4.8183146888141));
#4750=CARTESIAN_POINT('Ctrl Pts',(-0.779257294409104,13.4224361099262,-4.81094433316349));
#4751=CARTESIAN_POINT('Ctrl Pts',(-0.791405782609483,13.4224361099275,-4.80467680828426));
#4752=CARTESIAN_POINT('Ctrl Pts',(-0.799527396687324,13.4224361099286,-4.80051130123185));
#4753=CARTESIAN_POINT('Ctrl Pts',(-0.813797800700383,13.4224361099319,-4.79325356370738));
#4754=CARTESIAN_POINT('Ctrl Pts',(-0.842546079733372,13.4224361099377,-4.7788545431992));
#4755=CARTESIAN_POINT('Ctrl Pts',(-0.900764552688551,13.4224361099856,-4.75043390984273));
#4756=CARTESIAN_POINT('Ctrl Pts',(-0.985449367453041,13.422436110034,-4.71047763885238));
#4757=CARTESIAN_POINT('Ctrl Pts',(-1.12261351237795,13.4224361101045,-4.64692729066839));
#4758=CARTESIAN_POINT('Ctrl Pts',(-1.29534018783778,13.422436110291,-4.5668987856758));
#4759=CARTESIAN_POINT('Ctrl Pts',(-1.5015653370717,13.4224361103926,-4.46739597479539));
#4760=CARTESIAN_POINT('Ctrl Pts',(-1.70539951058505,13.4224361104866,-4.36258898369106));
#4761=CARTESIAN_POINT('Ctrl Pts',(-1.90606085496747,13.4224361105419,-4.25068477853629));
#4762=CARTESIAN_POINT('Ctrl Pts',(-2.10271079106261,13.4224361105848,-4.12989572655116));
#4763=CARTESIAN_POINT('Ctrl Pts',(-2.29399862456057,13.4224361106134,-3.99842857100967));
#4764=CARTESIAN_POINT('Ctrl Pts',(-2.47786728332627,13.4224361106332,-3.85455423059871));
#4765=CARTESIAN_POINT('Ctrl Pts',(-2.65160433884074,13.42243611065,-3.69659873098274));
#4766=CARTESIAN_POINT('Ctrl Pts',(-2.81188479162981,13.4224361106558,-3.52303601422872));
#4767=CARTESIAN_POINT('Ctrl Pts',(-2.95467029591211,13.4224361106623,-3.33305868002302));
#4768=CARTESIAN_POINT('Ctrl Pts',(-3.07555171247279,13.4224361106669,-3.12705523723802));
#4769=CARTESIAN_POINT('Ctrl Pts',(-3.17046265970918,13.4224361106701,-2.90703791201289));
#4770=CARTESIAN_POINT('Ctrl Pts',(-3.2366733291947,13.4224361106723,-2.67659333763324));
#4771=CARTESIAN_POINT('Ctrl Pts',(-3.27353157275408,13.4224361106738,-2.44030627006293));
#4772=CARTESIAN_POINT('Ctrl Pts',(-3.282514822434,13.4224361106749,-2.20245579969467));
#4773=CARTESIAN_POINT('Ctrl Pts',(-3.26640260229631,13.4224361106756,-1.96619476879184));
#4774=CARTESIAN_POINT('Ctrl Pts',(-3.22839369572885,13.4224361106762,-1.73366136691066));
#4775=CARTESIAN_POINT('Ctrl Pts',(-3.17157108428423,13.4224361106765,-1.50614717400509));
#4776=CARTESIAN_POINT('Ctrl Pts',(-3.09859282840757,13.4224361106768,-1.28426802853658));
#4777=CARTESIAN_POINT('Ctrl Pts',(-3.01161742840546,13.422436110677,-1.06828688399666));
#4778=CARTESIAN_POINT('Ctrl Pts',(-2.91230834811858,13.4224361106771,-0.858286152919657));
#4779=CARTESIAN_POINT('Ctrl Pts',(-2.80186604471776,13.4224361106772,-0.654301183226595));
#4780=CARTESIAN_POINT('Ctrl Pts',(-2.68107872870367,13.4224361106773,-0.456450469042473));
#4781=CARTESIAN_POINT('Ctrl Pts',(-2.57218185877398,13.4224361106773,-0.296939871010714));
#4782=CARTESIAN_POINT('Ctrl Pts',(-2.48017957597043,13.4224361106773,-0.17278531978337));
#4783=CARTESIAN_POINT('Ctrl Pts',(-2.38488957369009,13.4224361106773,-0.0510480229499389));
#4784=CARTESIAN_POINT('Ctrl Pts',(-2.25954392447085,13.4224361106773,0.096356356438367));
#4785=CARTESIAN_POINT('Ctrl Pts',(-2.12552240979795,13.4224361106773,0.236529802067011));
#4786=CARTESIAN_POINT('Ctrl Pts',(-2.01279434318519,13.4224361106773,0.343566579838066));
#4787=CARTESIAN_POINT('Ctrl Pts',(-1.89628213678188,13.4224361106773,0.446873237902177));
#4788=CARTESIAN_POINT('Ctrl Pts',(-1.74334995264419,13.4224361106773,0.568356071621888));
#4789=CARTESIAN_POINT('Ctrl Pts',(-1.54759822538504,13.4224361106773,0.699306988714229));
#4790=CARTESIAN_POINT('Ctrl Pts',(-1.33959638809632,13.4224361106773,0.812199467611396));
#4791=CARTESIAN_POINT('Ctrl Pts',(-1.15680856485214,13.4224361106773,0.888297444879782));
#4792=CARTESIAN_POINT('Ctrl Pts',(-1.00589379259219,13.4224361106773,0.936847724364153));
#4793=CARTESIAN_POINT('Ctrl Pts',(-0.852364769073597,13.4224361106773,0.976842808804724));
#4794=CARTESIAN_POINT('Ctrl Pts',(-0.656584951224993,13.4224361106773,1.01024673718026));
#4795=CARTESIAN_POINT('Ctrl Pts',(-0.45879117890988,13.4224361106773,1.02155110229559));
#4796=CARTESIAN_POINT('Ctrl Pts',(-0.301025901842623,13.4224361106773,1.01833287085058));
#4797=CARTESIAN_POINT('Ctrl Pts',(-0.143993549415386,13.4224361106773,1.00743641224572));
#4798=CARTESIAN_POINT('Ctrl Pts',(0.0502736521117696,13.4224361106773,0.980392592862787));
#4799=CARTESIAN_POINT('Ctrl Pts',(0.278961631997177,13.4224361106773,0.929595289810624));
#4800=CARTESIAN_POINT('Ctrl Pts',(0.502663493200769,13.4224361106773,0.863052006303869));
#4801=CARTESIAN_POINT('Ctrl Pts',(0.721070016093497,13.4224361106773,0.782469130178232));
#4802=CARTESIAN_POINT('Ctrl Pts',(0.934486766388687,13.4224361106773,0.688164191936581));
#4803=CARTESIAN_POINT('Ctrl Pts',(1.14203880386729,13.4224361106773,0.578038162137951));
#4804=CARTESIAN_POINT('Ctrl Pts',(1.3413175329623,13.4224361106773,0.445540902008836));
#4805=CARTESIAN_POINT('Ctrl Pts',(1.52131763331883,13.4224361106773,0.280520606235518));
#4806=CARTESIAN_POINT('Ctrl Pts',(1.67106151731607,13.4224361106773,0.0945759919031142));
#4807=CARTESIAN_POINT('Ctrl Pts',(1.75748300634752,13.4224361106773,-0.0351621266423727));
#4808=CARTESIAN_POINT('Ctrl Pts',(1.82683178624088,13.4224361106773,-0.146123178624237));
#4809=CARTESIAN_POINT('Ctrl Pts',(1.85509836303547,13.4224361106773,-0.191349511598173));
#4810=CARTESIAN_POINT('Ctrl Pts',(1.88336493983005,13.4224361106773,-0.23657584457211));
#4811=CARTESIAN_POINT('Ctrl Pts',(1.80086379151315,13.4508664156409,-9.88841733877841));
#4812=CARTESIAN_POINT('Ctrl Pts',(1.78204370186048,13.4508664156409,-9.88701451397716));
#4813=CARTESIAN_POINT('Ctrl Pts',(1.74485396034252,13.4508664156409,-9.88436006773226));
#4814=CARTESIAN_POINT('Ctrl Pts',(1.67018535531371,13.4508664156409,-9.87952758482316));
#4815=CARTESIAN_POINT('Ctrl Pts',(1.53972734872852,13.4508664156409,-9.8724779139718));
#4816=CARTESIAN_POINT('Ctrl Pts',(1.35375936231593,13.4508664156409,-9.86688577273826));
#4817=CARTESIAN_POINT('Ctrl Pts',(1.13153968503356,13.4508664156409,-9.86950786125223));
#4818=CARTESIAN_POINT('Ctrl Pts',(0.911179332853632,13.4508664156409,-9.88481354158649));
#4819=CARTESIAN_POINT('Ctrl Pts',(0.695533296521301,13.4508664156409,-9.91790427021212));
#4820=CARTESIAN_POINT('Ctrl Pts',(0.489992403865021,13.4508664156409,-9.97637857655223));
#4821=CARTESIAN_POINT('Ctrl Pts',(0.305291445560076,13.4508664156409,-10.0704233352384));
#4822=CARTESIAN_POINT('Ctrl Pts',(0.157080017691419,13.4508664156409,-10.2076177833934));
#4823=CARTESIAN_POINT('Ctrl Pts',(0.0524694741531246,13.4508664156409,-10.3847491865417));
#4824=CARTESIAN_POINT('Ctrl Pts',(-0.0217928810684791,13.4508664156409,
-10.5890670536942));
#4825=CARTESIAN_POINT('Ctrl Pts',(-0.0907072718962623,13.4508664156409,
-10.8071446942222));
#4826=CARTESIAN_POINT('Ctrl Pts',(-0.181406937719671,13.4508664156409,-11.0288255644885));
#4827=CARTESIAN_POINT('Ctrl Pts',(-0.317071987084675,13.4508664156409,-11.2371070209282));
#4828=CARTESIAN_POINT('Ctrl Pts',(-0.498863728372935,13.4508664156409,-11.4074055445249));
#4829=CARTESIAN_POINT('Ctrl Pts',(-0.707396636249509,13.4508664156409,-11.5333933435748));
#4830=CARTESIAN_POINT('Ctrl Pts',(-0.928705401099484,13.4508664156409,-11.6238857797713));
#4831=CARTESIAN_POINT('Ctrl Pts',(-1.15627558420192,13.4508664156409,-11.6870536891167));
#4832=CARTESIAN_POINT('Ctrl Pts',(-1.38722383561499,13.4508664156409,-11.7281818083876));
#4833=CARTESIAN_POINT('Ctrl Pts',(-1.61989426001595,13.4508664156409,-11.7500322121093));
#4834=CARTESIAN_POINT('Ctrl Pts',(-1.85342065832795,13.4508664156409,-11.753824382433));
#4835=CARTESIAN_POINT('Ctrl Pts',(-2.08686495558952,13.4508664156409,-11.7395404144411));
#4836=CARTESIAN_POINT('Ctrl Pts',(-2.31887743631132,13.4508664156409,-11.7062640692311));
#4837=CARTESIAN_POINT('Ctrl Pts',(-2.54783322398647,13.4508664156409,-11.6522569213585));
#4838=CARTESIAN_POINT('Ctrl Pts',(-2.77137849182113,13.4508664156409,-11.5751891251415));
#4839=CARTESIAN_POINT('Ctrl Pts',(-2.98600317460453,13.4508664156409,-11.472559611064));
#4840=CARTESIAN_POINT('Ctrl Pts',(-3.18681621978425,13.4508664156409,-11.3426414882258));
#4841=CARTESIAN_POINT('Ctrl Pts',(-3.36817238475101,13.4508664156409,-11.1852906204446));
#4842=CARTESIAN_POINT('Ctrl Pts',(-3.52476452287802,13.4508664156409,-11.0029620896037));
#4843=CARTESIAN_POINT('Ctrl Pts',(-3.653225637369,13.4508664156409,-10.800685806433));
#4844=CARTESIAN_POINT('Ctrl Pts',(-3.75342446921406,13.4508664156409,-10.5847905806705));
#4845=CARTESIAN_POINT('Ctrl Pts',(-3.82796060783526,13.4508664156409,-10.360729593157));
#4846=CARTESIAN_POINT('Ctrl Pts',(-3.88066983161111,13.4508664156409,-10.1322908891449));
#4847=CARTESIAN_POINT('Ctrl Pts',(-3.91538122210032,13.4508664156409,-9.90191068676685));
#4848=CARTESIAN_POINT('Ctrl Pts',(-3.9354753894269,13.4508664156408,-9.67100019041681));
#4849=CARTESIAN_POINT('Ctrl Pts',(-3.9437408798118,13.4508664156408,-9.4403144362753));
#4850=CARTESIAN_POINT('Ctrl Pts',(-3.94238020609552,13.4508664156408,-9.21028084900291));
#4851=CARTESIAN_POINT('Ctrl Pts',(-3.93310032385744,13.4508664156408,-8.98108813663587));
#4852=CARTESIAN_POINT('Ctrl Pts',(-3.91711697490969,13.4508664156408,-8.7527467123853));
#4853=CARTESIAN_POINT('Ctrl Pts',(-3.8951919016812,13.4508664156407,-8.52515407810638));
#4854=CARTESIAN_POINT('Ctrl Pts',(-3.8675948638314,13.4508664156407,-8.29818819046999));
#4855=CARTESIAN_POINT('Ctrl Pts',(-3.83418400654506,13.4508664156406,-8.07178463123956));
#4856=CARTESIAN_POINT('Ctrl Pts',(-3.79440596593122,13.4508664156404,-7.8459926036117));
#4857=CARTESIAN_POINT('Ctrl Pts',(-3.74729764238361,13.4508664156402,-7.62104792839691));
#4858=CARTESIAN_POINT('Ctrl Pts',(-3.69144434820988,13.4508664156399,-7.39743082775509));
#4859=CARTESIAN_POINT('Ctrl Pts',(-3.62490202173204,13.4508664156394,-7.17585802833978));
#4860=CARTESIAN_POINT('Ctrl Pts',(-3.54517007070246,13.4508664156387,-6.95747419121059));
#4861=CARTESIAN_POINT('Ctrl Pts',(-3.44932951084142,13.4508664156379,-6.74414721930002));
#4862=CARTESIAN_POINT('Ctrl Pts',(-3.3344486365861,13.4508664156364,-6.53866645531469));
#4863=CARTESIAN_POINT('Ctrl Pts',(-3.19850220093519,13.450866415635,-6.34488877893956));
#4864=CARTESIAN_POINT('Ctrl Pts',(-3.04156047747675,13.4508664156324,-6.16707589127683));
#4865=CARTESIAN_POINT('Ctrl Pts',(-2.8659254792982,13.4508664156302,-6.00828434050351));
#4866=CARTESIAN_POINT('Ctrl Pts',(-2.67551404422688,13.4508664156236,-5.86937522017294));
#4867=CARTESIAN_POINT('Ctrl Pts',(-2.47449045672326,13.4508664156151,-5.74919953667651));
#4868=CARTESIAN_POINT('Ctrl Pts',(-2.26613637562304,13.4508664156026,-5.64527651903448));
#4869=CARTESIAN_POINT('Ctrl Pts',(-2.05278203102418,13.4508664155864,-5.55482984109809));
#4870=CARTESIAN_POINT('Ctrl Pts',(-1.83631255273214,13.4508664155597,-5.47528267703266));
#4871=CARTESIAN_POINT('Ctrl Pts',(-1.61848584003013,13.4508664155287,-5.40437600770504));
#4872=CARTESIAN_POINT('Ctrl Pts',(-1.40005060443204,13.4508664154914,-5.3397157078763));
#4873=CARTESIAN_POINT('Ctrl Pts',(-1.21754054912719,13.4508664154314,-5.28892277018327));
#4874=CARTESIAN_POINT('Ctrl Pts',(-1.07176516739566,13.4508664154055,-5.2485407741296));
#4875=CARTESIAN_POINT('Ctrl Pts',(-0.981151902248256,13.4508664153618,-5.22294038894089));
#4876=CARTESIAN_POINT('Ctrl Pts',(-0.909374064332664,13.4508664153516,-5.20185510133096));
#4877=CARTESIAN_POINT('Ctrl Pts',(-0.856078843865507,13.4508664153384,-5.18559126195563));
#4878=CARTESIAN_POINT('Ctrl Pts',(-0.80354994755403,13.4508664153312,-5.16869911000184));
#4879=CARTESIAN_POINT('Ctrl Pts',(-0.767138091323831,13.4508664153099,-5.15611447817429));
#4880=CARTESIAN_POINT('Ctrl Pts',(-0.746115338134833,13.4508664153077,-5.14842869392232));
#4881=CARTESIAN_POINT('Ctrl Pts',(-0.737744068622588,13.4508664153073,-5.1453278744049));
#4882=CARTESIAN_POINT('Ctrl Pts',(-0.727353768896875,13.4508664153054,-5.14140011127104));
#4883=CARTESIAN_POINT('Ctrl Pts',(-0.715018018174029,13.4508664153034,-5.13659721640088));
#4884=CARTESIAN_POINT('Ctrl Pts',(-0.702831564886097,13.4508664153015,-5.13169764015967));
#4885=CARTESIAN_POINT('Ctrl Pts',(-0.694319666066994,13.4508664152992,-5.12815357848459));
#4886=CARTESIAN_POINT('Ctrl Pts',(-0.689358255455598,13.450866415299,-5.12604290345125));
#4887=CARTESIAN_POINT('Ctrl Pts',(-0.687872930184424,13.4508664152989,-5.12540795773436));
#4888=CARTESIAN_POINT('Ctrl Pts',(-0.686390761711887,13.4508664152989,-5.12477126604031));
#4889=CARTESIAN_POINT('Ctrl Pts',(-0.683432792632843,13.4508664152987,-5.12349431343772));
#4890=CARTESIAN_POINT('Ctrl Pts',(-0.673137306338846,13.4508664152979,-5.11899398180771));
#4891=CARTESIAN_POINT('Ctrl Pts',(-0.661648061627238,13.4508664152828,-5.11370365579841));
#4892=CARTESIAN_POINT('Ctrl Pts',(-0.651458288441289,13.4508664152818,-5.10870876552577));
#4893=CARTESIAN_POINT('Ctrl Pts',(-0.647793349771702,13.4508664152814,-5.10687650088911));
#4894=CARTESIAN_POINT('Ctrl Pts',(-0.644156236672923,13.4508664152811,-5.10503351732542));
#4895=CARTESIAN_POINT('Ctrl Pts',(-0.639663999933993,13.45086641528,-5.10270969663142));
#4896=CARTESIAN_POINT('Ctrl Pts',(-0.63524931870871,13.4508664152789,-5.10035905712465));
#4897=CARTESIAN_POINT('Ctrl Pts',(-0.631767558605425,13.4508664152786,-5.09846257634388));
#4898=CARTESIAN_POINT('Ctrl Pts',(-0.629613000493219,13.4508664152783,-5.09727065273417));
#4899=CARTESIAN_POINT('Ctrl Pts',(-0.627902742842691,13.4508664152782,-5.09631317702345));
#4900=CARTESIAN_POINT('Ctrl Pts',(-0.626201558196082,13.4508664152781,-5.09535308265537));
#4901=CARTESIAN_POINT('Ctrl Pts',(-0.621561327487577,13.4508664152773,-5.09270209806642));
#4902=CARTESIAN_POINT('Ctrl Pts',(-0.614182464851802,13.4508664152719,-5.08830606540304));
#4903=CARTESIAN_POINT('Ctrl Pts',(-0.606416302083681,13.4508664152666,-5.08332554152411));
#4904=CARTESIAN_POINT('Ctrl Pts',(-0.601235047595723,13.4508664152646,-5.07979514640039));
#4905=CARTESIAN_POINT('Ctrl Pts',(-0.598351135780918,13.4508664152642,-5.07776647811579));
#4906=CARTESIAN_POINT('Ctrl Pts',(-0.596581465501924,13.4508664152637,-5.07649411240248));
#4907=CARTESIAN_POINT('Ctrl Pts',(-0.595185877580367,13.4508664152636,-5.07547374149383));
#4908=CARTESIAN_POINT('Ctrl Pts',(-0.594149360579199,13.4508664152635,-5.07470726701323));
#4909=CARTESIAN_POINT('Ctrl Pts',(-0.59329418527406,13.4508664152634,-5.07406758206613));
#4910=CARTESIAN_POINT('Ctrl Pts',(-0.592615226421255,13.4508664152634,-5.07355528645442));
#4911=CARTESIAN_POINT('Ctrl Pts',(-0.591602075165183,13.4508664152633,-5.07278630474673));
#4912=CARTESIAN_POINT('Ctrl Pts',(-0.59060192081548,13.4508664152628,-5.07201601084006));
#4913=CARTESIAN_POINT('Ctrl Pts',(-0.589615341851888,13.4508664152628,-5.07124453738807));
#4914=CARTESIAN_POINT('Ctrl Pts',(-0.58896104011636,13.4508664152628,-5.07072992192183));
#4915=CARTESIAN_POINT('Ctrl Pts',(-0.587825964527579,13.4508664152627,-5.06982854990613));
#4916=CARTESIAN_POINT('Ctrl Pts',(-0.586230632649143,13.450866415262,-5.06853879257096));
#4917=CARTESIAN_POINT('Ctrl Pts',(-0.583739477693378,13.4508664152618,-5.06647133313752));
#4918=CARTESIAN_POINT('Ctrl Pts',(-0.572318117412776,13.4508664152499,-5.05662624318539));
#4919=CARTESIAN_POINT('Ctrl Pts',(-0.556744125600205,13.450866415085,-5.03888177340699));
#4920=CARTESIAN_POINT('Ctrl Pts',(-0.543035324327335,13.4508664150706,-5.00689863897818));
#4921=CARTESIAN_POINT('Ctrl Pts',(-0.545837410428106,13.4508664146978,-4.9827544316073));
#4922=CARTESIAN_POINT('Ctrl Pts',(-0.555020174252761,13.450866414645,-4.96413147522));
#4923=CARTESIAN_POINT('Ctrl Pts',(-0.555459179636686,13.4508664146459,-4.96328702849417));
#4924=CARTESIAN_POINT('Ctrl Pts',(-0.555900654512554,13.4508664146452,-4.96243614054121));
#4925=CARTESIAN_POINT('Ctrl Pts',(-0.556245107397604,13.4508664146453,-4.96179824557602));
#4926=CARTESIAN_POINT('Ctrl Pts',(-0.556475786558699,13.4508664146452,-4.96137107131189));
#4927=CARTESIAN_POINT('Ctrl Pts',(-0.556592765405242,13.4508664146452,-4.96115774411967));
#4928=CARTESIAN_POINT('Ctrl Pts',(-0.556709812421271,13.4508664146452,-4.96094397042163));
#4929=CARTESIAN_POINT('Ctrl Pts',(-0.55686728515108,13.4508664146452,-4.96065893654295));
#4930=CARTESIAN_POINT('Ctrl Pts',(-0.557006071989431,13.4508664146451,-4.96040914562548));
#4931=CARTESIAN_POINT('Ctrl Pts',(-0.557126083821649,13.4508664146451,-4.96019491488992));
#4932=CARTESIAN_POINT('Ctrl Pts',(-0.557186217022854,13.4508664146451,-4.96008773743679));
#4933=CARTESIAN_POINT('Ctrl Pts',(-0.557236508963798,13.4508664146451,-4.95999840458771));
#4934=CARTESIAN_POINT('Ctrl Pts',(-0.557276817829965,13.4508664146451,-4.9599269127808));
#4935=CARTESIAN_POINT('Ctrl Pts',(-0.557619986830141,13.4508664146452,-4.95931913508188));
#4936=CARTESIAN_POINT('Ctrl Pts',(-0.55862289342416,13.4508664146461,-4.95758000553414));
#4937=CARTESIAN_POINT('Ctrl Pts',(-0.560038750146045,13.45086641465,-4.95526550080314));
#4938=CARTESIAN_POINT('Ctrl Pts',(-0.561359521477965,13.4508664146509,-4.95322412966965));
#4939=CARTESIAN_POINT('Ctrl Pts',(-0.562137723998437,13.4508664146512,-4.95205316208516));
#4940=CARTESIAN_POINT('Ctrl Pts',(-0.564122300741719,13.4508664146522,-4.94911849540015));
#4941=CARTESIAN_POINT('Ctrl Pts',(-0.566931682991234,13.4508664146658,-4.94526135090197));
#4942=CARTESIAN_POINT('Ctrl Pts',(-0.570763257604874,13.4508664146686,-4.94045968387156));
#4943=CARTESIAN_POINT('Ctrl Pts',(-0.574839930945328,13.4508664146718,-4.93562719257734));
#4944=CARTESIAN_POINT('Ctrl Pts',(-0.578722658852253,13.4508664146841,-4.93136558789573));
#4945=CARTESIAN_POINT('Ctrl Pts',(-0.582263504899245,13.4508664146852,-4.92770004363937));
#4946=CARTESIAN_POINT('Ctrl Pts',(-0.584679570653924,13.4508664146859,-4.92525363726643));
#4947=CARTESIAN_POINT('Ctrl Pts',(-0.589050627764816,13.4508664146881,-4.92096707450019));
#4948=CARTESIAN_POINT('Ctrl Pts',(-0.593695208775606,13.4508664146983,-4.91667687931706));
#4949=CARTESIAN_POINT('Ctrl Pts',(-0.59785325310296,13.4508664146992,-4.91300571232513));
#4950=CARTESIAN_POINT('Ctrl Pts',(-0.600671100981296,13.4508664146999,-4.91056034188222));
#4951=CARTESIAN_POINT('Ctrl Pts',(-0.605719315797465,13.4508664147027,-4.90628762948241));
#4952=CARTESIAN_POINT('Ctrl Pts',(-0.613246058371061,13.4508664147096,-4.90020937455988));
#4953=CARTESIAN_POINT('Ctrl Pts',(-0.621143976656038,13.4508664147178,-4.89417837309988));
#4954=CARTESIAN_POINT('Ctrl Pts',(-0.630915325244659,13.4508664147191,-4.88699117144466));
#4955=CARTESIAN_POINT('Ctrl Pts',(-0.644433292078328,13.4508664147323,-4.87750147298666));
#4956=CARTESIAN_POINT('Ctrl Pts',(-0.66397926295136,13.4508664147608,-4.86469687798847));
#4957=CARTESIAN_POINT('Ctrl Pts',(-0.693632215535657,13.4508664147762,-4.84647721741169));
#4958=CARTESIAN_POINT('Ctrl Pts',(-0.720782065826975,13.4508664148618,-4.8310377579129));
#4959=CARTESIAN_POINT('Ctrl Pts',(-0.744561371149968,13.450866414869,-4.81809477059371));
#4960=CARTESIAN_POINT('Ctrl Pts',(-0.760540222046162,13.4508664148731,-4.80953756519837));
#4961=CARTESIAN_POINT('Ctrl Pts',(-0.774665052869375,13.450866414889,-4.8021377868565));
#4962=CARTESIAN_POINT('Ctrl Pts',(-0.786856681949175,13.4508664148903,-4.79584802505748));
#4963=CARTESIAN_POINT('Ctrl Pts',(-0.795005731073225,13.4508664148914,-4.79166846267964));
#4964=CARTESIAN_POINT('Ctrl Pts',(-0.809320834976224,13.4508664148947,-4.78438804331264));
#4965=CARTESIAN_POINT('Ctrl Pts',(-0.838146502828255,13.4508664149005,-4.76995037619532));
#4966=CARTESIAN_POINT('Ctrl Pts',(-0.896480135255871,13.4508664149485,-4.74147435450681));
#4967=CARTESIAN_POINT('Ctrl Pts',(-0.981250095716917,13.4508664149969,-4.70147880829995));
#4968=CARTESIAN_POINT('Ctrl Pts',(-1.11845168094233,13.4508664150675,-4.63791207805506));
#4969=CARTESIAN_POINT('Ctrl Pts',(-1.29110953673808,13.4508664152541,-4.55791759480783));
#4970=CARTESIAN_POINT('Ctrl Pts',(-1.49714912377448,13.4508664153559,-4.45850503780212));
#4971=CARTESIAN_POINT('Ctrl Pts',(-1.7007218397653,13.4508664154499,-4.35383307987292));
#4972=CARTESIAN_POINT('Ctrl Pts',(-1.9010552655873,13.4508664155052,-4.24211164518632));
#4973=CARTESIAN_POINT('Ctrl Pts',(-2.09731152048596,13.4508664155482,-4.12156383554188));
#4974=CARTESIAN_POINT('Ctrl Pts',(-2.28813801722969,13.4508664155769,-3.99041248282548));
#4975=CARTESIAN_POINT('Ctrl Pts',(-2.47147702560879,13.4508664155967,-3.8469504305879));
#4976=CARTESIAN_POINT('Ctrl Pts',(-2.64462144395605,13.4508664156135,-3.6895305419752));
#4977=CARTESIAN_POINT('Ctrl Pts',(-2.80426429332645,13.4508664156193,-3.51665373543093));
#4978=CARTESIAN_POINT('Ctrl Pts',(-2.94640350193624,13.4508664156258,-3.32753093607214));
#4979=CARTESIAN_POINT('Ctrl Pts',(-3.06668225990736,13.4508664156305,-3.12254919332871));
#4980=CARTESIAN_POINT('Ctrl Pts',(-3.16109425873153,13.4508664156336,-2.90368548018105));
#4981=CARTESIAN_POINT('Ctrl Pts',(-3.22695632147092,13.4508664156358,-2.67445714639402));
#4982=CARTESIAN_POINT('Ctrl Pts',(-3.26363045122943,13.4508664156374,-2.43936593021415));
#4983=CARTESIAN_POINT('Ctrl Pts',(-3.27257482504321,13.4508664156384,-2.20262508994058));
#4984=CARTESIAN_POINT('Ctrl Pts',(-3.25653299952059,13.4508664156392,-1.96735390286611));
#4985=CARTESIAN_POINT('Ctrl Pts',(-3.21866766529655,13.4508664156397,-1.73568412530954));
#4986=CARTESIAN_POINT('Ctrl Pts',(-3.16203355791059,13.4508664156401,-1.5089172273258));
#4987=CARTESIAN_POINT('Ctrl Pts',(-3.08926987139965,13.4508664156403,-1.28768624124195));
#4988=CARTESIAN_POINT('Ctrl Pts',(-3.002524145522,13.4508664156405,-1.07227298079577));
#4989=CARTESIAN_POINT('Ctrl Pts',(-2.90345505495482,13.4508664156406,-0.862778334766163));
#4990=CARTESIAN_POINT('Ctrl Pts',(-2.79326307975539,13.4508664156407,-0.659255010051723));
#4991=CARTESIAN_POINT('Ctrl Pts',(-2.67274028386667,13.4508664156408,-0.461837355364417));
#4992=CARTESIAN_POINT('Ctrl Pts',(-2.56408114745768,13.4508664156408,-0.302675106860466));
#4993=CARTESIAN_POINT('Ctrl Pts',(-2.47228425368464,13.4508664156408,-0.178797825360146));
#4994=CARTESIAN_POINT('Ctrl Pts',(-2.37721191732543,13.4508664156408,-0.0573386834762419));
#4995=CARTESIAN_POINT('Ctrl Pts',(-2.25216544830826,13.4508664156408,0.0897131716911886));
#4996=CARTESIAN_POINT('Ctrl Pts',(-2.11849231419238,13.4508664156408,0.229521142976262));
#4997=CARTESIAN_POINT('Ctrl Pts',(-2.00608194650466,13.4508664156408,0.336255956638571));
#4998=CARTESIAN_POINT('Ctrl Pts',(-1.88991697312741,13.4508664156408,0.439254471832452));
#4999=CARTESIAN_POINT('Ctrl Pts',(-1.737480959333,13.4508664156409,0.56034131855302));
#5000=CARTESIAN_POINT('Ctrl Pts',(-1.54244567229055,13.4508664156409,0.690810298357899));
#5001=CARTESIAN_POINT('Ctrl Pts',(-1.33529592316919,13.4508664156409,0.803237466786219));
#5002=CARTESIAN_POINT('Ctrl Pts',(-1.15332836734854,13.4508664156409,0.878992019545828));
#5003=CARTESIAN_POINT('Ctrl Pts',(-1.00311971153431,13.4508664156409,0.927314998567427));
#5004=CARTESIAN_POINT('Ctrl Pts',(-0.850319596722816,13.4508664156409,0.96711999781871));
#5005=CARTESIAN_POINT('Ctrl Pts',(-0.655472511086241,13.4508664156409,1.000365373677));
#5006=CARTESIAN_POINT('Ctrl Pts',(-0.458574650434039,13.4508664156409,1.01162042634032));
#5007=CARTESIAN_POINT('Ctrl Pts',(-0.301475123297116,13.4508664156409,1.00841623440943));
#5008=CARTESIAN_POINT('Ctrl Pts',(-0.145069610327669,13.4508664156409,0.997563728777344));
#5009=CARTESIAN_POINT('Ctrl Pts',(0.0484933085268697,13.4508664156409,0.970620051368126));
#5010=CARTESIAN_POINT('Ctrl Pts',(0.276455372895677,13.4508664156409,0.919985773208157));
#5011=CARTESIAN_POINT('Ctrl Pts',(0.499521117515869,13.4508664156409,0.853632817926435));
#5012=CARTESIAN_POINT('Ctrl Pts',(0.717346427853969,13.4508664156409,0.773264783876855));
#5013=CARTESIAN_POINT('Ctrl Pts',(0.930170025552225,13.4508664156409,0.679220398351131));
#5014=CARTESIAN_POINT('Ctrl Pts',(1.13701561903471,13.4508664156409,0.569464852127993));
#5015=CARTESIAN_POINT('Ctrl Pts',(1.33523263266587,13.4508664156409,0.437648875612033));
#5016=CARTESIAN_POINT('Ctrl Pts',(1.51399074237887,13.4508664156409,0.273768488265566));
#5017=CARTESIAN_POINT('Ctrl Pts',(1.663005989869,13.4508664156409,0.0887648617652769));
#5018=CARTESIAN_POINT('Ctrl Pts',(1.74917258270576,13.4508664156409,-0.0405878807675393));
#5019=CARTESIAN_POINT('Ctrl Pts',(1.81841721249283,13.4508664156409,-0.151382309298838));
#5020=CARTESIAN_POINT('Ctrl Pts',(1.84668378928742,13.4508664156409,-0.196608642272775));
#5021=CARTESIAN_POINT('Ctrl Pts',(1.874950366082,13.4508664156409,-0.241834975246711));
#5022=CARTESIAN_POINT('Ctrl Pts',(1.80264036718552,13.4808583284135,-9.86458276598201));
#5023=CARTESIAN_POINT('Ctrl Pts',(1.78383208094321,13.4808583284135,-9.86318081025032));
#5024=CARTESIAN_POINT('Ctrl Pts',(1.74650278021873,13.4808583284135,-9.86051629710261));
#5025=CARTESIAN_POINT('Ctrl Pts',(1.67163327586309,13.4808583284135,-9.8556709096374));
#5026=CARTESIAN_POINT('Ctrl Pts',(1.54073971733593,13.4808583284135,-9.84859719073913));
#5027=CARTESIAN_POINT('Ctrl Pts',(1.3540540129535,13.4808583284135,-9.84298185378946));
#5028=CARTESIAN_POINT('Ctrl Pts',(1.13066387576397,13.4808583284135,-9.84561198148354));
#5029=CARTESIAN_POINT('Ctrl Pts',(0.908683334173699,13.4808583284135,-9.86102079294596));
#5030=CARTESIAN_POINT('Ctrl Pts',(0.690658105704121,13.4808583284135,-9.89444783549058));
#5031=CARTESIAN_POINT('Ctrl Pts',(0.481578856953245,13.4808583284135,-9.95387170722113));
#5032=CARTESIAN_POINT('Ctrl Pts',(0.291724025860497,13.4808583284135,-10.0503459408862));
#5033=CARTESIAN_POINT('Ctrl Pts',(0.138011352013116,13.4808583284135,-10.1925976225892));
#5034=CARTESIAN_POINT('Ctrl Pts',(0.030468779852538,13.4808583284135,-10.3750832084967));
#5035=CARTESIAN_POINT('Ctrl Pts',(-0.0445790759097717,13.4808583284135,
-10.5819133371593));
#5036=CARTESIAN_POINT('Ctrl Pts',(-0.113341634454909,13.4808583284135,-10.7994159681306));
#5037=CARTESIAN_POINT('Ctrl Pts',(-0.202856373693856,13.4808583284135,-11.0179574134992));
#5038=CARTESIAN_POINT('Ctrl Pts',(-0.33558558519121,13.4808583284135,-11.2216074490736));
#5039=CARTESIAN_POINT('Ctrl Pts',(-0.513235575344049,13.4808583284135,-11.3880864382117));
#5040=CARTESIAN_POINT('Ctrl Pts',(-0.718017212932305,13.4808583284135,-11.5118813073112));
#5041=CARTESIAN_POINT('Ctrl Pts',(-0.936349300082045,13.4808583284135,-11.601183494955));
#5042=CARTESIAN_POINT('Ctrl Pts',(-1.1615205246484,13.4808583284135,-11.6637005185328));
#5043=CARTESIAN_POINT('Ctrl Pts',(-1.39041202145987,13.4808583284135,-11.7044675550421));
#5044=CARTESIAN_POINT('Ctrl Pts',(-1.62119880022672,13.4808583284135,-11.7261435967859));
#5045=CARTESIAN_POINT('Ctrl Pts',(-1.85289131996716,13.4808583284135,-11.7299059225482));
#5046=CARTESIAN_POINT('Ctrl Pts',(-2.08445643757106,13.4808583284135,-11.7157351748902));
#5047=CARTESIAN_POINT('Ctrl Pts',(-2.31446312692473,13.4808583284135,-11.6827425822656));
#5048=CARTESIAN_POINT('Ctrl Pts',(-2.5412210508412,13.4808583284135,-11.629247790647));
#5049=CARTESIAN_POINT('Ctrl Pts',(-2.76234376016555,13.4808583284135,-11.5530061296692));
#5050=CARTESIAN_POINT('Ctrl Pts',(-2.97434492677568,13.4808583284135,-11.4516202590557));
#5051=CARTESIAN_POINT('Ctrl Pts',(-3.17244014029559,13.4808583284135,-11.3234486978287));
#5052=CARTESIAN_POINT('Ctrl Pts',(-3.35117365565772,13.4808583284135,-11.1683663608966));
#5053=CARTESIAN_POINT('Ctrl Pts',(-3.5054764637205,13.4808583284135,-10.988706583381));
#5054=CARTESIAN_POINT('Ctrl Pts',(-3.63216358224707,13.4808583284135,-10.7892428715187));
#5055=CARTESIAN_POINT('Ctrl Pts',(-3.73113545839299,13.4808583284135,-10.5760220125498));
#5056=CARTESIAN_POINT('Ctrl Pts',(-3.80489859703101,13.4808583284135,-10.354320787085));
#5057=CARTESIAN_POINT('Ctrl Pts',(-3.85715657785085,13.4808583284135,-10.1278754958133));
#5058=CARTESIAN_POINT('Ctrl Pts',(-3.89162598940748,13.4808583284134,-9.89914074791595));
#5059=CARTESIAN_POINT('Ctrl Pts',(-3.91160698674617,13.4808583284134,-9.66957552962605));
#5060=CARTESIAN_POINT('Ctrl Pts',(-3.91983553492333,13.4808583284134,-9.43998877309439));
#5061=CARTESIAN_POINT('Ctrl Pts',(-3.9184818174029,13.4808583284134,-9.21085904667097));
#5062=CARTESIAN_POINT('Ctrl Pts',(-3.90923349449988,13.4808583284134,-8.98242276972209));
#5063=CARTESIAN_POINT('Ctrl Pts',(-3.89329653076725,13.4808583284134,-8.75473598375841));
#5064=CARTESIAN_POINT('Ctrl Pts',(-3.87142950360661,13.4808583284133,-8.52774420102018));
#5065=CARTESIAN_POINT('Ctrl Pts',(-3.84390437705771,13.4808583284132,-8.30137025962044));
#5066=CARTESIAN_POINT('Ctrl Pts',(-3.81058531483709,13.4808583284131,-8.07559108114825));
#5067=CARTESIAN_POINT('Ctrl Pts',(-3.77092953812815,13.480858328413,-7.85049708027827));
#5068=CARTESIAN_POINT('Ctrl Pts',(-3.72399065395238,13.4808583284128,-7.62636752109431));
#5069=CARTESIAN_POINT('Ctrl Pts',(-3.66838005915164,13.4808583284124,-7.40373071570064));
#5070=CARTESIAN_POINT('Ctrl Pts',(-3.60219360393755,13.480858328412,-7.1833546860235));
#5071=CARTESIAN_POINT('Ctrl Pts',(-3.52298910935042,13.4808583284113,-6.96643065933689));
#5072=CARTESIAN_POINT('Ctrl Pts',(-3.4279243101437,13.4808583284105,-6.75484780760667));
#5073=CARTESIAN_POINT('Ctrl Pts',(-3.31414833104822,13.4808583284089,-6.55135973308751));
#5074=CARTESIAN_POINT('Ctrl Pts',(-3.17967890138397,13.4808583284076,-6.35969779289792));
#5075=CARTESIAN_POINT('Ctrl Pts',(-3.02453303929016,13.480858328405,-6.18392124491667));
#5076=CARTESIAN_POINT('Ctrl Pts',(-2.8508528959137,13.4808583284027,-6.02688967812511));
#5077=CARTESIAN_POINT('Ctrl Pts',(-2.66235596779309,13.4808583283962,-5.88936740701952));
#5078=CARTESIAN_POINT('Ctrl Pts',(-2.46305847938044,13.4808583283877,-5.77021470418127));
#5079=CARTESIAN_POINT('Ctrl Pts',(-2.25617884358164,13.4808583283751,-5.66702061420055));
#5080=CARTESIAN_POINT('Ctrl Pts',(-2.04403849479614,13.4808583283589,-5.57708414194888));
#5081=CARTESIAN_POINT('Ctrl Pts',(-1.82853477999991,13.480858328332,-5.49788910390072));
#5082=CARTESIAN_POINT('Ctrl Pts',(-1.61144254930573,13.480858328301,-5.42721993018011));
#5083=CARTESIAN_POINT('Ctrl Pts',(-1.39351047068854,13.4808583282636,-5.36270761475969));
#5084=CARTESIAN_POINT('Ctrl Pts',(-1.2112031058037,13.4808583282035,-5.31197159325083));
#5085=CARTESIAN_POINT('Ctrl Pts',(-1.06537400532123,13.4808583281774,-5.27157523052701));
#5086=CARTESIAN_POINT('Ctrl Pts',(-0.974598354206027,13.4808583281337,-5.24593014197185));
#5087=CARTESIAN_POINT('Ctrl Pts',(-0.902560054559318,13.4808583281234,-5.22476876805313));
#5088=CARTESIAN_POINT('Ctrl Pts',(-0.848982072068497,13.4808583281102,-5.20841917515397));
#5089=CARTESIAN_POINT('Ctrl Pts',(-0.796047911418881,13.4808583281029,-5.19139749936283));
#5090=CARTESIAN_POINT('Ctrl Pts',(-0.75922423685433,13.4808583280816,-5.17867202805484));
#5091=CARTESIAN_POINT('Ctrl Pts',(-0.737893338105758,13.4808583280794,-5.17087362590239));
#5092=CARTESIAN_POINT('Ctrl Pts',(-0.729392550305996,13.480858328079,-5.16772484725032));
#5093=CARTESIAN_POINT('Ctrl Pts',(-0.718828071269274,13.4808583280771,-5.16373130240381));
#5094=CARTESIAN_POINT('Ctrl Pts',(-0.706260907792055,13.4808583280751,-5.1588384023143));
#5095=CARTESIAN_POINT('Ctrl Pts',(-0.693817623441864,13.4808583280732,-5.15383567690991));
#5096=CARTESIAN_POINT('Ctrl Pts',(-0.68510346189799,13.4808583280708,-5.15020750523643));
#5097=CARTESIAN_POINT('Ctrl Pts',(-0.680015251522878,13.4808583280706,-5.14804288885435));
#5098=CARTESIAN_POINT('Ctrl Pts',(-0.678491361805993,13.4808583280706,-5.14739145708987));
#5099=CARTESIAN_POINT('Ctrl Pts',(-0.67697009590251,13.4808583280706,-5.1467379730014));
#5100=CARTESIAN_POINT('Ctrl Pts',(-0.673932858591941,13.4808583280704,-5.14542679665547));
#5101=CARTESIAN_POINT('Ctrl Pts',(-0.663350345159776,13.4808583280696,-5.14080102200735));
#5102=CARTESIAN_POINT('Ctrl Pts',(-0.651487674218475,13.4808583280544,-5.13533983703322));
#5103=CARTESIAN_POINT('Ctrl Pts',(-0.640898997408674,13.4808583280534,-5.13014952714264));
#5104=CARTESIAN_POINT('Ctrl Pts',(-0.637082539423588,13.480858328053,-5.12824151935478));
#5105=CARTESIAN_POINT('Ctrl Pts',(-0.633289456111418,13.4808583280527,-5.12631950997471));
#5106=CARTESIAN_POINT('Ctrl Pts',(-0.628593738617325,13.4808583280517,-5.12389047887642));
#5107=CARTESIAN_POINT('Ctrl Pts',(-0.623963453019928,13.4808583280505,-5.12142509516012));
#5108=CARTESIAN_POINT('Ctrl Pts',(-0.620301464175484,13.4808583280502,-5.11943045818828));
#5109=CARTESIAN_POINT('Ctrl Pts',(-0.618030979000202,13.4808583280499,-5.11817440885451));
#5110=CARTESIAN_POINT('Ctrl Pts',(-0.616225937189944,13.4808583280498,-5.11716387037012));
#5111=CARTESIAN_POINT('Ctrl Pts',(-0.614428594971153,13.4808583280497,-5.11614950894783));
#5112=CARTESIAN_POINT('Ctrl Pts',(-0.609518277210436,13.4808583280489,-5.11334423356025));
#5113=CARTESIAN_POINT('Ctrl Pts',(-0.601665868148055,13.4808583280434,-5.10866679353957));
#5114=CARTESIAN_POINT('Ctrl Pts',(-0.593311715742452,13.4808583280382,-5.10331032229607));
#5115=CARTESIAN_POINT('Ctrl Pts',(-0.587684592510944,13.4808583280362,-5.09947636511263));
#5116=CARTESIAN_POINT('Ctrl Pts',(-0.584536017566864,13.4808583280357,-5.09726155250645));
#5117=CARTESIAN_POINT('Ctrl Pts',(-0.582596855005337,13.4808583280353,-5.09586734229194));
#5118=CARTESIAN_POINT('Ctrl Pts',(-0.58106320942434,13.4808583280352,-5.09474603421589));
#5119=CARTESIAN_POINT('Ctrl Pts',(-0.57992192955236,13.4808583280351,-5.09390209383781));
#5120=CARTESIAN_POINT('Ctrl Pts',(-0.578978450916568,13.480858328035,-5.09319635386552));
#5121=CARTESIAN_POINT('Ctrl Pts',(-0.578228229230757,13.4808583280349,-5.09263029361007));
#5122=CARTESIAN_POINT('Ctrl Pts',(-0.577107615626716,13.4808583280349,-5.09177973353929));
#5123=CARTESIAN_POINT('Ctrl Pts',(-0.575998477945371,13.4808583280344,-5.09092553932718));
#5124=CARTESIAN_POINT('Ctrl Pts',(-0.574901494671918,13.4808583280344,-5.09006770172798));
#5125=CARTESIAN_POINT('Ctrl Pts',(-0.574173105223021,13.4808583280343,-5.08949485920891));
#5126=CARTESIAN_POINT('Ctrl Pts',(-0.572907634161333,13.4808583280342,-5.08848983738874));
#5127=CARTESIAN_POINT('Ctrl Pts',(-0.571122683486299,13.4808583280335,-5.0870469844045));
#5128=CARTESIAN_POINT('Ctrl Pts',(-0.568323058477731,13.4808583280333,-5.0847232900984));
#5129=CARTESIAN_POINT('Ctrl Pts',(-0.555392439230816,13.4808583280214,-5.07357878739191));
#5130=CARTESIAN_POINT('Ctrl Pts',(-0.53671614935574,13.4808583278561,-5.05254814204021));
#5131=CARTESIAN_POINT('Ctrl Pts',(-0.518066696597572,13.4808583278416,-5.01028187623514));
#5132=CARTESIAN_POINT('Ctrl Pts',(-0.522311598357981,13.4808583274678,-4.97635355715221));
#5133=CARTESIAN_POINT('Ctrl Pts',(-0.533655566078868,13.4808583274148,-4.95331343045796));
#5134=CARTESIAN_POINT('Ctrl Pts',(-0.534198243653853,13.4808583274158,-4.9522728566823));
#5135=CARTESIAN_POINT('Ctrl Pts',(-0.534739817717517,13.4808583274151,-4.95122658367916));
#5136=CARTESIAN_POINT('Ctrl Pts',(-0.535162597418922,13.4808583274151,-4.95044537482712));
#5137=CARTESIAN_POINT('Ctrl Pts',(-0.535444280982227,13.4808583274151,-4.94992286758565));
#5138=CARTESIAN_POINT('Ctrl Pts',(-0.535587364623193,13.4808583274151,-4.94966229591585));
#5139=CARTESIAN_POINT('Ctrl Pts',(-0.535730171703661,13.4808583274151,-4.94940127451393));
#5140=CARTESIAN_POINT('Ctrl Pts',(-0.535922327183431,13.4808583274151,-4.94905359808685));
#5141=CARTESIAN_POINT('Ctrl Pts',(-0.536091386648368,13.480858327415,-4.94874922924873));
#5142=CARTESIAN_POINT('Ctrl Pts',(-0.53623748967921,13.480858327415,-4.94848847470124));
#5143=CARTESIAN_POINT('Ctrl Pts',(-0.536310646772093,13.480858327415,-4.94835806427104));
#5144=CARTESIAN_POINT('Ctrl Pts',(-0.536371819802258,13.480858327415,-4.94824941529786));
#5145=CARTESIAN_POINT('Ctrl Pts',(-0.536420829217661,13.480858327415,-4.94816248823845));
#5146=CARTESIAN_POINT('Ctrl Pts',(-0.536838008156298,13.480858327415,-4.9474236436931));
#5147=CARTESIAN_POINT('Ctrl Pts',(-0.538053350346619,13.480858327416,-4.94531635848267));
#5148=CARTESIAN_POINT('Ctrl Pts',(-0.539753420347972,13.4808583274199,-4.94253827760971));
#5149=CARTESIAN_POINT('Ctrl Pts',(-0.5413242633769,13.4808583274208,-4.94011061482574));
#5150=CARTESIAN_POINT('Ctrl Pts',(-0.542245540465964,13.4808583274211,-4.93872440522449));
#5151=CARTESIAN_POINT('Ctrl Pts',(-0.544587915793638,13.4808583274221,-4.93526078505516));
#5152=CARTESIAN_POINT('Ctrl Pts',(-0.547862282219243,13.4808583274357,-4.9307696277764));
#5153=CARTESIAN_POINT('Ctrl Pts',(-0.552251600249687,13.4808583274385,-4.92527002352983));
#5154=CARTESIAN_POINT('Ctrl Pts',(-0.556873530836515,13.4808583274417,-4.91979219780148));
#5155=CARTESIAN_POINT('Ctrl Pts',(-0.561213453336801,13.4808583274541,-4.91503172476377));
#5156=CARTESIAN_POINT('Ctrl Pts',(-0.565127776145799,13.4808583274551,-4.91097969447825));
#5157=CARTESIAN_POINT('Ctrl Pts',(-0.567787919966651,13.4808583274559,-4.90828625115372));
#5158=CARTESIAN_POINT('Ctrl Pts',(-0.572572927620175,13.4808583274581,-4.90359426730955));
#5159=CARTESIAN_POINT('Ctrl Pts',(-0.577604363605979,13.4808583274683,-4.89894848440468));
#5160=CARTESIAN_POINT('Ctrl Pts',(-0.582073925957888,13.4808583274692,-4.89500236762921));
#5161=CARTESIAN_POINT('Ctrl Pts',(-0.585094245940344,13.4808583274699,-4.8923813627409));
#5162=CARTESIAN_POINT('Ctrl Pts',(-0.590483279122276,13.4808583274727,-4.88782054576581));
#5163=CARTESIAN_POINT('Ctrl Pts',(-0.598459162173668,13.4808583274797,-4.88138084059477));
#5164=CARTESIAN_POINT('Ctrl Pts',(-0.606759351756923,13.4808583274879,-4.87504367607555));
#5165=CARTESIAN_POINT('Ctrl Pts',(-0.61697473452606,13.4808583274892,-4.86753009391069));
#5166=CARTESIAN_POINT('Ctrl Pts',(-0.631020503521763,13.4808583275024,-4.8576719858124));
#5167=CARTESIAN_POINT('Ctrl Pts',(-0.651162244786383,13.480858327531,-4.84448018858029));
#5168=CARTESIAN_POINT('Ctrl Pts',(-0.681510702171053,13.4808583275464,-4.82583558145001));
#5169=CARTESIAN_POINT('Ctrl Pts',(-0.709100147786653,13.4808583276322,-4.81015240889782));
#5170=CARTESIAN_POINT('Ctrl Pts',(-0.733177763076498,13.4808583276395,-4.79704735407619));
#5171=CARTESIAN_POINT('Ctrl Pts',(-0.749336871629546,13.4808583276436,-4.78839381846566));
#5172=CARTESIAN_POINT('Ctrl Pts',(-0.763598176620418,13.4808583276595,-4.78092329612822));
#5173=CARTESIAN_POINT('Ctrl Pts',(-0.775893767348934,13.4808583276608,-4.77457993913747));
#5174=CARTESIAN_POINT('Ctrl Pts',(-0.784108867827008,13.4808583276619,-4.77036655416565));
#5175=CARTESIAN_POINT('Ctrl Pts',(-0.798531734523776,13.4808583276653,-4.76303147003644));
#5176=CARTESIAN_POINT('Ctrl Pts',(-0.827543698637091,13.4808583276711,-4.74850082668082));
#5177=CARTESIAN_POINT('Ctrl Pts',(-0.886155313821706,13.4808583277192,-4.71989142676165));
#5178=CARTESIAN_POINT('Ctrl Pts',(-0.971130605320136,13.4808583277677,-4.67980151398434));
#5179=CARTESIAN_POINT('Ctrl Pts',(-1.10842307881803,13.4808583278385,-4.61619549090159));
#5180=CARTESIAN_POINT('Ctrl Pts',(-1.28091651323747,13.4808583280256,-4.53628366804319));
#5181=CARTESIAN_POINT('Ctrl Pts',(-1.48650992082603,13.4808583281277,-4.43708886806781));
#5182=CARTESIAN_POINT('Ctrl Pts',(-1.68945358366088,13.480858328222,-4.33274250182556));
#5183=CARTESIAN_POINT('Ctrl Pts',(-1.88899756927219,13.4808583282775,-4.22146150679419));
#5184=CARTESIAN_POINT('Ctrl Pts',(-2.08430591325389,13.4808583283206,-4.10149492030958));
#5185=CARTESIAN_POINT('Ctrl Pts',(-2.27402142472764,13.4808583283493,-3.97110432948717));
#5186=CARTESIAN_POINT('Ctrl Pts',(-2.45608483925943,13.4808583283692,-3.82863541010945));
#5187=CARTESIAN_POINT('Ctrl Pts',(-2.62780194600384,13.480858328386,-3.6725056645711));
#5188=CARTESIAN_POINT('Ctrl Pts',(-2.78590904910456,13.4808583283919,-3.50128101522358));
#5189=CARTESIAN_POINT('Ctrl Pts',(-2.92649161074376,13.4808583283983,-3.31421651104662));
#5190=CARTESIAN_POINT('Ctrl Pts',(-3.04531881307631,13.480858328403,-3.1116956906826));
#5191=CARTESIAN_POINT('Ctrl Pts',(-3.13852904164871,13.4808583284062,-2.8956106372195));
#5192=CARTESIAN_POINT('Ctrl Pts',(-3.20355145340973,13.4808583284084,-2.66931180530248));
#5193=CARTESIAN_POINT('Ctrl Pts',(-3.23978213250708,13.4808583284099,-2.43710097962647));
#5194=CARTESIAN_POINT('Ctrl Pts',(-3.2486328801206,13.480858328411,-2.20303284599276));
#5195=CARTESIAN_POINT('Ctrl Pts',(-3.23276061660841,13.4808583284118,-1.97014584118874));
#5196=CARTESIAN_POINT('Ctrl Pts',(-3.19524110107473,13.4808583284123,-1.74055622945346));
#5197=CARTESIAN_POINT('Ctrl Pts',(-3.13906103505661,13.4808583284126,-1.51558929928766));
#5198=CARTESIAN_POINT('Ctrl Pts',(-3.06681417147014,13.4808583284129,-1.29591950116221));
#5199=CARTESIAN_POINT('Ctrl Pts',(-2.98062164991848,13.4808583284131,-1.0818740721132));
#5200=CARTESIAN_POINT('Ctrl Pts',(-2.88213060957797,13.4808583284132,-0.873598406680238));
#5201=CARTESIAN_POINT('Ctrl Pts',(-2.77254158686503,13.4808583284133,-0.671187021545819));
#5202=CARTESIAN_POINT('Ctrl Pts',(-2.65265592430016,13.4808583284134,-0.474812454269847));
#5203=CARTESIAN_POINT('Ctrl Pts',(-2.54456941077998,13.4808583284134,-0.316489255823683));
#5204=CARTESIAN_POINT('Ctrl Pts',(-2.45326722888191,13.4808583284134,-0.19327981663084));
#5205=CARTESIAN_POINT('Ctrl Pts',(-2.35871916687422,13.4808583284134,-0.0724906564373498));
#5206=CARTESIAN_POINT('Ctrl Pts',(-2.23439332816966,13.4808583284134,0.0737121023826935));
#5207=CARTESIAN_POINT('Ctrl Pts',(-2.10155931313801,13.4808583284134,0.212639766145519));
#5208=CARTESIAN_POINT('Ctrl Pts',(-1.98991417753816,13.4808583284134,0.318647266039624));
#5209=CARTESIAN_POINT('Ctrl Pts',(-1.87458555873599,13.4808583284134,0.420903565035683));
#5210=CARTESIAN_POINT('Ctrl Pts',(-1.72334465797119,13.4808583284134,0.541036622138962));
#5211=CARTESIAN_POINT('Ctrl Pts',(-1.5300350134229,13.4808583284134,0.670344786052433));
#5212=CARTESIAN_POINT('Ctrl Pts',(-1.32493767290609,13.4808583284134,0.781651181662788));
#5213=CARTESIAN_POINT('Ctrl Pts',(-1.1449457746915,13.4808583284134,0.856578561204122));
#5214=CARTESIAN_POINT('Ctrl Pts',(-0.996437887980489,13.4808583284134,0.904354021131761));
#5215=CARTESIAN_POINT('Ctrl Pts',(-0.845393488710921,13.4808583284134,0.943701226275794));
#5216=CARTESIAN_POINT('Ctrl Pts',(-0.652793004932334,13.4808583284134,0.976564677983354));
#5217=CARTESIAN_POINT('Ctrl Pts',(-0.458053096099577,13.4808583284135,0.987700974860664));
#5218=CARTESIAN_POINT('Ctrl Pts',(-0.302557127381426,13.4808583284135,0.984530579077123));
#5219=CARTESIAN_POINT('Ctrl Pts',(-0.147661489010318,13.4808583284135,0.973783976065197));
#5220=CARTESIAN_POINT('Ctrl Pts',(0.0442052324398488,13.4808583284135,0.947081438479766));
#5221=CARTESIAN_POINT('Ctrl Pts',(0.270418551757873,13.4808583284135,0.896839956996878));
#5222=CARTESIAN_POINT('Ctrl Pts',(0.491952577510828,13.4808583284135,0.830945258403783));
#5223=CARTESIAN_POINT('Ctrl Pts',(0.708377076664895,13.4808583284135,0.751095101577112));
#5224=CARTESIAN_POINT('Ctrl Pts',(0.919772501780534,13.4808583284135,0.657678041623284));
#5225=CARTESIAN_POINT('Ctrl Pts',(1.12491662216869,13.4808583284135,0.54881494731136));
#5226=CARTESIAN_POINT('Ctrl Pts',(1.32057629639458,13.4808583284135,0.418639495148934));
#5227=CARTESIAN_POINT('Ctrl Pts',(1.49634275418875,13.4808583284135,0.257506055468605));
#5228=CARTESIAN_POINT('Ctrl Pts',(1.64360276339895,13.4808583284135,0.0747670357962633));
#5229=CARTESIAN_POINT('Ctrl Pts',(1.72915560670699,13.4808583284135,-0.0536543120676483));
#5230=CARTESIAN_POINT('Ctrl Pts',(1.79814949005617,13.4808583284135,-0.164049689009622));
#5231=CARTESIAN_POINT('Ctrl Pts',(1.82641606685076,13.4808583284135,-0.209276021983559));
#5232=CARTESIAN_POINT('Ctrl Pts',(1.85468264364534,13.4808583284135,-0.254502354957495));
#5233=CARTESIAN_POINT('Ctrl Pts',(1.804952390387,13.495829951481,-9.83356461901546));
#5234=CARTESIAN_POINT('Ctrl Pts',(1.78614728848533,13.495829951481,-9.83216289774258));
#5235=CARTESIAN_POINT('Ctrl Pts',(1.74864363718198,13.495829951481,-9.82948579766756));
#5236=CARTESIAN_POINT('Ctrl Pts',(1.6735093801567,13.495829951481,-9.82462341653097));
#5237=CARTESIAN_POINT('Ctrl Pts',(1.54205237103915,13.495829951481,-9.81751858103724));
#5238=CARTESIAN_POINT('Ctrl Pts',(1.35443234959859,13.495829951481,-9.8118731905413));
#5239=CARTESIAN_POINT('Ctrl Pts',(1.12952089851882,13.495829951481,-9.8145137426766));
#5240=CARTESIAN_POINT('Ctrl Pts',(0.905431941535625,13.495829951481,-9.83005722475502));
#5241=CARTESIAN_POINT('Ctrl Pts',(0.684312034008459,13.495829951481,-9.86392131860669));
#5242=CARTESIAN_POINT('Ctrl Pts',(0.47062710600864,13.495829951481,-9.92458177497309));
#5243=CARTESIAN_POINT('Ctrl Pts',(0.274068944996279,13.495829951481,-10.0242177487293));
#5244=CARTESIAN_POINT('Ctrl Pts',(0.113197056607487,13.495829951481,-10.1730467689345));
#5245=CARTESIAN_POINT('Ctrl Pts',(0.00183688716227708,13.495829951481,-10.3625068728876));
#5246=CARTESIAN_POINT('Ctrl Pts',(-0.074233418514854,13.495829951481,-10.5726016959736));
#5247=CARTESIAN_POINT('Ctrl Pts',(-0.142798591218712,13.495829951481,-10.7893588454457));
#5248=CARTESIAN_POINT('Ctrl Pts',(-0.230770513002946,13.495829951481,-11.0038131684054));
#5249=CARTESIAN_POINT('Ctrl Pts',(-0.35967937244655,13.495829951481,-11.2014367924566));
#5250=CARTESIAN_POINT('Ctrl Pts',(-0.531939037493244,13.495829951481,-11.3629446311083));
#5251=CARTESIAN_POINT('Ctrl Pts',(-0.73183911324841,13.495829951481,-11.4838858797098));
#5252=CARTESIAN_POINT('Ctrl Pts',(-0.946296938548283,13.495829951481,-11.5716386891753));
#5253=CARTESIAN_POINT('Ctrl Pts',(-1.16834638161522,13.495829951481,-11.6333089913687));
#5254=CARTESIAN_POINT('Ctrl Pts',(-1.39456108725423,13.495829951481,-11.6736059042029));
#5255=CARTESIAN_POINT('Ctrl Pts',(-1.622896577887,13.495829951481,-11.6950551675642));
#5256=CARTESIAN_POINT('Ctrl Pts',(-1.85220245059136,13.495829951481,-11.6987785736158));
#5257=CARTESIAN_POINT('Ctrl Pts',(-2.08132204163212,13.495829951481,-11.6847552098883));
#5258=CARTESIAN_POINT('Ctrl Pts',(-2.30871839930665,13.495829951481,-11.6521318717443));
#5259=CARTESIAN_POINT('Ctrl Pts',(-2.53261601497324,13.495829951481,-11.599303830039));
#5260=CARTESIAN_POINT('Ctrl Pts',(-2.75058603805313,13.495829951481,-11.5241373150079));
#5261=CARTESIAN_POINT('Ctrl Pts',(-2.95917298725876,13.495829951481,-11.4243698492845));
#5262=CARTESIAN_POINT('Ctrl Pts',(-3.15373115506477,13.495829951481,-11.2984713848492));
#5263=CARTESIAN_POINT('Ctrl Pts',(-3.3290515618644,13.495829951481,-11.1463412514793));
#5264=CARTESIAN_POINT('Ctrl Pts',(-3.48037511241902,13.495829951481,-10.9701546515108));
#5265=CARTESIAN_POINT('Ctrl Pts',(-3.60475354178136,13.495829951481,-10.7743511672471));
#5266=CARTESIAN_POINT('Ctrl Pts',(-3.70212874271432,13.495829951481,-10.5646105647673));
#5267=CARTESIAN_POINT('Ctrl Pts',(-3.77488586373746,13.495829951481,-10.3459804497361));
#5268=CARTESIAN_POINT('Ctrl Pts',(-3.82655661887803,13.495829951481,-10.1221293296595));
#5269=CARTESIAN_POINT('Ctrl Pts',(-3.86071110198387,13.495829951481,-9.89553598323779));
#5270=CARTESIAN_POINT('Ctrl Pts',(-3.88054481372314,13.495829951481,-9.667721490054));
#5271=CARTESIAN_POINT('Ctrl Pts',(-3.88872529685287,13.495829951481,-9.43956496315281));
#5272=CARTESIAN_POINT('Ctrl Pts',(-3.8873806219529,13.495829951481,-9.2116115110299));
#5273=CARTESIAN_POINT('Ctrl Pts',(-3.878173377527,13.495829951481,-8.98415965623504));
#5274=CARTESIAN_POINT('Ctrl Pts',(-3.86229676729659,13.4958299514809,-8.75732480888244));
#5275=CARTESIAN_POINT('Ctrl Pts',(-3.84050528526456,13.4958299514809,-8.53111496157008));
#5276=CARTESIAN_POINT('Ctrl Pts',(-3.81307373866474,13.4958299514808,-8.30551137733792));
#5277=CARTESIAN_POINT('Ctrl Pts',(-3.77987413492568,13.4958299514807,-8.08054476123414));
#5278=CARTESIAN_POINT('Ctrl Pts',(-3.74037746643805,13.4958299514805,-7.85635916737554));
#5279=CARTESIAN_POINT('Ctrl Pts',(-3.69365908327751,13.4958299514803,-7.63329039160673));
#5280=CARTESIAN_POINT('Ctrl Pts',(-3.63836432618872,13.49582995148,-7.41192933242217));
#5281=CARTESIAN_POINT('Ctrl Pts',(-3.57264098803981,13.4958299514796,-7.19311076862718));
#5282=CARTESIAN_POINT('Ctrl Pts',(-3.4941229025082,13.4958299514789,-6.97808651947661));
#5283=CARTESIAN_POINT('Ctrl Pts',(-3.40006765727591,13.4958299514781,-6.76877345874299));
#5284=CARTESIAN_POINT('Ctrl Pts',(-3.28772953985477,13.4958299514765,-6.56787861488224));
#5285=CARTESIAN_POINT('Ctrl Pts',(-3.15518224656678,13.4958299514751,-6.37897010555269));
#5286=CARTESIAN_POINT('Ctrl Pts',(-3.0023735318494,13.4958299514726,-6.20584351055144));
#5287=CARTESIAN_POINT('Ctrl Pts',(-2.83123735631932,13.4958299514703,-6.05110248610483));
#5288=CARTESIAN_POINT('Ctrl Pts',(-2.6452318556444,13.4958299514637,-5.91538496800129));
#5289=CARTESIAN_POINT('Ctrl Pts',(-2.44818052068291,13.4958299514552,-5.79756349792005));
#5290=CARTESIAN_POINT('Ctrl Pts',(-2.24321949364311,13.4958299514426,-5.69531791402774));
#5291=CARTESIAN_POINT('Ctrl Pts',(-2.03265872023774,13.4958299514264,-5.60604527835573));
#5292=CARTESIAN_POINT('Ctrl Pts',(-1.81841137301017,13.4958299513995,-5.52730826896897));
#5293=CARTESIAN_POINT('Ctrl Pts',(-1.60227435619689,13.4958299513684,-5.45694788386014));
#5294=CARTESIAN_POINT('Ctrl Pts',(-1.38499652350121,13.4958299513309,-5.39262788048158));
#5295=CARTESIAN_POINT('Ctrl Pts',(-1.20295150809203,13.4958299512707,-5.34196530600886));
#5296=CARTESIAN_POINT('Ctrl Pts',(-1.05705221397087,13.4958299512447,-5.30155009184198));
#5297=CARTESIAN_POINT('Ctrl Pts',(-0.966064274873194,13.4958299512008,-5.27584639998103));
#5298=CARTESIAN_POINT('Ctrl Pts',(-0.893686953673237,13.4958299511905,-5.25458596992935));
#5299=CARTESIAN_POINT('Ctrl Pts',(-0.839740662498274,13.4958299511773,-5.23812463428948));
#5300=CARTESIAN_POINT('Ctrl Pts',(-0.786279037642721,13.49582995117,-5.2209343724505));
#5301=CARTESIAN_POINT('Ctrl Pts',(-0.748918910730431,13.4958299511487,-5.20802536029662));
#5302=CARTESIAN_POINT('Ctrl Pts',(-0.727187061632497,13.4958299511464,-5.20008045253971));
#5303=CARTESIAN_POINT('Ctrl Pts',(-0.71851768031558,13.4958299511461,-5.19686923511857));
#5304=CARTESIAN_POINT('Ctrl Pts',(-0.70772651289121,13.4958299511442,-5.19279008149294));
#5305=CARTESIAN_POINT('Ctrl Pts',(-0.694858139172725,13.4958299511422,-5.187780022799));
#5306=CARTESIAN_POINT('Ctrl Pts',(-0.68208058955282,13.4958299511403,-5.18264304909696));
#5307=CARTESIAN_POINT('Ctrl Pts',(-0.673103154555835,13.4958299511379,-5.17890539306442));
#5308=CARTESIAN_POINT('Ctrl Pts',(-0.6678499265604,13.4958299511377,-5.17667057766791));
#5309=CARTESIAN_POINT('Ctrl Pts',(-0.66627584867236,13.4958299511376,-5.17599769196037));
#5310=CARTESIAN_POINT('Ctrl Pts',(-0.664703699818689,13.4958299511376,-5.17532235065176));
#5311=CARTESIAN_POINT('Ctrl Pts',(-0.661563305173836,13.4958299511375,-5.17396664401321));
#5312=CARTESIAN_POINT('Ctrl Pts',(-0.650607228790382,13.4958299511366,-5.16917758619254));
#5313=CARTESIAN_POINT('Ctrl Pts',(-0.63825831710878,13.4958299511215,-5.16349393144965));
#5314=CARTESIAN_POINT('Ctrl Pts',(-0.627150498870424,13.4958299511204,-5.15804930968843));
#5315=CARTESIAN_POINT('Ctrl Pts',(-0.62313684396782,13.49582995112,-5.15604272021014));
#5316=CARTESIAN_POINT('Ctrl Pts',(-0.619140778692302,13.4958299511197,-5.15401786869793));
#5317=CARTESIAN_POINT('Ctrl Pts',(-0.614180232675832,13.4958299511187,-5.15145190593687));
#5318=CARTESIAN_POINT('Ctrl Pts',(-0.609269342123122,13.4958299511176,-5.14883718769575));
#5319=CARTESIAN_POINT('Ctrl Pts',(-0.605372798298192,13.4958299511172,-5.14671480711465));
#5320=CARTESIAN_POINT('Ctrl Pts',(-0.602951440887171,13.4958299511169,-5.14537530308598));
#5321=CARTESIAN_POINT('Ctrl Pts',(-0.601023045750862,13.4958299511168,-5.14429570756826));
#5322=CARTESIAN_POINT('Ctrl Pts',(-0.599100563865851,13.4958299511168,-5.14321072405431));
#5323=CARTESIAN_POINT('Ctrl Pts',(-0.593838741476319,13.4958299511159,-5.14020464606699));
#5324=CARTESIAN_POINT('Ctrl Pts',(-0.585369964199986,13.4958299511105,-5.13516094167931));
#5325=CARTESIAN_POINT('Ctrl Pts',(-0.576250512261165,13.4958299511052,-5.12931516990684));
#5326=CARTESIAN_POINT('Ctrl Pts',(-0.570043100002053,13.4958299511032,-5.12508614434994));
#5327=CARTESIAN_POINT('Ctrl Pts',(-0.566550087419993,13.4958299511027,-5.12262907980285));
#5328=CARTESIAN_POINT('Ctrl Pts',(-0.564390340835376,13.4958299511023,-5.12107629915077));
#5329=CARTESIAN_POINT('Ctrl Pts',(-0.562677024840279,13.4958299511022,-5.11982363077426));
#5330=CARTESIAN_POINT('Ctrl Pts',(-0.561399408024316,13.4958299511021,-5.11887887599802));
#5331=CARTESIAN_POINT('Ctrl Pts',(-0.560341004236386,13.495829951102,-5.11808717172378));
#5332=CARTESIAN_POINT('Ctrl Pts',(-0.559498049850556,13.4958299511019,-5.11745114184381));
#5333=CARTESIAN_POINT('Ctrl Pts',(-0.558237561977503,13.4958299511019,-5.11649441702069));
#5334=CARTESIAN_POINT('Ctrl Pts',(-0.556986632048229,13.4958299511014,-5.11553102921058));
#5335=CARTESIAN_POINT('Ctrl Pts',(-0.555745919624464,13.4958299511014,-5.11456079989543));
#5336=CARTESIAN_POINT('Ctrl Pts',(-0.554921180713527,13.4958299511013,-5.11391217752308));
#5337=CARTESIAN_POINT('Ctrl Pts',(-0.553485847797568,13.4958299511012,-5.11277227298642));
#5338=CARTESIAN_POINT('Ctrl Pts',(-0.55145441976422,13.4958299511005,-5.11113016414044));
#5339=CARTESIAN_POINT('Ctrl Pts',(-0.548252838089872,13.4958299511003,-5.10847301899222));
#5340=CARTESIAN_POINT('Ctrl Pts',(-0.533360201356778,13.4958299510884,-5.09563758511986));
#5341=CARTESIAN_POINT('Ctrl Pts',(-0.510635885643778,13.4958299509228,-5.07032686599897));
#5342=CARTESIAN_POINT('Ctrl Pts',(-0.485571735584072,13.4958299509083,-5.01467995021784));
#5343=CARTESIAN_POINT('Ctrl Pts',(-0.491644699724799,13.4958299505339,-4.96800084959673));
#5344=CARTESIAN_POINT('Ctrl Pts',(-0.50586164731614,13.4958299504809,-4.93923947560306));
#5345=CARTESIAN_POINT('Ctrl Pts',(-0.506536173879824,13.4958299504819,-4.93794228432907));
#5346=CARTESIAN_POINT('Ctrl Pts',(-0.507210126827005,13.4958299504812,-4.93664268695319));
#5347=CARTESIAN_POINT('Ctrl Pts',(-0.50773348302293,13.4958299504812,-4.93567435996179));
#5348=CARTESIAN_POINT('Ctrl Pts',(-0.508082188713987,13.4958299504812,-4.93502807752849));
#5349=CARTESIAN_POINT('Ctrl Pts',(-0.508258984872951,13.4958299504812,-4.934705905135));
#5350=CARTESIAN_POINT('Ctrl Pts',(-0.50843546116003,13.4958299504811,-4.9343834612828));
#5351=CARTESIAN_POINT('Ctrl Pts',(-0.50867265661508,13.4958299504811,-4.93395421910266));
#5352=CARTESIAN_POINT('Ctrl Pts',(-0.50888118533951,13.4958299504811,-4.93357885562851));
#5353=CARTESIAN_POINT('Ctrl Pts',(-0.509061207195403,13.4958299504811,-4.93325753909398));
#5354=CARTESIAN_POINT('Ctrl Pts',(-0.50915132810448,13.495829950481,-4.93309689996611));
#5355=CARTESIAN_POINT('Ctrl Pts',(-0.509226653667448,13.495829950481,-4.93296310959463));
#5356=CARTESIAN_POINT('Ctrl Pts',(-0.509286988660213,13.495829950481,-4.93285609630366));
#5357=CARTESIAN_POINT('Ctrl Pts',(-0.50980048159165,13.4958299504811,-4.93194668258254));
#5358=CARTESIAN_POINT('Ctrl Pts',(-0.511292281022621,13.4958299504821,-4.92936027646902));
#5359=CARTESIAN_POINT('Ctrl Pts',(-0.513362190232677,13.495829950486,-4.92597888917991));
#5360=CARTESIAN_POINT('Ctrl Pts',(-0.515258470345889,13.4958299504869,-4.9230485029749));
#5361=CARTESIAN_POINT('Ctrl Pts',(-0.516365938184038,13.4958299504872,-4.92138218098829));
#5362=CARTESIAN_POINT('Ctrl Pts',(-0.519173953495482,13.4958299504882,-4.9172301692134));
#5363=CARTESIAN_POINT('Ctrl Pts',(-0.523053329383189,13.4958299505019,-4.91191387069382));
#5364=CARTESIAN_POINT('Ctrl Pts',(-0.528168468956645,13.4958299505047,-4.90550596321816));
#5365=CARTESIAN_POINT('Ctrl Pts',(-0.533499969284164,13.4958299505079,-4.89918829215163));
#5366=CARTESIAN_POINT('Ctrl Pts',(-0.538434786733383,13.4958299505203,-4.89377854749308));
#5367=CARTESIAN_POINT('Ctrl Pts',(-0.542835134794826,13.4958299505213,-4.88922354497495));
#5368=CARTESIAN_POINT('Ctrl Pts',(-0.545812916249473,13.495829950522,-4.88620860550722));
#5369=CARTESIAN_POINT('Ctrl Pts',(-0.551136616338529,13.4958299505243,-4.8809890025101));
#5370=CARTESIAN_POINT('Ctrl Pts',(-0.556671426584739,13.4958299505344,-4.87588042175911));
#5371=CARTESIAN_POINT('Ctrl Pts',(-0.561546383318842,13.4958299505353,-4.87157648313013));
#5372=CARTESIAN_POINT('Ctrl Pts',(-0.564830195553739,13.4958299505361,-4.86872690552383));
#5373=CARTESIAN_POINT('Ctrl Pts',(-0.570662742972341,13.4958299505389,-4.86379114255936));
#5374=CARTESIAN_POINT('Ctrl Pts',(-0.579223082548513,13.4958299505459,-4.85688101996457));
#5375=CARTESIAN_POINT('Ctrl Pts',(-0.588046714519612,13.4958299505541,-4.85014538971914));
#5376=CARTESIAN_POINT('Ctrl Pts',(-0.59883995660172,13.4958299505554,-4.84220704846303));
#5377=CARTESIAN_POINT('Ctrl Pts',(-0.613572484921782,13.4958299505687,-4.83186944427533));
#5378=CARTESIAN_POINT('Ctrl Pts',(-0.63448934743487,13.4958299505972,-4.81817362760732));
#5379=CARTESIAN_POINT('Ctrl Pts',(-0.665742798127916,13.4958299506127,-4.79897594380737));
#5380=CARTESIAN_POINT('Ctrl Pts',(-0.693903572698252,13.4958299506986,-4.78297537794518));
#5381=CARTESIAN_POINT('Ctrl Pts',(-0.718369469074789,13.4958299507059,-4.76965923460808));
#5382=CARTESIAN_POINT('Ctrl Pts',(-0.734763059531019,13.49582995071,-4.76088040412172));
#5383=CARTESIAN_POINT('Ctrl Pts',(-0.749201909762497,13.495829950726,-4.7533176849043));
#5384=CARTESIAN_POINT('Ctrl Pts',(-0.761632742322081,13.4958299507273,-4.74690461558249));
#5385=CARTESIAN_POINT('Ctrl Pts',(-0.769933833022833,13.4958299507284,-4.74264718082262));
#5386=CARTESIAN_POINT('Ctrl Pts',(-0.784496839965286,13.4958299507317,-4.73524099023459));
#5387=CARTESIAN_POINT('Ctrl Pts',(-0.813751360034016,13.4958299507375,-4.72058923297376));
#5388=CARTESIAN_POINT('Ctrl Pts',(-0.872724105040294,13.4958299507857,-4.69180622129845));
#5389=CARTESIAN_POINT('Ctrl Pts',(-0.957966355256755,13.4958299508343,-4.65159325523199));
#5390=CARTESIAN_POINT('Ctrl Pts',(-1.09537636646647,13.4958299509052,-4.58793592261277));
#5391=CARTESIAN_POINT('Ctrl Pts',(-1.2676544155079,13.4958299510926,-4.50813092323953));
#5392=CARTESIAN_POINT('Ctrl Pts',(-1.47266635510462,13.4958299511948,-4.40921912470172));
#5393=CARTESIAN_POINT('Ctrl Pts',(-1.67479063165547,13.4958299512893,-4.30529611910886));
#5394=CARTESIAN_POINT('Ctrl Pts',(-1.87330682585044,13.4958299513448,-4.19458808808949));
#5395=CARTESIAN_POINT('Ctrl Pts',(-2.0673812212249,13.495829951388,-4.07537773753179));
#5396=CARTESIAN_POINT('Ctrl Pts',(-2.25565068225436,13.4958299514168,-3.94597708668925));
#5397=CARTESIAN_POINT('Ctrl Pts',(-2.43605389446215,13.4958299514367,-3.80480054266521));
#5398=CARTESIAN_POINT('Ctrl Pts',(-2.60591335965334,13.4958299514535,-3.65034973178154));
#5399=CARTESIAN_POINT('Ctrl Pts',(-2.76202183841853,13.4958299514594,-3.48127514324953));
#5400=CARTESIAN_POINT('Ctrl Pts',(-2.90057853802908,13.4958299514659,-3.29688926492219));
#5401=CARTESIAN_POINT('Ctrl Pts',(-3.01751665913142,13.4958299514706,-3.09757106180882));
#5402=CARTESIAN_POINT('Ctrl Pts',(-3.10916289185681,13.4958299514737,-2.88510211828954));
#5403=CARTESIAN_POINT('Ctrl Pts',(-3.17309256774795,13.495829951476,-2.66261570935917));
#5404=CARTESIAN_POINT('Ctrl Pts',(-3.20874612837265,13.4958299514775,-2.434153394544));
#5405=CARTESIAN_POINT('Ctrl Pts',(-3.21747501892958,13.4958299514786,-2.20356350116564));
#5406=CARTESIAN_POINT('Ctrl Pts',(-3.20182341555415,13.4958299514793,-1.97377925485905));
#5407=CARTESIAN_POINT('Ctrl Pts',(-3.16475394200107,13.4958299514798,-1.74689675510506));
#5408=CARTESIAN_POINT('Ctrl Pts',(-3.10916476017857,13.4958299514802,-1.52427229102858));
#5409=CARTESIAN_POINT('Ctrl Pts',(-3.03759048481372,13.4958299514805,-1.3066342099485));
#5410=CARTESIAN_POINT('Ctrl Pts',(-2.95211789861933,13.4958299514806,-1.09436886702708));
#5411=CARTESIAN_POINT('Ctrl Pts',(-2.85437912866184,13.4958299514808,-0.887679573093575));
#5412=CARTESIAN_POINT('Ctrl Pts',(-2.74557478340698,13.4958299514808,-0.686715257718248));
#5413=CARTESIAN_POINT('Ctrl Pts',(-2.62651828360055,13.4958299514809,-0.491698156348942));
#5414=CARTESIAN_POINT('Ctrl Pts',(-2.51917696996267,13.4958299514809,-0.334466892170211));
#5415=CARTESIAN_POINT('Ctrl Pts',(-2.42851859994327,13.495829951481,-0.212126580490261));
#5416=CARTESIAN_POINT('Ctrl Pts',(-2.3346528308263,13.495829951481,-0.0922093244279616));
#5417=CARTESIAN_POINT('Ctrl Pts',(-2.21126480345194,13.495829951481,0.0528884164304853));
#5418=CARTESIAN_POINT('Ctrl Pts',(-2.07952281851888,13.495829951481,0.190670464107092));
#5419=CARTESIAN_POINT('Ctrl Pts',(-1.96887354211085,13.495829951481,0.295731431769315));
#5420=CARTESIAN_POINT('Ctrl Pts',(-1.85463335623453,13.495829951481,0.39702182561118));
#5421=CARTESIAN_POINT('Ctrl Pts',(-1.70494775176742,13.495829951481,0.515913624866403));
#5422=CARTESIAN_POINT('Ctrl Pts',(-1.51388385450554,13.495829951481,0.64371111103598));
#5423=CARTESIAN_POINT('Ctrl Pts',(-1.31145747214819,13.495829951481,0.753558945966551));
#5424=CARTESIAN_POINT('Ctrl Pts',(-1.13403676035958,13.495829951481,0.827409832741885));
#5425=CARTESIAN_POINT('Ctrl Pts',(-0.987742258325457,13.495829951481,0.874472789731683));
#5426=CARTESIAN_POINT('Ctrl Pts',(-0.838982700252364,13.495829951481,0.913224168435449));
#5427=CARTESIAN_POINT('Ctrl Pts',(-0.649305948524461,13.495829951481,0.945590615494522));
#5428=CARTESIAN_POINT('Ctrl Pts',(-0.457374363700119,13.495829951481,0.956572342974114));
#5429=CARTESIAN_POINT('Ctrl Pts',(-0.303965251517326,13.495829951481,0.953445950335779));
#5430=CARTESIAN_POINT('Ctrl Pts',(-0.151034510603387,13.495829951481,0.942837130956812));
#5431=CARTESIAN_POINT('Ctrl Pts',(0.0386246131329603,13.495829951481,0.916448481084834));
#5432=CARTESIAN_POINT('Ctrl Pts',(0.262562413728182,13.495829951481,0.866718048455766));
#5433=CARTESIAN_POINT('Ctrl Pts',(0.482102587685015,13.495829951481,0.80141990731579));
#5434=CARTESIAN_POINT('Ctrl Pts',(0.696705001590597,13.495829951481,0.722243293243082));
#5435=CARTESIAN_POINT('Ctrl Pts',(0.906241264939729,13.495829951481,0.629642896698591));
#5436=CARTESIAN_POINT('Ctrl Pts',(1.1091709952259,13.495829951481,0.521941140180058));
#5437=CARTESIAN_POINT('Ctrl Pts',(1.30150261154983,13.495829951481,0.393901123662771));
#5438=CARTESIAN_POINT('Ctrl Pts',(1.47337589846486,13.495829951481,0.236341163446707));
#5439=CARTESIAN_POINT('Ctrl Pts',(1.61835187497096,13.495829951481,0.056551282275572));
#5440=CARTESIAN_POINT('Ctrl Pts',(1.70310577359894,13.495829951481,-0.0706612754038373));
#5441=CARTESIAN_POINT('Ctrl Pts',(1.77177321729527,13.495829951481,-0.180534928703509));
#5442=CARTESIAN_POINT('Ctrl Pts',(1.80003979408986,13.495829951481,-0.225761261677445));
#5443=CARTESIAN_POINT('Ctrl Pts',(1.82830637088444,13.495829951481,-0.270987594651381));
#5444=CARTESIAN_POINT('Ctrl Pts',(1.80646236558954,13.4992648597458,-9.81330676316078));
#5445=CARTESIAN_POINT('Ctrl Pts',(1.78764413284606,13.4992648597458,-9.81190407508131));
#5446=CARTESIAN_POINT('Ctrl Pts',(1.75003569616162,13.4992648597458,-9.80921939668202));
#5447=CARTESIAN_POINT('Ctrl Pts',(1.67472440313204,13.4992648597458,-9.8043456674827));
#5448=CARTESIAN_POINT('Ctrl Pts',(1.54290362045601,13.4992648597458,-9.79722073389384));
#5449=CARTESIAN_POINT('Ctrl Pts',(1.35467304480463,13.4992648597458,-9.79155588190513));
#5450=CARTESIAN_POINT('Ctrl Pts',(1.12877041983008,13.4992648597458,-9.79420319512744));
#5451=CARTESIAN_POINT('Ctrl Pts',(0.903304572972268,13.4992648597458,-9.80983520039387));
#5452=CARTESIAN_POINT('Ctrl Pts',(0.680165520068547,13.4992648597458,-9.84398395001869));
#5453=CARTESIAN_POINT('Ctrl Pts',(0.463471528832551,13.4992648597458,-9.90545304886373));
#5454=CARTESIAN_POINT('Ctrl Pts',(0.262540295815098,13.4992648597458,-10.0071539931151));
#5455=CARTESIAN_POINT('Ctrl Pts',(0.0969928322990316,13.4992648597458,-10.1602735186783));
#5456=CARTESIAN_POINT('Ctrl Pts',(-0.0168629411446728,13.4992648597458,
-10.354296930666));
#5457=CARTESIAN_POINT('Ctrl Pts',(-0.0936012617585791,13.4992648597458,
-10.5665179880349));
#5458=CARTESIAN_POINT('Ctrl Pts',(-0.16203778174877,13.4992648597458,-10.7827918034008));
#5459=CARTESIAN_POINT('Ctrl Pts',(-0.249001142042519,13.4992648597458,-10.9945749697004));
#5460=CARTESIAN_POINT('Ctrl Pts',(-0.375415349716792,13.4992648597458,-11.1882638714351));
#5461=CARTESIAN_POINT('Ctrl Pts',(-0.544154261543761,13.4992648597458,-11.346524523747));
#5462=CARTESIAN_POINT('Ctrl Pts',(-0.740866598078544,13.4992648597458,-11.4656023854988));
#5463=CARTESIAN_POINT('Ctrl Pts',(-0.952793612518884,13.4992648597458,-11.5523428049422));
#5464=CARTESIAN_POINT('Ctrl Pts',(-1.1728044876017,13.4992648597458,-11.6134605367604));
#5465=CARTESIAN_POINT('Ctrl Pts',(-1.39727080799445,13.4992648597458,-11.6534501470975));
#5466=CARTESIAN_POINT('Ctrl Pts',(-1.62400546382727,13.4992648597458,-11.6747514709371));
#5467=CARTESIAN_POINT('Ctrl Pts',(-1.85175256197428,13.4992648597458,-11.6784493584545));
#5468=CARTESIAN_POINT('Ctrl Pts',(-2.07927501809664,13.4992648597458,-11.6645223004042));
#5469=CARTESIAN_POINT('Ctrl Pts',(-2.30496656527141,13.4992648597458,-11.6321400972893));
#5470=CARTESIAN_POINT('Ctrl Pts',(-2.52699609290041,13.4992648597458,-11.5797474742308));
#5471=CARTESIAN_POINT('Ctrl Pts',(-2.74290712448386,13.4992648597458,-11.5052831578044));
#5472=CARTESIAN_POINT('Ctrl Pts',(-2.94926426918442,13.4992648597458,-11.406572587302));
#5473=CARTESIAN_POINT('Ctrl Pts',(-3.14151230527817,13.4992648597458,-11.2821588423407));
#5474=CARTESIAN_POINT('Ctrl Pts',(-3.31460360813927,13.4992648597458,-11.1319567256776));
#5475=CARTESIAN_POINT('Ctrl Pts',(-3.46398149063637,13.4992648597458,-10.9580385478623));
#5476=CARTESIAN_POINT('Ctrl Pts',(-3.58685209329403,13.4992648597458,-10.7646255055691));
#5477=CARTESIAN_POINT('Ctrl Pts',(-3.6831846060009,13.4992648597458,-10.5571576656831));
#5478=CARTESIAN_POINT('Ctrl Pts',(-3.75528464903662,13.4992648597458,-10.3405334489496));
#5479=CARTESIAN_POINT('Ctrl Pts',(-3.80657191233605,13.4992648597458,-10.1183765212725));
#5480=CARTESIAN_POINT('Ctrl Pts',(-3.8405206932178,13.4992648597458,-9.89318174061593));
#5481=CARTESIAN_POINT('Ctrl Pts',(-3.86025820448628,13.4992648597458,-9.66651062760823));
#5482=CARTESIAN_POINT('Ctrl Pts',(-3.86840731057816,13.4992648597458,-9.43928818150196));
#5483=CARTESIAN_POINT('Ctrl Pts',(-3.86706852873867,13.4992648597458,-9.21210294560194));
#5484=CARTESIAN_POINT('Ctrl Pts',(-3.85788812175592,13.4992648597458,-8.98529401683366));
#5485=CARTESIAN_POINT('Ctrl Pts',(-3.84205091335415,13.4992648597457,-8.75901556408799));
#5486=CARTESIAN_POINT('Ctrl Pts',(-3.82030877508376,13.4992648597457,-8.53331638566282));
#5487=CARTESIAN_POINT('Ctrl Pts',(-3.7929383391173,13.4992648597456,-8.30821592238688));
#5488=CARTESIAN_POINT('Ctrl Pts',(-3.75981674962384,13.4992648597455,-8.08377998525505));
#5489=CARTESIAN_POINT('Ctrl Pts',(-3.72042398776201,13.4992648597453,-7.86018766902161));
#5490=CARTESIAN_POINT('Ctrl Pts',(-3.6738496053844,13.4992648597451,-7.6378116839881));
#5491=CARTESIAN_POINT('Ctrl Pts',(-3.61876110898518,13.4992648597448,-7.41728380671426));
#5492=CARTESIAN_POINT('Ctrl Pts',(-3.55334021702135,13.4992648597444,-7.19948241667621));
#5493=CARTESIAN_POINT('Ctrl Pts',(-3.47527039928253,13.4992648597437,-6.98569889436393));
#5494=CARTESIAN_POINT('Ctrl Pts',(-3.38187447122178,13.4992648597429,-6.77786823353901));
#5495=CARTESIAN_POINT('Ctrl Pts',(-3.27047536536242,13.4992648597413,-6.57866696872519));
#5496=CARTESIAN_POINT('Ctrl Pts',(-3.1391833772669,13.4992648597399,-6.39155674971506));
#5497=CARTESIAN_POINT('Ctrl Pts',(-2.98790107863822,13.4992648597373,-6.22016067429775));
#5498=CARTESIAN_POINT('Ctrl Pts',(-2.81842627748094,13.499264859735,-6.06691573519739));
#5499=CARTESIAN_POINT('Ctrl Pts',(-2.63404779724726,13.4992648597285,-5.93237679212168));
#5500=CARTESIAN_POINT('Ctrl Pts',(-2.4384631934592,13.49926485972,-5.8154246621632));
#5501=CARTESIAN_POINT('Ctrl Pts',(-2.23475492394937,13.4992648597073,-5.71379840064595));
#5502=CARTESIAN_POINT('Ctrl Pts',(-2.02522537870731,13.4992648596911,-5.62495913777962));
#5503=CARTESIAN_POINT('Ctrl Pts',(-1.81179797375051,13.4992648596642,-5.54652098357813));
#5504=CARTESIAN_POINT('Ctrl Pts',(-1.59628400984032,13.4992648596331,-5.47636190944987));
#5505=CARTESIAN_POINT('Ctrl Pts',(-1.37943276476384,13.4992648595956,-5.41216716240416));
#5506=CARTESIAN_POINT('Ctrl Pts',(-1.19755730214673,13.4992648595354,-5.36155177737116));
#5507=CARTESIAN_POINT('Ctrl Pts',(-1.05161180947604,13.4992648595093,-5.32112405806576));
#5508=CARTESIAN_POINT('Ctrl Pts',(-0.960484026534078,13.4992648594654,-5.29538155960228));
#5509=CARTESIAN_POINT('Ctrl Pts',(-0.887885218365923,13.4992648594551,-5.27405638890209));
#5510=CARTESIAN_POINT('Ctrl Pts',(-0.833697981002557,13.4992648594419,-5.25752189491571));
#5511=CARTESIAN_POINT('Ctrl Pts',(-0.779891800927028,13.4992648594346,-5.24022149928527));
#5512=CARTESIAN_POINT('Ctrl Pts',(-0.742180675528402,13.4992648594133,-5.22719230072442));
#5513=CARTESIAN_POINT('Ctrl Pts',(-0.720187052109074,13.499264859411,-5.21915177874808));
#5514=CARTESIAN_POINT('Ctrl Pts',(-0.711407513769994,13.4992648594107,-5.2158997514241));
#5515=CARTESIAN_POINT('Ctrl Pts',(-0.700468281063863,13.4992648594087,-5.21176468582461));
#5516=CARTESIAN_POINT('Ctrl Pts',(-0.687403123792182,13.4992648594067,-5.20667807818157));
#5517=CARTESIAN_POINT('Ctrl Pts',(-0.674407232687494,13.4992648594048,-5.20145341397121));
#5518=CARTESIAN_POINT('Ctrl Pts',(-0.665257791963801,13.4992648594025,-5.19764422382102));
#5519=CARTESIAN_POINT('Ctrl Pts',(-0.659896789857805,13.4992648594022,-5.19536356151661));
#5520=CARTESIAN_POINT('Ctrl Pts',(-0.658289933393198,13.4992648594022,-5.19467666541001));
#5521=CARTESIAN_POINT('Ctrl Pts',(-0.656684550761182,13.4992648594022,-5.19398704457781));
#5522=CARTESIAN_POINT('Ctrl Pts',(-0.653476786616237,13.499264859402,-5.19260226564662));
#5523=CARTESIAN_POINT('Ctrl Pts',(-0.64227670265582,13.4992648594012,-5.18770652748946));
#5524=CARTESIAN_POINT('Ctrl Pts',(-0.629609895813898,13.499264859386,-5.18187743464651));
#5525=CARTESIAN_POINT('Ctrl Pts',(-0.618163014133415,13.499264859385,-5.17626672990737));
#5526=CARTESIAN_POINT('Ctrl Pts',(-0.614020557122719,13.4992648593846,-5.17419574443882));
#5527=CARTESIAN_POINT('Ctrl Pts',(-0.609891920689559,13.4992648593843,-5.17210372894023));
#5528=CARTESIAN_POINT('Ctrl Pts',(-0.604758390894152,13.4992648593832,-5.16944832207376));
#5529=CARTESIAN_POINT('Ctrl Pts',(-0.599664214469096,13.4992648593821,-5.16673606490976));
#5530=CARTESIAN_POINT('Ctrl Pts',(-0.595614475326632,13.4992648593818,-5.16453025059307));
#5531=CARTESIAN_POINT('Ctrl Pts',(-0.593094576775201,13.4992648593815,-5.16313624015736));
#5532=CARTESIAN_POINT('Ctrl Pts',(-0.591085617613455,13.4992648593814,-5.16201154181926));
#5533=CARTESIAN_POINT('Ctrl Pts',(-0.589081406310462,13.4992648593813,-5.16088043607833));
#5534=CARTESIAN_POINT('Ctrl Pts',(-0.583589998321453,13.4992648593805,-5.15774320250533));
#5535=CARTESIAN_POINT('Ctrl Pts',(-0.574718550210288,13.499264859375,-5.15246023853677));
#5536=CARTESIAN_POINT('Ctrl Pts',(-0.56509916619652,13.4992648593698,-5.14629484957954));
#5537=CARTESIAN_POINT('Ctrl Pts',(-0.558512720810992,13.4992648593677,-5.14180778757203));
#5538=CARTESIAN_POINT('Ctrl Pts',(-0.554794748471516,13.4992648593673,-5.1391925027635));
#5539=CARTESIAN_POINT('Ctrl Pts',(-0.552490929215782,13.4992648593668,-5.13753615668557));
#5540=CARTESIAN_POINT('Ctrl Pts',(-0.550660267108964,13.4992648593667,-5.13619769558659));
#5541=CARTESIAN_POINT('Ctrl Pts',(-0.549293609963603,13.4992648593666,-5.13518709821573));
#5542=CARTESIAN_POINT('Ctrl Pts',(-0.548160139154636,13.4992648593665,-5.13433924998183));
#5543=CARTESIAN_POINT('Ctrl Pts',(-0.547256631640237,13.4992648593665,-5.13365752229238));
#5544=CARTESIAN_POINT('Ctrl Pts',(-0.545904762936618,13.4992648593664,-5.13263146254842));
#5545=CARTESIAN_POINT('Ctrl Pts',(-0.544561276272808,13.4992648593659,-5.13159675283606));
#5546=CARTESIAN_POINT('Ctrl Pts',(-0.543226632638533,13.4992648593659,-5.13055312331648));
#5547=CARTESIAN_POINT('Ctrl Pts',(-0.542339052850356,13.4992648593659,-5.12985500489377));
#5548=CARTESIAN_POINT('Ctrl Pts',(-0.540792576203106,13.4992648593658,-5.12862701688786));
#5549=CARTESIAN_POINT('Ctrl Pts',(-0.538600538354673,13.4992648593651,-5.12685475185655));
#5550=CARTESIAN_POINT('Ctrl Pts',(-0.535135795594357,13.4992648593649,-5.12397984527981));
#5551=CARTESIAN_POINT('Ctrl Pts',(-0.518964421562154,13.4992648593529,-5.11004021381982));
#5552=CARTESIAN_POINT('Ctrl Pts',(-0.493582965678035,13.4992648591873,-5.08192985992748));
#5553=CARTESIAN_POINT('Ctrl Pts',(-0.46434817427184,13.4992648591728,-5.01754626350964));
#5554=CARTESIAN_POINT('Ctrl Pts',(-0.471553071795664,13.4992648587981,-4.96251742332457));
#5555=CARTESIAN_POINT('Ctrl Pts',(-0.487721808554911,13.4992648587451,-4.93005353193127));
#5556=CARTESIAN_POINT('Ctrl Pts',(-0.48847861124439,13.499264858746,-4.92858702180894));
#5557=CARTESIAN_POINT('Ctrl Pts',(-0.489241656795184,13.4992648587453,-4.92712316374134));
#5558=CARTESIAN_POINT('Ctrl Pts',(-0.489829003471395,13.4992648587454,-4.92603186792343));
#5559=CARTESIAN_POINT('Ctrl Pts',(-0.490222287261779,13.4992648587453,-4.92530511115392));
#5560=CARTESIAN_POINT('Ctrl Pts',(-0.490420776079191,13.4992648587453,-4.92494256125364));
#5561=CARTESIAN_POINT('Ctrl Pts',(-0.490619423047775,13.4992648587453,-4.92458008426258));
#5562=CARTESIAN_POINT('Ctrl Pts',(-0.490885914158965,13.4992648587453,-4.92409751780606));
#5563=CARTESIAN_POINT('Ctrl Pts',(-0.491120310916889,13.4992648587452,-4.92367582878948));
#5564=CARTESIAN_POINT('Ctrl Pts',(-0.491322439983772,13.4992648587452,-4.9233149391441));
#5565=CARTESIAN_POINT('Ctrl Pts',(-0.491423658164457,13.4992648587452,-4.92313456591281));
#5566=CARTESIAN_POINT('Ctrl Pts',(-0.491508216658409,13.4992648587452,-4.92298435136359));
#5567=CARTESIAN_POINT('Ctrl Pts',(-0.491575951777451,13.4992648587452,-4.92286422118907));
#5568=CARTESIAN_POINT('Ctrl Pts',(-0.492152344549605,13.4992648587453,-4.92184340964771));
#5569=CARTESIAN_POINT('Ctrl Pts',(-0.493824691148333,13.4992648587462,-4.91894408404788));
#5570=CARTESIAN_POINT('Ctrl Pts',(-0.496136098763978,13.4992648587501,-4.9151686646451));
#5571=CARTESIAN_POINT('Ctrl Pts',(-0.498244915234449,13.499264858751,-4.91190994363542));
#5572=CARTESIAN_POINT('Ctrl Pts',(-0.499473976807594,13.4992648587513,-4.91006068370888));
#5573=CARTESIAN_POINT('Ctrl Pts',(-0.502586104398347,13.4992648587523,-4.90545906648478));
#5574=CARTESIAN_POINT('Ctrl Pts',(-0.506860463061692,13.499264858766,-4.89960381902506));
#5575=CARTESIAN_POINT('Ctrl Pts',(-0.512449607141534,13.4992648587688,-4.89260268578138));
#5576=CARTESIAN_POINT('Ctrl Pts',(-0.518244494991691,13.499264858772,-4.88573649982892));
#5577=CARTESIAN_POINT('Ctrl Pts',(-0.523567717934687,13.4992648587844,-4.87990265814996));
#5578=CARTESIAN_POINT('Ctrl Pts',(-0.528285469093488,13.4992648587854,-4.87501916351497));
#5579=CARTESIAN_POINT('Ctrl Pts',(-0.53147069388154,13.4992648587862,-4.87179425094412));
#5580=CARTESIAN_POINT('Ctrl Pts',(-0.537146187455343,13.4992648587884,-4.86623005278212));
#5581=CARTESIAN_POINT('Ctrl Pts',(-0.543009654801891,13.4992648587986,-4.86081917214283));
#5582=CARTESIAN_POINT('Ctrl Pts',(-0.54814935710856,13.4992648587995,-4.85628153602019));
#5583=CARTESIAN_POINT('Ctrl Pts',(-0.551605250905191,13.4992648588003,-4.85328267418824));
#5584=CARTESIAN_POINT('Ctrl Pts',(-0.557727425608156,13.499264858803,-4.84810202428677));
#5585=CARTESIAN_POINT('Ctrl Pts',(-0.566669407271782,13.49926485881,-4.84088463781523));
#5586=CARTESIAN_POINT('Ctrl Pts',(-0.575834809560358,13.4992648588182,-4.83388873679135));
#5587=CARTESIAN_POINT('Ctrl Pts',(-0.587005445181093,13.4992648588196,-4.82567297448188));
#5588=CARTESIAN_POINT('Ctrl Pts',(-0.602186345576161,13.4992648588329,-4.81502214998496));
#5589=CARTESIAN_POINT('Ctrl Pts',(-0.623609174819491,13.4992648588615,-4.80099701344653));
#5590=CARTESIAN_POINT('Ctrl Pts',(-0.655453509212181,13.499264858877,-4.78143804929694));
#5591=CARTESIAN_POINT('Ctrl Pts',(-0.683986470915182,13.4992648589629,-4.76522991148409));
#5592=CARTESIAN_POINT('Ctrl Pts',(-0.708706030634411,13.4992648589702,-4.75177568828986));
#5593=CARTESIAN_POINT('Ctrl Pts',(-0.725252630388858,13.4992648589743,-4.74291511379428));
#5594=CARTESIAN_POINT('Ctrl Pts',(-0.739807358306099,13.4992648589903,-4.73529201726759));
#5595=CARTESIAN_POINT('Ctrl Pts',(-0.752326450513802,13.4992648589916,-4.72883346410539));
#5596=CARTESIAN_POINT('Ctrl Pts',(-0.76068374045031,13.4992648589927,-4.72454721896804));
#5597=CARTESIAN_POINT('Ctrl Pts',(-0.775338145759281,13.499264858996,-4.71709463129575));
#5598=CARTESIAN_POINT('Ctrl Pts',(-0.8047512174034,13.4992648590018,-4.70236363091838));
#5599=CARTESIAN_POINT('Ctrl Pts',(-0.863959021956608,13.49926485905,-4.67346719115047));
#5600=CARTESIAN_POINT('Ctrl Pts',(-0.949375300221674,13.4992648590987,-4.63317355295096));
#5601=CARTESIAN_POINT('Ctrl Pts',(-1.08686114600112,13.4992648591696,-4.56948249273837));
#5602=CARTESIAN_POINT('Ctrl Pts',(-1.25899676801115,13.4992648593572,-4.48974632236677));
#5603=CARTESIAN_POINT('Ctrl Pts',(-1.46362793687908,13.4992648594594,-4.39101886895863));
#5604=CARTESIAN_POINT('Ctrl Pts',(-1.66521614928689,13.499264859554,-4.28737190656903));
#5605=CARTESIAN_POINT('Ctrl Pts',(-1.86306057215256,13.4992648596095,-4.17703780039995));
#5606=CARTESIAN_POINT('Ctrl Pts',(-2.05632864986362,13.4992648596527,-4.05832114051941));
#5607=CARTESIAN_POINT('Ctrl Pts',(-2.24365342256139,13.4992648596815,-3.92956687869771));
#5608=CARTESIAN_POINT('Ctrl Pts',(-2.42297217016988,13.4992648597014,-3.78923428004963));
#5609=CARTESIAN_POINT('Ctrl Pts',(-2.59161823030838,13.4992648597183,-3.63587991554568));
#5610=CARTESIAN_POINT('Ctrl Pts',(-2.74642139516268,13.4992648597242,-3.4682094688095));
#5611=CARTESIAN_POINT('Ctrl Pts',(-2.88365494495728,13.4992648597306,-3.28557296131316));
#5612=CARTESIAN_POINT('Ctrl Pts',(-2.99935926693608,13.4992648597354,-3.08834636514598));
#5613=CARTESIAN_POINT('Ctrl Pts',(-3.08998403330912,13.4992648597385,-2.87823906885171));
#5614=CARTESIAN_POINT('Ctrl Pts',(-3.15320002187847,13.4992648597407,-2.6582425286728));
#5615=CARTESIAN_POINT('Ctrl Pts',(-3.18847664963592,13.4992648597423,-2.43222834312643));
#5616=CARTESIAN_POINT('Ctrl Pts',(-3.19712594002162,13.4992648597434,-2.20391007577388));
#5617=CARTESIAN_POINT('Ctrl Pts',(-3.18161844075195,13.4992648597441,-1.97615223182438));
#5618=CARTESIAN_POINT('Ctrl Pts',(-3.14484288316106,13.4992648597446,-1.75103773687838));
#5619=CARTESIAN_POINT('Ctrl Pts',(-3.08963960338488,13.499264859745,-1.52994313080067));
#5620=CARTESIAN_POINT('Ctrl Pts',(-3.01850459139471,13.4992648597452,-1.31363195523381));
#5621=CARTESIAN_POINT('Ctrl Pts',(-2.93350219163383,13.4992648597454,-1.10252918090455));
#5622=CARTESIAN_POINT('Ctrl Pts',(-2.83625472694418,13.4992648597456,-0.896875939597815));
#5623=CARTESIAN_POINT('Ctrl Pts',(-2.72796285122767,13.4992648597456,-0.696856700178937));
#5624=CARTESIAN_POINT('Ctrl Pts',(-2.60944787741546,13.4992648597457,-0.502726154617485));
#5625=CARTESIAN_POINT('Ctrl Pts',(-2.50259324207814,13.4992648597457,-0.34620802979204));
#5626=CARTESIAN_POINT('Ctrl Pts',(-2.41235534022231,13.4992648597458,-0.224435345335036));
#5627=CARTESIAN_POINT('Ctrl Pts',(-2.31893518185551,13.4992648597458,-0.105087520453122));
#5628=CARTESIAN_POINT('Ctrl Pts',(-2.19615962124857,13.4992648597458,0.0392885242361833));
#5629=CARTESIAN_POINT('Ctrl Pts',(-2.0651308457516,13.4992648597458,0.176322386068546));
#5630=CARTESIAN_POINT('Ctrl Pts',(-1.95513195126465,13.4992648597458,0.280765162514743));
#5631=CARTESIAN_POINT('Ctrl Pts',(-1.84160262619684,13.4992648597458,0.38142473897214));
#5632=CARTESIAN_POINT('Ctrl Pts',(-1.69293276160469,13.4992648597458,0.499505873210627));
#5633=CARTESIAN_POINT('Ctrl Pts',(-1.50333556515358,13.4992648597458,0.62631674037903));
#5634=CARTESIAN_POINT('Ctrl Pts',(-1.30265353721391,13.4992648597458,0.735212000406586));
#5635=CARTESIAN_POINT('Ctrl Pts',(-1.12691215849104,13.4992648597458,0.808359813969464));
#5636=CARTESIAN_POINT('Ctrl Pts',(-0.982063230651479,13.4992648597458,0.854957480710432));
#5637=CARTESIAN_POINT('Ctrl Pts',(-0.834795851855748,13.4992648597458,0.893319656582181));
#5638=CARTESIAN_POINT('Ctrl Pts',(-0.647028605529045,13.4992648597458,0.925361547393626));
#5639=CARTESIAN_POINT('Ctrl Pts',(-0.456931104128584,13.4992648597458,0.936242299288907));
#5640=CARTESIAN_POINT('Ctrl Pts',(-0.304884907475467,13.4992648597458,0.933144671294224));
#5641=CARTESIAN_POINT('Ctrl Pts',(-0.153237381518625,13.4992648597458,0.922625791387113));
#5642=CARTESIAN_POINT('Ctrl Pts',(0.0349797443388766,13.4992648597458,0.896442228085384));
#5643=CARTESIAN_POINT('Ctrl Pts',(0.257431767832574,13.4992648597458,0.847045392487793));
#5644=CARTESIAN_POINT('Ctrl Pts',(0.475669159332086,13.4992648597458,0.782137092760419));
#5645=CARTESIAN_POINT('Ctrl Pts',(0.689082725062579,13.4992648597458,0.703399843906958));
#5646=CARTESIAN_POINT('Ctrl Pts',(0.897404091170172,13.4992648597458,0.611333140338897));
#5647=CARTESIAN_POINT('Ctrl Pts',(1.09888747912617,13.4992648597458,0.504389733887005));
#5648=CARTESIAN_POINT('Ctrl Pts',(1.28904560831559,13.4992648597458,0.377744949247421));
#5649=CARTESIAN_POINT('Ctrl Pts',(1.45837645735382,13.4992648597458,0.222517094705888));
#5650=CARTESIAN_POINT('Ctrl Pts',(1.601861016684,13.4992648597458,0.0446557787999874));
#5651=CARTESIAN_POINT('Ctrl Pts',(1.686092858042,13.4992648597458,-0.0817714694170971));
#5652=CARTESIAN_POINT('Ctrl Pts',(1.75454695512847,13.4992648597458,-0.191301387764033));
#5653=CARTESIAN_POINT('Ctrl Pts',(1.78281353192305,13.4992648597458,-0.236527720737969));
#5654=CARTESIAN_POINT('Ctrl Pts',(1.81108010871764,13.4992648597458,-0.281754053711906));
#5655=CARTESIAN_POINT('Ctrl Pts',(1.80701658827241,13.4998956748431,-9.80587130117294));
#5656=CARTESIAN_POINT('Ctrl Pts',(1.78818553456105,13.4998956748431,-9.80446766910248));
#5657=CARTESIAN_POINT('Ctrl Pts',(1.75054341512256,13.4998956748431,-9.80178054695229));
#5658=CARTESIAN_POINT('Ctrl Pts',(1.67516497172684,13.4998956748431,-9.796902521276));
#5659=CARTESIAN_POINT('Ctrl Pts',(1.54321288616857,13.4998956748431,-9.78977032872788));
#5660=CARTESIAN_POINT('Ctrl Pts',(1.35475802558883,13.4998956748431,-9.78409842110112));
#5661=CARTESIAN_POINT('Ctrl Pts',(1.12849285727539,13.4998956748431,-9.78674819115109));
#5662=CARTESIAN_POINT('Ctrl Pts',(0.902521693201439,13.4998956748431,-9.80241298801339));
#5663=CARTESIAN_POINT('Ctrl Pts',(0.678642572866371,13.4998956748431,-9.83666580706942));
#5664=CARTESIAN_POINT('Ctrl Pts',(0.460843549253133,13.4998956748431,-9.89843225413064));
#5665=CARTESIAN_POINT('Ctrl Pts',(0.258309772262634,13.4998956748431,-10.0008911522014));
#5666=CARTESIAN_POINT('Ctrl Pts',(0.0910462264722546,13.4998956748431,-10.155582768033));
#5667=CARTESIAN_POINT('Ctrl Pts',(-0.0237267682831432,13.4998956748431,
-10.3512854521566));
#5668=CARTESIAN_POINT('Ctrl Pts',(-0.100710412410641,13.4998956748431,-10.5642838063526));
#5669=CARTESIAN_POINT('Ctrl Pts',(-0.169099848030364,13.4998956748431,-10.780382079236));
#5670=CARTESIAN_POINT('Ctrl Pts',(-0.255692524099712,13.4998956748431,-10.9911838382243));
#5671=CARTESIAN_POINT('Ctrl Pts',(-0.381191307307112,13.4998956748431,-11.183429118946));
#5672=CARTESIAN_POINT('Ctrl Pts',(-0.548637775284188,13.4998956748431,-11.3404976351898));
#5673=CARTESIAN_POINT('Ctrl Pts',(-0.744180288204552,13.4998956748431,-11.458891717574));
#5674=CARTESIAN_POINT('Ctrl Pts',(-0.955178106165626,13.4998956748431,-11.5452602875765));
#5675=CARTESIAN_POINT('Ctrl Pts',(-1.17444087903136,13.4998956748431,-11.6061754247867));
#5676=CARTESIAN_POINT('Ctrl Pts',(-1.39826537517568,13.4998956748431,-11.6460521025116));
#5677=CARTESIAN_POINT('Ctrl Pts',(-1.62441250853092,13.4998956748431,-11.6672992152574));
#5678=CARTESIAN_POINT('Ctrl Pts',(-1.85158743962097,13.4998956748431,-11.6709876837235));
#5679=CARTESIAN_POINT('Ctrl Pts',(-2.07852369814202,13.4998956748431,-11.6570959999353));
#5680=CARTESIAN_POINT('Ctrl Pts',(-2.303589504346,13.4998956748431,-11.6248022906543));
#5681=CARTESIAN_POINT('Ctrl Pts',(-2.52493335167595,13.4998956748431,-11.5725694663487));
#5682=CARTESIAN_POINT('Ctrl Pts',(-2.74008865867483,13.4998956748431,-11.4983628982261));
#5683=CARTESIAN_POINT('Ctrl Pts',(-2.9456273793155,13.4998956748431,-11.4000402094273));
#5684=CARTESIAN_POINT('Ctrl Pts',(-3.1370274509448,13.4998956748431,-11.2761715051067));
#5685=CARTESIAN_POINT('Ctrl Pts',(-3.30930057446018,13.4998956748431,-11.1266770187902));
#5686=CARTESIAN_POINT('Ctrl Pts',(-3.45796435704736,13.4998956748431,-10.9535914976623));
#5687=CARTESIAN_POINT('Ctrl Pts',(-3.58028151037896,13.4998956748431,-10.7610558236278));
#5688=CARTESIAN_POINT('Ctrl Pts',(-3.6762313640371,13.4998956748431,-10.554422084786));
#5689=CARTESIAN_POINT('Ctrl Pts',(-3.7480902057405,13.4998956748431,-10.3385342019009));
#5690=CARTESIAN_POINT('Ctrl Pts',(-3.79923672417018,13.4998956748431,-10.1169990843884));
#5691=CARTESIAN_POINT('Ctrl Pts',(-3.83310999159544,13.4998956748431,-9.89231764673574));
#5692=CARTESIAN_POINT('Ctrl Pts',(-3.85281218877762,13.4998956748431,-9.66606619421016));
#5693=CARTESIAN_POINT('Ctrl Pts',(-3.86094978562787,13.4998956748431,-9.43918659515712));
#5694=CARTESIAN_POINT('Ctrl Pts',(-3.85961316012984,13.4998956748431,-9.21228332347425));
#5695=CARTESIAN_POINT('Ctrl Pts',(-3.85044260843527,13.4998956748431,-8.98571037642257));
#5696=CARTESIAN_POINT('Ctrl Pts',(-3.83461985430137,13.499895674843,-8.75963614123034));
#5697=CARTESIAN_POINT('Ctrl Pts',(-3.81289583008889,13.499895674843,-8.53412439354195));
#5698=CARTESIAN_POINT('Ctrl Pts',(-3.78554782099438,13.4998956748429,-8.3092085978594));
#5699=CARTESIAN_POINT('Ctrl Pts',(-3.75245486396467,13.4998956748428,-8.08496744004701));
#5700=CARTESIAN_POINT('Ctrl Pts',(-3.71310023668702,13.4998956748426,-7.86159288088003));
#5701=CARTESIAN_POINT('Ctrl Pts',(-3.66657870441293,13.4998956748424,-7.63947117648239));
#5702=CARTESIAN_POINT('Ctrl Pts',(-3.61156590784363,13.4998956748421,-7.41924910896056));
#5703=CARTESIAN_POINT('Ctrl Pts',(-3.54625601856772,13.4998956748417,-7.20182106205158));
#5704=CARTESIAN_POINT('Ctrl Pts',(-3.46835072091045,13.499895674841,-6.98849293094573));
#5705=CARTESIAN_POINT('Ctrl Pts',(-3.37519677901999,13.4998956748402,-6.78120637492427));
#5706=CARTESIAN_POINT('Ctrl Pts',(-3.26414230175982,13.4998956748386,-6.58262669562761));
#5707=CARTESIAN_POINT('Ctrl Pts',(-3.13331104302701,13.4998956748372,-6.39617654017844));
#5708=CARTESIAN_POINT('Ctrl Pts',(-2.98258901858467,13.4998956748347,-6.22541555392378));
#5709=CARTESIAN_POINT('Ctrl Pts',(-2.81372396605469,13.4998956748324,-6.07271981259907));
#5710=CARTESIAN_POINT('Ctrl Pts',(-2.62994260412989,13.4998956748258,-5.93861340029652));
#5711=CARTESIAN_POINT('Ctrl Pts',(-2.43489623249501,13.4998956748173,-5.82198030961248));
#5712=CARTESIAN_POINT('Ctrl Pts',(-2.23164762900896,13.4998956748046,-5.72058128898786));
#5713=CARTESIAN_POINT('Ctrl Pts',(-2.02249638278569,13.4998956747884,-5.63190099866283));
#5714=CARTESIAN_POINT('Ctrl Pts',(-1.80936962113922,13.4998956747615,-5.55357238824173));
#5715=CARTESIAN_POINT('Ctrl Pts',(-1.59408392528588,13.4998956747304,-5.48348701520548));
#5716=CARTESIAN_POINT('Ctrl Pts',(-1.37738888794731,13.4998956746929,-5.41933806241663));
#5717=CARTESIAN_POINT('Ctrl Pts',(-1.19557471818571,13.4998956746327,-5.36873958826467));
#5718=CARTESIAN_POINT('Ctrl Pts',(-1.04961208185284,13.4998956746066,-5.32830717736718));
#5719=CARTESIAN_POINT('Ctrl Pts',(-0.95843233965534,13.4998956745627,-5.30255015492959));
#5720=CARTESIAN_POINT('Ctrl Pts',(-0.885752198284872,13.4998956745524,-5.28120119683083));
#5721=CARTESIAN_POINT('Ctrl Pts',(-0.8314763108026,13.4998956745392,-5.26463975630861));
#5722=CARTESIAN_POINT('Ctrl Pts',(-0.777543628051478,13.4998956745319,-5.24729892088662));
#5723=CARTESIAN_POINT('Ctrl Pts',(-0.739703333538426,13.4998956745106,-5.23422544253097));
#5724=CARTESIAN_POINT('Ctrl Pts',(-0.717613673004713,13.4998956745083,-5.22614986206734));
#5725=CARTESIAN_POINT('Ctrl Pts',(-0.70879367669322,13.499895674508,-5.22288283935514));
#5726=CARTESIAN_POINT('Ctrl Pts',(-0.697800089660455,13.499895674506,-5.21872725117119));
#5727=CARTESIAN_POINT('Ctrl Pts',(-0.68466267106606,13.499895674504,-5.21361252955808));
#5728=CARTESIAN_POINT('Ctrl Pts',(-0.671586621884993,13.4998956745021,-5.20835567231503));
#5729=CARTESIAN_POINT('Ctrl Pts',(-0.662374015065653,13.4998956744998,-5.20452021031893));
#5730=CARTESIAN_POINT('Ctrl Pts',(-0.656973454602747,13.4998956744996,-5.20222272024519));
#5731=CARTESIAN_POINT('Ctrl Pts',(-0.655354566618936,13.4998956744995,-5.20153068233005));
#5732=CARTESIAN_POINT('Ctrl Pts',(-0.653736984630565,13.4998956744995,-5.20083581788719));
#5733=CARTESIAN_POINT('Ctrl Pts',(-0.650504494298715,13.4998956744993,-5.19944037365529));
#5734=CARTESIAN_POINT('Ctrl Pts',(-0.639214831283587,13.4998956744985,-5.19450545809142));
#5735=CARTESIAN_POINT('Ctrl Pts',(-0.626431168823691,13.4998956744833,-5.1886229078791));
#5736=CARTESIAN_POINT('Ctrl Pts',(-0.614859829737267,13.4998956744823,-5.1829512477412));
#5737=CARTESIAN_POINT('Ctrl Pts',(-0.610670090027866,13.4998956744819,-5.1808566196848));
#5738=CARTESIAN_POINT('Ctrl Pts',(-0.606492792311795,13.4998956744816,-5.17873995325038));
#5739=CARTESIAN_POINT('Ctrl Pts',(-0.601295757193099,13.4998956744805,-5.17605170913087));
#5740=CARTESIAN_POINT('Ctrl Pts',(-0.596134294915681,13.4998956744794,-5.17330364645333));
#5741=CARTESIAN_POINT('Ctrl Pts',(-0.592028322517632,13.4998956744791,-5.17106720602763));
#5742=CARTESIAN_POINT('Ctrl Pts',(-0.589472251679741,13.4998956744788,-5.16965318824573));
#5743=CARTESIAN_POINT('Ctrl Pts',(-0.587433720988189,13.4998956744787,-5.16851193433523));
#5744=CARTESIAN_POINT('Ctrl Pts',(-0.585399511071823,13.4998956744786,-5.1673639002931));
#5745=CARTESIAN_POINT('Ctrl Pts',(-0.579823825771928,13.4998956744778,-5.16417852092598));
#5746=CARTESIAN_POINT('Ctrl Pts',(-0.570804516463441,13.4998956744723,-5.1588077107815));
#5747=CARTESIAN_POINT('Ctrl Pts',(-0.561001575208727,13.4998956744671,-5.15252497950634));
#5748=CARTESIAN_POINT('Ctrl Pts',(-0.554275983824142,13.499895674465,-5.14794319782227));
#5749=CARTESIAN_POINT('Ctrl Pts',(-0.550475437524374,13.4998956744646,-5.14526983640662));
#5750=CARTESIAN_POINT('Ctrl Pts',(-0.54811873248085,13.4998956744641,-5.14357547570529));
#5751=CARTESIAN_POINT('Ctrl Pts',(-0.546244997487526,13.499895674464,-5.14220552426384));
#5752=CARTESIAN_POINT('Ctrl Pts',(-0.54484565937518,13.4998956744639,-5.14117075942854));
#5753=CARTESIAN_POINT('Ctrl Pts',(-0.543684630763996,13.4998956744638,-5.14030230356976));
#5754=CARTESIAN_POINT('Ctrl Pts',(-0.542758903197819,13.4998956744638,-5.13960380245987));
#5755=CARTESIAN_POINT('Ctrl Pts',(-0.541373478536195,13.4998956744637,-5.13855229446304));
#5756=CARTESIAN_POINT('Ctrl Pts',(-0.539996044668755,13.4998956744632,-5.13749140253795));
#5757=CARTESIAN_POINT('Ctrl Pts',(-0.538626891744792,13.4998956744632,-5.13642083344341));
#5758=CARTESIAN_POINT('Ctrl Pts',(-0.537716291317512,13.4998956744632,-5.13570454559748));
#5759=CARTESIAN_POINT('Ctrl Pts',(-0.536128911229736,13.4998956744631,-5.13444423157088));
#5760=CARTESIAN_POINT('Ctrl Pts',(-0.533878114374762,13.4998956744624,-5.13262418190107));
#5761=CARTESIAN_POINT('Ctrl Pts',(-0.530316441728997,13.4998956744622,-5.1296693554846));
#5762=CARTESIAN_POINT('Ctrl Pts',(-0.513677112936936,13.4998956744502,-5.11532451425213));
#5763=CARTESIAN_POINT('Ctrl Pts',(-0.487313335723183,13.4998956742846,-5.08618430111141));
#5764=CARTESIAN_POINT('Ctrl Pts',(-0.456557626156513,13.49989567427,-5.01859513245141));
#5765=CARTESIAN_POINT('Ctrl Pts',(-0.464145391361662,13.4998956738954,-4.96048989509204));
#5766=CARTESIAN_POINT('Ctrl Pts',(-0.481070207235486,13.4998956738423,-4.92668491988642));
#5767=CARTESIAN_POINT('Ctrl Pts',(-0.481855191753778,13.4998956738433,-4.92515535657372));
#5768=CARTESIAN_POINT('Ctrl Pts',(-0.482652324780158,13.4998956738426,-4.92363183130165));
#5769=CARTESIAN_POINT('Ctrl Pts',(-0.483262266558343,13.4998956738426,-4.92249499975857));
#5770=CARTESIAN_POINT('Ctrl Pts',(-0.483672336408501,13.4998956738426,-4.92173889649476));
#5771=CARTESIAN_POINT('Ctrl Pts',(-0.483878616416379,13.4998956738426,-4.92136144945566));
#5772=CARTESIAN_POINT('Ctrl Pts',(-0.484085496370786,13.4998956738426,-4.92098432162847));
#5773=CARTESIAN_POINT('Ctrl Pts',(-0.484362677159811,13.4998956738425,-4.92048215460827));
#5774=CARTESIAN_POINT('Ctrl Pts',(-0.48460661629993,13.4998956738425,-4.92004348370305));
#5775=CARTESIAN_POINT('Ctrl Pts',(-0.484816835909641,13.4998956738425,-4.91966805844678));
#5776=CARTESIAN_POINT('Ctrl Pts',(-0.484922136846388,13.4998956738425,-4.91948044628753));
#5777=CARTESIAN_POINT('Ctrl Pts',(-0.485010078919984,13.4998956738425,-4.9193242010741));
#5778=CARTESIAN_POINT('Ctrl Pts',(-0.48508053199077,13.4998956738425,-4.91919925718845));
#5779=CARTESIAN_POINT('Ctrl Pts',(-0.485680010247184,13.4998956738425,-4.91813755828939));
#5780=CARTESIAN_POINT('Ctrl Pts',(-0.48741862178185,13.4998956738435,-4.91512337469616));
#5781=CARTESIAN_POINT('Ctrl Pts',(-0.48981864686954,13.4998956738474,-4.91120332172634));
#5782=CARTESIAN_POINT('Ctrl Pts',(-0.492005469935709,13.4998956738483,-4.90782408436195));
#5783=CARTESIAN_POINT('Ctrl Pts',(-0.493279157772279,13.4998956738486,-4.90590768009004));
#5784=CARTESIAN_POINT('Ctrl Pts',(-0.496502909246454,13.4998956738496,-4.90114102926393));
#5785=CARTESIAN_POINT('Ctrl Pts',(-0.50092216540407,13.4998956738633,-4.89508793826948));
#5786=CARTESIAN_POINT('Ctrl Pts',(-0.506685274172276,13.4998956738661,-4.88786905861698));
#5787=CARTESIAN_POINT('Ctrl Pts',(-0.512650228274727,13.4998956738693,-4.88080153763392));
#5788=CARTESIAN_POINT('Ctrl Pts',(-0.518115949559758,13.4998956738817,-4.8748120035736));
#5789=CARTESIAN_POINT('Ctrl Pts',(-0.522950190914891,13.4998956738827,-4.8698079375719));
#5790=CARTESIAN_POINT('Ctrl Pts',(-0.5262115533572,13.4998956738835,-4.86650595366827));
#5791=CARTESIAN_POINT('Ctrl Pts',(-0.532016156446809,13.4998956738857,-4.86081527038974));
#5792=CARTESIAN_POINT('Ctrl Pts',(-0.538000204384536,13.4998956738959,-4.85529340804778));
#5793=CARTESIAN_POINT('Ctrl Pts',(-0.543237070603484,13.4998956738968,-4.85066999267483));
#5794=CARTESIAN_POINT('Ctrl Pts',(-0.546756123052653,13.4998956738975,-4.84761633527208));
#5795=CARTESIAN_POINT('Ctrl Pts',(-0.552984586779512,13.4998956739003,-4.84234579612613));
#5796=CARTESIAN_POINT('Ctrl Pts',(-0.562066612690117,13.4998956739073,-4.83501561245335));
#5797=CARTESIAN_POINT('Ctrl Pts',(-0.571357412226417,13.4998956739155,-4.8279241634951));
#5798=CARTESIAN_POINT('Ctrl Pts',(-0.582666564302256,13.4998956739168,-4.81960656988773));
#5799=CARTESIAN_POINT('Ctrl Pts',(-0.598011957574156,13.4998956739301,-4.80884074763513));
#5800=CARTESIAN_POINT('Ctrl Pts',(-0.619620359191903,13.4998956739587,-4.79469466025049));
#5801=CARTESIAN_POINT('Ctrl Pts',(-0.65168148547618,13.4998956739742,-4.77500305582365));
#5802=CARTESIAN_POINT('Ctrl Pts',(-0.680350557426176,13.4998956740602,-4.75871858155096));
#5803=CARTESIAN_POINT('Ctrl Pts',(-0.705163263089981,13.4998956740675,-4.74521356240578));
#5804=CARTESIAN_POINT('Ctrl Pts',(-0.721765955075179,13.4998956740716,-4.73632302958911));
#5805=CARTESIAN_POINT('Ctrl Pts',(-0.736363174569553,13.4998956740875,-4.72867768594702));
#5806=CARTESIAN_POINT('Ctrl Pts',(-0.748914626764026,13.4998956740888,-4.72220246206182));
#5807=CARTESIAN_POINT('Ctrl Pts',(-0.757292564786403,13.49989567409,-4.71790562045517));
#5808=CARTESIAN_POINT('Ctrl Pts',(-0.77198045033607,13.4998956740933,-4.71043602541886));
#5809=CARTESIAN_POINT('Ctrl Pts',(-0.801451790032312,13.4998956740991,-4.69567586382515));
#5810=CARTESIAN_POINT('Ctrl Pts',(-0.860745453786764,13.4998956741473,-4.66673776879586));
#5811=CARTESIAN_POINT('Ctrl Pts',(-0.946225438151325,13.499895674196,-4.62641435943714));
#5812=CARTESIAN_POINT('Ctrl Pts',(-1.08373862965373,13.4998956742669,-4.56271080540637));
#5813=CARTESIAN_POINT('Ctrl Pts',(-1.25582104953666,13.4998956744545,-4.4829994051457));
#5814=CARTESIAN_POINT('Ctrl Pts',(-1.46031192562092,13.4998956745568,-4.38433936026649));
#5815=CARTESIAN_POINT('Ctrl Pts',(-1.66170289370263,13.4998956746513,-4.28079347908295));
#5816=CARTESIAN_POINT('Ctrl Pts',(-1.85930047339111,13.4998956747068,-4.17059647335403));
#5817=CARTESIAN_POINT('Ctrl Pts',(-2.05227237351572,13.49989567475,-4.05206091048789));
#5818=CARTESIAN_POINT('Ctrl Pts',(-2.23925026109163,13.4998956747788,-3.92354382743906));
#5819=CARTESIAN_POINT('Ctrl Pts',(-2.41817086503124,13.4998956747987,-3.78352093816057));
#5820=CARTESIAN_POINT('Ctrl Pts',(-2.5863714584961,13.4998956748156,-3.63056898243616));
#5821=CARTESIAN_POINT('Ctrl Pts',(-2.7406955099836,13.4998956748215,-3.46341388358994));
#5822=CARTESIAN_POINT('Ctrl Pts',(-2.87744337515309,13.499895674828,-3.28141945023533));
#5823=CARTESIAN_POINT('Ctrl Pts',(-2.99269481816465,13.4998956748327,-3.08496055283684));
#5824=CARTESIAN_POINT('Ctrl Pts',(-3.08294465117615,13.4998956748358,-2.87572006560864));
#5825=CARTESIAN_POINT('Ctrl Pts',(-3.14589867419556,13.4998956748381,-2.65663740234781));
#5826=CARTESIAN_POINT('Ctrl Pts',(-3.18103694239513,13.4998956748396,-2.43152177432063));
#5827=CARTESIAN_POINT('Ctrl Pts',(-3.18965700799976,13.4998956748407,-2.20403728565337));
#5828=CARTESIAN_POINT('Ctrl Pts',(-3.17420239644224,13.4998956748414,-1.97702321448204));
#5829=CARTESIAN_POINT('Ctrl Pts',(-3.13753471537199,13.4998956748419,-1.75255764877142));
#5830=CARTESIAN_POINT('Ctrl Pts',(-3.08247307607197,13.4998956748423,-1.53202456351317));
#5831=CARTESIAN_POINT('Ctrl Pts',(-3.0114992907074,13.4998956748426,-1.31620041519187));
#5832=CARTESIAN_POINT('Ctrl Pts',(-2.92666946801609,13.4998956748427,-1.10552435102442));
#5833=CARTESIAN_POINT('Ctrl Pts',(-2.82960233236104,13.4998956748429,-0.900251382533006));
#5834=CARTESIAN_POINT('Ctrl Pts',(-2.7214985534694,13.499895674843,-0.700579024224239));
#5835=CARTESIAN_POINT('Ctrl Pts',(-2.60318234309665,13.499895674843,-0.506773880405156));
#5836=CARTESIAN_POINT('Ctrl Pts',(-2.49650633364426,13.4998956748431,-0.350517507143938));
#5837=CARTESIAN_POINT('Ctrl Pts',(-2.40642275902897,13.4998956748431,-0.228953166540578));
#5838=CARTESIAN_POINT('Ctrl Pts',(-2.31316616191922,13.4998956748431,-0.109814342670862));
#5839=CARTESIAN_POINT('Ctrl Pts',(-2.1906153938318,13.4998956748431,0.0342968034950339));
#5840=CARTESIAN_POINT('Ctrl Pts',(-2.05984839956543,13.4998956748431,0.171056057073414));
#5841=CARTESIAN_POINT('Ctrl Pts',(-1.95008821625949,13.4998956748431,0.275271924714366));
#5842=CARTESIAN_POINT('Ctrl Pts',(-1.83681981073482,13.4998956748431,0.375699971842747));
#5843=CARTESIAN_POINT('Ctrl Pts',(-1.68852275407087,13.4998956748431,0.493483557085302));
#5844=CARTESIAN_POINT('Ctrl Pts',(-1.49946390219763,13.4998956748431,0.619932294690513));
#5845=CARTESIAN_POINT('Ctrl Pts',(-1.29942210261068,13.4998956748431,0.728477924206281));
#5846=CARTESIAN_POINT('Ctrl Pts',(-1.12429716000011,13.4998956748431,0.801367671076608));
#5847=CARTESIAN_POINT('Ctrl Pts',(-0.979978827300145,13.4998956748431,0.84779457999172));
#5848=CARTESIAN_POINT('Ctrl Pts',(-0.833259116502291,13.4998956748431,0.886013865451628));
#5849=CARTESIAN_POINT('Ctrl Pts',(-0.646192749961628,13.4998956748431,0.91793664975229));
#5850=CARTESIAN_POINT('Ctrl Pts',(-0.456768419439503,13.4998956748431,0.928780325384474));
#5851=CARTESIAN_POINT('Ctrl Pts',(-0.305222466437607,13.4998956748431,0.92569326903941));
#5852=CARTESIAN_POINT('Ctrl Pts',(-0.154045904734283,13.4998956748431,0.915207376088681));
#5853=CARTESIAN_POINT('Ctrl Pts',(0.0336418317813804,13.4998956748431,0.889099133965664));
#5854=CARTESIAN_POINT('Ctrl Pts',(0.255548702156308,13.4998956748431,0.839824654071478));
#5855=CARTESIAN_POINT('Ctrl Pts',(0.473307601449086,13.4998956748431,0.775059563917601));
#5856=CARTESIAN_POINT('Ctrl Pts',(0.686285416240882,13.4998956748431,0.696483304708441));
#5857=CARTESIAN_POINT('Ctrl Pts',(0.894160505304274,13.4998956748431,0.60461266327768));
#5858=CARTESIAN_POINT('Ctrl Pts',(1.09511295753184,13.4998956748431,0.497947541279737));
#5859=CARTESIAN_POINT('Ctrl Pts',(1.28447335809425,13.4998956748431,0.371815171806926));
#5860=CARTESIAN_POINT('Ctrl Pts',(1.45287112308256,13.4998956748431,0.217442389247534));
#5861=CARTESIAN_POINT('Ctrl Pts',(1.59580841727247,13.4998956748431,0.0402902466238432));
#5862=CARTESIAN_POINT('Ctrl Pts',(1.67984850076107,13.4998956748431,-0.0858509427461219));
#5863=CARTESIAN_POINT('Ctrl Pts',(1.74822421206757,13.4998956748431,-0.195253118769648));
#5864=CARTESIAN_POINT('Ctrl Pts',(1.77649078886215,13.4998956748431,-0.240479451743584));
#5865=CARTESIAN_POINT('Ctrl Pts',(1.80475736565674,13.4998956748431,-0.285705784717521));
#5866=CARTESIAN_POINT('Ctrl Pts',(1.80729459419203,13.5,-9.80214156850126));
#5867=CARTESIAN_POINT('Ctrl Pts',(1.78845918000411,13.5,-9.80073761537466));
#5868=CARTESIAN_POINT('Ctrl Pts',(1.75079892837228,13.5,-9.79804917998349));
#5869=CARTESIAN_POINT('Ctrl Pts',(1.67538736321916,13.5,-9.79316903310627));
#5870=CARTESIAN_POINT('Ctrl Pts',(1.54336884056637,13.5,-9.78603316885948));
#5871=CARTESIAN_POINT('Ctrl Pts',(1.3548015237791,13.5,-9.78035769937403));
#5872=CARTESIAN_POINT('Ctrl Pts',(1.12835417304039,13.5,-9.78300870821317));
#5873=CARTESIAN_POINT('Ctrl Pts',(0.90212951978531,13.5,-9.79868987617451));
#5874=CARTESIAN_POINT('Ctrl Pts',(0.677878901639867,13.5,-9.83299500425971));
#5875=CARTESIAN_POINT('Ctrl Pts',(0.459525729078786,13.5,-9.8949104647708));
#5876=CARTESIAN_POINT('Ctrl Pts',(0.256187432877171,13.5,-9.99774955666449));
#5877=CARTESIAN_POINT('Ctrl Pts',(0.0880630643250115,13.5,-10.1532304540954));
#5878=CARTESIAN_POINT('Ctrl Pts',(-0.0271697026158536,13.5,-10.3497743587221));
#5879=CARTESIAN_POINT('Ctrl Pts',(-0.104276369621133,13.5,-10.5631634229302));
#5880=CARTESIAN_POINT('Ctrl Pts',(-0.172642151746649,13.5,-10.7791731596379));
#5881=CARTESIAN_POINT('Ctrl Pts',(-0.259049017003877,13.5,-10.9894828853956));
#5882=CARTESIAN_POINT('Ctrl Pts',(-0.384088554788998,13.5,-11.1810038745481));
#5883=CARTESIAN_POINT('Ctrl Pts',(-0.550886762142454,13.5,-11.3374744724822));
#5884=CARTESIAN_POINT('Ctrl Pts',(-0.745842421428876,13.5,-11.4555255201173));
#5885=CARTESIAN_POINT('Ctrl Pts',(-0.956374215165904,13.5,-11.5417076327056));
#5886=CARTESIAN_POINT('Ctrl Pts',(-1.17526169429753,13.5,-11.602521088323));
#5887=CARTESIAN_POINT('Ctrl Pts',(-1.39876426700983,13.5,-11.6423411536923));
#5888=CARTESIAN_POINT('Ctrl Pts',(-1.62461667801538,13.5,-11.6635610504169));
#5889=CARTESIAN_POINT('Ctrl Pts',(-1.85150461057832,13.5,-11.6672448077937));
#5890=CARTESIAN_POINT('Ctrl Pts',(-2.0781468199005,13.5,-11.6533708614703));
#5891=CARTESIAN_POINT('Ctrl Pts',(-2.30289874709339,13.5,-11.621121545203));
#5892=CARTESIAN_POINT('Ctrl Pts',(-2.52389865153311,13.5,-11.5689688827895));
#5893=CARTESIAN_POINT('Ctrl Pts',(-2.73867487394518,13.5,-11.4948916015712));
#5894=CARTESIAN_POINT('Ctrl Pts',(-2.94380306012149,13.5,-11.396763490601));
#5895=CARTESIAN_POINT('Ctrl Pts',(-3.13477779416221,13.5,-11.2731681636249));
#5896=CARTESIAN_POINT('Ctrl Pts',(-3.30664050918013,13.5,-11.1240286426152));
#5897=CARTESIAN_POINT('Ctrl Pts',(-3.45494607885412,13.5,-10.9513607801327));
#5898=CARTESIAN_POINT('Ctrl Pts',(-3.57698561813416,13.5,-10.759265212029));
#5899=CARTESIAN_POINT('Ctrl Pts',(-3.67274351162313,13.5,-10.5530498948409));
#5900=CARTESIAN_POINT('Ctrl Pts',(-3.74448137027627,13.5,-10.3375313448659));
#5901=CARTESIAN_POINT('Ctrl Pts',(-3.79555728590272,13.5,-10.1163081432937));
#5902=CARTESIAN_POINT('Ctrl Pts',(-3.8293926779017,13.5,-9.89188420259421));
#5903=CARTESIAN_POINT('Ctrl Pts',(-3.84907716222437,13.5,-9.66584325945579));
#5904=CARTESIAN_POINT('Ctrl Pts',(-3.85720898395761,13.5,-9.4391356370175));
#5905=CARTESIAN_POINT('Ctrl Pts',(-3.85587344183259,13.4999999999999,-9.21237380323041));
#5906=CARTESIAN_POINT('Ctrl Pts',(-3.84670783243493,13.4999999999999,-8.98591922753497));
#5907=CARTESIAN_POINT('Ctrl Pts',(-3.83089233078836,13.4999999999999,-8.75994743127591));
#5908=CARTESIAN_POINT('Ctrl Pts',(-3.80917739209807,13.4999999999999,-8.53452970294989));
#5909=CARTESIAN_POINT('Ctrl Pts',(-3.78184063347519,13.4999999999998,-8.30970653872015));
#5910=CARTESIAN_POINT('Ctrl Pts',(-3.74876203939973,13.4999999999997,-8.0855630853715));
#5911=CARTESIAN_POINT('Ctrl Pts',(-3.70942654184735,13.4999999999995,-7.86229775624743));
#5912=CARTESIAN_POINT('Ctrl Pts',(-3.66293152098587,13.4999999999993,-7.64030360309998));
#5913=CARTESIAN_POINT('Ctrl Pts',(-3.60795669814555,13.499999999999,-7.42023493460931));
#5914=CARTESIAN_POINT('Ctrl Pts',(-3.54270249130918,13.4999999999986,-7.20299416220887));
#5915=CARTESIAN_POINT('Ctrl Pts',(-3.46487972249202,13.4999999999979,-6.98989446339218));
#5916=CARTESIAN_POINT('Ctrl Pts',(-3.37184716692178,13.499999999997,-6.78288083714407));
#5917=CARTESIAN_POINT('Ctrl Pts',(-3.26096556723511,13.4999999999955,-6.58461296097761));
#5918=CARTESIAN_POINT('Ctrl Pts',(-3.13036542177168,13.4999999999941,-6.39849389821469));
#5919=CARTESIAN_POINT('Ctrl Pts',(-2.97992443436242,13.4999999999915,-6.22805150295412));
#5920=CARTESIAN_POINT('Ctrl Pts',(-2.81136525167052,13.4999999999892,-6.07563122803113));
#5921=CARTESIAN_POINT('Ctrl Pts',(-2.62788342947759,13.4999999999827,-5.94174179336929));
#5922=CARTESIAN_POINT('Ctrl Pts',(-2.43310707327659,13.4999999999741,-5.82526874870624));
#5923=CARTESIAN_POINT('Ctrl Pts',(-2.23008908286225,13.4999999999615,-5.72398373492651));
#5924=CARTESIAN_POINT('Ctrl Pts',(-2.0211276495366,13.4999999999453,-5.63538321154223));
#5925=CARTESIAN_POINT('Ctrl Pts',(-1.808151774798,13.4999999999184,-5.55710958820647));
#5926=CARTESIAN_POINT('Ctrl Pts',(-1.59298068956035,13.4999999998873,-5.48706123340219));
#5927=CARTESIAN_POINT('Ctrl Pts',(-1.37636410330094,13.4999999998498,-5.42293529822656));
#5928=CARTESIAN_POINT('Ctrl Pts',(-1.19458092215407,13.4999999997895,-5.37234541280573));
#5929=CARTESIAN_POINT('Ctrl Pts',(-1.04860973468762,13.4999999997635,-5.33191067485719));
#5930=CARTESIAN_POINT('Ctrl Pts',(-0.957404092251312,13.4999999997196,-5.30614643954496));
#5931=CARTESIAN_POINT('Ctrl Pts',(-0.884683162942105,13.4999999997093,-5.28478555580346));
#5932=CARTESIAN_POINT('Ctrl Pts',(-0.830362862434084,13.499999999696,-5.2682106229561));
#5933=CARTESIAN_POINT('Ctrl Pts',(-0.776366733682101,13.4999999996888,-5.25084950655216));
#5934=CARTESIAN_POINT('Ctrl Pts',(-0.738461733669726,13.4999999996674,-5.23775385990652));
#5935=CARTESIAN_POINT('Ctrl Pts',(-0.716323887977257,13.4999999996651,-5.22966068433487));
#5936=CARTESIAN_POINT('Ctrl Pts',(-0.707483604062475,13.4999999996648,-5.22638614399026));
#5937=CARTESIAN_POINT('Ctrl Pts',(-0.696462754282877,13.4999999996629,-5.22222026154417));
#5938=CARTESIAN_POINT('Ctrl Pts',(-0.683289097112248,13.4999999996609,-5.21709144206305));
#5939=CARTESIAN_POINT('Ctrl Pts',(-0.670172844119832,13.499999999659,-5.21181843815927));
#5940=CARTESIAN_POINT('Ctrl Pts',(-0.660928560824187,13.4999999996566,-5.2079698019487));
#5941=CARTESIAN_POINT('Ctrl Pts',(-0.655508157550757,13.4999999996564,-5.20566387084861));
#5942=CARTESIAN_POINT('Ctrl Pts',(-0.653883234501082,13.4999999996564,-5.20496925357934));
#5943=CARTESIAN_POINT('Ctrl Pts',(-0.652259533453911,13.4999999996563,-5.20427175949913));
#5944=CARTESIAN_POINT('Ctrl Pts',(-0.649014639813355,13.4999999996562,-5.20287096399916));
#5945=CARTESIAN_POINT('Ctrl Pts',(-0.63768004741342,13.4999999996553,-5.19791640202249));
#5946=CARTESIAN_POINT('Ctrl Pts',(-0.624837813837421,13.4999999996402,-5.19200705641318));
#5947=CARTESIAN_POINT('Ctrl Pts',(-0.613204047035726,13.4999999996391,-5.18630481919069));
#5948=CARTESIAN_POINT('Ctrl Pts',(-0.608990591483081,13.4999999996387,-5.18419833339294));
#5949=CARTESIAN_POINT('Ctrl Pts',(-0.604788885161372,13.4999999996384,-5.18206930144362));
#5950=CARTESIAN_POINT('Ctrl Pts',(-0.599559998291903,13.4999999996374,-5.17936458766307));
#5951=CARTESIAN_POINT('Ctrl Pts',(-0.594364787700099,13.4999999996363,-5.17659856566072));
#5952=CARTESIAN_POINT('Ctrl Pts',(-0.590230609021714,13.4999999996359,-5.17434676339715));
#5953=CARTESIAN_POINT('Ctrl Pts',(-0.587656394600551,13.4999999996356,-5.1729227099753));
#5954=CARTESIAN_POINT('Ctrl Pts',(-0.585603030732174,13.4999999996355,-5.17177315181272));
#5955=CARTESIAN_POINT('Ctrl Pts',(-0.583553773236213,13.4999999996355,-5.17061662618108));
#5956=CARTESIAN_POINT('Ctrl Pts',(-0.577935815836174,13.4999999996346,-5.16740709784169));
#5957=CARTESIAN_POINT('Ctrl Pts',(-0.568842353962837,13.4999999996292,-5.16199223009279));
#5958=CARTESIAN_POINT('Ctrl Pts',(-0.558947353776505,13.4999999996239,-5.15565064594964));
#5959=CARTESIAN_POINT('Ctrl Pts',(-0.552151971350915,13.4999999996219,-5.15102135405993));
#5960=CARTESIAN_POINT('Ctrl Pts',(-0.548310005958223,13.4999999996214,-5.14831886145181));
#5961=CARTESIAN_POINT('Ctrl Pts',(-0.545926774008689,13.499999999621,-5.14660543256399));
#5962=CARTESIAN_POINT('Ctrl Pts',(-0.544031433581241,13.4999999996209,-5.14521968535599));
#5963=CARTESIAN_POINT('Ctrl Pts',(-0.542615702111134,13.4999999996208,-5.14417279791872));
#5964=CARTESIAN_POINT('Ctrl Pts',(-0.541440851446062,13.4999999996207,-5.14329400511242));
#5965=CARTESIAN_POINT('Ctrl Pts',(-0.540503976584614,13.4999999996206,-5.14258709033574));
#5966=CARTESIAN_POINT('Ctrl Pts',(-0.539101723780286,13.4999999996206,-5.1415228170067));
#5967=CARTESIAN_POINT('Ctrl Pts',(-0.537707255071163,13.4999999996201,-5.14044879278982));
#5968=CARTESIAN_POINT('Ctrl Pts',(-0.536320800260898,13.4999999996201,-5.13936471008697));
#5969=CARTESIAN_POINT('Ctrl Pts',(-0.535398640831076,13.49999999962,-5.13863930880943));
#5970=CARTESIAN_POINT('Ctrl Pts',(-0.53379077124572,13.4999999996199,-5.13736277850341));
#5971=CARTESIAN_POINT('Ctrl Pts',(-0.531510450519456,13.4999999996192,-5.1355187624882));
#5972=CARTESIAN_POINT('Ctrl Pts',(-0.527900244205446,13.499999999619,-5.13252384520745));
#5973=CARTESIAN_POINT('Ctrl Pts',(-0.511025821906275,13.4999999996071,-5.11797572538613));
#5974=CARTESIAN_POINT('Ctrl Pts',(-0.484171120906238,13.4999999994414,-5.08831951003025));
#5975=CARTESIAN_POINT('Ctrl Pts',(-0.452649941012424,13.4999999994269,-5.01912208425036));
#5976=CARTESIAN_POINT('Ctrl Pts',(-0.460438194201938,13.4999999990522,-4.9594767108045));
#5977=CARTESIAN_POINT('Ctrl Pts',(-0.477731997892817,13.4999999989991,-4.92499439883539));
#5978=CARTESIAN_POINT('Ctrl Pts',(-0.478531640765653,13.4999999990001,-4.92343344168154));
#5979=CARTESIAN_POINT('Ctrl Pts',(-0.47934551364647,13.4999999989994,-4.92187982522087));
#5980=CARTESIAN_POINT('Ctrl Pts',(-0.479967020295067,13.4999999989995,-4.92072025612577));
#5981=CARTESIAN_POINT('Ctrl Pts',(-0.480385400522901,13.4999999989994,-4.91994938284805));
#5982=CARTESIAN_POINT('Ctrl Pts',(-0.480595632930161,13.4999999989994,-4.91956448310578));
#5983=CARTESIAN_POINT('Ctrl Pts',(-0.480806617967709,13.4999999989994,-4.91917999509371));
#5984=CARTESIAN_POINT('Ctrl Pts',(-0.481089177160802,13.4999999989993,-4.91866800349669));
#5985=CARTESIAN_POINT('Ctrl Pts',(-0.481337890535769,13.4999999989993,-4.91822080867736));
#5986=CARTESIAN_POINT('Ctrl Pts',(-0.481552174611431,13.4999999989993,-4.91783809491225));
#5987=CARTESIAN_POINT('Ctrl Pts',(-0.481659521030978,13.4999999989993,-4.91764685049294));
#5988=CARTESIAN_POINT('Ctrl Pts',(-0.481749161723285,13.4999999989993,-4.91748758081335));
#5989=CARTESIAN_POINT('Ctrl Pts',(-0.481820977690524,13.4999999989993,-4.91736022211546));
#5990=CARTESIAN_POINT('Ctrl Pts',(-0.482432036296093,13.4999999989993,-4.91627801348887));
#5991=CARTESIAN_POINT('Ctrl Pts',(-0.484203888102036,13.4999999990003,-4.91320621647254));
#5992=CARTESIAN_POINT('Ctrl Pts',(-0.486648370741705,13.4999999990042,-4.90921361524627));
#5993=CARTESIAN_POINT('Ctrl Pts',(-0.488874323779023,13.4999999990051,-4.90577392622479));
#5994=CARTESIAN_POINT('Ctrl Pts',(-0.490170397714051,13.4999999990054,-4.90382384104868));
#5995=CARTESIAN_POINT('Ctrl Pts',(-0.493450140725495,13.4999999990064,-4.89897440962803));
#5996=CARTESIAN_POINT('Ctrl Pts',(-0.49794209952771,13.4999999990201,-4.89282208456906));
#5997=CARTESIAN_POINT('Ctrl Pts',(-0.503792475155135,13.4999999990229,-4.88549398238732));
#5998=CARTESIAN_POINT('Ctrl Pts',(-0.509842741012201,13.4999999990261,-4.87832547088443));
#5999=CARTESIAN_POINT('Ctrl Pts',(-0.515379957616677,13.4999999990385,-4.87225784746009));
#6000=CARTESIAN_POINT('Ctrl Pts',(-0.520272634615761,13.4999999990395,-4.86719330150052));
#6001=CARTESIAN_POINT('Ctrl Pts',(-0.523572189436563,13.4999999990403,-4.86385265820473));
#6002=CARTESIAN_POINT('Ctrl Pts',(-0.529441559068372,13.4999999990425,-4.85809852939481));
#6003=CARTESIAN_POINT('Ctrl Pts',(-0.535486104875202,13.4999999990527,-4.85252100360532));
#6004=CARTESIAN_POINT('Ctrl Pts',(-0.540771712095336,13.4999999990536,-4.84785456085058));
#6005=CARTESIAN_POINT('Ctrl Pts',(-0.544322446416822,13.4999999990544,-4.84477341777303));
#6006=CARTESIAN_POINT('Ctrl Pts',(-0.550604230369208,13.4999999990571,-4.83945779039334));
#6007=CARTESIAN_POINT('Ctrl Pts',(-0.559756513253322,13.4999999990641,-4.83207103091419));
#6008=CARTESIAN_POINT('Ctrl Pts',(-0.569110225837919,13.4999999990723,-4.82493165839833));
#6009=CARTESIAN_POINT('Ctrl Pts',(-0.58048886034763,13.4999999990736,-4.81656298643623));
#6010=CARTESIAN_POINT('Ctrl Pts',(-0.595916785759219,13.4999999990869,-4.80573948824884));
#6011=CARTESIAN_POINT('Ctrl Pts',(-0.617618308842894,13.4999999991155,-4.79153275013429));
#6012=CARTESIAN_POINT('Ctrl Pts',(-0.649788203411885,13.4999999991311,-4.77177462068706));
#6013=CARTESIAN_POINT('Ctrl Pts',(-0.67852567897305,13.499999999217,-4.75545189354449));
#6014=CARTESIAN_POINT('Ctrl Pts',(-0.703385097316057,13.4999999992243,-4.74192142419285));
#6015=CARTESIAN_POINT('Ctrl Pts',(-0.720015943668186,13.4999999992284,-4.73301585219445));
#6016=CARTESIAN_POINT('Ctrl Pts',(-0.734634487960169,13.4999999992444,-4.72535937138605));
#6017=CARTESIAN_POINT('Ctrl Pts',(-0.74720218141654,13.4999999992457,-4.7188757790956));
#6018=CARTESIAN_POINT('Ctrl Pts',(-0.755590471461784,13.4999999992468,-4.71457362781327));
#6019=CARTESIAN_POINT('Ctrl Pts',(-0.770295168434017,13.4999999992502,-4.7070954958813));
#6020=CARTESIAN_POINT('Ctrl Pts',(-0.799795717280406,13.4999999992559,-4.69232072621347));
#6021=CARTESIAN_POINT('Ctrl Pts',(-0.859132557208223,13.4999999993042,-4.66336174214266));
#6022=CARTESIAN_POINT('Ctrl Pts',(-0.94464454126878,13.4999999993528,-4.62302344086385));
#6023=CARTESIAN_POINT('Ctrl Pts',(-1.08217157623492,13.4999999994237,-4.5593136493663));
#6024=CARTESIAN_POINT('Ctrl Pts',(-1.25422754871251,13.4999999996113,-4.47961480171414));
#6025=CARTESIAN_POINT('Ctrl Pts',(-1.45864819024107,13.4999999997136,-4.38098863555387));
#6026=CARTESIAN_POINT('Ctrl Pts',(-1.65994034377836,13.4999999998081,-4.27749351970799));
#6027=CARTESIAN_POINT('Ctrl Pts',(-1.85741417477173,13.4999999998637,-4.16736532309203));
#6028=CARTESIAN_POINT('Ctrl Pts',(-2.05023756652904,13.4999999999069,-4.04892062890688));
#6029=CARTESIAN_POINT('Ctrl Pts',(-2.23704148937707,13.4999999999357,-3.92052253682635));
#6030=CARTESIAN_POINT('Ctrl Pts',(-2.4157624049164,13.4999999999556,-3.7806550158844));
#6031=CARTESIAN_POINT('Ctrl Pts',(-2.5837395712095,13.4999999999725,-3.62790492233988));
#6032=CARTESIAN_POINT('Ctrl Pts',(-2.73782329519412,13.4999999999784,-3.46100833692933));
#6033=CARTESIAN_POINT('Ctrl Pts',(-2.87432754303027,13.4999999999848,-3.27933598130435));
#6034=CARTESIAN_POINT('Ctrl Pts',(-2.9893518218245,13.4999999999895,-3.08326217414133));
#6035=CARTESIAN_POINT('Ctrl Pts',(-3.079413586442,13.4999999999927,-2.87445649370475));
#6036=CARTESIAN_POINT('Ctrl Pts',(-3.1422362072348,13.4999999999949,-2.65583224576138));
#6037=CARTESIAN_POINT('Ctrl Pts',(-3.17730507485652,13.4999999999965,-2.43116734844406));
#6038=CARTESIAN_POINT('Ctrl Pts',(-3.18591048303646,13.4999999999975,-2.20410109519512));
#6039=CARTESIAN_POINT('Ctrl Pts',(-3.17048240183812,13.4999999999983,-1.97746011089489));
#6040=CARTESIAN_POINT('Ctrl Pts',(-3.13386883384243,13.4999999999988,-1.75332005747251));
#6041=CARTESIAN_POINT('Ctrl Pts',(-3.07887824375745,13.4999999999992,-1.53306863889502));
#6042=CARTESIAN_POINT('Ctrl Pts',(-3.00798533220412,13.4999999999994,-1.31748879066836));
#6043=CARTESIAN_POINT('Ctrl Pts',(-2.92324207675923,13.4999999999996,-1.10702677036111));
#6044=CARTESIAN_POINT('Ctrl Pts',(-2.82626539671921,13.4999999999997,-0.901944552311272));
#6045=CARTESIAN_POINT('Ctrl Pts',(-2.71825596996976,13.4999999999998,-0.702446194575665));
#6046=CARTESIAN_POINT('Ctrl Pts',(-2.60003946182202,13.4999999999999,-0.508804276996117));
#6047=CARTESIAN_POINT('Ctrl Pts',(-2.49345305491935,13.4999999999999,-0.352679201951027));
#6048=CARTESIAN_POINT('Ctrl Pts',(-2.40344689348656,13.4999999999999,-0.231219369193114));
#6049=CARTESIAN_POINT('Ctrl Pts',(-2.31027234000794,13.4999999999999,-0.112185384094433));
#6050=CARTESIAN_POINT('Ctrl Pts',(-2.18783433305093,13.5,0.0317928869156224));
#6051=CARTESIAN_POINT('Ctrl Pts',(-2.05719865086132,13.5,0.168414391419394));
#6052=CARTESIAN_POINT('Ctrl Pts',(-1.94755820990087,13.5,0.272516440299318));
#6053=CARTESIAN_POINT('Ctrl Pts',(-1.83442068412651,13.5,0.37282834737627));
#6054=CARTESIAN_POINT('Ctrl Pts',(-1.68631063581199,13.5,0.490462678299814));
#6055=CARTESIAN_POINT('Ctrl Pts',(-1.49752182378774,13.5,0.616729766610566));
#6056=CARTESIAN_POINT('Ctrl Pts',(-1.29780117723672,13.5,0.725100015633315));
#6057=CARTESIAN_POINT('Ctrl Pts',(-1.12298543418036,13.5,0.797860315210907));
#6058=CARTESIAN_POINT('Ctrl Pts',(-0.978933252835187,13.5,0.844201563707316));
#6059=CARTESIAN_POINT('Ctrl Pts',(-0.83248826594844,13.5,0.882349182907597));
#6060=CARTESIAN_POINT('Ctrl Pts',(-0.645773467191159,13.5,0.914212216807209));
#6061=CARTESIAN_POINT('Ctrl Pts',(-0.456686811990451,13.5,0.925037298109466));
#6062=CARTESIAN_POINT('Ctrl Pts',(-0.305391788811286,13.5,0.921955541069186));
#6063=CARTESIAN_POINT('Ctrl Pts',(-0.154451476707019,13.5,0.911486201184283));
#6064=CARTESIAN_POINT('Ctrl Pts',(0.0329707409526281,13.5,0.88541572931898));
#6065=CARTESIAN_POINT('Ctrl Pts',(0.254604106209791,13.5,0.836202647560889));
#6066=CARTESIAN_POINT('Ctrl Pts',(0.472123069286933,13.5,0.771509361823157));
#6067=CARTESIAN_POINT('Ctrl Pts',(0.684882148692546,13.5,0.693013928554885));
#6068=CARTESIAN_POINT('Ctrl Pts',(0.892533472069376,13.5,0.601241589376383));
#6069=CARTESIAN_POINT('Ctrl Pts',(1.09321961727657,13.5,0.49471607458726));
#6070=CARTESIAN_POINT('Ctrl Pts',(1.28217985811568,13.5,0.368840660091411));
#6071=CARTESIAN_POINT('Ctrl Pts',(1.45010955047336,13.5,0.214897028229438));
#6072=CARTESIAN_POINT('Ctrl Pts',(1.59277229096482,13.5,0.0381002776774292));
#6073=CARTESIAN_POINT('Ctrl Pts',(1.67671622261638,13.5,-0.0878968558900505));
#6074=CARTESIAN_POINT('Ctrl Pts',(1.74505263491374,13.5,-0.197235362813853));
#6075=CARTESIAN_POINT('Ctrl Pts',(1.77331921170832,13.5,-0.242461695787789));
#6076=CARTESIAN_POINT('Ctrl Pts',(1.8015857885029,13.5,-0.287688028761726));
#6077=CARTESIAN_POINT('Ctrl Pts',(1.80743359387993,13.5,-9.80027674606138));
#6078=CARTESIAN_POINT('Ctrl Pts',(1.78859428567279,13.5,-9.79887250622328));
#6079=CARTESIAN_POINT('Ctrl Pts',(1.75092599151379,13.5,-9.79618348658176));
#6080=CARTESIAN_POINT('Ctrl Pts',(1.67549740088215,13.5,-9.7913022510114));
#6081=CARTESIAN_POINT('Ctrl Pts',(1.54344613530419,13.5,-9.78416457620391));
#6082=CARTESIAN_POINT('Ctrl Pts',(1.35482255177907,13.5,-9.77848734457836));
#6083=CARTESIAN_POINT('Ctrl Pts',(1.12828438143222,13.5,-9.78113896749243));
#6084=CARTESIAN_POINT('Ctrl Pts',(0.901932998930052,13.5,-9.79682838506023));
#6085=CARTESIAN_POINT('Ctrl Pts',(0.677496859340194,13.5,-9.83115957903647));
#6086=CARTESIAN_POINT('Ctrl Pts',(0.458866493943319,13.5,-9.89314966089725));
#6087=CARTESIAN_POINT('Ctrl Pts',(0.255126494303297,13.5,-9.99617885061591));
#6088=CARTESIAN_POINT('Ctrl Pts',(0.0865717341630834,13.5,-10.1520538010798));
#6089=CARTESIAN_POINT('Ctrl Pts',(-0.028891177456878,13.5,-10.349019238083));
#6090=CARTESIAN_POINT('Ctrl Pts',(-0.106059383304444,13.5,-10.5626029848176));
#6091=CARTESIAN_POINT('Ctrl Pts',(-0.174413368185389,13.5,-10.7785688530704));
#6092=CARTESIAN_POINT('Ctrl Pts',(-0.260727222937118,13.5,-10.9886323573419));
#6093=CARTESIAN_POINT('Ctrl Pts',(-0.385537189425602,13.5,-11.1797913341233));
#6094=CARTESIAN_POINT('Ctrl Pts',(-0.552011234822682,13.5,-11.3359629187203));
#6095=CARTESIAN_POINT('Ctrl Pts',(-0.746673518560494,13.5,-11.4538424872566));
#6096=CARTESIAN_POINT('Ctrl Pts',(-0.956972244552726,13.5,-11.5399313174543));
#6097=CARTESIAN_POINT('Ctrl Pts',(-1.17567211028818,13.5,-11.6006939808787));
#6098=CARTESIAN_POINT('Ctrl Pts',(-1.39901370465558,13.5,-11.640485710745));
#6099=CARTESIAN_POINT('Ctrl Pts',(-1.62471876853495,13.5,-11.6616920187919));
#6100=CARTESIAN_POINT('Ctrl Pts',(-1.85146319814073,13.5,-11.6653734093904));
#6101=CARTESIAN_POINT('Ctrl Pts',(-2.07795838980773,13.5,-11.6515083371892));
#6102=CARTESIAN_POINT('Ctrl Pts',(-2.30255337995505,13.5,-11.61928121421));
#6103=CARTESIAN_POINT('Ctrl Pts',(-2.52338131366631,13.5,-11.5671686280065));
#6104=CARTESIAN_POINT('Ctrl Pts',(-2.73796800029036,13.5,-11.4931559914356));
#6105=CARTESIAN_POINT('Ctrl Pts',(-2.94289092522925,13.5,-11.3951251580749));
#6106=CARTESIAN_POINT('Ctrl Pts',(-3.13365298442875,13.5,-11.271666535369));
#6107=CARTESIAN_POINT('Ctrl Pts',(-3.30531049853046,13.5,-11.1227044862651));
#6108=CARTESIAN_POINT('Ctrl Pts',(-3.45343697450524,13.5,-10.9502454595291));
#6109=CARTESIAN_POINT('Ctrl Pts',(-3.57533770676469,13.5,-10.7583699345516));
#6110=CARTESIAN_POINT('Ctrl Pts',(-3.67099963317937,13.5,-10.5523638027416));
#6111=CARTESIAN_POINT('Ctrl Pts',(-3.74267699598551,13.5,-10.3370299335306));
#6112=CARTESIAN_POINT('Ctrl Pts',(-3.79371761368168,13.5,-10.11596268031));
#6113=CARTESIAN_POINT('Ctrl Pts',(-3.82753406577368,13.5,-9.8916674876575));
#6114=CARTESIAN_POINT('Ctrl Pts',(-3.84720969289464,13.5,-9.66573179527304));
#6115=CARTESIAN_POINT('Ctrl Pts',(-3.8553386287256,13.5,-9.43911015937122));
#6116=CARTESIAN_POINT('Ctrl Pts',(-3.85400362684935,13.4999999999999,-9.212419042317));
#6117=CARTESIAN_POINT('Ctrl Pts',(-3.84484048958047,13.4999999999999,-8.98602365124032));
#6118=CARTESIAN_POINT('Ctrl Pts',(-3.82902861241822,13.4999999999999,-8.76010307280671));
#6119=CARTESIAN_POINT('Ctrl Pts',(-3.80731821699862,13.4999999999999,-8.53473235184735));
#6120=CARTESIAN_POINT('Ctrl Pts',(-3.77998708278711,13.4999999999998,-8.30995550260002));
#6121=CARTESIAN_POINT('Ctrl Pts',(-3.74691566960066,13.4999999999997,-8.08586089999554));
#6122=CARTESIAN_POINT('Ctrl Pts',(-3.70758973595773,13.4999999999995,-7.86265018458658));
#6123=CARTESIAN_POINT('Ctrl Pts',(-3.66110796961752,13.4999999999993,-7.64071980515377));
#6124=CARTESIAN_POINT('Ctrl Pts',(-3.60615213184906,13.499999999999,-7.42072783392339));
#6125=CARTESIAN_POINT('Ctrl Pts',(-3.54092576398416,13.4999999999986,-7.20358069630342));
#6126=CARTESIAN_POINT('Ctrl Pts',(-3.46314425592977,13.4999999999979,-6.9905952095913));
#6127=CARTESIAN_POINT('Ctrl Pts',(-3.37017238990436,13.499999999997,-6.78371804574204));
#6128=CARTESIAN_POINT('Ctrl Pts',(-3.25937722117263,13.4999999999955,-6.58560606162592));
#6129=CARTESIAN_POINT('Ctrl Pts',(-3.12889262555291,13.4999999999941,-6.39965254504347));
#6130=CARTESIAN_POINT('Ctrl Pts',(-2.97859215699933,13.4999999999915,-6.22936942389554));
#6131=CARTESIAN_POINT('Ctrl Pts',(-2.81018589625665,13.4999999999892,-6.07708689461841));
#6132=CARTESIAN_POINT('Ctrl Pts',(-2.62685382653207,13.4999999999827,-5.94330593455291));
#6133=CARTESIAN_POINT('Ctrl Pts',(-2.43221244955239,13.4999999999741,-5.82691290156634));
#6134=CARTESIAN_POINT('Ctrl Pts',(-2.22930973142039,13.4999999999615,-5.7256848736402));
#6135=CARTESIAN_POINT('Ctrl Pts',(-2.02044315863348,13.4999999999453,-5.63712421286544));
#6136=CARTESIAN_POINT('Ctrl Pts',(-1.80754265937665,13.4999999999184,-5.55887805066045));
#6137=CARTESIAN_POINT('Ctrl Pts',(-1.59242878859774,13.4999999998873,-5.48884816420965));
#6138=CARTESIAN_POINT('Ctrl Pts',(-1.37585134826653,13.4999999998498,-5.42473369902764));
#6139=CARTESIAN_POINT('Ctrl Pts',(-1.1940834597318,13.4999999997895,-5.3741480201441));
#6140=CARTESIAN_POINT('Ctrl Pts',(-1.04810795676596,13.4999999997635,-5.33371209691533));
#6141=CARTESIAN_POINT('Ctrl Pts',(-0.956889229394097,13.4999999997196,-5.30794419519935));
#6142=CARTESIAN_POINT('Ctrl Pts',(-0.884147898365816,13.4999999997093,-5.28657734343671));
#6143=CARTESIAN_POINT('Ctrl Pts',(-0.829805346242969,13.499999999696,-5.26999564435965));
#6144=CARTESIAN_POINT('Ctrl Pts',(-0.775777487352516,13.4999999996888,-5.25262438423701));
#6145=CARTESIAN_POINT('Ctrl Pts',(-0.737840062889367,13.4999999996674,-5.23951761805177));
#6146=CARTESIAN_POINT('Ctrl Pts',(-0.715678134774512,13.4999999996651,-5.23141565281055));
#6147=CARTESIAN_POINT('Ctrl Pts',(-0.706827701762582,13.4999999996648,-5.22813735020747));
#6148=CARTESIAN_POINT('Ctrl Pts',(-0.695793219150531,13.4999999996629,-5.22396632062245));
#6149=CARTESIAN_POINT('Ctrl Pts',(-0.682601435898559,13.4999999996609,-5.21883044865197));
#6150=CARTESIAN_POINT('Ctrl Pts',(-0.669465077657261,13.499999999659,-5.2135493701025));
#6151=CARTESIAN_POINT('Ctrl Pts',(-0.660204949437384,13.4999999996566,-5.20969414353458));
#6152=CARTESIAN_POINT('Ctrl Pts',(-0.654774624810474,13.4999999996564,-5.20738399200391));
#6153=CARTESIAN_POINT('Ctrl Pts',(-0.653146684204564,13.4999999996564,-5.20668808521241));
#6154=CARTESIAN_POINT('Ctrl Pts',(-0.651519923443005,13.4999999996563,-5.20598927582159));
#6155=CARTESIAN_POINT('Ctrl Pts',(-0.648268828546001,13.4999999996562,-5.20458580591154));
#6156=CARTESIAN_POINT('Ctrl Pts',(-0.636911768064903,13.4999999996553,-5.19962141638496));
#6157=CARTESIAN_POINT('Ctrl Pts',(-0.624040212118121,13.4999999996402,-5.19369865719198));
#6158=CARTESIAN_POINT('Ctrl Pts',(-0.612375230640789,13.4999999996391,-5.18798113261165));
#6159=CARTESIAN_POINT('Ctrl Pts',(-0.608149915934551,13.4999999996387,-5.18586871666386));
#6160=CARTESIAN_POINT('Ctrl Pts',(-0.603936005116723,13.4999999996384,-5.1837335023158));
#6161=CARTESIAN_POINT('Ctrl Pts',(-0.598691189919743,13.4999999996374,-5.18102055226931));
#6162=CARTESIAN_POINT('Ctrl Pts',(-0.593479102903888,13.4999999996363,-5.17824554980112));
#6163=CARTESIAN_POINT('Ctrl Pts',(-0.589330820495041,13.4999999996359,-5.1759860662609));
#6164=CARTESIAN_POINT('Ctrl Pts',(-0.586747533712709,13.4999999996356,-5.17455699486632));
#6165=CARTESIAN_POINT('Ctrl Pts',(-0.584686753165747,13.4999999996355,-5.17340328446298));
#6166=CARTESIAN_POINT('Ctrl Pts',(-0.582629971934386,13.4999999996355,-5.17224251323148));
#6167=CARTESIAN_POINT('Ctrl Pts',(-0.576990876839455,13.4999999996346,-5.16902090933483));
#6168=CARTESIAN_POINT('Ctrl Pts',(-0.567860325735743,13.4999999996292,-5.16358400727919));
#6169=CARTESIAN_POINT('Ctrl Pts',(-0.557919283948515,13.4999999996239,-5.15721299102607));
#6170=CARTESIAN_POINT('Ctrl Pts',(-0.551089001397747,13.4999999996219,-5.15255994250623));
#6171=CARTESIAN_POINT('Ctrl Pts',(-0.54722632597692,13.4999999996214,-5.14984288393848));
#6172=CARTESIAN_POINT('Ctrl Pts',(-0.544829829767971,13.499999999621,-5.14811992078032));
#6173=CARTESIAN_POINT('Ctrl Pts',(-0.542923686436064,13.4999999996209,-5.14672627568155));
#6174=CARTESIAN_POINT('Ctrl Pts',(-0.541499758582218,13.4999999996208,-5.1456733269707));
#6175=CARTESIAN_POINT('Ctrl Pts',(-0.540317995953222,13.4999999996207,-5.14478936570639));
#6176=CARTESIAN_POINT('Ctrl Pts',(-0.539375548737118,13.4999999996206,-5.14407824409798));
#6177=CARTESIAN_POINT('Ctrl Pts',(-0.537964878749345,13.4999999996206,-5.14300758836018));
#6178=CARTESIAN_POINT('Ctrl Pts',(-0.536561898154317,13.4999999996201,-5.14192699726171));
#6179=CARTESIAN_POINT('Ctrl Pts',(-0.535166785602179,13.4999999996201,-5.14083615819291));
#6180=CARTESIAN_POINT('Ctrl Pts',(-0.53423885634594,13.49999999962,-5.14010619980403));
#6181=CARTESIAN_POINT('Ctrl Pts',(-0.532620718875361,13.4999999996199,-5.13882156245231));
#6182=CARTESIAN_POINT('Ctrl Pts',(-0.530325677550113,13.4999999996192,-5.13696556097768));
#6183=CARTESIAN_POINT('Ctrl Pts',(-0.526691132362534,13.499999999619,-5.13395060034621));
#6184=CARTESIAN_POINT('Ctrl Pts',(-0.509699464691579,13.4999999996071,-5.11930085988483));
#6185=CARTESIAN_POINT('Ctrl Pts',(-0.482597799206181,13.4999999994414,-5.08938616140927));
#6186=CARTESIAN_POINT('Ctrl Pts',(-0.450696008909575,13.4999999994269,-5.01938487168103));
#6187=CARTESIAN_POINT('Ctrl Pts',(-0.458577521485993,13.4999999990522,-4.95896694204315));
#6188=CARTESIAN_POINT('Ctrl Pts',(-0.476064316555982,13.4999999989991,-4.92414980188131));
#6189=CARTESIAN_POINT('Ctrl Pts',(-0.47687085643644,13.4999999990001,-4.92257295406662));
#6190=CARTESIAN_POINT('Ctrl Pts',(-0.477693396097437,13.4999999989994,-4.92100442584773));
#6191=CARTESIAN_POINT('Ctrl Pts',(-0.478320493981709,13.4999999989995,-4.91983340232477));
#6192=CARTESIAN_POINT('Ctrl Pts',(-0.478743120133364,13.4999999989994,-4.91905518509871));
#6193=CARTESIAN_POINT('Ctrl Pts',(-0.47895529208792,13.4999999989994,-4.91866654261233));
#6194=CARTESIAN_POINT('Ctrl Pts',(-0.479168350060827,13.4999999989994,-4.91827838379692));
#6195=CARTESIAN_POINT('Ctrl Pts',(-0.479453584892897,13.4999999989993,-4.91776147395001));
#6196=CARTESIAN_POINT('Ctrl Pts',(-0.4797046955579,13.4999999989993,-4.91731002187497));
#6197=CARTESIAN_POINT('Ctrl Pts',(-0.479921006740621,13.4999999989993,-4.91692366165794));
#6198=CARTESIAN_POINT('Ctrl Pts',(-0.48002937793444,13.4999999989993,-4.9167306020714));
#6199=CARTESIAN_POINT('Ctrl Pts',(-0.480119866784366,13.4999999989993,-4.91656981969763));
#6200=CARTESIAN_POINT('Ctrl Pts',(-0.480192364569894,13.4999999989993,-4.91644125377664));
#6201=CARTESIAN_POINT('Ctrl Pts',(-0.480809212928672,13.4999999989993,-4.91534879057059));
#6202=CARTESIAN_POINT('Ctrl Pts',(-0.482597683780337,13.4999999990003,-4.91224818672009));
#6203=CARTESIAN_POINT('Ctrl Pts',(-0.485064389891122,13.4999999990042,-4.90821931057899));
#6204=CARTESIAN_POINT('Ctrl Pts',(-0.48730990682296,13.4999999990051,-4.90474939557362));
#6205=CARTESIAN_POINT('Ctrl Pts',(-0.488617172769972,13.4999999990054,-4.90278247063391));
#6206=CARTESIAN_POINT('Ctrl Pts',(-0.491924911369487,13.4999999990064,-4.89789164774713));
#6207=CARTESIAN_POINT('Ctrl Pts',(-0.496453204071543,13.4999999990201,-4.89168970099319));
#6208=CARTESIAN_POINT('Ctrl Pts',(-0.502347209025669,13.4999999990229,-4.884306987059));
#6209=CARTESIAN_POINT('Ctrl Pts',(-0.508440126344159,13.4999999990261,-4.87708797985179));
#6210=CARTESIAN_POINT('Ctrl Pts',(-0.514013076408549,13.4999999990385,-4.87098130593415));
#6211=CARTESIAN_POINT('Ctrl Pts',(-0.518934968458311,13.4999999990395,-4.86588652042494));
#6212=CARTESIAN_POINT('Ctrl Pts',(-0.522253618475452,13.4999999990403,-4.8625265473285));
#6213=CARTESIAN_POINT('Ctrl Pts',(-0.528155367812903,13.4999999990425,-4.85674069551618));
#6214=CARTESIAN_POINT('Ctrl Pts',(-0.53423015113008,13.4999999990527,-4.85113533324446));
#6215=CARTESIAN_POINT('Ctrl Pts',(-0.53954012644681,13.4999999990536,-4.84644737672521));
#6216=CARTESIAN_POINT('Ctrl Pts',(-0.543106700834304,13.4999999990544,-4.84335249067286));
#6217=CARTESIAN_POINT('Ctrl Pts',(-0.549415140836263,13.4999999990571,-4.83801431848208));
#6218=CARTESIAN_POINT('Ctrl Pts',(-0.558602544094604,13.4999999990641,-4.83059926774177));
#6219=CARTESIAN_POINT('Ctrl Pts',(-0.567987702515234,13.4999999990723,-4.82343593017514));
#6220=CARTESIAN_POINT('Ctrl Pts',(-0.579401076906781,13.4999999990736,-4.81504171826169));
#6221=CARTESIAN_POINT('Ctrl Pts',(-0.594870250705526,13.4999999990869,-4.80418937569893));
#6222=CARTESIAN_POINT('Ctrl Pts',(-0.616618303842496,13.4999999991155,-4.789952296445));
#6223=CARTESIAN_POINT('Ctrl Pts',(-0.648842562724054,13.4999999991311,-4.77016089764393));
#6224=CARTESIAN_POINT('Ctrl Pts',(-0.677614132691455,13.499999999217,-4.75381901258913));
#6225=CARTESIAN_POINT('Ctrl Pts',(-0.702496915631555,13.4999999992243,-4.74027579380317));
#6226=CARTESIAN_POINT('Ctrl Pts',(-0.71914182417604,13.4999999992284,-4.73136271204557));
#6227=CARTESIAN_POINT('Ctrl Pts',(-0.733771021989321,13.4999999992444,-4.72370064432771));
#6228=CARTESIAN_POINT('Ctrl Pts',(-0.746346828406921,13.4999999992457,-4.71721287301106));
#6229=CARTESIAN_POINT('Ctrl Pts',(-0.754740298768421,13.4999999992468,-4.71290806226646));
#6230=CARTESIAN_POINT('Ctrl Pts',(-0.769453386967619,13.4999999992502,-4.70542566675597));
#6231=CARTESIAN_POINT('Ctrl Pts',(-0.798968555710513,13.4999999992559,-4.69064357699797));
#6232=CARTESIAN_POINT('Ctrl Pts',(-0.858326893841203,13.4999999993042,-4.66167414383074));
#6233=CARTESIAN_POINT('Ctrl Pts',(-0.94385484110735,13.4999999993528,-4.62132836224262));
#6234=CARTESIAN_POINT('Ctrl Pts',(-1.08138869297423,13.4999999994237,-4.55761542757919));
#6235=CARTESIAN_POINT('Ctrl Pts',(-1.25343124380953,13.4999999996113,-4.4779227504982));
#6236=CARTESIAN_POINT('Ctrl Pts',(-1.45781665443455,13.4999999997136,-4.37931346896339));
#6237=CARTESIAN_POINT('Ctrl Pts',(-1.65905929758327,13.4999999998081,-4.27584368422327));
#6238=CARTESIAN_POINT('Ctrl Pts',(-1.85647119665173,13.4999999998637,-4.16574986023631));
#6239=CARTESIAN_POINT('Ctrl Pts',(-2.04922028756344,13.4999999999069,-4.04735057626144));
#6240=CARTESIAN_POINT('Ctrl Pts',(-2.23593719885508,13.4999999999357,-3.91901196274731));
#6241=CARTESIAN_POINT('Ctrl Pts',(-2.41455825095654,13.4999999999556,-3.77922211276831));
#6242=CARTESIAN_POINT('Ctrl Pts',(-2.5824236854374,13.4999999999725,-3.62657294110419));
#6243=CARTESIAN_POINT('Ctrl Pts',(-2.73638724641024,13.4999999999784,-3.45980560302844));
#6244=CARTESIAN_POINT('Ctrl Pts',(-2.87276968105657,13.4999999999848,-3.27829427893664));
#6245=CARTESIAN_POINT('Ctrl Pts',(-2.98768037523103,13.4999999999895,-3.08241301095349));
#6246=CARTESIAN_POINT('Ctrl Pts',(-3.07764810499159,13.4999999999927,-2.87382472620434));
#6247=CARTESIAN_POINT('Ctrl Pts',(-3.14040502341147,13.4999999999949,-2.65542967906985));
#6248=CARTESIAN_POINT('Ctrl Pts',(-3.17543918946784,13.4999999999965,-2.43099014049778));
#6249=CARTESIAN_POINT('Ctrl Pts',(-3.18403726733845,13.4999999999975,-2.20413299981849));
#6250=CARTESIAN_POINT('Ctrl Pts',(-3.16862245006695,13.4999999999983,-1.97767855460549));
#6251=CARTESIAN_POINT('Ctrl Pts',(-3.13203593740116,13.4999999999988,-1.75370125330977));
#6252=CARTESIAN_POINT('Ctrl Pts',(-3.07708087079517,13.4999999999992,-1.53359066482982));
#6253=CARTESIAN_POINT('Ctrl Pts',(-3.00622839498012,13.4999999999994,-1.31813296348167));
#6254=CARTESIAN_POINT('Ctrl Pts',(-2.92152842201323,13.4999999999996,-1.1077779625682));
#6255=CARTESIAN_POINT('Ctrl Pts',(-2.82459696869441,13.4999999999997,-0.902791117303377));
#6256=CARTESIAN_POINT('Ctrl Pts',(-2.71663471680615,13.4999999999998,-0.703379757713221));
#6257=CARTESIAN_POINT('Ctrl Pts',(-2.59846805886352,13.4999999999999,-0.509819451222249));
#6258=CARTESIAN_POINT('Ctrl Pts',(-2.49192645111775,13.4999999999999,-0.353760023791805));
#6259=CARTESIAN_POINT('Ctrl Pts',(-2.40195899498391,13.4999999999999,-0.23235244403449));
#6260=CARTESIAN_POINT('Ctrl Pts',(-2.30882546318606,13.4999999999999,-0.113370876331284));
#6261=CARTESIAN_POINT('Ctrl Pts',(-2.18644383378695,13.5,0.0305409572724967));
#6262=CARTESIAN_POINT('Ctrl Pts',(-2.05587380698671,13.5,0.167093590266181));
#6263=CARTESIAN_POINT('Ctrl Pts',(-1.9462932345912,13.5,0.271138729534165));
#6264=CARTESIAN_POINT('Ctrl Pts',(-1.83322114812411,13.5,0.371392569336421));
#6265=CARTESIAN_POINT('Ctrl Pts',(-1.68520459960571,13.5,0.488952274479044));
#6266=CARTESIAN_POINT('Ctrl Pts',(-1.49655080547747,13.5,0.615128540276075));
#6267=CARTESIAN_POINT('Ctrl Pts',(-1.29699072714693,13.5,0.72341110185623));
#6268=CARTESIAN_POINT('Ctrl Pts',(-1.12232959140172,13.5,0.796106677157041));
#6269=CARTESIAN_POINT('Ctrl Pts',(-0.978410484799533,13.5,0.842405101321615));
#6270=CARTESIAN_POINT('Ctrl Pts',(-0.832102851740298,13.5,0.880516880300285));
#6271=CARTESIAN_POINT('Ctrl Pts',(-0.645563835558515,13.5,0.912350043753359));
#6272=CARTESIAN_POINT('Ctrl Pts',(-0.456646011306281,13.5,0.9231658250911));
#6273=CARTESIAN_POINT('Ctrl Pts',(-0.305476449632335,13.5,0.920086720607057));
#6274=CARTESIAN_POINT('Ctrl Pts',(-0.154654253519584,13.5,0.909625651810459));
#6275=CARTESIAN_POINT('Ctrl Pts',(0.0326351827513101,13.5,0.883574074485694));
#6276=CARTESIAN_POINT('Ctrl Pts',(0.254131838908831,13.5,0.834391672212025));
#6277=CARTESIAN_POINT('Ctrl Pts',(0.471530768645093,13.5,0.76973431393091));
#6278=CARTESIAN_POINT('Ctrl Pts',(0.684180612514563,13.5,0.691279233700277));
#6279=CARTESIAN_POINT('Ctrl Pts',(0.891719978562806,13.5,0.599556081969692));
#6280=CARTESIAN_POINT('Ctrl Pts',(1.09227295863339,13.5,0.49310035606557));
#6281=CARTESIAN_POINT('Ctrl Pts',(1.2810331307641,13.5,0.367353482000464));
#6282=CARTESIAN_POINT('Ctrl Pts',(1.44872881259484,13.5,0.213624226331413));
#6283=CARTESIAN_POINT('Ctrl Pts',(1.59125431073759,13.5,0.0370054484199094));
#6284=CARTESIAN_POINT('Ctrl Pts',(1.67515013729627,13.5,-0.0889201262766146));
#6285=CARTESIAN_POINT('Ctrl Pts',(1.74346688366374,13.5,-0.198226461506534));
#6286=CARTESIAN_POINT('Ctrl Pts',(1.77173346045832,13.5,-0.24345279448047));
#6287=CARTESIAN_POINT('Ctrl Pts',(1.8000000372529,13.5,-0.288679127454407));
#6288=CARTESIAN_POINT('',(1.8000000372529,13.5,-0.288679127454407));
#6289=CARTESIAN_POINT('',(1.80000003344387,13.4,-0.10000006841138));
#6290=CARTESIAN_POINT('Ctrl Pts',(1.8000000372529,13.5,-0.288679127454407));
#6291=CARTESIAN_POINT('Ctrl Pts',(1.8000000372529,13.5,-0.247345030320902));
#6292=CARTESIAN_POINT('Ctrl Pts',(1.8000000372529,13.4928011943273,-0.207134214049588));
#6293=CARTESIAN_POINT('Ctrl Pts',(1.8000000372529,13.4710360795287,-0.153283333108948));
#6294=CARTESIAN_POINT('Ctrl Pts',(1.8000000372529,13.4603165987197,-0.135890474899471));
#6295=CARTESIAN_POINT('Ctrl Pts',(1.8000000372529,13.4412987777549,-0.116228809346802));
#6296=CARTESIAN_POINT('Ctrl Pts',(1.8000000372529,13.4335298523048,-0.110111335775188));
#6297=CARTESIAN_POINT('Ctrl Pts',(1.8000000372529,13.4208620330821,-0.103992176746947));
#6298=CARTESIAN_POINT('Ctrl Pts',(1.8000000372529,13.4167544972281,-0.102491188586525));
#6299=CARTESIAN_POINT('Ctrl Pts',(1.8000000372529,13.4083935448953,-0.100503865789275));
#6300=CARTESIAN_POINT('Ctrl Pts',(1.8000000372529,13.4042193177319,-0.100000074505805));
#6301=CARTESIAN_POINT('Ctrl Pts',(1.8000000372529,13.4,-0.100000074505805));
#6302=CARTESIAN_POINT('',(1.8000000372529,13.5,-9.79972575751347));
#6303=CARTESIAN_POINT('Ctrl Pts',(1.8000000372529,13.5,-0.288679127454407));
#6304=CARTESIAN_POINT('Ctrl Pts',(1.77173346045832,13.5,-0.24345279448047));
#6305=CARTESIAN_POINT('Ctrl Pts',(1.74346688366374,13.5,-0.198226461506534));
#6306=CARTESIAN_POINT('Ctrl Pts',(1.67515013729627,13.5,-0.0889201262766146));
#6307=CARTESIAN_POINT('Ctrl Pts',(1.59125431073759,13.5,0.0370054484199094));
#6308=CARTESIAN_POINT('Ctrl Pts',(1.44872881259484,13.5,0.213624226331413));
#6309=CARTESIAN_POINT('Ctrl Pts',(1.2810331307641,13.5,0.367353482000464));
#6310=CARTESIAN_POINT('Ctrl Pts',(1.09227295863339,13.5,0.49310035606557));
#6311=CARTESIAN_POINT('Ctrl Pts',(0.891719978562806,13.5,0.599556081969692));
#6312=CARTESIAN_POINT('Ctrl Pts',(0.684180612514563,13.5,0.691279233700277));
#6313=CARTESIAN_POINT('Ctrl Pts',(0.471530768645093,13.5,0.76973431393091));
#6314=CARTESIAN_POINT('Ctrl Pts',(0.254131838908831,13.5,0.834391672212025));
#6315=CARTESIAN_POINT('Ctrl Pts',(0.0326351827513101,13.5,0.883574074485694));
#6316=CARTESIAN_POINT('Ctrl Pts',(-0.154654253519584,13.5,0.909625651810459));
#6317=CARTESIAN_POINT('Ctrl Pts',(-0.305476449632335,13.5,0.920086720607057));
#6318=CARTESIAN_POINT('Ctrl Pts',(-0.456646011306281,13.5,0.9231658250911));
#6319=CARTESIAN_POINT('Ctrl Pts',(-0.645563835558515,13.5,0.912350043753359));
#6320=CARTESIAN_POINT('Ctrl Pts',(-0.832102851740298,13.5,0.880516880300285));
#6321=CARTESIAN_POINT('Ctrl Pts',(-0.978410484799533,13.5,0.842405101321615));
#6322=CARTESIAN_POINT('Ctrl Pts',(-1.12232959140172,13.5,0.796106677157041));
#6323=CARTESIAN_POINT('Ctrl Pts',(-1.29699072714693,13.5,0.72341110185623));
#6324=CARTESIAN_POINT('Ctrl Pts',(-1.49655080547747,13.5,0.615128540276075));
#6325=CARTESIAN_POINT('Ctrl Pts',(-1.68520459960571,13.5,0.488952274479044));
#6326=CARTESIAN_POINT('Ctrl Pts',(-1.83322114812411,13.5,0.371392569336421));
#6327=CARTESIAN_POINT('Ctrl Pts',(-1.9462932345912,13.5,0.271138729534165));
#6328=CARTESIAN_POINT('Ctrl Pts',(-2.05587380698671,13.5,0.167093590266181));
#6329=CARTESIAN_POINT('Ctrl Pts',(-2.18644383378695,13.5,0.0305409572724967));
#6330=CARTESIAN_POINT('Ctrl Pts',(-2.30882546318606,13.4999999999999,-0.113370876331284));
#6331=CARTESIAN_POINT('Ctrl Pts',(-2.40195899498391,13.4999999999999,-0.23235244403449));
#6332=CARTESIAN_POINT('Ctrl Pts',(-2.49192645111775,13.4999999999999,-0.353760023791805));
#6333=CARTESIAN_POINT('Ctrl Pts',(-2.59846805886352,13.4999999999999,-0.509819451222249));
#6334=CARTESIAN_POINT('Ctrl Pts',(-2.71663471680615,13.4999999999998,-0.703379757713221));
#6335=CARTESIAN_POINT('Ctrl Pts',(-2.82459696869441,13.4999999999997,-0.902791117303377));
#6336=CARTESIAN_POINT('Ctrl Pts',(-2.92152842201323,13.4999999999996,-1.1077779625682));
#6337=CARTESIAN_POINT('Ctrl Pts',(-3.00622839498012,13.4999999999994,-1.31813296348167));
#6338=CARTESIAN_POINT('Ctrl Pts',(-3.07708087079517,13.4999999999992,-1.53359066482982));
#6339=CARTESIAN_POINT('Ctrl Pts',(-3.13203593740116,13.4999999999988,-1.75370125330977));
#6340=CARTESIAN_POINT('Ctrl Pts',(-3.16862245006695,13.4999999999983,-1.97767855460549));
#6341=CARTESIAN_POINT('Ctrl Pts',(-3.18403726733845,13.4999999999975,-2.20413299981849));
#6342=CARTESIAN_POINT('Ctrl Pts',(-3.17543918946784,13.4999999999965,-2.43099014049778));
#6343=CARTESIAN_POINT('Ctrl Pts',(-3.14040502341147,13.4999999999949,-2.65542967906985));
#6344=CARTESIAN_POINT('Ctrl Pts',(-3.07764810499159,13.4999999999927,-2.87382472620434));
#6345=CARTESIAN_POINT('Ctrl Pts',(-2.98768037523103,13.4999999999895,-3.08241301095349));
#6346=CARTESIAN_POINT('Ctrl Pts',(-2.87276968105657,13.4999999999848,-3.27829427893664));
#6347=CARTESIAN_POINT('Ctrl Pts',(-2.73638724641024,13.4999999999784,-3.45980560302844));
#6348=CARTESIAN_POINT('Ctrl Pts',(-2.5824236854374,13.4999999999725,-3.62657294110419));
#6349=CARTESIAN_POINT('Ctrl Pts',(-2.41455825095654,13.4999999999556,-3.77922211276831));
#6350=CARTESIAN_POINT('Ctrl Pts',(-2.23593719885508,13.4999999999357,-3.91901196274731));
#6351=CARTESIAN_POINT('Ctrl Pts',(-2.04922028756344,13.4999999999069,-4.04735057626144));
#6352=CARTESIAN_POINT('Ctrl Pts',(-1.85647119665173,13.4999999998637,-4.16574986023631));
#6353=CARTESIAN_POINT('Ctrl Pts',(-1.65905929758327,13.4999999998081,-4.27584368422327));
#6354=CARTESIAN_POINT('Ctrl Pts',(-1.45781665443455,13.4999999997136,-4.37931346896339));
#6355=CARTESIAN_POINT('Ctrl Pts',(-1.25343124380953,13.4999999996113,-4.4779227504982));
#6356=CARTESIAN_POINT('Ctrl Pts',(-1.08138869297423,13.4999999994237,-4.55761542757919));
#6357=CARTESIAN_POINT('Ctrl Pts',(-0.94385484110735,13.4999999993528,-4.62132836224262));
#6358=CARTESIAN_POINT('Ctrl Pts',(-0.858326893841203,13.4999999993042,-4.66167414383074));
#6359=CARTESIAN_POINT('Ctrl Pts',(-0.798968555710513,13.4999999992559,-4.69064357699797));
#6360=CARTESIAN_POINT('Ctrl Pts',(-0.769453386967619,13.4999999992502,-4.70542566675597));
#6361=CARTESIAN_POINT('Ctrl Pts',(-0.754740298768421,13.4999999992468,-4.71290806226646));
#6362=CARTESIAN_POINT('Ctrl Pts',(-0.746346828406921,13.4999999992457,-4.71721287301106));
#6363=CARTESIAN_POINT('Ctrl Pts',(-0.733771021989321,13.4999999992444,-4.72370064432771));
#6364=CARTESIAN_POINT('Ctrl Pts',(-0.71914182417604,13.4999999992284,-4.73136271204557));
#6365=CARTESIAN_POINT('Ctrl Pts',(-0.702496915631555,13.4999999992243,-4.74027579380317));
#6366=CARTESIAN_POINT('Ctrl Pts',(-0.677614132691455,13.499999999217,-4.75381901258913));
#6367=CARTESIAN_POINT('Ctrl Pts',(-0.648842562724054,13.4999999991311,-4.77016089764393));
#6368=CARTESIAN_POINT('Ctrl Pts',(-0.616618303842496,13.4999999991155,-4.789952296445));
#6369=CARTESIAN_POINT('Ctrl Pts',(-0.594870250705526,13.4999999990869,-4.80418937569893));
#6370=CARTESIAN_POINT('Ctrl Pts',(-0.579401076906781,13.4999999990736,-4.81504171826169));
#6371=CARTESIAN_POINT('Ctrl Pts',(-0.567987702515234,13.4999999990723,-4.82343593017514));
#6372=CARTESIAN_POINT('Ctrl Pts',(-0.558602544094604,13.4999999990641,-4.83059926774177));
#6373=CARTESIAN_POINT('Ctrl Pts',(-0.549415140836263,13.4999999990571,-4.83801431848208));
#6374=CARTESIAN_POINT('Ctrl Pts',(-0.543106700834304,13.4999999990544,-4.84335249067286));
#6375=CARTESIAN_POINT('Ctrl Pts',(-0.53954012644681,13.4999999990536,-4.84644737672521));
#6376=CARTESIAN_POINT('Ctrl Pts',(-0.53423015113008,13.4999999990527,-4.85113533324446));
#6377=CARTESIAN_POINT('Ctrl Pts',(-0.528155367812903,13.4999999990425,-4.85674069551618));
#6378=CARTESIAN_POINT('Ctrl Pts',(-0.522253618475452,13.4999999990403,-4.8625265473285));
#6379=CARTESIAN_POINT('Ctrl Pts',(-0.518934968458311,13.4999999990395,-4.86588652042494));
#6380=CARTESIAN_POINT('Ctrl Pts',(-0.514013076408549,13.4999999990385,-4.87098130593415));
#6381=CARTESIAN_POINT('Ctrl Pts',(-0.508440126344159,13.4999999990261,-4.87708797985179));
#6382=CARTESIAN_POINT('Ctrl Pts',(-0.502347209025669,13.4999999990229,-4.884306987059));
#6383=CARTESIAN_POINT('Ctrl Pts',(-0.496453204071543,13.4999999990201,-4.89168970099319));
#6384=CARTESIAN_POINT('Ctrl Pts',(-0.491924911369487,13.4999999990064,-4.89789164774713));
#6385=CARTESIAN_POINT('Ctrl Pts',(-0.488617172769972,13.4999999990054,-4.90278247063391));
#6386=CARTESIAN_POINT('Ctrl Pts',(-0.48730990682296,13.4999999990051,-4.90474939557362));
#6387=CARTESIAN_POINT('Ctrl Pts',(-0.485064389891122,13.4999999990042,-4.90821931057899));
#6388=CARTESIAN_POINT('Ctrl Pts',(-0.482597683780337,13.4999999990003,-4.91224818672009));
#6389=CARTESIAN_POINT('Ctrl Pts',(-0.480809212928672,13.4999999989993,-4.91534879057059));
#6390=CARTESIAN_POINT('Ctrl Pts',(-0.480192364569894,13.4999999989993,-4.91644125377664));
#6391=CARTESIAN_POINT('Ctrl Pts',(-0.480119866784366,13.4999999989993,-4.91656981969763));
#6392=CARTESIAN_POINT('Ctrl Pts',(-0.48002937793444,13.4999999989993,-4.9167306020714));
#6393=CARTESIAN_POINT('Ctrl Pts',(-0.479921006740621,13.4999999989993,-4.91692366165794));
#6394=CARTESIAN_POINT('Ctrl Pts',(-0.4797046955579,13.4999999989993,-4.91731002187497));
#6395=CARTESIAN_POINT('Ctrl Pts',(-0.479453584892897,13.4999999989993,-4.91776147395001));
#6396=CARTESIAN_POINT('Ctrl Pts',(-0.479168350060827,13.4999999989994,-4.91827838379692));
#6397=CARTESIAN_POINT('Ctrl Pts',(-0.47895529208792,13.4999999989994,-4.91866654261233));
#6398=CARTESIAN_POINT('Ctrl Pts',(-0.478743120133364,13.4999999989994,-4.91905518509871));
#6399=CARTESIAN_POINT('Ctrl Pts',(-0.478320493981709,13.4999999989995,-4.91983340232477));
#6400=CARTESIAN_POINT('Ctrl Pts',(-0.477693396097437,13.4999999989994,-4.92100442584773));
#6401=CARTESIAN_POINT('Ctrl Pts',(-0.47687085643644,13.4999999990001,-4.92257295406662));
#6402=CARTESIAN_POINT('Ctrl Pts',(-0.476064316555982,13.4999999989991,-4.92414980188131));
#6403=CARTESIAN_POINT('Ctrl Pts',(-0.458577521485993,13.4999999990522,-4.95896694204315));
#6404=CARTESIAN_POINT('Ctrl Pts',(-0.450696008909575,13.4999999994269,-5.01938487168103));
#6405=CARTESIAN_POINT('Ctrl Pts',(-0.482597799206181,13.4999999994414,-5.08938616140927));
#6406=CARTESIAN_POINT('Ctrl Pts',(-0.509699464691579,13.4999999996071,-5.11930085988483));
#6407=CARTESIAN_POINT('Ctrl Pts',(-0.526691132362534,13.499999999619,-5.13395060034621));
#6408=CARTESIAN_POINT('Ctrl Pts',(-0.530325677550113,13.4999999996192,-5.13696556097768));
#6409=CARTESIAN_POINT('Ctrl Pts',(-0.532620718875361,13.4999999996199,-5.13882156245231));
#6410=CARTESIAN_POINT('Ctrl Pts',(-0.53423885634594,13.49999999962,-5.14010619980403));
#6411=CARTESIAN_POINT('Ctrl Pts',(-0.535166785602179,13.4999999996201,-5.14083615819291));
#6412=CARTESIAN_POINT('Ctrl Pts',(-0.536561898154317,13.4999999996201,-5.14192699726171));
#6413=CARTESIAN_POINT('Ctrl Pts',(-0.537964878749345,13.4999999996206,-5.14300758836018));
#6414=CARTESIAN_POINT('Ctrl Pts',(-0.539375548737118,13.4999999996206,-5.14407824409798));
#6415=CARTESIAN_POINT('Ctrl Pts',(-0.540317995953222,13.4999999996207,-5.14478936570639));
#6416=CARTESIAN_POINT('Ctrl Pts',(-0.541499758582218,13.4999999996208,-5.1456733269707));
#6417=CARTESIAN_POINT('Ctrl Pts',(-0.542923686436064,13.4999999996209,-5.14672627568155));
#6418=CARTESIAN_POINT('Ctrl Pts',(-0.544829829767971,13.499999999621,-5.14811992078032));
#6419=CARTESIAN_POINT('Ctrl Pts',(-0.54722632597692,13.4999999996214,-5.14984288393848));
#6420=CARTESIAN_POINT('Ctrl Pts',(-0.551089001397747,13.4999999996219,-5.15255994250623));
#6421=CARTESIAN_POINT('Ctrl Pts',(-0.557919283948515,13.4999999996239,-5.15721299102607));
#6422=CARTESIAN_POINT('Ctrl Pts',(-0.567860325735743,13.4999999996292,-5.16358400727919));
#6423=CARTESIAN_POINT('Ctrl Pts',(-0.576990876839455,13.4999999996346,-5.16902090933483));
#6424=CARTESIAN_POINT('Ctrl Pts',(-0.582629971934386,13.4999999996355,-5.17224251323148));
#6425=CARTESIAN_POINT('Ctrl Pts',(-0.584686753165747,13.4999999996355,-5.17340328446298));
#6426=CARTESIAN_POINT('Ctrl Pts',(-0.586747533712709,13.4999999996356,-5.17455699486632));
#6427=CARTESIAN_POINT('Ctrl Pts',(-0.589330820495041,13.4999999996359,-5.1759860662609));
#6428=CARTESIAN_POINT('Ctrl Pts',(-0.593479102903888,13.4999999996363,-5.17824554980112));
#6429=CARTESIAN_POINT('Ctrl Pts',(-0.598691189919743,13.4999999996374,-5.18102055226931));
#6430=CARTESIAN_POINT('Ctrl Pts',(-0.603936005116723,13.4999999996384,-5.1837335023158));
#6431=CARTESIAN_POINT('Ctrl Pts',(-0.608149915934551,13.4999999996387,-5.18586871666386));
#6432=CARTESIAN_POINT('Ctrl Pts',(-0.612375230640789,13.4999999996391,-5.18798113261165));
#6433=CARTESIAN_POINT('Ctrl Pts',(-0.624040212118121,13.4999999996402,-5.19369865719198));
#6434=CARTESIAN_POINT('Ctrl Pts',(-0.636911768064903,13.4999999996553,-5.19962141638496));
#6435=CARTESIAN_POINT('Ctrl Pts',(-0.648268828546001,13.4999999996562,-5.20458580591154));
#6436=CARTESIAN_POINT('Ctrl Pts',(-0.651519923443005,13.4999999996563,-5.20598927582159));
#6437=CARTESIAN_POINT('Ctrl Pts',(-0.653146684204564,13.4999999996564,-5.20668808521241));
#6438=CARTESIAN_POINT('Ctrl Pts',(-0.654774624810474,13.4999999996564,-5.20738399200391));
#6439=CARTESIAN_POINT('Ctrl Pts',(-0.660204949437384,13.4999999996566,-5.20969414353458));
#6440=CARTESIAN_POINT('Ctrl Pts',(-0.669465077657261,13.499999999659,-5.2135493701025));
#6441=CARTESIAN_POINT('Ctrl Pts',(-0.682601435898559,13.4999999996609,-5.21883044865197));
#6442=CARTESIAN_POINT('Ctrl Pts',(-0.695793219150531,13.4999999996629,-5.22396632062245));
#6443=CARTESIAN_POINT('Ctrl Pts',(-0.706827701762582,13.4999999996648,-5.22813735020747));
#6444=CARTESIAN_POINT('Ctrl Pts',(-0.715678134774512,13.4999999996651,-5.23141565281055));
#6445=CARTESIAN_POINT('Ctrl Pts',(-0.737840062889367,13.4999999996674,-5.23951761805177));
#6446=CARTESIAN_POINT('Ctrl Pts',(-0.775777487352516,13.4999999996888,-5.25262438423701));
#6447=CARTESIAN_POINT('Ctrl Pts',(-0.829805346242969,13.499999999696,-5.26999564435965));
#6448=CARTESIAN_POINT('Ctrl Pts',(-0.884147898365816,13.4999999997093,-5.28657734343671));
#6449=CARTESIAN_POINT('Ctrl Pts',(-0.956889229394097,13.4999999997196,-5.30794419519935));
#6450=CARTESIAN_POINT('Ctrl Pts',(-1.04810795676596,13.4999999997635,-5.33371209691533));
#6451=CARTESIAN_POINT('Ctrl Pts',(-1.1940834597318,13.4999999997895,-5.3741480201441));
#6452=CARTESIAN_POINT('Ctrl Pts',(-1.37585134826653,13.4999999998498,-5.42473369902764));
#6453=CARTESIAN_POINT('Ctrl Pts',(-1.59242878859774,13.4999999998873,-5.48884816420965));
#6454=CARTESIAN_POINT('Ctrl Pts',(-1.80754265937665,13.4999999999184,-5.55887805066045));
#6455=CARTESIAN_POINT('Ctrl Pts',(-2.02044315863348,13.4999999999453,-5.63712421286544));
#6456=CARTESIAN_POINT('Ctrl Pts',(-2.22930973142039,13.4999999999615,-5.7256848736402));
#6457=CARTESIAN_POINT('Ctrl Pts',(-2.43221244955239,13.4999999999741,-5.82691290156634));
#6458=CARTESIAN_POINT('Ctrl Pts',(-2.62685382653207,13.4999999999827,-5.94330593455291));
#6459=CARTESIAN_POINT('Ctrl Pts',(-2.81018589625665,13.4999999999892,-6.07708689461841));
#6460=CARTESIAN_POINT('Ctrl Pts',(-2.97859215699933,13.4999999999915,-6.22936942389554));
#6461=CARTESIAN_POINT('Ctrl Pts',(-3.12889262555291,13.4999999999941,-6.39965254504347));
#6462=CARTESIAN_POINT('Ctrl Pts',(-3.25937722117263,13.4999999999955,-6.58560606162592));
#6463=CARTESIAN_POINT('Ctrl Pts',(-3.37017238990436,13.499999999997,-6.78371804574204));
#6464=CARTESIAN_POINT('Ctrl Pts',(-3.46314425592977,13.4999999999979,-6.9905952095913));
#6465=CARTESIAN_POINT('Ctrl Pts',(-3.54092576398416,13.4999999999986,-7.20358069630342));
#6466=CARTESIAN_POINT('Ctrl Pts',(-3.60615213184906,13.499999999999,-7.42072783392339));
#6467=CARTESIAN_POINT('Ctrl Pts',(-3.66110796961752,13.4999999999993,-7.64071980515377));
#6468=CARTESIAN_POINT('Ctrl Pts',(-3.70758973595773,13.4999999999995,-7.86265018458658));
#6469=CARTESIAN_POINT('Ctrl Pts',(-3.74691566960066,13.4999999999997,-8.08586089999554));
#6470=CARTESIAN_POINT('Ctrl Pts',(-3.77998708278711,13.4999999999998,-8.30995550260002));
#6471=CARTESIAN_POINT('Ctrl Pts',(-3.80731821699862,13.4999999999999,-8.53473235184735));
#6472=CARTESIAN_POINT('Ctrl Pts',(-3.82902861241822,13.4999999999999,-8.76010307280671));
#6473=CARTESIAN_POINT('Ctrl Pts',(-3.84484048958047,13.4999999999999,-8.98602365124032));
#6474=CARTESIAN_POINT('Ctrl Pts',(-3.85400362684935,13.4999999999999,-9.212419042317));
#6475=CARTESIAN_POINT('Ctrl Pts',(-3.8553386287256,13.5,-9.43911015937122));
#6476=CARTESIAN_POINT('Ctrl Pts',(-3.84720969289464,13.5,-9.66573179527304));
#6477=CARTESIAN_POINT('Ctrl Pts',(-3.82753406577368,13.5,-9.8916674876575));
#6478=CARTESIAN_POINT('Ctrl Pts',(-3.79371761368168,13.5,-10.11596268031));
#6479=CARTESIAN_POINT('Ctrl Pts',(-3.74267699598551,13.5,-10.3370299335306));
#6480=CARTESIAN_POINT('Ctrl Pts',(-3.67099963317937,13.5,-10.5523638027416));
#6481=CARTESIAN_POINT('Ctrl Pts',(-3.57533770676469,13.5,-10.7583699345516));
#6482=CARTESIAN_POINT('Ctrl Pts',(-3.45343697450524,13.5,-10.9502454595291));
#6483=CARTESIAN_POINT('Ctrl Pts',(-3.30531049853046,13.5,-11.1227044862651));
#6484=CARTESIAN_POINT('Ctrl Pts',(-3.13365298442875,13.5,-11.271666535369));
#6485=CARTESIAN_POINT('Ctrl Pts',(-2.94289092522925,13.5,-11.3951251580749));
#6486=CARTESIAN_POINT('Ctrl Pts',(-2.73796800029036,13.5,-11.4931559914356));
#6487=CARTESIAN_POINT('Ctrl Pts',(-2.52338131366631,13.5,-11.5671686280065));
#6488=CARTESIAN_POINT('Ctrl Pts',(-2.30255337995505,13.5,-11.61928121421));
#6489=CARTESIAN_POINT('Ctrl Pts',(-2.07795838980773,13.5,-11.6515083371892));
#6490=CARTESIAN_POINT('Ctrl Pts',(-1.85146319814073,13.5,-11.6653734093904));
#6491=CARTESIAN_POINT('Ctrl Pts',(-1.62471876853495,13.5,-11.6616920187919));
#6492=CARTESIAN_POINT('Ctrl Pts',(-1.39901370465558,13.5,-11.640485710745));
#6493=CARTESIAN_POINT('Ctrl Pts',(-1.17567211028818,13.5,-11.6006939808787));
#6494=CARTESIAN_POINT('Ctrl Pts',(-0.956972244552726,13.5,-11.5399313174543));
#6495=CARTESIAN_POINT('Ctrl Pts',(-0.746673518560494,13.5,-11.4538424872566));
#6496=CARTESIAN_POINT('Ctrl Pts',(-0.552011234822682,13.5,-11.3359629187203));
#6497=CARTESIAN_POINT('Ctrl Pts',(-0.385537189425602,13.5,-11.1797913341233));
#6498=CARTESIAN_POINT('Ctrl Pts',(-0.260727222937118,13.5,-10.9886323573419));
#6499=CARTESIAN_POINT('Ctrl Pts',(-0.174413368185389,13.5,-10.7785688530704));
#6500=CARTESIAN_POINT('Ctrl Pts',(-0.106059383304444,13.5,-10.5626029848176));
#6501=CARTESIAN_POINT('Ctrl Pts',(-0.028891177456878,13.5,-10.349019238083));
#6502=CARTESIAN_POINT('Ctrl Pts',(0.0865717341630834,13.5,-10.1520538010798));
#6503=CARTESIAN_POINT('Ctrl Pts',(0.255126494303297,13.5,-9.99617885061591));
#6504=CARTESIAN_POINT('Ctrl Pts',(0.458866493943319,13.5,-9.89314966089725));
#6505=CARTESIAN_POINT('Ctrl Pts',(0.677496859340194,13.5,-9.83115957903647));
#6506=CARTESIAN_POINT('Ctrl Pts',(0.901932998930052,13.5,-9.79682838506023));
#6507=CARTESIAN_POINT('Ctrl Pts',(1.12828438143222,13.5,-9.78113896749243));
#6508=CARTESIAN_POINT('Ctrl Pts',(1.35482255177907,13.5,-9.77848734457836));
#6509=CARTESIAN_POINT('Ctrl Pts',(1.54344613530419,13.5,-9.78416457620391));
#6510=CARTESIAN_POINT('Ctrl Pts',(1.67549740088215,13.5,-9.7913022510114));
#6511=CARTESIAN_POINT('Ctrl Pts',(1.74844571633098,13.5,-9.79602297970572));
#6512=CARTESIAN_POINT('Ctrl Pts',(1.7836395868703,13.5,-9.79851989458886));
#6513=CARTESIAN_POINT('Ctrl Pts',(1.80000003753587,13.5,-9.79972575367431));
#6514=CARTESIAN_POINT('',(1.80000043805458,13.4,-9.90000010509544));
#6515=CARTESIAN_POINT('Ctrl Pts',(1.8000000372529,13.4,-9.90000007450581));
#6516=CARTESIAN_POINT('Ctrl Pts',(1.8000000372529,13.4129877510248,-9.90000007450581));
#6517=CARTESIAN_POINT('Ctrl Pts',(1.8000000372529,13.425849268165,-9.89746288377206));
#6518=CARTESIAN_POINT('Ctrl Pts',(1.8000000372529,13.4498990591755,-9.88759645688644));
#6519=CARTESIAN_POINT('Ctrl Pts',(1.8000000372529,13.4608519521644,-9.8803558844774));
#6520=CARTESIAN_POINT('Ctrl Pts',(1.8000000372529,13.4794027932565,-9.86206391156097));
#6521=CARTESIAN_POINT('Ctrl Pts',(1.80000003725294,13.4868132622571,-9.85117706664448));
#6522=CARTESIAN_POINT('Ctrl Pts',(1.80000003725294,13.4945887473778,-9.8329593858558));
#6523=CARTESIAN_POINT('Ctrl Pts',(1.8000000372529,13.4966083658409,-9.826487546778));
#6524=CARTESIAN_POINT('Ctrl Pts',(1.8000000372529,13.4993175242691,-9.81323589462187));
#6525=CARTESIAN_POINT('Ctrl Pts',(1.8000000372529,13.5,-9.80648930296087));
#6526=CARTESIAN_POINT('Ctrl Pts',(1.8000000372529,13.5,-9.79972575751347));
#6527=CARTESIAN_POINT('Ctrl Pts',(1.80000043810756,13.4,-9.90000010438462));
#6528=CARTESIAN_POINT('Ctrl Pts',(1.78116112990042,13.4,-9.89859586454651));
#6529=CARTESIAN_POINT('Ctrl Pts',(1.74404725987613,13.4,-9.8959468796686));
#6530=CARTESIAN_POINT('Ctrl Pts',(1.66947262684972,13.4,-9.89112044672251));
#6531=CARTESIAN_POINT('Ctrl Pts',(1.53923001872747,13.4,-9.88408266098049));
#6532=CARTESIAN_POINT('Ctrl Pts',(1.35361050370942,13.4,-9.87850193953355));
#6533=CARTESIAN_POINT('Ctrl Pts',(1.13196174866198,13.4,-9.88112007955388));
#6534=CARTESIAN_POINT('Ctrl Pts',(0.912388848890115,13.4,-9.89637614722447));
#6535=CARTESIAN_POINT('Ctrl Pts',(0.697900771419552,13.4,-9.92930274674494));
#6536=CARTESIAN_POINT('Ctrl Pts',(0.494078413156857,13.4,-9.98731651317801));
#6537=CARTESIAN_POINT('Ctrl Pts',(0.311886356898952,13.4,-10.0801806747046));
#6538=CARTESIAN_POINT('Ctrl Pts',(0.166348417447807,13.4,-10.21491293409));
#6539=CARTESIAN_POINT('Ctrl Pts',(0.063160660047139,13.4,-10.389449724521));
#6540=CARTESIAN_POINT('Ctrl Pts',(-0.0107201964581683,13.4,-10.5925414666381));
#6541=CARTESIAN_POINT('Ctrl Pts',(-0.0797086023477178,13.4,-10.8109016772898));
#6542=CARTESIAN_POINT('Ctrl Pts',(-0.17098325688311,13.4,-11.0341065405888));
#6543=CARTESIAN_POINT('Ctrl Pts',(-0.308075382333384,13.4,-11.2446396874603));
#6544=CARTESIAN_POINT('Ctrl Pts',(-0.49187956030243,13.4,-11.4167938891039));
#6545=CARTESIAN_POINT('Ctrl Pts',(-0.702235802828383,13.4,-11.5438476444717));
#6546=CARTESIAN_POINT('Ctrl Pts',(-0.924990647732875,13.4,-11.6349180600929));
#6547=CARTESIAN_POINT('Ctrl Pts',(-1.15372686902646,13.4,-11.6984026500138));
#6548=CARTESIAN_POINT('Ctrl Pts',(-1.38567447034496,13.4,-11.7397060068909));
#6549=CARTESIAN_POINT('Ctrl Pts',(-1.61926036362578,13.4,-11.7616412939811));
#6550=CARTESIAN_POINT('Ctrl Pts',(-1.85367790691124,13.4,-11.7654478789047));
#6551=CARTESIAN_POINT('Ctrl Pts',(-2.08803544691751,13.4,-11.7511089338486));
#6552=CARTESIAN_POINT('Ctrl Pts',(-2.32102266211716,13.4,-11.7176946736324));
#6553=CARTESIAN_POINT('Ctrl Pts',(-2.55104650821071,13.4,-11.6634385087722));
#6554=CARTESIAN_POINT('Ctrl Pts',(-2.77576907051014,13.4,-11.5859692612054));
#6555=CARTESIAN_POINT('Ctrl Pts',(-2.99166869919859,13.4,-11.4827353091475));
#6556=CARTESIAN_POINT('Ctrl Pts',(-3.19380242819746,13.4,-11.3519685667019));
#6557=CARTESIAN_POINT('Ctrl Pts',(-3.37643309701538,13.4,-11.1935152208853));
#6558=CARTESIAN_POINT('Ctrl Pts',(-3.53413783637587,13.4,-11.0098898588271));
#6559=CARTESIAN_POINT('Ctrl Pts',(-3.66346102496248,13.4,-10.8062467280868));
#6560=CARTESIAN_POINT('Ctrl Pts',(-3.7642561987794,13.4,-10.5890516924913));
#6561=CARTESIAN_POINT('Ctrl Pts',(-3.83916794305317,13.4,-10.363844090229));
#6562=CARTESIAN_POINT('Ctrl Pts',(-3.89209647583528,13.4,-10.1344366108205));
#6563=CARTESIAN_POINT('Ctrl Pts',(-3.92692543882502,13.4,-9.90325679579418));
#6564=CARTESIAN_POINT('Ctrl Pts',(-3.9470745950798,13.4,-9.6716925300342));
#6565=CARTESIAN_POINT('Ctrl Pts',(-3.9553580505753,13.4,-9.44047270362868));
#6566=CARTESIAN_POINT('Ctrl Pts',(-3.95399398518187,13.3999999999999,-9.20999986738604));
#6567=CARTESIAN_POINT('Ctrl Pts',(-3.94469877438462,13.3999999999999,-8.98043955658809));
#6568=CARTESIAN_POINT('Ctrl Pts',(-3.92869287068163,13.3999999999999,-8.75177999768674));
#6569=CARTESIAN_POINT('Ctrl Pts',(-3.90673959395217,13.3999999999999,-8.52389536115028));
#6570=CARTESIAN_POINT('Ctrl Pts',(-3.87910760429055,13.3999999999998,-8.29664181114812));
#6571=CARTESIAN_POINT('Ctrl Pts',(-3.84565213452825,13.3999999999997,-8.06993482213236));
#6572=CARTESIAN_POINT('Ctrl Pts',(-3.80581467222161,13.3999999999995,-7.84380357784257));
#6573=CARTESIAN_POINT('Ctrl Pts',(-3.75862400021994,13.3999999999993,-7.6184627816337));
#6574=CARTESIAN_POINT('Ctrl Pts',(-3.70265275208503,13.399999999999,-7.39436928837768));
#6575=CARTESIAN_POINT('Ctrl Pts',(-3.635937472135,13.3999999999986,-7.17221489876325));
#6576=CARTESIAN_POINT('Ctrl Pts',(-3.55594917466176,13.3999999999979,-6.95312163437693));
#6577=CARTESIAN_POINT('Ctrl Pts',(-3.45973160515559,13.3999999999971,-6.73894708698869));
#6578=CARTESIAN_POINT('Ctrl Pts',(-3.34431374503698,13.3999999999955,-6.53249789989859));
#6579=CARTESIAN_POINT('Ctrl Pts',(-3.20764950430491,13.3999999999941,-6.33769207939081));
#6580=CARTESIAN_POINT('Ctrl Pts',(-3.0498350839598,13.3999999999916,-6.15888946340264));
#6581=CARTESIAN_POINT('Ctrl Pts',(-2.87325002126507,13.3999999999893,-5.9992427456107));
#6582=CARTESIAN_POINT('Ctrl Pts',(-2.68190809389798,13.3999999999828,-5.8596595734363));
#6583=CARTESIAN_POINT('Ctrl Pts',(-2.48004548366355,13.3999999999743,-5.73898668290913));
#6584=CARTESIAN_POINT('Ctrl Pts',(-2.27097462579444,13.3999999999618,-5.63470930435806));
#6585=CARTESIAN_POINT('Ctrl Pts',(-2.05702997825588,13.3999999999457,-5.54401452764642));
#6586=CARTESIAN_POINT('Ctrl Pts',(-1.84009065205175,13.399999999919,-5.46429599280948));
#6587=CARTESIAN_POINT('Ctrl Pts',(-1.62190630279223,13.3999999998881,-5.39327359170845));
#6588=CARTESIAN_POINT('Ctrl Pts',(-1.40322593153643,13.3999999998509,-5.32854107344671));
#6589=CARTESIAN_POINT('Ctrl Pts',(-1.22061579196071,13.3999999997911,-5.27771978634704));
#6590=CARTESIAN_POINT('Ctrl Pts',(-1.07486620071951,13.3999999997652,-5.23734460063364));
#6591=CARTESIAN_POINT('Ctrl Pts',(-0.984330786471064,13.3999999997217,-5.21176546729507));
#6592=CARTESIAN_POINT('Ctrl Pts',(-0.912679459070215,13.3999999997114,-5.19071711294989));
#6593=CARTESIAN_POINT('Ctrl Pts',(-0.859521292095812,13.3999999996983,-5.17449478766167));
#6594=CARTESIAN_POINT('Ctrl Pts',(-0.807189277996479,13.3999999996911,-5.1576655524757));
#6595=CARTESIAN_POINT('Ctrl Pts',(-0.770976980963988,13.3999999996699,-5.1451490831935));
#6596=CARTESIAN_POINT('Ctrl Pts',(-0.750104051141235,13.3999999996676,-5.13751808768428));
#6597=CARTESIAN_POINT('Ctrl Pts',(-0.741795679432209,13.3999999996673,-5.13444054684667));
#6598=CARTESIAN_POINT('Ctrl Pts',(-0.731490010734404,13.3999999996654,-5.13054475030082));
#6599=CARTESIAN_POINT('Ctrl Pts',(-0.719266661689147,13.3999999996634,-5.1257855655326));
#6600=CARTESIAN_POINT('Ctrl Pts',(-0.707204989257817,13.3999999996615,-5.1209361043209));
#6601=CARTESIAN_POINT('Ctrl Pts',(-0.698791327490601,13.3999999996592,-5.11743289036412));
#6602=CARTESIAN_POINT('Ctrl Pts',(-0.693891535682927,13.3999999996589,-5.11534842880073));
#6603=CARTESIAN_POINT('Ctrl Pts',(-0.692424950636376,13.3999999996589,-5.11472149570349));
#6604=CARTESIAN_POINT('Ctrl Pts',(-0.690961780120852,13.3999999996589,-5.11409296041008));
#6605=CARTESIAN_POINT('Ctrl Pts',(-0.688042334601303,13.3999999996587,-5.11283264847843));
#6606=CARTESIAN_POINT('Ctrl Pts',(-0.677886302600814,13.3999999996579,-5.10839324176233));
#6607=CARTESIAN_POINT('Ctrl Pts',(-0.66657823490253,13.3999999996428,-5.10318581976398));
#6608=CARTESIAN_POINT('Ctrl Pts',(-0.656582302658153,13.3999999996418,-5.09828590305183));
#6609=CARTESIAN_POINT('Ctrl Pts',(-0.652990985168892,13.3999999996414,-5.09649043576505));
#6610=CARTESIAN_POINT('Ctrl Pts',(-0.649429664337502,13.3999999996411,-5.09468585765083));
#6611=CARTESIAN_POINT('Ctrl Pts',(-0.64503628986226,13.3999999996401,-5.09241315270244));
#6612=CARTESIAN_POINT('Ctrl Pts',(-0.640726363834729,13.399999999639,-5.09011826686975));
#6613=CARTESIAN_POINT('Ctrl Pts',(-0.637332181316971,13.3999999996386,-5.08826948231535));
#6614=CARTESIAN_POINT('Ctrl Pts',(-0.635233953527206,13.3999999996383,-5.08710871942543));
#6615=CARTESIAN_POINT('Ctrl Pts',(-0.633569755567924,13.3999999996382,-5.08617702868852));
#6616=CARTESIAN_POINT('Ctrl Pts',(-0.631915299160268,13.3999999996382,-5.08524330695055));
#6617=CARTESIAN_POINT('Ctrl Pts',(-0.627406304423614,13.3999999996373,-5.08266729161071));
#6618=CARTESIAN_POINT('Ctrl Pts',(-0.620257460000624,13.3999999996319,-5.07840796566083));
#6619=CARTESIAN_POINT('Ctrl Pts',(-0.612776935564753,13.3999999996267,-5.07361008890129));
#6620=CARTESIAN_POINT('Ctrl Pts',(-0.607812314946638,13.3999999996247,-5.07022719786729));
#6621=CARTESIAN_POINT('Ctrl Pts',(-0.605057012496867,13.3999999996242,-5.06828898363196));
#6622=CARTESIAN_POINT('Ctrl Pts',(-0.603369700716766,13.3999999996238,-5.06707582690994));
#6623=CARTESIAN_POINT('Ctrl Pts',(-0.602041200496227,13.3999999996237,-5.06610450639949));
#6624=CARTESIAN_POINT('Ctrl Pts',(-0.60105559537633,13.3999999996236,-5.06537567671867));
#6625=CARTESIAN_POINT('Ctrl Pts',(-0.600243323738929,13.3999999996235,-5.06476809136164));
#6626=CARTESIAN_POINT('Ctrl Pts',(-0.599599005260724,13.3999999996234,-5.06428192271332));
#6627=CARTESIAN_POINT('Ctrl Pts',(-0.598638050892505,13.3999999996234,-5.06355258606866));
#6628=CARTESIAN_POINT('Ctrl Pts',(-0.597690900581323,13.3999999996229,-5.06282305776142));
#6629=CARTESIAN_POINT('Ctrl Pts',(-0.596757919149645,13.3999999996229,-5.06209355644914));
#6630=CARTESIAN_POINT('Ctrl Pts',(-0.596139696482475,13.3999999996228,-5.06160723333078));
#6631=CARTESIAN_POINT('Ctrl Pts',(-0.595067804607086,13.3999999996227,-5.06075623858628));
#6632=CARTESIAN_POINT('Ctrl Pts',(-0.593564943263749,13.3999999996221,-5.05954086015351));
#6633=CARTESIAN_POINT('Ctrl Pts',(-0.591223122704824,13.3999999996219,-5.05759793453473));
#6634=CARTESIAN_POINT('Ctrl Pts',(-0.580537558462923,13.39999999961,-5.04838444149284));
#6635=CARTESIAN_POINT('Ctrl Pts',(-0.566459308430157,13.3999999994455,-5.0322330979676));
#6636=CARTESIAN_POINT('Ctrl Pts',(-0.555168134688989,13.3999999994311,-5.00524913713633));
#6637=CARTESIAN_POINT('Ctrl Pts',(-0.557214134549464,13.3999999990592,-4.98583994799933));
#6638=CARTESIAN_POINT('Ctrl Pts',(-0.565413511893024,13.3999999990066,-4.96939372889584));
#6639=CARTESIAN_POINT('Ctrl Pts',(-0.565798737762515,13.3999999990075,-4.96864306599279));
#6640=CARTESIAN_POINT('Ctrl Pts',(-0.566193904803619,13.3999999990068,-4.96788817840096));
#6641=CARTESIAN_POINT('Ctrl Pts',(-0.566498790532927,13.3999999990069,-4.96731925303538));
#6642=CARTESIAN_POINT('Ctrl Pts',(-0.566705397915769,13.3999999990068,-4.96693872888705));
#6643=CARTESIAN_POINT('Ctrl Pts',(-0.566809402774676,13.3999999990068,-4.96674823120423));
#6644=CARTESIAN_POINT('Ctrl Pts',(-0.566914092119307,13.3999999990068,-4.96655749062635));
#6645=CARTESIAN_POINT('Ctrl Pts',(-0.567054604049299,13.3999999990068,-4.96630285101906));
#6646=CARTESIAN_POINT('Ctrl Pts',(-0.567178759922672,13.3999999990067,-4.96607961925063));
#6647=CARTESIAN_POINT('Ctrl Pts',(-0.567286052399705,13.3999999990067,-4.96588797949209));
#6648=CARTESIAN_POINT('Ctrl Pts',(-0.567339872628538,13.3999999990067,-4.96579209968805));
#6649=CARTESIAN_POINT('Ctrl Pts',(-0.56738486783882,13.3999999990067,-4.96571214988967));
#6650=CARTESIAN_POINT('Ctrl Pts',(-0.567420951580943,13.3999999990067,-4.96564816028987));
#6651=CARTESIAN_POINT('Ctrl Pts',(-0.567728152106656,13.3999999990068,-4.96510407681455));
#6652=CARTESIAN_POINT('Ctrl Pts',(-0.568627816962329,13.3999999990077,-4.96354385169488));
#6653=CARTESIAN_POINT('Ctrl Pts',(-0.569905518391806,13.3999999990116,-4.96145461578876));
#6654=CARTESIAN_POINT('Ctrl Pts',(-0.571104758698108,13.3999999990125,-4.95960096201649));
#6655=CARTESIAN_POINT('Ctrl Pts',(-0.571813425914017,13.3999999990128,-4.95853459679364));
#6656=CARTESIAN_POINT('Ctrl Pts',(-0.573624128870319,13.3999999990137,-4.95585696607202));
#6657=CARTESIAN_POINT('Ctrl Pts',(-0.576207414805627,13.3999999990274,-4.95230788365779));
#6658=CARTESIAN_POINT('Ctrl Pts',(-0.579767921502368,13.3999999990301,-4.94784537566136));
#6659=CARTESIAN_POINT('Ctrl Pts',(-0.583579592123245,13.3999999990333,-4.94332648139959));
#6660=CARTESIAN_POINT('Ctrl Pts',(-0.587240034420113,13.3999999990456,-4.93930725627822));
#6661=CARTESIAN_POINT('Ctrl Pts',(-0.590599367481519,13.3999999990466,-4.93582952844103));
#6662=CARTESIAN_POINT('Ctrl Pts',(-0.592896815590049,13.3999999990474,-4.93350316895164));
#6663=CARTESIAN_POINT('Ctrl Pts',(-0.597066685217508,13.3999999990496,-4.92941361885962));
#6664=CARTESIAN_POINT('Ctrl Pts',(-0.601523184020435,13.3999999990597,-4.92529618423754));
#6665=CARTESIAN_POINT('Ctrl Pts',(-0.605529827125293,13.3999999990606,-4.92175862862466));
#6666=CARTESIAN_POINT('Ctrl Pts',(-0.608249276757277,13.3999999990614,-4.91939860673039));
#6667=CARTESIAN_POINT('Ctrl Pts',(-0.613131838785097,13.3999999990641,-4.91526589340363));
#6668=CARTESIAN_POINT('Ctrl Pts',(-0.620440257539297,13.3999999990711,-4.90936325895722));
#6669=CARTESIAN_POINT('Ctrl Pts',(-0.628142607838866,13.3999999990792,-4.9034810118181));
#6670=CARTESIAN_POINT('Ctrl Pts',(-0.637698167334785,13.3999999990805,-4.89645240881418));
#6671=CARTESIAN_POINT('Ctrl Pts',(-0.650959509381355,13.3999999990937,-4.88714168875665));
#6672=CARTESIAN_POINT('Ctrl Pts',(-0.670215724028665,13.3999999991221,-4.87452513073951));
#6673=CARTESIAN_POINT('Ctrl Pts',(-0.699530539769392,13.3999999991375,-4.85651191927144));
#6674=CARTESIAN_POINT('Ctrl Pts',(-0.726465923601787,13.3999999992228,-4.84119064459062));
#6675=CARTESIAN_POINT('Ctrl Pts',(-0.75010033003948,13.39999999923,-4.82832622262174));
#6676=CARTESIAN_POINT('Ctrl Pts',(-0.765991466716325,13.3999999992341,-4.81981590628121));
#6677=CARTESIAN_POINT('Ctrl Pts',(-0.780049908021451,13.39999999925,-4.81245036183555));
#6678=CARTESIAN_POINT('Ctrl Pts',(-0.792190956556776,13.3999999992512,-4.80618668536559));
#6679=CARTESIAN_POINT('Ctrl Pts',(-0.800307941865648,13.3999999992524,-4.80202352270958));
#6680=CARTESIAN_POINT('Ctrl Pts',(-0.814570564444304,13.3999999992557,-4.79476970601365));
#6681=CARTESIAN_POINT('Ctrl Pts',(-0.843305822089985,13.3999999992615,-4.78037709444365));
#6682=CARTESIAN_POINT('Ctrl Pts',(-0.901503661549451,13.3999999993093,-4.75196585196248));
#6683=CARTESIAN_POINT('Ctrl Pts',(-0.986173553036349,13.3999999993576,-4.71201589299561));
#6684=CARTESIAN_POINT('Ctrl Pts',(-1.12333014634012,13.399999999428,-4.64846806490535));
#6685=CARTESIAN_POINT('Ctrl Pts',(-1.29606634553652,13.3999999996142,-4.56843258098401));
#6686=CARTESIAN_POINT('Ctrl Pts',(-1.50232185973803,13.3999999997157,-4.46891377425737));
#6687=CARTESIAN_POINT('Ctrl Pts',(-1.70619945312529,13.3999999998095,-4.36408318925882));
#6688=CARTESIAN_POINT('Ctrl Pts',(-1.90691605476272,13.3999999998647,-4.25214747156371));
#6689=CARTESIAN_POINT('Ctrl Pts',(-2.10363258025434,13.3999999999076,-4.13131702645257));
#6690=CARTESIAN_POINT('Ctrl Pts',(-2.29499873107502,13.3999999999362,-3.99979584809141));
#6691=CARTESIAN_POINT('Ctrl Pts',(-2.47895746345154,13.3999999999559,-3.85585107865065));
#6692=CARTESIAN_POINT('Ctrl Pts',(-2.65279534105751,13.3999999999727,-3.69780417203704));
#6693=CARTESIAN_POINT('Ctrl Pts',(-2.81318449276635,13.3999999999785,-3.52412442521798));
#6694=CARTESIAN_POINT('Ctrl Pts',(-2.95608011901494,13.3999999999849,-3.33400133880555));
#6695=CARTESIAN_POINT('Ctrl Pts',(-3.077064241279,13.3999999999896,-3.12782366312438));
#6696=CARTESIAN_POINT('Ctrl Pts',(-3.1720602356499,13.3999999999927,-2.90760959853852));
#6697=CARTESIAN_POINT('Ctrl Pts',(-3.23833031721139,13.399999999995,-2.67695761824643));
#6698=CARTESIAN_POINT('Ctrl Pts',(-3.27521993195568,13.3999999999965,-2.44046662313932));
#6699=CARTESIAN_POINT('Ctrl Pts',(-3.28420979089549,13.3999999999976,-2.20242693956203));
#6700=CARTESIAN_POINT('Ctrl Pts',(-3.26808555678987,13.3999999999983,-1.96599712394214));
#6701=CARTESIAN_POINT('Ctrl Pts',(-3.2300521623349,13.3999999999988,-1.73331645735914));
#6702=CARTESIAN_POINT('Ctrl Pts',(-3.17319740448476,13.3999999999992,-1.50567483877587));
#6703=CARTESIAN_POINT('Ctrl Pts',(-3.10018255848144,13.3999999999994,-1.28368516784404));
#6704=CARTESIAN_POINT('Ctrl Pts',(-3.01316799372865,13.3999999999996,-1.0676071892248));
#6705=CARTESIAN_POINT('Ctrl Pts',(-2.91381799087434,13.3999999999997,-0.857520159919608));
#6706=CARTESIAN_POINT('Ctrl Pts',(-2.80333300115216,13.3999999999998,-0.653456470872885));
#6707=CARTESIAN_POINT('Ctrl Pts',(-2.68250058292901,13.3999999999999,-0.455531911457364));
#6708=CARTESIAN_POINT('Ctrl Pts',(-2.57356316353374,13.3999999999999,-0.295961914490243));
#6709=CARTESIAN_POINT('Ctrl Pts',(-2.48152585415866,13.3999999999999,-0.17176008749659));
#6710=CARTESIAN_POINT('Ctrl Pts',(-2.38619874540628,13.3999999999999,-0.0499753520838008));
#6711=CARTESIAN_POINT('Ctrl Pts',(-2.26080206213882,13.4,0.0974891231466087));
#6712=CARTESIAN_POINT('Ctrl Pts',(-2.12672115265956,13.4,0.237724904043064));
#6713=CARTESIAN_POINT('Ctrl Pts',(-2.01393889961377,13.4,0.344813154303813));
#6714=CARTESIAN_POINT('Ctrl Pts',(-1.89736749492565,13.4,0.448172371401363));
#6715=CARTESIAN_POINT('Ctrl Pts',(-1.74435068102497,13.4,0.569722723416908));
#6716=CARTESIAN_POINT('Ctrl Pts',(-1.54847680135761,13.4,0.700755818957355));
#6717=CARTESIAN_POINT('Ctrl Pts',(-1.34032961816872,13.4,0.813727649447788));
#6718=CARTESIAN_POINT('Ctrl Pts',(-1.15740205000924,13.4,0.889884162406973));
#6719=CARTESIAN_POINT('Ctrl Pts',(-1.00636689741184,13.4,0.938473254792874));
#6720=CARTESIAN_POINT('Ctrl Pts',(-0.852713527979285,13.4,0.978500663482597));
#6721=CARTESIAN_POINT('Ctrl Pts',(-0.656774694908595,13.4,1.01193167293666));
#6722=CARTESIAN_POINT('Ctrl Pts',(-0.458828123892443,13.4,1.02324441299743));
#6723=CARTESIAN_POINT('Ctrl Pts',(-0.300949320098026,13.4,1.02002382066028));
#6724=CARTESIAN_POINT('Ctrl Pts',(-0.143810013663782,13.4,1.0091198087733));
#6725=CARTESIAN_POINT('Ctrl Pts',(0.050577000233909,13.4,0.982059023413126));
#6726=CARTESIAN_POINT('Ctrl Pts',(0.279389209868903,13.4,0.931233711480857));
#6727=CARTESIAN_POINT('Ctrl Pts',(0.503198780688154,13.4,0.864658264812114));
#6728=CARTESIAN_POINT('Ctrl Pts',(0.72170585549341,13.4,0.784038096612867));
#6729=CARTESIAN_POINT('Ctrl Pts',(0.935222888242558,13.4,0.689689147723671));
#6730=CARTESIAN_POINT('Ctrl Pts',(1.14289522179419,13.4,0.579499798333429));
#6731=CARTESIAN_POINT('Ctrl Pts',(1.34235506328612,13.4,0.446887103526225));
#6732=CARTESIAN_POINT('Ctrl Pts',(1.52256717033886,13.4,0.281670269051747));
#6733=CARTESIAN_POINT('Ctrl Pts',(1.67243564800233,13.4,0.095568332057923));
#6734=CARTESIAN_POINT('Ctrl Pts',(1.75890026314927,13.4,-0.0342407120519523));
#6735=CARTESIAN_POINT('Ctrl Pts',(1.79971052574103,13.4,-0.0995368580317692));
#6736=CARTESIAN_POINT('Ctrl Pts',(1.79985528508932,13.4,-0.099768472016525));
#6737=CARTESIAN_POINT('Ctrl Pts',(1.80000003344387,13.4,-0.100000068411377));
#6738=CARTESIAN_POINT('Ctrl Pts',(1.8000000372529,11.,-9.90000007450581));
#6739=CARTESIAN_POINT('Ctrl Pts',(1.8000000372529,13.5,-9.90000007450581));
#6740=CARTESIAN_POINT('Ctrl Pts',(1.51149290687373,11.,-9.87849539919597));
#6741=CARTESIAN_POINT('Ctrl Pts',(1.51149290687373,13.5,-9.87849539919597));
#6742=CARTESIAN_POINT('Ctrl Pts',(1.0052843577198,11.,-9.86425748658082));
#6743=CARTESIAN_POINT('Ctrl Pts',(1.0052843577198,13.5,-9.86425748658082));
#6744=CARTESIAN_POINT('Ctrl Pts',(0.458480029613652,11.,-9.92921896539109));
#6745=CARTESIAN_POINT('Ctrl Pts',(0.458480029613652,13.5,-9.92921896539109));
#6746=CARTESIAN_POINT('Ctrl Pts',(0.099224675321482,11.,-10.1723030978561));
#6747=CARTESIAN_POINT('Ctrl Pts',(0.099224675321482,13.5,-10.1723030978561));
#6748=CARTESIAN_POINT('Ctrl Pts',(-0.0247217465981919,11.,-10.641834234621));
#6749=CARTESIAN_POINT('Ctrl Pts',(-0.0247217465981919,13.5,-10.641834234621));
#6750=CARTESIAN_POINT('Ctrl Pts',(-0.168485327922553,11.,-11.1522182172412));
#6751=CARTESIAN_POINT('Ctrl Pts',(-0.168485327922553,13.5,-11.1522182172412));
#6752=CARTESIAN_POINT('Ctrl Pts',(-0.588369137665192,11.,-11.5757758419558));
#6753=CARTESIAN_POINT('Ctrl Pts',(-0.588369137665192,13.5,-11.5757758419558));
#6754=CARTESIAN_POINT('Ctrl Pts',(-1.40478899503066,11.,-11.8044509167738));
#6755=CARTESIAN_POINT('Ctrl Pts',(-1.40478899503066,13.5,-11.8044509167738));
#6756=CARTESIAN_POINT('Ctrl Pts',(-2.3275336863677,11.,-11.7827435817746));
#6757=CARTESIAN_POINT('Ctrl Pts',(-2.3275336863677,13.5,-11.7827435817746));
#6758=CARTESIAN_POINT('Ctrl Pts',(-3.09117668834102,11.,-11.5087505793777));
#6759=CARTESIAN_POINT('Ctrl Pts',(-3.09117668834102,13.5,-11.5087505793777));
#6760=CARTESIAN_POINT('Ctrl Pts',(-3.61643041158902,11.,-11.0127142626189));
#6761=CARTESIAN_POINT('Ctrl Pts',(-3.61643041158902,13.5,-11.0127142626189));
#6762=CARTESIAN_POINT('Ctrl Pts',(-3.893538847394,11.,-10.3499378942248));
#6763=CARTESIAN_POINT('Ctrl Pts',(-3.893538847394,13.5,-10.3499378942248));
#6764=CARTESIAN_POINT('Ctrl Pts',(-3.97942599241979,11.,-9.58789896115099));
#6765=CARTESIAN_POINT('Ctrl Pts',(-3.97942599241979,13.5,-9.58789896115099));
#6766=CARTESIAN_POINT('Ctrl Pts',(-3.94737046406865,11.,-8.79616248395014));
#6767=CARTESIAN_POINT('Ctrl Pts',(-3.94737046406865,13.5,-8.79616248395014));
#6768=CARTESIAN_POINT('Ctrl Pts',(-3.85480793907376,11.,-8.03450283400324));
#6769=CARTESIAN_POINT('Ctrl Pts',(-3.85480793907376,13.5,-8.03450283400324));
#6770=CARTESIAN_POINT('Ctrl Pts',(-3.71050382081881,11.,-7.34358291104445));
#6771=CARTESIAN_POINT('Ctrl Pts',(-3.71050382081881,13.5,-7.34358291104445));
#6772=CARTESIAN_POINT('Ctrl Pts',(-3.49761218363213,11.,-6.74830113820951));
#6773=CARTESIAN_POINT('Ctrl Pts',(-3.49761218363213,13.5,-6.74830113820951));
#6774=CARTESIAN_POINT('Ctrl Pts',(-3.1886131000846,11.,-6.2597061763937));
#6775=CARTESIAN_POINT('Ctrl Pts',(-3.1886131000846,13.5,-6.2597061763937));
#6776=CARTESIAN_POINT('Ctrl Pts',(-2.76431466320359,11.,-5.87741860814647));
#6777=CARTESIAN_POINT('Ctrl Pts',(-2.76431466320359,13.5,-5.87741860814647));
#6778=CARTESIAN_POINT('Ctrl Pts',(-2.2290728015053,11.,-5.59176856250168));
#6779=CARTESIAN_POINT('Ctrl Pts',(-2.2290728015053,13.5,-5.59176856250168));
#6780=CARTESIAN_POINT('Ctrl Pts',(-1.63269443837887,11.,-5.38607057973289));
#6781=CARTESIAN_POINT('Ctrl Pts',(-1.63269443837887,13.5,-5.38607057973289));
#6782=CARTESIAN_POINT('Ctrl Pts',(-1.0729393038438,11.,-5.23862842498249));
#6783=CARTESIAN_POINT('Ctrl Pts',(-1.0729393038438,13.5,-5.23862842498249));
#6784=CARTESIAN_POINT('Ctrl Pts',(-0.659815023916488,11.,-5.1243282184968));
#6785=CARTESIAN_POINT('Ctrl Pts',(-0.659815023916488,13.5,-5.1243282184968));
#6786=CARTESIAN_POINT('Ctrl Pts',(-0.487392428714487,11.,-5.01629505188552));
#6787=CARTESIAN_POINT('Ctrl Pts',(-0.487392428714487,13.5,-5.01629505188552));
#6788=CARTESIAN_POINT('Ctrl Pts',(-0.60389477337188,11.,-4.88752977981372));
#6789=CARTESIAN_POINT('Ctrl Pts',(-0.60389477337188,13.5,-4.88752977981372));
#6790=CARTESIAN_POINT('Ctrl Pts',(-0.978909744007275,11.,-4.71251251819097));
#6791=CARTESIAN_POINT('Ctrl Pts',(-0.978909744007275,13.5,-4.71251251819097));
#6792=CARTESIAN_POINT('Ctrl Pts',(-1.52612174809817,11.,-4.46946639600284));
#6793=CARTESIAN_POINT('Ctrl Pts',(-1.52612174809817,13.5,-4.46946639600284));
#6794=CARTESIAN_POINT('Ctrl Pts',(-2.13147948842075,11.,-4.14271238458029));
#6795=CARTESIAN_POINT('Ctrl Pts',(-2.13147948842075,13.5,-4.14271238458029));
#6796=CARTESIAN_POINT('Ctrl Pts',(-2.67906533961608,11.,-3.72497981714673));
#6797=CARTESIAN_POINT('Ctrl Pts',(-2.67906533961608,13.5,-3.72497981714673));
#6798=CARTESIAN_POINT('Ctrl Pts',(-3.07837145876649,11.,-3.21983884258124));
#6799=CARTESIAN_POINT('Ctrl Pts',(-3.07837145876649,13.5,-3.21983884258124));
#6800=CARTESIAN_POINT('Ctrl Pts',(-3.28969719678592,11.,-2.64391221210169));
#6801=CARTESIAN_POINT('Ctrl Pts',(-3.28969719678592,13.5,-2.64391221210169));
#6802=CARTESIAN_POINT('Ctrl Pts',(-3.31117726932615,11.,-2.02316352922074));
#6803=CARTESIAN_POINT('Ctrl Pts',(-3.31117726932615,13.5,-2.02316352922074));
#6804=CARTESIAN_POINT('Ctrl Pts',(-3.1675064602558,11.,-1.38945929879232));
#6805=CARTESIAN_POINT('Ctrl Pts',(-3.1675064602558,13.5,-1.38945929879232));
#6806=CARTESIAN_POINT('Ctrl Pts',(-2.89772873515565,11.,-0.777003950817835));
#6807=CARTESIAN_POINT('Ctrl Pts',(-2.89772873515565,13.5,-0.777003950817835));
#6808=CARTESIAN_POINT('Ctrl Pts',(-2.5444224035926,11.,-0.218953253346888));
#6809=CARTESIAN_POINT('Ctrl Pts',(-2.5444224035926,13.5,-0.218953253346888));
#6810=CARTESIAN_POINT('Ctrl Pts',(-2.14001968919703,11.,0.256326970446996));
#6811=CARTESIAN_POINT('Ctrl Pts',(-2.14001968919703,13.5,0.256326970446996));
#6812=CARTESIAN_POINT('Ctrl Pts',(-1.70350855834632,11.,0.627719606592449));
#6813=CARTESIAN_POINT('Ctrl Pts',(-1.70350855834632,13.5,0.627719606592449));
#6814=CARTESIAN_POINT('Ctrl Pts',(-1.24681035549289,11.,0.882426103979816));
#6815=CARTESIAN_POINT('Ctrl Pts',(-1.24681035549289,13.5,0.882426103979816));
#6816=CARTESIAN_POINT('Ctrl Pts',(-0.778756142483213,11.,1.01770476297447));
#6817=CARTESIAN_POINT('Ctrl Pts',(-0.778756142483213,13.5,1.01770476297447));
#6818=CARTESIAN_POINT('Ctrl Pts',(-0.309434339730893,11.,1.041807075401));
#6819=CARTESIAN_POINT('Ctrl Pts',(-0.309434339730893,13.5,1.041807075401));
#6820=CARTESIAN_POINT('Ctrl Pts',(0.144169634738954,11.,0.976673597109019));
#6821=CARTESIAN_POINT('Ctrl Pts',(0.144169634738954,13.5,0.976673597109019));
#6822=CARTESIAN_POINT('Ctrl Pts',(0.558356805569269,11.,0.854891652664193));
#6823=CARTESIAN_POINT('Ctrl Pts',(0.558356805569269,13.5,0.854891652664193));
#6824=CARTESIAN_POINT('Ctrl Pts',(0.912604982936749,11.,0.707325969844383));
#6825=CARTESIAN_POINT('Ctrl Pts',(0.912604982936749,13.5,0.707325969844383));
#6826=CARTESIAN_POINT('Ctrl Pts',(1.1960401431739,11.,0.554274915662363));
#6827=CARTESIAN_POINT('Ctrl Pts',(1.1960401431739,13.5,0.554274915662363));
#6828=CARTESIAN_POINT('Ctrl Pts',(1.41769986682597,11.,0.392333369029548));
#6829=CARTESIAN_POINT('Ctrl Pts',(1.41769986682597,13.5,0.392333369029548));
#6830=CARTESIAN_POINT('Ctrl Pts',(1.56956747769718,11.,0.232243778505692));
#6831=CARTESIAN_POINT('Ctrl Pts',(1.56956747769718,13.5,0.232243778505692));
#6832=CARTESIAN_POINT('Ctrl Pts',(1.68305251088418,11.,0.0804878950169256));
#6833=CARTESIAN_POINT('Ctrl Pts',(1.68305251088418,13.5,0.0804878950169256));
#6834=CARTESIAN_POINT('Ctrl Pts',(1.76068857281459,11.,-0.0371019955024508));
#6835=CARTESIAN_POINT('Ctrl Pts',(1.76068857281459,13.5,-0.0371019955024508));
#6836=CARTESIAN_POINT('Ctrl Pts',(1.8000000372529,11.,-0.100000074505805));
#6837=CARTESIAN_POINT('Ctrl Pts',(1.8000000372529,13.5,-0.100000074505805));
#6838=CARTESIAN_POINT('',(1.80000042736529,11.,-9.90000007450581));
#6839=CARTESIAN_POINT('',(1.80000042736529,11.,-9.90000007450581));
#6840=CARTESIAN_POINT('',(1.80000001013276,11.,-0.100000074505805));
#6841=CARTESIAN_POINT('Ctrl Pts',(1.80000002963484,11.,-0.100000062316955));
#6842=CARTESIAN_POINT('Ctrl Pts',(1.76068856679664,11.,-0.0371019863874795));
#6843=CARTESIAN_POINT('Ctrl Pts',(1.68305250648579,11.,0.0804879008985984));
#6844=CARTESIAN_POINT('Ctrl Pts',(1.56956747475418,11.,0.232243781608025));
#6845=CARTESIAN_POINT('Ctrl Pts',(1.41769986510778,11.,0.392333370284836));
#6846=CARTESIAN_POINT('Ctrl Pts',(1.1960401431739,11.,0.554274915662363));
#6847=CARTESIAN_POINT('Ctrl Pts',(0.912604982936749,11.,0.707325969844383));
#6848=CARTESIAN_POINT('Ctrl Pts',(0.558356805569269,11.,0.854891652664193));
#6849=CARTESIAN_POINT('Ctrl Pts',(0.144169634738954,11.,0.976673597109019));
#6850=CARTESIAN_POINT('Ctrl Pts',(-0.309434339730893,11.,1.041807075401));
#6851=CARTESIAN_POINT('Ctrl Pts',(-0.778756142483213,11.,1.01770476297447));
#6852=CARTESIAN_POINT('Ctrl Pts',(-1.24681035549289,11.,0.882426103979816));
#6853=CARTESIAN_POINT('Ctrl Pts',(-1.70350855834632,11.,0.627719606592449));
#6854=CARTESIAN_POINT('Ctrl Pts',(-2.14001968919703,11.,0.256326970446996));
#6855=CARTESIAN_POINT('Ctrl Pts',(-2.5444224035926,11.,-0.218953253346888));
#6856=CARTESIAN_POINT('Ctrl Pts',(-2.89772873515565,11.,-0.777003950817835));
#6857=CARTESIAN_POINT('Ctrl Pts',(-3.1675064602558,11.,-1.38945929879232));
#6858=CARTESIAN_POINT('Ctrl Pts',(-3.31117726932615,11.,-2.02316352922074));
#6859=CARTESIAN_POINT('Ctrl Pts',(-3.28969719678592,11.,-2.64391221210169));
#6860=CARTESIAN_POINT('Ctrl Pts',(-3.07837145876649,11.,-3.21983884258124));
#6861=CARTESIAN_POINT('Ctrl Pts',(-2.67906533961608,11.,-3.72497981714673));
#6862=CARTESIAN_POINT('Ctrl Pts',(-2.13147948842075,11.,-4.14271238458029));
#6863=CARTESIAN_POINT('Ctrl Pts',(-1.52612174809817,11.,-4.46946639600284));
#6864=CARTESIAN_POINT('Ctrl Pts',(-0.978909744007275,11.,-4.71251251819097));
#6865=CARTESIAN_POINT('Ctrl Pts',(-0.60389477337188,11.,-4.88752977981372));
#6866=CARTESIAN_POINT('Ctrl Pts',(-0.487392428714487,11.,-5.01629505188552));
#6867=CARTESIAN_POINT('Ctrl Pts',(-0.659815023916488,11.,-5.1243282184968));
#6868=CARTESIAN_POINT('Ctrl Pts',(-1.0729393038438,11.,-5.23862842498249));
#6869=CARTESIAN_POINT('Ctrl Pts',(-1.63269443837887,11.,-5.38607057973289));
#6870=CARTESIAN_POINT('Ctrl Pts',(-2.2290728015053,11.,-5.59176856250168));
#6871=CARTESIAN_POINT('Ctrl Pts',(-2.76431466320359,11.,-5.87741860814647));
#6872=CARTESIAN_POINT('Ctrl Pts',(-3.1886131000846,11.,-6.2597061763937));
#6873=CARTESIAN_POINT('Ctrl Pts',(-3.49761218363213,11.,-6.74830113820951));
#6874=CARTESIAN_POINT('Ctrl Pts',(-3.71050382081881,11.,-7.34358291104445));
#6875=CARTESIAN_POINT('Ctrl Pts',(-3.85480793907376,11.,-8.03450283400324));
#6876=CARTESIAN_POINT('Ctrl Pts',(-3.94737046406865,11.,-8.79616248395014));
#6877=CARTESIAN_POINT('Ctrl Pts',(-3.97942599241979,11.,-9.58789896115099));
#6878=CARTESIAN_POINT('Ctrl Pts',(-3.893538847394,11.,-10.3499378942248));
#6879=CARTESIAN_POINT('Ctrl Pts',(-3.61643041158902,11.,-11.0127142626189));
#6880=CARTESIAN_POINT('Ctrl Pts',(-3.09117668834102,11.,-11.5087505793777));
#6881=CARTESIAN_POINT('Ctrl Pts',(-2.3275336863677,11.,-11.7827435817746));
#6882=CARTESIAN_POINT('Ctrl Pts',(-1.40478899503066,11.,-11.8044509167738));
#6883=CARTESIAN_POINT('Ctrl Pts',(-0.588369137665192,11.,-11.5757758419558));
#6884=CARTESIAN_POINT('Ctrl Pts',(-0.168485327922553,11.,-11.1522182172412));
#6885=CARTESIAN_POINT('Ctrl Pts',(-0.0247217465981919,11.,-10.641834234621));
#6886=CARTESIAN_POINT('Ctrl Pts',(0.099224675321482,11.,-10.1723030978561));
#6887=CARTESIAN_POINT('Ctrl Pts',(0.458480029613652,11.,-9.92921896539109));
#6888=CARTESIAN_POINT('Ctrl Pts',(1.0052843577198,11.,-9.86425748658082));
#6889=CARTESIAN_POINT('Ctrl Pts',(1.51149290687373,11.,-9.87849539919597));
#6890=CARTESIAN_POINT('Ctrl Pts',(1.8000000372529,11.,-9.90000007450581));
#6891=CARTESIAN_POINT('',(1.80000001013276,11.,-0.100000074505805));
#6892=CARTESIAN_POINT('Ctrl Pts',(1.07235431566436,13.4,-0.558411663711328));
#6893=CARTESIAN_POINT('Ctrl Pts',(1.07181032909378,13.4,-0.557541288852959));
#6894=CARTESIAN_POINT('Ctrl Pts',(1.07126634252321,13.4,-0.55667091399459));
#6895=CARTESIAN_POINT('Ctrl Pts',(1.03613843737388,13.4,-0.500466501748084));
#6896=CARTESIAN_POINT('Ctrl Pts',(0.963717099131279,13.4,-0.391994856355787));
#6897=CARTESIAN_POINT('Ctrl Pts',(0.864520890504064,13.4,-0.277393247028876));
#6898=CARTESIAN_POINT('Ctrl Pts',(0.770833452289421,13.4,-0.205865389307748));
#6899=CARTESIAN_POINT('Ctrl Pts',(0.664740612459449,13.4,-0.139047036906446));
#6900=CARTESIAN_POINT('Ctrl Pts',(0.406110352808531,13.4,-0.00816773246720679));
#6901=CARTESIAN_POINT('Ctrl Pts',(0.0947668882291536,13.4,0.0996957814048145));
#6902=CARTESIAN_POINT('Ctrl Pts',(-0.28499456428862,13.4,0.164802244446301));
#6903=CARTESIAN_POINT('Ctrl Pts',(-0.602607665826299,13.4,0.166972225507531));
#6904=CARTESIAN_POINT('Ctrl Pts',(-0.962593882134684,13.4,0.0555234561674378));
#6905=CARTESIAN_POINT('Ctrl Pts',(-1.28732053692124,13.4,-0.151888028225478));
#6906=CARTESIAN_POINT('Ctrl Pts',(-1.66952350891345,13.4,-0.505785729746182));
#6907=CARTESIAN_POINT('Ctrl Pts',(-2.06025019960946,13.4,-1.03763220318721));
#6908=CARTESIAN_POINT('Ctrl Pts',(-2.33601516125986,13.4,-1.63710285312812));
#6909=CARTESIAN_POINT('Ctrl Pts',(-2.4332356527228,13.4,-2.14371310309837));
#6910=CARTESIAN_POINT('Ctrl Pts',(-2.41003631058799,13.4,-2.52055366411664));
#6911=CARTESIAN_POINT('Ctrl Pts',(-2.25620828424407,13.4,-2.86019664530348));
#6912=CARTESIAN_POINT('Ctrl Pts',(-1.9702473080847,13.4,-3.17628857931443));
#6913=CARTESIAN_POINT('Ctrl Pts',(-1.57981584786921,13.4,-3.45612376758823));
#6914=CARTESIAN_POINT('Ctrl Pts',(-1.11335449128237,13.4,-3.70739576187598));
#6915=CARTESIAN_POINT('Ctrl Pts',(-0.707134920749367,13.4,-3.89216289797192));
#6916=CARTESIAN_POINT('Ctrl Pts',(-0.37869866449382,13.4,-4.04795478245763));
#6917=CARTESIAN_POINT('Ctrl Pts',(-0.131914196419501,13.4,-4.18820394982493));
#6918=CARTESIAN_POINT('Ctrl Pts',(0.0914969345040492,13.4,-4.38670662116556));
#6919=CARTESIAN_POINT('Ctrl Pts',(0.30370326595171,13.4,-4.73414064533723));
#6920=CARTESIAN_POINT('Ctrl Pts',(0.331881445437993,13.4,-5.21134435214996));
#6921=CARTESIAN_POINT('Ctrl Pts',(0.0712998392741141,13.4,-5.66360043878291));
#6922=CARTESIAN_POINT('Ctrl Pts',(-0.312299934238018,13.4,-5.90812518939129));
#6923=CARTESIAN_POINT('Ctrl Pts',(-0.710797670001065,13.4,-6.02982172324138));
#6924=CARTESIAN_POINT('Ctrl Pts',(-1.22940717830406,13.4,-6.17172752909662));
#6925=CARTESIAN_POINT('Ctrl Pts',(-1.86648584071354,13.4,-6.36372095309302));
#6926=CARTESIAN_POINT('Ctrl Pts',(-2.37068763732362,13.4,-6.66156074429426));
#6927=CARTESIAN_POINT('Ctrl Pts',(-2.59808942559694,13.4,-6.96186124416463));
#6928=CARTESIAN_POINT('Ctrl Pts',(-2.72393280113661,13.4,-7.18267544808977));
#6929=CARTESIAN_POINT('Ctrl Pts',(-2.88499965880234,13.4,-7.60904338731579));
#6930=CARTESIAN_POINT('Ctrl Pts',(-3.01685870070666,13.4,-8.26180334888437));
#6931=CARTESIAN_POINT('Ctrl Pts',(-3.10060288929748,13.4,-9.0559958531893));
#6932=CARTESIAN_POINT('Ctrl Pts',(-3.09962509927095,13.4,-9.7207175758074));
#6933=CARTESIAN_POINT('Ctrl Pts',(-3.00835423011411,13.4,-10.163934341314));
#6934=CARTESIAN_POINT('Ctrl Pts',(-2.90988233447852,13.4,-10.3929099364561));
#6935=CARTESIAN_POINT('Ctrl Pts',(-2.77513738766838,13.4,-10.5938716465769));
#6936=CARTESIAN_POINT('Ctrl Pts',(-2.52660607422694,13.4,-10.7735611872253));
#6937=CARTESIAN_POINT('Ctrl Pts',(-2.15947888572325,13.4,-10.8827815481244));
#6938=CARTESIAN_POINT('Ctrl Pts',(-1.77304702040215,13.3999999999999,-10.9139672606133));
#6939=CARTESIAN_POINT('Ctrl Pts',(-1.45225742793193,13.3999999999999,-10.8848157806694));
#6940=CARTESIAN_POINT('Ctrl Pts',(-1.23540109114101,13.3999999999998,-10.8294397412368));
#6941=CARTESIAN_POINT('Ctrl Pts',(-1.12148901748269,13.3999999999998,-10.7858600431749));
#6942=CARTESIAN_POINT('Ctrl Pts',(-1.04208283540106,13.3999999999998,-10.7447189269355));
#6943=CARTESIAN_POINT('Ctrl Pts',(-0.981384959124586,13.3999999999998,-10.6985196096789));
#6944=CARTESIAN_POINT('Ctrl Pts',(-0.949491205192289,13.3999999999998,-10.6518572929116));
#6945=CARTESIAN_POINT('Ctrl Pts',(-0.923623811263626,13.3999999999998,-10.5989906507766));
#6946=CARTESIAN_POINT('Ctrl Pts',(-0.900337569446118,13.3999999999998,-10.5426628079097));
#6947=CARTESIAN_POINT('Ctrl Pts',(-0.841397196006538,13.3999999999998,-10.3743488518598));
#6948=CARTESIAN_POINT('Ctrl Pts',(-0.747470584811241,13.3999999999999,-10.073672069441));
#6949=CARTESIAN_POINT('Ctrl Pts',(-0.533162504489943,13.3999999999999,-9.69669021501834));
#6950=CARTESIAN_POINT('Ctrl Pts',(-0.220579564208048,13.3999999999999,-9.3900459880313));
#6951=CARTESIAN_POINT('Ctrl Pts',(0.29009279364519,13.4,-9.11554520202996));
#6952=CARTESIAN_POINT('Ctrl Pts',(0.989487526980256,13.4,-9.00364423715217));
#6953=CARTESIAN_POINT('Ctrl Pts',(1.53499462624714,13.4,-9.01966983102749));
#6954=CARTESIAN_POINT('Ctrl Pts',(1.80683530247662,13.4,-9.03829442100517));
#6955=CARTESIAN_POINT('Ctrl Pts',(1.07235431566436,13.4149599650171,-0.558411663711328));
#6956=CARTESIAN_POINT('Ctrl Pts',(1.07181032909378,13.4149599650171,-0.557541288852959));
#6957=CARTESIAN_POINT('Ctrl Pts',(1.07126634252321,13.4149599650171,-0.55667091399459));
#6958=CARTESIAN_POINT('Ctrl Pts',(1.03613843737388,13.4149599650171,-0.500466501748084));
#6959=CARTESIAN_POINT('Ctrl Pts',(0.963717099131279,13.4149599650171,-0.391994856355787));
#6960=CARTESIAN_POINT('Ctrl Pts',(0.864520890504064,13.4149599650171,-0.277393247028876));
#6961=CARTESIAN_POINT('Ctrl Pts',(0.770833452289421,13.4149599650171,-0.205865389307748));
#6962=CARTESIAN_POINT('Ctrl Pts',(0.664740612459449,13.4149599650171,-0.139047036906446));
#6963=CARTESIAN_POINT('Ctrl Pts',(0.406110352808531,13.4149599650171,-0.00816773246720679));
#6964=CARTESIAN_POINT('Ctrl Pts',(0.0947668882291536,13.4149599650171,0.0996957814048145));
#6965=CARTESIAN_POINT('Ctrl Pts',(-0.28499456428862,13.4149599650171,0.164802244446301));
#6966=CARTESIAN_POINT('Ctrl Pts',(-0.602607665826299,13.4149599650171,0.166972225507531));
#6967=CARTESIAN_POINT('Ctrl Pts',(-0.962593882134684,13.4149599650171,0.0555234561674378));
#6968=CARTESIAN_POINT('Ctrl Pts',(-1.28732053692124,13.4149599650171,-0.151888028225478));
#6969=CARTESIAN_POINT('Ctrl Pts',(-1.66952350891345,13.4149599650171,-0.505785729746182));
#6970=CARTESIAN_POINT('Ctrl Pts',(-2.06025019960946,13.4149599650171,-1.03763220318721));
#6971=CARTESIAN_POINT('Ctrl Pts',(-2.33601516125986,13.4149599650171,-1.63710285312812));
#6972=CARTESIAN_POINT('Ctrl Pts',(-2.4332356527228,13.4149599650171,-2.14371310309837));
#6973=CARTESIAN_POINT('Ctrl Pts',(-2.41003631058799,13.4149599650171,-2.52055366411664));
#6974=CARTESIAN_POINT('Ctrl Pts',(-2.25620828424407,13.4149599650171,-2.86019664530348));
#6975=CARTESIAN_POINT('Ctrl Pts',(-1.9702473080847,13.4149599650171,-3.17628857931443));
#6976=CARTESIAN_POINT('Ctrl Pts',(-1.57981584786921,13.4149599650171,-3.45612376758823));
#6977=CARTESIAN_POINT('Ctrl Pts',(-1.11335449128237,13.4149599650171,-3.70739576187598));
#6978=CARTESIAN_POINT('Ctrl Pts',(-0.707134920749367,13.4149599650171,-3.89216289797192));
#6979=CARTESIAN_POINT('Ctrl Pts',(-0.37869866449382,13.4149599650171,-4.04795478245763));
#6980=CARTESIAN_POINT('Ctrl Pts',(-0.131914196419501,13.4149599650171,-4.18820394982493));
#6981=CARTESIAN_POINT('Ctrl Pts',(0.0914969345040492,13.4149599650171,-4.38670662116556));
#6982=CARTESIAN_POINT('Ctrl Pts',(0.30370326595171,13.4149599650171,-4.73414064533723));
#6983=CARTESIAN_POINT('Ctrl Pts',(0.331881445437993,13.4149599650171,-5.21134435214996));
#6984=CARTESIAN_POINT('Ctrl Pts',(0.0712998392741141,13.4149599650171,-5.66360043878291));
#6985=CARTESIAN_POINT('Ctrl Pts',(-0.312299934238018,13.4149599650171,-5.90812518939129));
#6986=CARTESIAN_POINT('Ctrl Pts',(-0.710797670001065,13.4149599650171,-6.02982172324138));
#6987=CARTESIAN_POINT('Ctrl Pts',(-1.22940717830406,13.4149599650171,-6.17172752909662));
#6988=CARTESIAN_POINT('Ctrl Pts',(-1.86648584071354,13.4149599650171,-6.36372095309302));
#6989=CARTESIAN_POINT('Ctrl Pts',(-2.37068763732362,13.4149599650171,-6.66156074429426));
#6990=CARTESIAN_POINT('Ctrl Pts',(-2.59808942559694,13.4149599650171,-6.96186124416463));
#6991=CARTESIAN_POINT('Ctrl Pts',(-2.72393280113661,13.4149599650171,-7.18267544808977));
#6992=CARTESIAN_POINT('Ctrl Pts',(-2.88499965880234,13.4149599650171,-7.60904338731579));
#6993=CARTESIAN_POINT('Ctrl Pts',(-3.01685870070666,13.4149599650171,-8.26180334888437));
#6994=CARTESIAN_POINT('Ctrl Pts',(-3.10060288929748,13.4149599650171,-9.0559958531893));
#6995=CARTESIAN_POINT('Ctrl Pts',(-3.09962509927095,13.4149599650171,-9.7207175758074));
#6996=CARTESIAN_POINT('Ctrl Pts',(-3.00835423011411,13.4149599650171,-10.163934341314));
#6997=CARTESIAN_POINT('Ctrl Pts',(-2.90988233447852,13.4149599650171,-10.3929099364561));
#6998=CARTESIAN_POINT('Ctrl Pts',(-2.77513738766838,13.4149599650171,-10.5938716465769));
#6999=CARTESIAN_POINT('Ctrl Pts',(-2.52660607422694,13.4149599650171,-10.7735611872253));
#7000=CARTESIAN_POINT('Ctrl Pts',(-2.15947888572325,13.414959965017,-10.8827815481244));
#7001=CARTESIAN_POINT('Ctrl Pts',(-1.77304702040215,13.414959965017,-10.9139672606133));
#7002=CARTESIAN_POINT('Ctrl Pts',(-1.45225742793193,13.414959965017,-10.8848157806694));
#7003=CARTESIAN_POINT('Ctrl Pts',(-1.23540109114101,13.4149599650169,-10.8294397412368));
#7004=CARTESIAN_POINT('Ctrl Pts',(-1.12148901748269,13.4149599650169,-10.7858600431749));
#7005=CARTESIAN_POINT('Ctrl Pts',(-1.04208283540106,13.4149599650169,-10.7447189269355));
#7006=CARTESIAN_POINT('Ctrl Pts',(-0.981384959124586,13.4149599650169,-10.6985196096789));
#7007=CARTESIAN_POINT('Ctrl Pts',(-0.949491205192289,13.4149599650169,-10.6518572929116));
#7008=CARTESIAN_POINT('Ctrl Pts',(-0.923623811263626,13.4149599650169,-10.5989906507766));
#7009=CARTESIAN_POINT('Ctrl Pts',(-0.900337569446118,13.4149599650169,-10.5426628079097));
#7010=CARTESIAN_POINT('Ctrl Pts',(-0.841397196006538,13.4149599650169,-10.3743488518598));
#7011=CARTESIAN_POINT('Ctrl Pts',(-0.747470584811241,13.414959965017,-10.073672069441));
#7012=CARTESIAN_POINT('Ctrl Pts',(-0.533162504489943,13.414959965017,-9.69669021501834));
#7013=CARTESIAN_POINT('Ctrl Pts',(-0.220579564208048,13.414959965017,-9.3900459880313));
#7014=CARTESIAN_POINT('Ctrl Pts',(0.29009279364519,13.4149599650171,-9.11554520202996));
#7015=CARTESIAN_POINT('Ctrl Pts',(0.989487526980256,13.4149599650171,-9.00364423715217));
#7016=CARTESIAN_POINT('Ctrl Pts',(1.53499462624714,13.4149599650171,-9.01966983102749));
#7017=CARTESIAN_POINT('Ctrl Pts',(1.80683530247662,13.4149599650171,-9.03829442100517));
#7018=CARTESIAN_POINT('Ctrl Pts',(1.07815601573393,13.4448283521495,-0.554785585942646));
#7019=CARTESIAN_POINT('Ctrl Pts',(1.07761202916336,13.4448283521495,-0.553915211084277));
#7020=CARTESIAN_POINT('Ctrl Pts',(1.07706804259278,13.4448283521495,-0.553044836225908));
#7021=CARTESIAN_POINT('Ctrl Pts',(1.04200676494115,13.4448283521495,-0.496857614289049));
#7022=CARTESIAN_POINT('Ctrl Pts',(0.969234229636998,13.4448283521495,-0.387947939645945));
#7023=CARTESIAN_POINT('Ctrl Pts',(0.869391854429595,13.4448283521495,-0.272508973542938));
#7024=CARTESIAN_POINT('Ctrl Pts',(0.774743217918137,13.4448283521495,-0.200256788032295));
#7025=CARTESIAN_POINT('Ctrl Pts',(0.668137767863346,13.4448283521495,-0.133125354373221));
#7026=CARTESIAN_POINT('Ctrl Pts',(0.408653138615692,13.4448283521495,-0.00180600336613419));
#7027=CARTESIAN_POINT('Ctrl Pts',(0.0967012815369143,13.4448283521495,0.106283010426258));
#7028=CARTESIAN_POINT('Ctrl Pts',(-0.284358822718684,13.4448283521495,0.171629797569568));
#7029=CARTESIAN_POINT('Ctrl Pts',(-0.603562590933022,13.4448283521495,0.173848022442753));
#7030=CARTESIAN_POINT('Ctrl Pts',(-0.965665754730998,13.4448283521495,0.0617470880626656));
#7031=CARTESIAN_POINT('Ctrl Pts',(-1.29160830004305,13.4448283521495,-0.146493142006645));
#7032=CARTESIAN_POINT('Ctrl Pts',(-1.67479759300551,13.4448283521495,-0.501315273416037));
#7033=CARTESIAN_POINT('Ctrl Pts',(-2.06616557611552,13.4448283521495,-1.03412848825035));
#7034=CARTESIAN_POINT('Ctrl Pts',(-2.34251966471038,13.4448283521495,-1.63480128601177));
#7035=CARTESIAN_POINT('Ctrl Pts',(-2.44013262587363,13.4448283521495,-2.14314967805333));
#7036=CARTESIAN_POINT('Ctrl Pts',(-2.41686664814644,13.4448283521495,-2.52215304371125));
#7037=CARTESIAN_POINT('Ctrl Pts',(-2.26192102849746,13.4448283521495,-2.86412512048993));
#7038=CARTESIAN_POINT('Ctrl Pts',(-1.97466169471603,13.4448283521495,-3.18152344560157));
#7039=CARTESIAN_POINT('Ctrl Pts',(-1.58337001793316,13.4448283521495,-3.46196721733133));
#7040=CARTESIAN_POINT('Ctrl Pts',(-1.11633429649814,13.4448283521495,-3.71355240545802));
#7041=CARTESIAN_POINT('Ctrl Pts',(-0.709937666274679,13.4448283521495,-3.89840180574786));
#7042=CARTESIAN_POINT('Ctrl Pts',(-0.381770673133274,13.4448283521495,-4.0540712460921));
#7043=CARTESIAN_POINT('Ctrl Pts',(-0.135815055812279,13.4448283521495,-4.19390119563082));
#7044=CARTESIAN_POINT('Ctrl Pts',(0.086186400395935,13.4448283521495,-4.39118263521182));
#7045=CARTESIAN_POINT('Ctrl Pts',(0.296869646433844,13.4448283521495,-4.73615920997678));
#7046=CARTESIAN_POINT('Ctrl Pts',(0.324827670896938,13.4448283521495,-5.20975126604253));
#7047=CARTESIAN_POINT('Ctrl Pts',(0.0661485771965276,13.4448283521495,-5.65868520967721));
#7048=CARTESIAN_POINT('Ctrl Pts',(-0.314826400492426,13.4448283521495,-5.90171521798866));
#7049=CARTESIAN_POINT('Ctrl Pts',(-0.712656949865719,13.4448283521495,-6.02325027441576));
#7050=CARTESIAN_POINT('Ctrl Pts',(-1.23128002466544,13.4448283521495,-6.16512981478806));
#7051=CARTESIAN_POINT('Ctrl Pts',(-1.86875964574752,13.4448283521495,-6.35717125472296));
#7052=CARTESIAN_POINT('Ctrl Pts',(-2.37525227122615,13.4448283521495,-6.65622546982213));
#7053=CARTESIAN_POINT('Ctrl Pts',(-2.60370903504641,13.4448283521495,-6.95801705934817));
#7054=CARTESIAN_POINT('Ctrl Pts',(-2.7301962046863,13.4448283521495,-7.17987067889721));
#7055=CARTESIAN_POINT('Ctrl Pts',(-2.89160332957158,13.4448283521495,-7.60731129417787));
#7056=CARTESIAN_POINT('Ctrl Pts',(-3.02365001309605,13.4448283521495,-8.26082284963093));
#7057=CARTESIAN_POINT('Ctrl Pts',(-3.10741320981242,13.4448283521495,-9.0555782668433));
#7058=CARTESIAN_POINT('Ctrl Pts',(-3.10650678572873,13.4448283521495,-9.7211596365921));
#7059=CARTESIAN_POINT('Ctrl Pts',(-3.01495791185485,13.4448283521495,-10.1658762849837));
#7060=CARTESIAN_POINT('Ctrl Pts',(-2.91595205029234,13.4448283521495,-10.3961992314297));
#7061=CARTESIAN_POINT('Ctrl Pts',(-2.78009173369406,13.4448283521495,-10.5988550313958));
#7062=CARTESIAN_POINT('Ctrl Pts',(-2.52950760213693,13.4448283521495,-10.7799027439721));
#7063=CARTESIAN_POINT('Ctrl Pts',(-2.16069376807355,13.4448283521495,-10.8895702561729));
#7064=CARTESIAN_POINT('Ctrl Pts',(-1.77309216324003,13.4448283521495,-10.9208463595551));
#7065=CARTESIAN_POINT('Ctrl Pts',(-1.45125974508885,13.4448283521494,-10.8916475725432));
#7066=CARTESIAN_POINT('Ctrl Pts',(-1.23354947957859,13.4448283521494,-10.836079408114));
#7067=CARTESIAN_POINT('Ctrl Pts',(-1.11879002962067,13.4448283521494,-10.7921790109978));
#7068=CARTESIAN_POINT('Ctrl Pts',(-1.03871558436765,13.4448283521493,-10.750713976833));
#7069=CARTESIAN_POINT('Ctrl Pts',(-0.976463372694884,13.4448283521493,-10.7034559223584));
#7070=CARTESIAN_POINT('Ctrl Pts',(-0.943459607731191,13.4448283521493,-10.6551582367387));
#7071=CARTESIAN_POINT('Ctrl Pts',(-0.917210770927087,13.4448283521493,-10.6016253717043));
#7072=CARTESIAN_POINT('Ctrl Pts',(-0.893844835544883,13.4448283521493,-10.5449878408053));
#7073=CARTESIAN_POINT('Ctrl Pts',(-0.834670868168236,13.4448283521493,-10.3760966853129));
#7074=CARTESIAN_POINT('Ctrl Pts',(-0.741044347373227,13.4448283521494,-10.0762457025409));
#7075=CARTESIAN_POINT('Ctrl Pts',(-0.527565735342273,13.4448283521494,-9.70080613147533));
#7076=CARTESIAN_POINT('Ctrl Pts',(-0.216468046382208,13.4448283521495,-9.39560144700321));
#7077=CARTESIAN_POINT('Ctrl Pts',(0.292074544872607,13.4448283521495,-9.12220595533874));
#7078=CARTESIAN_POINT('Ctrl Pts',(0.989769867455827,13.4448283521495,-9.01049752119097));
#7079=CARTESIAN_POINT('Ctrl Pts',(1.53464035912694,13.4448283521495,-9.0264997838042));
#7080=CARTESIAN_POINT('Ctrl Pts',(1.80636765760859,13.4448283521495,-9.04512006910328));
#7081=CARTESIAN_POINT('Ctrl Pts',(1.10652443099218,13.4868909972398,-0.53705525196001));
#7082=CARTESIAN_POINT('Ctrl Pts',(1.1059804444216,13.4868909972398,-0.536184877101642));
#7083=CARTESIAN_POINT('Ctrl Pts',(1.10543645785103,13.4868909972398,-0.535314502243273));
#7084=CARTESIAN_POINT('Ctrl Pts',(1.06982065006598,13.4868909972398,-0.478349220697104));
#7085=CARTESIAN_POINT('Ctrl Pts',(0.996702998279681,13.4868909972398,-0.368575147082027));
#7086=CARTESIAN_POINT('Ctrl Pts',(0.892734847153232,13.4868909972398,-0.248239422930114));
#7087=CARTESIAN_POINT('Ctrl Pts',(0.793574115117451,13.4868909972398,-0.172527829947186));
#7088=CARTESIAN_POINT('Ctrl Pts',(0.68428886700639,13.4868909972398,-0.10379648403345));
#7089=CARTESIAN_POINT('Ctrl Pts',(0.421059699802595,13.4868909972398,0.0293879456095153));
#7090=CARTESIAN_POINT('Ctrl Pts',(0.10592252846894,13.4868909972398,0.138591903833033));
#7091=CARTESIAN_POINT('Ctrl Pts',(-0.281336984212501,13.4868909972398,0.205099571933333));
#7092=CARTESIAN_POINT('Ctrl Pts',(-0.60821228193794,13.4868909972398,0.20754266071328));
#7093=CARTESIAN_POINT('Ctrl Pts',(-0.980591469755967,13.4868909972398,0.0921927386246729));
#7094=CARTESIAN_POINT('Ctrl Pts',(-1.31243706409059,13.4868909972398,-0.120142057553176));
#7095=CARTESIAN_POINT('Ctrl Pts',(-1.70046843967001,13.4868909972398,-0.479488534002783));
#7096=CARTESIAN_POINT('Ctrl Pts',(-2.09502940954638,13.4868909972398,-1.01690184259621));
#7097=CARTESIAN_POINT('Ctrl Pts',(-2.37431505639991,13.4868909972398,-1.62340167456908));
#7098=CARTESIAN_POINT('Ctrl Pts',(-2.47379358084289,13.4868909972398,-2.14022118368021));
#7099=CARTESIAN_POINT('Ctrl Pts',(-2.45022917384745,13.4868909972398,-2.52996083676937));
#7100=CARTESIAN_POINT('Ctrl Pts',(-2.28986631117059,13.4868909972398,-2.88360669901787));
#7101=CARTESIAN_POINT('Ctrl Pts',(-1.99633844411961,13.4868909972398,-3.20719882438609));
#7102=CARTESIAN_POINT('Ctrl Pts',(-1.60076911807999,13.4868909972398,-3.49067872681696));
#7103=CARTESIAN_POINT('Ctrl Pts',(-1.13092588160681,13.4868909972398,-3.74364801274016));
#7104=CARTESIAN_POINT('Ctrl Pts',(-0.723636919019241,13.4868909972398,-3.92893739340765));
#7105=CARTESIAN_POINT('Ctrl Pts',(-0.396741246594603,13.4868909972398,-4.08399554774803));
#7106=CARTESIAN_POINT('Ctrl Pts',(-0.15483954902388,13.4868909972398,-4.2217106243809));
#7107=CARTESIAN_POINT('Ctrl Pts',(0.0602548295307551,13.4868909972398,-4.41312575809142));
#7108=CARTESIAN_POINT('Ctrl Pts',(0.263412266262368,13.4868909972398,-4.74591433332706));
#7109=CARTESIAN_POINT('Ctrl Pts',(0.290259582964383,13.4868909972398,-5.20197406758908));
#7110=CARTESIAN_POINT('Ctrl Pts',(0.0411581030101218,13.4868909972398,-5.63444511275004));
#7111=CARTESIAN_POINT('Ctrl Pts',(-0.327370366538689,13.4868909972398,-5.87027046548327));
#7112=CARTESIAN_POINT('Ctrl Pts',(-0.721295305444394,13.4868909972398,-5.9909898050832));
#7113=CARTESIAN_POINT('Ctrl Pts',(-1.2405109292347,13.4868909972398,-6.13298362165003));
#7114=CARTESIAN_POINT('Ctrl Pts',(-1.88028804028406,13.4868909972398,-6.3254609395576));
#7115=CARTESIAN_POINT('Ctrl Pts',(-2.39669628017304,13.4868909972398,-6.62942394462028));
#7116=CARTESIAN_POINT('Ctrl Pts',(-2.6319758202376,13.4868909972398,-6.93979810636568));
#7117=CARTESIAN_POINT('Ctrl Pts',(-2.76076527956033,13.4868909972398,-7.16609673072373));
#7118=CARTESIAN_POINT('Ctrl Pts',(-2.92424795208806,13.4868909972398,-7.59915190797041));
#7119=CARTESIAN_POINT('Ctrl Pts',(-3.056726515457,13.4868909972398,-8.2558477446876));
#7120=CARTESIAN_POINT('Ctrl Pts',(-3.14086531298004,13.4868909972398,-9.05358728695223));
#7121=CARTESIAN_POINT('Ctrl Pts',(-3.14009620942979,13.4868909972398,-9.7231836564562));
#7122=CARTESIAN_POINT('Ctrl Pts',(-3.04736288193465,13.4868909972398,-10.1750821705752));
#7123=CARTESIAN_POINT('Ctrl Pts',(-2.94570839023327,13.4868909972398,-10.4119309286297));
#7124=CARTESIAN_POINT('Ctrl Pts',(-2.80433531574082,13.4868909972398,-10.6230054605626));
#7125=CARTESIAN_POINT('Ctrl Pts',(-2.54338590699644,13.4868909972398,-10.8111136886438));
#7126=CARTESIAN_POINT('Ctrl Pts',(-2.16653784147255,13.4868909972398,-10.9226087385968));
#7127=CARTESIAN_POINT('Ctrl Pts',(-1.77286243069671,13.4868909972397,-10.9545393364743));
#7128=CARTESIAN_POINT('Ctrl Pts',(-1.4461888261604,13.4868909972397,-10.9247911707008));
#7129=CARTESIAN_POINT('Ctrl Pts',(-1.2238959501506,13.4868909972396,-10.8682328561055));
#7130=CARTESIAN_POINT('Ctrl Pts',(-1.1052656547766,13.4868909972396,-10.8228147053861));
#7131=CARTESIAN_POINT('Ctrl Pts',(-1.02162360170894,13.4868909972396,-10.7796702069415));
#7132=CARTESIAN_POINT('Ctrl Pts',(-0.952379560567014,13.4868909972396,-10.727482804311));
#7133=CARTESIAN_POINT('Ctrl Pts',(-0.913846493127149,13.4868909972396,-10.671299246941));
#7134=CARTESIAN_POINT('Ctrl Pts',(-0.886734497415821,13.4868909972396,-10.6152922780286));
#7135=CARTESIAN_POINT('Ctrl Pts',(-0.862369431939114,13.4868909972396,-10.5565428632323));
#7136=CARTESIAN_POINT('Ctrl Pts',(-0.802684922911386,13.4868909972396,-10.3856533633672));
#7137=CARTESIAN_POINT('Ctrl Pts',(-0.709851777833385,13.4868909972397,-10.0891241717511));
#7138=CARTESIAN_POINT('Ctrl Pts',(-0.500614993888041,13.4868909972397,-9.72134622297083));
#7139=CARTESIAN_POINT('Ctrl Pts',(-0.196455057409183,13.4868909972397,-9.42301790304269));
#7140=CARTESIAN_POINT('Ctrl Pts',(0.301632507625181,13.4868909972398,-9.15494375174263));
#7141=CARTESIAN_POINT('Ctrl Pts',(0.990811637169933,13.4868909972398,-9.04405467040487));
#7142=CARTESIAN_POINT('Ctrl Pts',(1.53343570211676,13.4868909972398,-9.05995332800522));
#7143=CARTESIAN_POINT('Ctrl Pts',(1.80408102719847,13.4868909972398,-9.07849525522662));
#7144=CARTESIAN_POINT('Ctrl Pts',(1.13812503104811,13.5,-0.517304793996708));
#7145=CARTESIAN_POINT('Ctrl Pts',(1.13758104447754,13.5,-0.51643441913834));
#7146=CARTESIAN_POINT('Ctrl Pts',(1.13703705790696,13.5,-0.51556404427997));
#7147=CARTESIAN_POINT('Ctrl Pts',(1.10116357282295,13.5,-0.458084643522767));
#7148=CARTESIAN_POINT('Ctrl Pts',(1.02710030993123,13.5,-0.346825242537504));
#7149=CARTESIAN_POINT('Ctrl Pts',(0.918931480210999,13.5,-0.221362992919886));
#7150=CARTESIAN_POINT('Ctrl Pts',(0.814667735215793,13.5,-0.14176417451813));
#7151=CARTESIAN_POINT('Ctrl Pts',(0.702468240795237,13.5,-0.0712788678102872));
#7152=CARTESIAN_POINT('Ctrl Pts',(0.434890788188612,13.5,0.0641003564938401));
#7153=CARTESIAN_POINT('Ctrl Pts',(0.116291460603536,13.5,0.174541251368369));
#7154=CARTESIAN_POINT('Ctrl Pts',(-0.277935378476833,13.5,0.242347884484079));
#7155=CARTESIAN_POINT('Ctrl Pts',(-0.613399748321145,13.5,0.245045969388499));
#7156=CARTESIAN_POINT('Ctrl Pts',(-0.997256507320458,13.5,0.126101468368353));
#7157=CARTESIAN_POINT('Ctrl Pts',(-1.33569500339322,13.5,-0.0907771245179291));
#7158=CARTESIAN_POINT('Ctrl Pts',(-1.72911225767276,13.5,-0.455161720228444));
#7159=CARTESIAN_POINT('Ctrl Pts',(-2.12720658544176,13.5,-0.997751161505738));
#7160=CARTESIAN_POINT('Ctrl Pts',(-2.40973697521744,13.5,-1.61076282577059));
#7161=CARTESIAN_POINT('Ctrl Pts',(-2.51131549229618,13.5,-2.13702999902158));
#7162=CARTESIAN_POINT('Ctrl Pts',(-2.4874074493113,13.5,-2.53866339240811));
#7163=CARTESIAN_POINT('Ctrl Pts',(-2.32099072941213,13.5,-2.90519643465021));
#7164=CARTESIAN_POINT('Ctrl Pts',(-2.02044739429984,13.5,-3.23576741000583));
#7165=CARTESIAN_POINT('Ctrl Pts',(-1.62014227123417,13.5,-3.52260468302515));
#7166=CARTESIAN_POINT('Ctrl Pts',(-1.14717125766908,13.5,-3.77717601562588));
#7167=CARTESIAN_POINT('Ctrl Pts',(-0.738899159906022,13.5,-3.96294007319581));
#7168=CARTESIAN_POINT('Ctrl Pts',(-0.41343817934859,13.5,-4.11732243665481));
#7169=CARTESIAN_POINT('Ctrl Pts',(-0.176051834807068,13.5,-4.25270827824401));
#7170=CARTESIAN_POINT('Ctrl Pts',(0.031354320646133,13.5,-4.43754573110755));
#7171=CARTESIAN_POINT('Ctrl Pts',(0.226160559539733,13.5,-4.75682794862155));
#7172=CARTESIAN_POINT('Ctrl Pts',(0.251784614912441,13.5,-5.19330566538167));
#7173=CARTESIAN_POINT('Ctrl Pts',(0.0132395343378714,13.5,-5.6075275415366));
#7174=CARTESIAN_POINT('Ctrl Pts',(-0.341265683367846,13.5,-5.83528477525523));
#7175=CARTESIAN_POINT('Ctrl Pts',(-0.731103115009385,13.5,-5.95510615134594));
#7176=CARTESIAN_POINT('Ctrl Pts',(-1.25076358867752,13.5,-6.09712800195451));
#7177=CARTESIAN_POINT('Ctrl Pts',(-1.89296215693779,13.5,-6.29000861548742));
#7178=CARTESIAN_POINT('Ctrl Pts',(-2.42094162182767,13.5,-6.59986068249055));
#7179=CARTESIAN_POINT('Ctrl Pts',(-2.66314063303121,13.5,-6.91926702652141));
#7180=CARTESIAN_POINT('Ctrl Pts',(-2.7948405526614,13.5,-7.15077778609249));
#7181=CARTESIAN_POINT('Ctrl Pts',(-2.96046685320564,13.5,-7.58993609632164));
#7182=CARTESIAN_POINT('Ctrl Pts',(-3.09362511554909,13.5,-8.25037973357573));
#7183=CARTESIAN_POINT('Ctrl Pts',(-3.17806670657767,13.5,-9.05134865339913));
#7184=CARTESIAN_POINT('Ctrl Pts',(-3.17753712447852,13.5,-9.72549452537217));
#7185=CARTESIAN_POINT('Ctrl Pts',(-3.08341286106067,13.5,-10.1854553727998));
#7186=CARTESIAN_POINT('Ctrl Pts',(-2.97882338810687,13.5,-10.4295989453032));
#7187=CARTESIAN_POINT('Ctrl Pts',(-2.83133356937343,13.5,-10.6499961171517));
#7188=CARTESIAN_POINT('Ctrl Pts',(-2.55897191526525,13.5,-10.8457977402673));
#7189=CARTESIAN_POINT('Ctrl Pts',(-2.17308715197455,13.5,-10.959475328253));
#7190=CARTESIAN_POINT('Ctrl Pts',(-1.77279075596472,13.4999999999999,-10.9920480772886));
#7191=CARTESIAN_POINT('Ctrl Pts',(-1.44061890705453,13.4999999999999,-10.961818020651));
#7192=CARTESIAN_POINT('Ctrl Pts',(-1.2133878247523,13.4999999999998,-10.9041774864069));
#7193=CARTESIAN_POINT('Ctrl Pts',(-1.09033418814829,13.4999999999998,-10.8570480589768));
#7194=CARTESIAN_POINT('Ctrl Pts',(-1.00284075078668,13.4999999999998,-10.8120718481793));
#7195=CARTESIAN_POINT('Ctrl Pts',(-0.925559449636414,13.4999999999998,-10.7542922314761));
#7196=CARTESIAN_POINT('Ctrl Pts',(-0.880908691167714,13.4999999999998,-10.6892791056774));
#7197=CARTESIAN_POINT('Ctrl Pts',(-0.852425403062718,13.4999999999998,-10.6301957025051));
#7198=CARTESIAN_POINT('Ctrl Pts',(-0.827196626596107,13.4999999999998,-10.5693381962158));
#7199=CARTESIAN_POINT('Ctrl Pts',(-0.766685070723266,13.4999999999998,-10.3958856787278));
#7200=CARTESIAN_POINT('Ctrl Pts',(-0.675011336351421,13.4999999999999,-10.1033496216272));
#7201=CARTESIAN_POINT('Ctrl Pts',(-0.470423607102304,13.4999999999999,-9.74405700441715));
#7202=CARTESIAN_POINT('Ctrl Pts',(-0.174124655301389,13.4999999999999,-9.45345498554737));
#7203=CARTESIAN_POINT('Ctrl Pts',(0.312333514735557,13.5,-9.19134248917176));
#7204=CARTESIAN_POINT('Ctrl Pts',(0.992110658108927,13.5,-9.08141603459285));
#7205=CARTESIAN_POINT('Ctrl Pts',(1.53187801505128,13.5,-9.0971949978382));
#7206=CARTESIAN_POINT('Ctrl Pts',(1.80153386718236,13.5,-9.11567307777593));
#7207=CARTESIAN_POINT('Ctrl Pts',(1.15715404604811,13.5,-0.505411609684534));
#7208=CARTESIAN_POINT('Ctrl Pts',(1.15661005947754,13.5,-0.504541234826166));
#7209=CARTESIAN_POINT('Ctrl Pts',(1.15606607290696,13.5,-0.503670859967796));
#7210=CARTESIAN_POINT('Ctrl Pts',(1.11980639837484,13.5,-0.445655624312148));
#7211=CARTESIAN_POINT('Ctrl Pts',(1.04553380310069,13.5,-0.33383703591042));
#7212=CARTESIAN_POINT('Ctrl Pts',(0.93458186956574,13.5,-0.205077169007614));
#7213=CARTESIAN_POINT('Ctrl Pts',(0.827294527825144,13.5,-0.123159173019472));
#7214=CARTESIAN_POINT('Ctrl Pts',(0.713294674256006,13.5,-0.0515995589825202));
#7215=CARTESIAN_POINT('Ctrl Pts',(0.443212449504067,13.5,0.0850260961589704));
#7216=CARTESIAN_POINT('Ctrl Pts',(0.122473071249129,13.5,0.196215074478116));
#7217=CARTESIAN_POINT('Ctrl Pts',(-0.275909785425003,13.5,0.264800175547133));
#7218=CARTESIAN_POINT('Ctrl Pts',(-0.616518359848669,13.5,0.267648916833263));
#7219=CARTESIAN_POINT('Ctrl Pts',(-1.00726687404878,13.5,0.146524083088525));
#7220=CARTESIAN_POINT('Ctrl Pts',(-1.34966434498777,13.5,-0.073101752833789));
#7221=CARTESIAN_POINT('Ctrl Pts',(-1.74632989158555,13.5,-0.440521264201286));
#7222=CARTESIAN_POINT('Ctrl Pts',(-2.14656694183453,13.5,-0.986194313528228));
#7223=CARTESIAN_POINT('Ctrl Pts',(-2.43106458993783,13.5,-1.60311382087312));
#7224=CARTESIAN_POINT('Ctrl Pts',(-2.53389362879626,13.5,-2.13506281523365));
#7225=CARTESIAN_POINT('Ctrl Pts',(-2.50978584748159,13.5,-2.54390051308717));
#7226=CARTESIAN_POINT('Ctrl Pts',(-2.33973610593951,13.5,-2.91826872577174));
#7227=CARTESIAN_POINT('Ctrl Pts',(-2.03498924566636,13.5,-3.25299125494814));
#7228=CARTESIAN_POINT('Ctrl Pts',(-1.63181359901806,13.5,-3.54186608401815));
#7229=CARTESIAN_POINT('Ctrl Pts',(-1.15695937082907,13.5,-3.79736346436063));
#7230=CARTESIAN_POINT('Ctrl Pts',(-0.748088283618841,13.5,-3.98342326231724));
#7231=CARTESIAN_POINT('Ctrl Pts',(-0.423479350200535,13.5,-4.13739538316027));
#7232=CARTESIAN_POINT('Ctrl Pts',(-0.188812318953292,13.5,-4.27136155603556));
#7233=CARTESIAN_POINT('Ctrl Pts',(0.013960465055402,13.5,-4.4522656961182));
#7234=CARTESIAN_POINT('Ctrl Pts',(0.203717261667182,13.5,-4.76336964957125));
#7235=CARTESIAN_POINT('Ctrl Pts',(0.228595721730791,13.5,-5.18808906412149));
#7236=CARTESIAN_POINT('Ctrl Pts',(-0.00352042882856401,13.5,-5.59126439555427));
#7237=CARTESIAN_POINT('Ctrl Pts',(-0.349683022067496,13.5,-5.81419056023134));
#7238=CARTESIAN_POINT('Ctrl Pts',(-0.736890249764687,13.5,-5.933464346017));
#7239=CARTESIAN_POINT('Ctrl Pts',(-1.25695669499862,13.5,-6.07556677171366));
#7240=CARTESIAN_POINT('Ctrl Pts',(-1.90070182044708,13.5,-6.26874301276073));
#7241=CARTESIAN_POINT('Ctrl Pts',(-2.43531172762448,13.5,-6.58187117825492));
#7242=CARTESIAN_POINT('Ctrl Pts',(-2.68211421774772,13.5,-6.90705542022443));
#7243=CARTESIAN_POINT('Ctrl Pts',(-2.81534481046859,13.5,-7.14153751125582));
#7244=CARTESIAN_POINT('Ctrl Pts',(-2.98237000197865,13.5,-7.58446793653033));
#7245=CARTESIAN_POINT('Ctrl Pts',(-3.1158101165622,13.5,-8.24703960360026));
#7246=CARTESIAN_POINT('Ctrl Pts',(-3.20050821983909,13.5,-9.05001396237409));
#7247=CARTESIAN_POINT('Ctrl Pts',(-3.20006733105613,13.5,-9.72684997954216));
#7248=CARTESIAN_POINT('Ctrl Pts',(-3.10515138310954,13.5,-10.191625834798));
#7249=CARTESIAN_POINT('Ctrl Pts',(-2.99878464822178,13.5,-10.4401457962494));
#7250=CARTESIAN_POINT('Ctrl Pts',(-2.84759601962453,13.5,-10.6661922836179));
#7251=CARTESIAN_POINT('Ctrl Pts',(-2.56827623363266,13.5,-10.8667367482689));
#7252=CARTESIAN_POINT('Ctrl Pts',(-2.1770056940031,13.5,-10.98163441772));
#7253=CARTESIAN_POINT('Ctrl Pts',(-1.77262937867503,13.4999999999999,-11.0146496226712));
#7254=CARTESIAN_POINT('Ctrl Pts',(-1.43721431632,13.4999999999999,-10.9840459147624));
#7255=CARTESIAN_POINT('Ctrl Pts',(-1.20690272494802,13.4999999999998,-10.9257403864985));
#7256=CARTESIAN_POINT('Ctrl Pts',(-1.08125699868283,13.4999999999998,-10.8775936911828));
#7257=CARTESIAN_POINT('Ctrl Pts',(-0.991365628580069,13.4999999999998,-10.8314893818873));
#7258=CARTESIAN_POINT('Ctrl Pts',(-0.909404163445417,13.4999999999998,-10.7704072470833));
#7259=CARTESIAN_POINT('Ctrl Pts',(-0.861042806766022,13.4999999999998,-10.7001062082862));
#7260=CARTESIAN_POINT('Ctrl Pts',(-0.831996713419377,13.4999999999998,-10.6393758783039));
#7261=CARTESIAN_POINT('Ctrl Pts',(-0.806087893513193,13.4999999999998,-10.577092104969));
#7262=CARTESIAN_POINT('Ctrl Pts',(-0.745244079485237,13.4999999999998,-10.4023124451205));
#7263=CARTESIAN_POINT('Ctrl Pts',(-0.654091639683869,13.4999999999999,-10.1119930169161));
#7264=CARTESIAN_POINT('Ctrl Pts',(-0.452352255928456,13.4999999999999,-9.75784162038));
#7265=CARTESIAN_POINT('Ctrl Pts',(-0.160701777532664,13.4999999999999,-9.47184951580652));
#7266=CARTESIAN_POINT('Ctrl Pts',(0.318742686830962,13.5,-9.21330513356974));
#7267=CARTESIAN_POINT('Ctrl Pts',(0.992803985467481,13.5,-9.10392631413032));
#7268=CARTESIAN_POINT('Ctrl Pts',(1.5310784759389,13.5,-9.11963595027522));
#7269=CARTESIAN_POINT('Ctrl Pts',(1.80000003725292,13.5,-9.13806054325778));
#7270=CARTESIAN_POINT('',(1.07072235595263,13.4,-0.555800539136221));
#7271=CARTESIAN_POINT('',(1.80000003725291,13.4,-9.0378286484265));
#7272=CARTESIAN_POINT('Ctrl Pts',(1.07072235582342,13.4,-0.555800539226568));
#7273=CARTESIAN_POINT('Ctrl Pts',(1.03612659109808,13.4,-0.500448758747283));
#7274=CARTESIAN_POINT('Ctrl Pts',(0.9637106087732,13.4,-0.391987358030083));
#7275=CARTESIAN_POINT('Ctrl Pts',(0.864520890504064,13.4,-0.277393247028876));
#7276=CARTESIAN_POINT('Ctrl Pts',(0.770833452289421,13.4,-0.205865389307748));
#7277=CARTESIAN_POINT('Ctrl Pts',(0.664740612459449,13.4,-0.139047036906446));
#7278=CARTESIAN_POINT('Ctrl Pts',(0.406110352808531,13.4,-0.00816773246720679));
#7279=CARTESIAN_POINT('Ctrl Pts',(0.0947668882291536,13.4,0.0996957814048145));
#7280=CARTESIAN_POINT('Ctrl Pts',(-0.28499456428862,13.4,0.164802244446301));
#7281=CARTESIAN_POINT('Ctrl Pts',(-0.602607665826299,13.4,0.166972225507531));
#7282=CARTESIAN_POINT('Ctrl Pts',(-0.962593882134684,13.4,0.0555234561674378));
#7283=CARTESIAN_POINT('Ctrl Pts',(-1.28732053692124,13.4,-0.151888028225478));
#7284=CARTESIAN_POINT('Ctrl Pts',(-1.66952350891345,13.4,-0.505785729746182));
#7285=CARTESIAN_POINT('Ctrl Pts',(-2.06025019960946,13.4,-1.03763220318721));
#7286=CARTESIAN_POINT('Ctrl Pts',(-2.33601516125986,13.4,-1.63710285312812));
#7287=CARTESIAN_POINT('Ctrl Pts',(-2.4332356527228,13.4,-2.14371310309837));
#7288=CARTESIAN_POINT('Ctrl Pts',(-2.41003631058799,13.4,-2.52055366411664));
#7289=CARTESIAN_POINT('Ctrl Pts',(-2.25620828424407,13.4,-2.86019664530348));
#7290=CARTESIAN_POINT('Ctrl Pts',(-1.9702473080847,13.4,-3.17628857931443));
#7291=CARTESIAN_POINT('Ctrl Pts',(-1.57981584786921,13.4,-3.45612376758823));
#7292=CARTESIAN_POINT('Ctrl Pts',(-1.11335449128237,13.4,-3.70739576187598));
#7293=CARTESIAN_POINT('Ctrl Pts',(-0.707134920749367,13.4,-3.89216289797192));
#7294=CARTESIAN_POINT('Ctrl Pts',(-0.37869866449382,13.4,-4.04795478245763));
#7295=CARTESIAN_POINT('Ctrl Pts',(-0.131914196419501,13.4,-4.18820394982493));
#7296=CARTESIAN_POINT('Ctrl Pts',(0.0914969345040492,13.4,-4.38670662116556));
#7297=CARTESIAN_POINT('Ctrl Pts',(0.30370326595171,13.4,-4.73414064533723));
#7298=CARTESIAN_POINT('Ctrl Pts',(0.331881445437993,13.4,-5.21134435214996));
#7299=CARTESIAN_POINT('Ctrl Pts',(0.0712998392741141,13.4,-5.66360043878291));
#7300=CARTESIAN_POINT('Ctrl Pts',(-0.312299934238018,13.4,-5.90812518939129));
#7301=CARTESIAN_POINT('Ctrl Pts',(-0.710797670001065,13.4,-6.02982172324138));
#7302=CARTESIAN_POINT('Ctrl Pts',(-1.22940717830406,13.4,-6.17172752909662));
#7303=CARTESIAN_POINT('Ctrl Pts',(-1.86648584071354,13.4,-6.36372095309302));
#7304=CARTESIAN_POINT('Ctrl Pts',(-2.37068763732362,13.4,-6.66156074429426));
#7305=CARTESIAN_POINT('Ctrl Pts',(-2.59808942559694,13.4,-6.96186124416463));
#7306=CARTESIAN_POINT('Ctrl Pts',(-2.72393280113661,13.4,-7.18267544808977));
#7307=CARTESIAN_POINT('Ctrl Pts',(-2.88499965880234,13.4,-7.60904338731579));
#7308=CARTESIAN_POINT('Ctrl Pts',(-3.01685870070666,13.4,-8.26180334888437));
#7309=CARTESIAN_POINT('Ctrl Pts',(-3.10060288929748,13.4,-9.0559958531893));
#7310=CARTESIAN_POINT('Ctrl Pts',(-3.09962509927095,13.4,-9.7207175758074));
#7311=CARTESIAN_POINT('Ctrl Pts',(-3.00835423011411,13.4,-10.163934341314));
#7312=CARTESIAN_POINT('Ctrl Pts',(-2.90988233447852,13.4,-10.3929099364561));
#7313=CARTESIAN_POINT('Ctrl Pts',(-2.77513738766838,13.4,-10.5938716465769));
#7314=CARTESIAN_POINT('Ctrl Pts',(-2.52660607422694,13.4,-10.7735611872253));
#7315=CARTESIAN_POINT('Ctrl Pts',(-2.15947888572325,13.4,-10.8827815481244));
#7316=CARTESIAN_POINT('Ctrl Pts',(-1.77304702040215,13.3999999999999,-10.9139672606133));
#7317=CARTESIAN_POINT('Ctrl Pts',(-1.45225742793193,13.3999999999999,-10.8848157806694));
#7318=CARTESIAN_POINT('Ctrl Pts',(-1.23540109114101,13.3999999999998,-10.8294397412368));
#7319=CARTESIAN_POINT('Ctrl Pts',(-1.12148901748269,13.3999999999998,-10.7858600431749));
#7320=CARTESIAN_POINT('Ctrl Pts',(-1.04208283540106,13.3999999999998,-10.7447189269355));
#7321=CARTESIAN_POINT('Ctrl Pts',(-0.981384959124586,13.3999999999998,-10.6985196096789));
#7322=CARTESIAN_POINT('Ctrl Pts',(-0.949491205192289,13.3999999999998,-10.6518572929116));
#7323=CARTESIAN_POINT('Ctrl Pts',(-0.923623811263626,13.3999999999998,-10.5989906507766));
#7324=CARTESIAN_POINT('Ctrl Pts',(-0.900337569446118,13.3999999999998,-10.5426628079097));
#7325=CARTESIAN_POINT('Ctrl Pts',(-0.841397196006538,13.3999999999998,-10.3743488518598));
#7326=CARTESIAN_POINT('Ctrl Pts',(-0.747470584811241,13.3999999999999,-10.073672069441));
#7327=CARTESIAN_POINT('Ctrl Pts',(-0.533162504489943,13.3999999999999,-9.69669021501834));
#7328=CARTESIAN_POINT('Ctrl Pts',(-0.220579564208048,13.3999999999999,-9.3900459880313));
#7329=CARTESIAN_POINT('Ctrl Pts',(0.29009279364519,13.4,-9.11554520202996));
#7330=CARTESIAN_POINT('Ctrl Pts',(0.987142820225657,13.4,-9.00401938288275));
#7331=CARTESIAN_POINT('Ctrl Pts',(1.53042237633539,13.4,-9.01953737083901));
#7332=CARTESIAN_POINT('Ctrl Pts',(1.8000000556468,13.4,-9.03782837733245));
#7333=CARTESIAN_POINT('',(1.8000000372529,13.5,-9.13806054325777));
#7334=CARTESIAN_POINT('Ctrl Pts',(1.80000003725291,13.5,-9.13806054325778));
#7335=CARTESIAN_POINT('Ctrl Pts',(1.80000003725291,13.5,-9.13002638963394));
#7336=CARTESIAN_POINT('Ctrl Pts',(1.79999940320627,13.4990011352514,-9.12204807020689));
#7337=CARTESIAN_POINT('Ctrl Pts',(1.79999892030466,13.4970894571508,-9.11428401900656));
#7338=CARTESIAN_POINT('Ctrl Pts',(1.79999861698231,13.4958886852064,-9.10940722784981));
#7339=CARTESIAN_POINT('Ctrl Pts',(1.79999838497783,13.4943266154875,-9.10461479877518));
#7340=CARTESIAN_POINT('Ctrl Pts',(1.79999825001259,13.4924144181162,-9.09994841828838));
#7341=CARTESIAN_POINT('Ctrl Pts',(1.79999802878571,13.4892800594484,-9.09229956867435));
#7342=CARTESIAN_POINT('Ctrl Pts',(1.799999023344,13.4852397546026,-9.08506767721859));
#7343=CARTESIAN_POINT('Ctrl Pts',(1.79999949511563,13.4803622660673,-9.07843591955642));
#7344=CARTESIAN_POINT('Ctrl Pts',(1.79999956399293,13.4796501667847,-9.07746770203236));
#7345=CARTESIAN_POINT('Ctrl Pts',(1.79999961872717,13.4789201427482,-9.07651231897414));
#7346=CARTESIAN_POINT('Ctrl Pts',(1.79999965026842,13.4781723289439,-9.07557039232893));
#7347=CARTESIAN_POINT('Ctrl Pts',(1.79999974388636,13.4759527338725,-9.07277464861902));
#7348=CARTESIAN_POINT('Ctrl Pts',(1.79999963991033,13.4735764946881,-9.07009734029343));
#7349=CARTESIAN_POINT('Ctrl Pts',(1.7999995017385,13.4710561961555,-9.06754930912217));
#7350=CARTESIAN_POINT('Ctrl Pts',(1.79999920608311,13.4656633469395,-9.0620971185475));
#7351=CARTESIAN_POINT('Ctrl Pts',(1.79999886942667,13.4596743186104,-9.05729562316352));
#7352=CARTESIAN_POINT('Ctrl Pts',(1.7999989868214,13.4532186017338,-9.05322347193415));
#7353=CARTESIAN_POINT('Ctrl Pts',(1.79999904453368,13.4500449144107,-9.05122156649415));
#7354=CARTESIAN_POINT('Ctrl Pts',(1.7999991761515,13.4467578337358,-9.04939646897041));
#7355=CARTESIAN_POINT('Ctrl Pts',(1.79999918001079,13.443370204665,-9.04776137814248));
#7356=CARTESIAN_POINT('Ctrl Pts',(1.79999918164005,13.4419400670943,-9.04707110043626));
#7357=CARTESIAN_POINT('Ctrl Pts',(1.79999915800162,13.4404919956108,-9.04641472334534));
#7358=CARTESIAN_POINT('Ctrl Pts',(1.79999912528786,13.439027128041,-9.04579271509923));
#7359=CARTESIAN_POINT('Ctrl Pts',(1.79999898778479,13.4328699705277,-9.04317827893795));
#7360=CARTESIAN_POINT('Ctrl Pts',(1.79999878920468,13.4264661764624,-9.04119011426497));
#7361=CARTESIAN_POINT('Ctrl Pts',(1.79999905533841,13.4199123970117,-9.03985088269968));
#7362=CARTESIAN_POINT('Ctrl Pts',(1.79999932142596,13.4133597546314,-9.03851188348897));
#7363=CARTESIAN_POINT('Ctrl Pts',(1.80000005564679,13.4066890479278,-9.03782837733246));
#7364=CARTESIAN_POINT('Ctrl Pts',(1.80000005564679,13.4,-9.03782837733246));
#7365=CARTESIAN_POINT('',(1.15715389444894,13.5,-0.505411704434415));
#7366=CARTESIAN_POINT('Ctrl Pts',(1.80000003725292,13.5,-9.13806054325778));
#7367=CARTESIAN_POINT('Ctrl Pts',(1.5310784759389,13.5,-9.11963595027522));
#7368=CARTESIAN_POINT('Ctrl Pts',(0.992803985467481,13.5,-9.10392631413032));
#7369=CARTESIAN_POINT('Ctrl Pts',(0.318742686830962,13.5,-9.21330513356974));
#7370=CARTESIAN_POINT('Ctrl Pts',(-0.160701777532664,13.4999999999999,-9.47184951580652));
#7371=CARTESIAN_POINT('Ctrl Pts',(-0.452352255928456,13.4999999999999,-9.75784162038));
#7372=CARTESIAN_POINT('Ctrl Pts',(-0.654091639683869,13.4999999999999,-10.1119930169161));
#7373=CARTESIAN_POINT('Ctrl Pts',(-0.745244079485237,13.4999999999998,-10.4023124451205));
#7374=CARTESIAN_POINT('Ctrl Pts',(-0.806087893513193,13.4999999999998,-10.577092104969));
#7375=CARTESIAN_POINT('Ctrl Pts',(-0.831996713419377,13.4999999999998,-10.6393758783039));
#7376=CARTESIAN_POINT('Ctrl Pts',(-0.861042806766022,13.4999999999998,-10.7001062082862));
#7377=CARTESIAN_POINT('Ctrl Pts',(-0.909404163445417,13.4999999999998,-10.7704072470833));
#7378=CARTESIAN_POINT('Ctrl Pts',(-0.991365628580069,13.4999999999998,-10.8314893818873));
#7379=CARTESIAN_POINT('Ctrl Pts',(-1.08125699868283,13.4999999999998,-10.8775936911828));
#7380=CARTESIAN_POINT('Ctrl Pts',(-1.20690272494802,13.4999999999998,-10.9257403864985));
#7381=CARTESIAN_POINT('Ctrl Pts',(-1.43721431632,13.4999999999999,-10.9840459147624));
#7382=CARTESIAN_POINT('Ctrl Pts',(-1.77262937867503,13.4999999999999,-11.0146496226712));
#7383=CARTESIAN_POINT('Ctrl Pts',(-2.1770056940031,13.5,-10.98163441772));
#7384=CARTESIAN_POINT('Ctrl Pts',(-2.56827623363266,13.5,-10.8667367482689));
#7385=CARTESIAN_POINT('Ctrl Pts',(-2.84759601962453,13.5,-10.6661922836179));
#7386=CARTESIAN_POINT('Ctrl Pts',(-2.99878464822178,13.5,-10.4401457962494));
#7387=CARTESIAN_POINT('Ctrl Pts',(-3.10515138310954,13.5,-10.191625834798));
#7388=CARTESIAN_POINT('Ctrl Pts',(-3.20006733105613,13.5,-9.72684997954216));
#7389=CARTESIAN_POINT('Ctrl Pts',(-3.20050821983909,13.5,-9.05001396237409));
#7390=CARTESIAN_POINT('Ctrl Pts',(-3.1158101165622,13.5,-8.24703960360026));
#7391=CARTESIAN_POINT('Ctrl Pts',(-2.98237000197865,13.5,-7.58446793653033));
#7392=CARTESIAN_POINT('Ctrl Pts',(-2.81534481046859,13.5,-7.14153751125582));
#7393=CARTESIAN_POINT('Ctrl Pts',(-2.68211421774772,13.5,-6.90705542022443));
#7394=CARTESIAN_POINT('Ctrl Pts',(-2.43531172762448,13.5,-6.58187117825492));
#7395=CARTESIAN_POINT('Ctrl Pts',(-1.90070182044708,13.5,-6.26874301276073));
#7396=CARTESIAN_POINT('Ctrl Pts',(-1.25695669499862,13.5,-6.07556677171366));
#7397=CARTESIAN_POINT('Ctrl Pts',(-0.736890249764687,13.5,-5.933464346017));
#7398=CARTESIAN_POINT('Ctrl Pts',(-0.349683022067496,13.5,-5.81419056023134));
#7399=CARTESIAN_POINT('Ctrl Pts',(-0.00352042882856401,13.5,-5.59126439555427));
#7400=CARTESIAN_POINT('Ctrl Pts',(0.228595721730791,13.5,-5.18808906412149));
#7401=CARTESIAN_POINT('Ctrl Pts',(0.203717261667182,13.5,-4.76336964957125));
#7402=CARTESIAN_POINT('Ctrl Pts',(0.013960465055402,13.5,-4.4522656961182));
#7403=CARTESIAN_POINT('Ctrl Pts',(-0.188812318953292,13.5,-4.27136155603556));
#7404=CARTESIAN_POINT('Ctrl Pts',(-0.423479350200535,13.5,-4.13739538316027));
#7405=CARTESIAN_POINT('Ctrl Pts',(-0.748088283618841,13.5,-3.98342326231724));
#7406=CARTESIAN_POINT('Ctrl Pts',(-1.15695937082907,13.5,-3.79736346436063));
#7407=CARTESIAN_POINT('Ctrl Pts',(-1.63181359901806,13.5,-3.54186608401815));
#7408=CARTESIAN_POINT('Ctrl Pts',(-2.03498924566636,13.5,-3.25299125494814));
#7409=CARTESIAN_POINT('Ctrl Pts',(-2.33973610593951,13.5,-2.91826872577174));
#7410=CARTESIAN_POINT('Ctrl Pts',(-2.50978584748159,13.5,-2.54390051308717));
#7411=CARTESIAN_POINT('Ctrl Pts',(-2.53389362879626,13.5,-2.13506281523365));
#7412=CARTESIAN_POINT('Ctrl Pts',(-2.43106458993783,13.5,-1.60311382087312));
#7413=CARTESIAN_POINT('Ctrl Pts',(-2.14656694183453,13.5,-0.986194313528228));
#7414=CARTESIAN_POINT('Ctrl Pts',(-1.74632989158555,13.5,-0.440521264201286));
#7415=CARTESIAN_POINT('Ctrl Pts',(-1.34966434498777,13.5,-0.073101752833789));
#7416=CARTESIAN_POINT('Ctrl Pts',(-1.00726687404878,13.5,0.146524083088525));
#7417=CARTESIAN_POINT('Ctrl Pts',(-0.616518359848669,13.5,0.267648916833263));
#7418=CARTESIAN_POINT('Ctrl Pts',(-0.275909785425003,13.5,0.264800175547133));
#7419=CARTESIAN_POINT('Ctrl Pts',(0.122473071249129,13.5,0.196215074478116));
#7420=CARTESIAN_POINT('Ctrl Pts',(0.443212449504067,13.5,0.0850260961589704));
#7421=CARTESIAN_POINT('Ctrl Pts',(0.713294674256006,13.5,-0.0515995589825202));
#7422=CARTESIAN_POINT('Ctrl Pts',(0.827294527825144,13.5,-0.123159173019472));
#7423=CARTESIAN_POINT('Ctrl Pts',(0.93458186956574,13.5,-0.205077169007614));
#7424=CARTESIAN_POINT('Ctrl Pts',(1.04553380310069,13.5,-0.33383703591042));
#7425=CARTESIAN_POINT('Ctrl Pts',(1.11980639837484,13.5,-0.445655624312148));
#7426=CARTESIAN_POINT('Ctrl Pts',(1.15606607290696,13.5,-0.503670859967796));
#7427=CARTESIAN_POINT('Ctrl Pts',(1.15661005947754,13.5,-0.504541234826166));
#7428=CARTESIAN_POINT('Ctrl Pts',(1.15715404604811,13.5,-0.505411609684534));
#7429=CARTESIAN_POINT('Ctrl Pts',(1.15715243023258,13.5,-0.505409193044305));
#7430=CARTESIAN_POINT('Ctrl Pts',(1.15694237619349,13.4999999997827,-0.505531660898967));
#7431=CARTESIAN_POINT('Ctrl Pts',(1.15673239997601,13.4999991140224,-0.505654083075113));
#7432=CARTESIAN_POINT('Ctrl Pts',(1.1460103814757,13.4999086646449,-0.511905347900089));
#7433=CARTESIAN_POINT('Ctrl Pts',(1.13559972939262,13.497601809187,-0.517975069173502));
#7434=CARTESIAN_POINT('Ctrl Pts',(1.11600683774299,13.4887784741261,-0.529398317299672));
#7435=CARTESIAN_POINT('Ctrl Pts',(1.10698743864992,13.4823358059929,-0.534656899627968));
#7436=CARTESIAN_POINT('Ctrl Pts',(1.09291016108517,13.4676103755603,-0.542864378005206));
#7437=CARTESIAN_POINT('Ctrl Pts',(1.08749886112603,13.4600105151654,-0.546019329465303));
#7438=CARTESIAN_POINT('Ctrl Pts',(1.08084941052445,13.4472463711092,-0.549896160179335));
#7439=CARTESIAN_POINT('Ctrl Pts',(1.07886307453283,13.4426750211454,-0.551054254109534));
#7440=CARTESIAN_POINT('Ctrl Pts',(1.07291865357578,13.4259066468075,-0.554520031227714));
#7441=CARTESIAN_POINT('Ctrl Pts',(1.07072235595262,13.4130157178705,-0.555800539136198));
#7442=CARTESIAN_POINT('Ctrl Pts',(1.07072235595263,13.4,-0.555800539136221));
#7443=CARTESIAN_POINT('Origin',(2.28949308355095,13.4,-2.59253090664263));
#7444=CARTESIAN_POINT('',(1.8000000372529,13.5,-1.69030095107054));
#7445=CARTESIAN_POINT('',(2.28949308355095,13.5,-2.59253090664263));
#7446=CARTESIAN_POINT('',(1.8000000372529,13.4,-1.89999975703201));
#7447=CARTESIAN_POINT('Origin',(1.8000000372529,13.4,-1.69030095107054));
#7448=CARTESIAN_POINT('',(2.20159594073712,13.4,-2.64021835032715));
#7449=CARTESIAN_POINT('Ctrl Pts',(1.07072235595263,11.,-0.555800539136221));
#7450=CARTESIAN_POINT('Ctrl Pts',(1.07072235595263,13.5,-0.555800539136221));
#7451=CARTESIAN_POINT('Ctrl Pts',(0.936405932524924,11.,-0.340895164001662));
#7452=CARTESIAN_POINT('Ctrl Pts',(0.936405932524924,13.5,-0.340895164001662));
#7453=CARTESIAN_POINT('Ctrl Pts',(0.882343995278867,11.,-0.286318598438072));
#7454=CARTESIAN_POINT('Ctrl Pts',(0.882343995278867,13.5,-0.286318598438072));
#7455=CARTESIAN_POINT('Ctrl Pts',(0.775792741523637,11.,-0.211113264518875));
#7456=CARTESIAN_POINT('Ctrl Pts',(0.775792741523637,13.5,-0.211113264518875));
#7457=CARTESIAN_POINT('Ctrl Pts',(0.576041468089567,11.,-0.0701260805116027));
#7458=CARTESIAN_POINT('Ctrl Pts',(0.576041468089567,13.5,-0.0701260805116027));
#7459=CARTESIAN_POINT('Ctrl Pts',(-0.043037018290093,11.,0.191565054711917));
#7460=CARTESIAN_POINT('Ctrl Pts',(-0.043037018290093,13.5,0.191565054711917));
#7461=CARTESIAN_POINT('Ctrl Pts',(-0.506838781649562,11.,0.157876942200083));
#7462=CARTESIAN_POINT('Ctrl Pts',(-0.506838781649562,13.5,0.157876942200083));
#7463=CARTESIAN_POINT('Ctrl Pts',(-0.827043357283497,11.,0.134618971612335));
#7464=CARTESIAN_POINT('Ctrl Pts',(-0.827043357283497,13.5,0.134618971612335));
#7465=CARTESIAN_POINT('Ctrl Pts',(-1.14203119315818,11.,0.00081274613789338));
#7466=CARTESIAN_POINT('Ctrl Pts',(-1.14203119315818,13.5,0.00081274613789338));
#7467=CARTESIAN_POINT('Ctrl Pts',(-1.50635431907268,11.,-0.360232294544565));
#7468=CARTESIAN_POINT('Ctrl Pts',(-1.50635431907268,13.5,-0.360232294544565));
#7469=CARTESIAN_POINT('Ctrl Pts',(-1.93244692383739,11.,-0.782491028287079));
#7470=CARTESIAN_POINT('Ctrl Pts',(-1.93244692383739,13.5,-0.782491028287079));
#7471=CARTESIAN_POINT('Ctrl Pts',(-2.34985659353075,11.,-1.52708592401414));
#7472=CARTESIAN_POINT('Ctrl Pts',(-2.34985659353075,13.5,-1.52708592401414));
#7473=CARTESIAN_POINT('Ctrl Pts',(-2.41074810426107,11.,-2.07087658911583));
#7474=CARTESIAN_POINT('Ctrl Pts',(-2.41074810426107,13.5,-2.07087658911583));
#7475=CARTESIAN_POINT('Ctrl Pts',(-2.46009820727566,11.,-2.51159689674617));
#7476=CARTESIAN_POINT('Ctrl Pts',(-2.46009820727566,13.5,-2.51159689674617));
#7477=CARTESIAN_POINT('Ctrl Pts',(-2.35816345174827,11.,-2.79958008544686));
#7478=CARTESIAN_POINT('Ctrl Pts',(-2.35816345174827,13.5,-2.79958008544686));
#7479=CARTESIAN_POINT('Ctrl Pts',(-1.98904802359678,11.,-3.13787586353448));
#7480=CARTESIAN_POINT('Ctrl Pts',(-1.98904802359678,13.5,-3.13787586353448));
#7481=CARTESIAN_POINT('Ctrl Pts',(-1.69642016749491,11.,-3.40607047345868));
#7482=CARTESIAN_POINT('Ctrl Pts',(-1.69642016749491,13.5,-3.40607047345868));
#7483=CARTESIAN_POINT('Ctrl Pts',(-1.21368101684922,11.,-3.65829785066516));
#7484=CARTESIAN_POINT('Ctrl Pts',(-1.21368101684922,13.5,-3.65829785066516));
#7485=CARTESIAN_POINT('Ctrl Pts',(-0.799363072206816,11.,-3.85070188461678));
#7486=CARTESIAN_POINT('Ctrl Pts',(-0.799363072206816,13.5,-3.85070188461678));
#7487=CARTESIAN_POINT('Ctrl Pts',(-0.608048668998947,11.,-3.93954588330482));
#7488=CARTESIAN_POINT('Ctrl Pts',(-0.608048668998947,13.5,-3.93954588330482));
#7489=CARTESIAN_POINT('Ctrl Pts',(-0.440961505247424,11.,-4.01039312038428));
#7490=CARTESIAN_POINT('Ctrl Pts',(-0.440961505247424,13.5,-4.01039312038428));
#7491=CARTESIAN_POINT('Ctrl Pts',(-0.259015037379858,11.,-4.11811424826773));
#7492=CARTESIAN_POINT('Ctrl Pts',(-0.259015037379858,13.5,-4.11811424826773));
#7493=CARTESIAN_POINT('Ctrl Pts',(-0.15775119533782,11.,-4.17806735099309));
#7494=CARTESIAN_POINT('Ctrl Pts',(-0.15775119533782,13.5,-4.17806735099309));
#7495=CARTESIAN_POINT('Ctrl Pts',(-0.0421014380610685,11.,-4.2293598987505));
#7496=CARTESIAN_POINT('Ctrl Pts',(-0.0421014380610685,13.5,-4.2293598987505));
#7497=CARTESIAN_POINT('Ctrl Pts',(0.114684255602738,11.,-4.44016470596918));
#7498=CARTESIAN_POINT('Ctrl Pts',(0.114684255602738,13.5,-4.44016470596918));
#7499=CARTESIAN_POINT('Ctrl Pts',(0.211392657047227,11.,-4.57019312531366));
#7500=CARTESIAN_POINT('Ctrl Pts',(0.211392657047227,13.5,-4.57019312531366));
#7501=CARTESIAN_POINT('Ctrl Pts',(0.326484104580236,11.,-4.81651251839944));
#7502=CARTESIAN_POINT('Ctrl Pts',(0.326484104580236,13.5,-4.81651251839944));
#7503=CARTESIAN_POINT('Ctrl Pts',(0.297406682166342,11.,-5.09430087878051));
#7504=CARTESIAN_POINT('Ctrl Pts',(0.297406682166342,13.5,-5.09430087878051));
#7505=CARTESIAN_POINT('Ctrl Pts',(0.268690657541666,11.,-5.36863666011645));
#7506=CARTESIAN_POINT('Ctrl Pts',(0.268690657541666,13.5,-5.36863666011645));
#7507=CARTESIAN_POINT('Ctrl Pts',(0.116962775584364,11.,-5.57210856242551));
#7508=CARTESIAN_POINT('Ctrl Pts',(0.116962775584364,13.5,-5.57210856242551));
#7509=CARTESIAN_POINT('Ctrl Pts',(0.00508360755341164,11.,-5.67762387049559));
#7510=CARTESIAN_POINT('Ctrl Pts',(0.00508360755341164,13.5,-5.67762387049559));
#7511=CARTESIAN_POINT('Ctrl Pts',(-0.209534332510468,11.,-5.88003401048647));
#7512=CARTESIAN_POINT('Ctrl Pts',(-0.209534332510468,13.5,-5.88003401048647));
#7513=CARTESIAN_POINT('Ctrl Pts',(-0.336758362310295,11.,-5.9021374952925));
#7514=CARTESIAN_POINT('Ctrl Pts',(-0.336758362310295,13.5,-5.9021374952925));
#7515=CARTESIAN_POINT('Ctrl Pts',(-0.459145662012538,11.,-5.94681554671004));
#7516=CARTESIAN_POINT('Ctrl Pts',(-0.459145662012538,13.5,-5.94681554671004));
#7517=CARTESIAN_POINT('Ctrl Pts',(-0.744020044638494,11.,-6.0508102614024));
#7518=CARTESIAN_POINT('Ctrl Pts',(-0.744020044638494,13.5,-6.0508102614024));
#7519=CARTESIAN_POINT('Ctrl Pts',(-1.0295754882481,11.,-6.11237147667132));
#7520=CARTESIAN_POINT('Ctrl Pts',(-1.0295754882481,13.5,-6.11237147667132));
#7521=CARTESIAN_POINT('Ctrl Pts',(-1.33400559631544,11.,-6.20552894425212));
#7522=CARTESIAN_POINT('Ctrl Pts',(-1.33400559631544,13.5,-6.20552894425212));
#7523=CARTESIAN_POINT('Ctrl Pts',(-1.76497409387764,11.,-6.33740792985862));
#7524=CARTESIAN_POINT('Ctrl Pts',(-1.76497409387764,13.5,-6.33740792985862));
#7525=CARTESIAN_POINT('Ctrl Pts',(-2.14409454350654,11.,-6.5076265756409));
#7526=CARTESIAN_POINT('Ctrl Pts',(-2.14409454350654,13.5,-6.5076265756409));
#7527=CARTESIAN_POINT('Ctrl Pts',(-2.36587595804258,11.,-6.70159016300271));
#7528=CARTESIAN_POINT('Ctrl Pts',(-2.36587595804258,13.5,-6.70159016300271));
#7529=CARTESIAN_POINT('Ctrl Pts',(-2.590352197837,11.,-6.89791056631109));
#7530=CARTESIAN_POINT('Ctrl Pts',(-2.590352197837,13.5,-6.89791056631109));
#7531=CARTESIAN_POINT('Ctrl Pts',(-2.7370278631405,11.,-7.14669615288457));
#7532=CARTESIAN_POINT('Ctrl Pts',(-2.7370278631405,13.5,-7.14669615288457));
#7533=CARTESIAN_POINT('Ctrl Pts',(-2.86362219276598,11.,-7.59395897307637));
#7534=CARTESIAN_POINT('Ctrl Pts',(-2.86362219276598,13.5,-7.59395897307637));
#7535=CARTESIAN_POINT('Ctrl Pts',(-3.02477371889681,11.,-8.1633137480392));
#7536=CARTESIAN_POINT('Ctrl Pts',(-3.02477371889681,13.5,-8.1633137480392));
#7537=CARTESIAN_POINT('Ctrl Pts',(-3.13619183970293,11.,-9.04065232369751));
#7538=CARTESIAN_POINT('Ctrl Pts',(-3.13619183970293,13.5,-9.04065232369751));
#7539=CARTESIAN_POINT('Ctrl Pts',(-3.08107336454783,11.,-9.69683541587628));
#7540=CARTESIAN_POINT('Ctrl Pts',(-3.08107336454783,13.5,-9.69683541587628));
#7541=CARTESIAN_POINT('Ctrl Pts',(-3.04672000758055,11.,-10.1058106630702));
#7542=CARTESIAN_POINT('Ctrl Pts',(-3.04672000758055,13.5,-10.1058106630702));
#7543=CARTESIAN_POINT('Ctrl Pts',(-2.94515311864381,11.,-10.3797302466224));
#7544=CARTESIAN_POINT('Ctrl Pts',(-2.94515311864381,13.5,-10.3797302466224));
#7545=CARTESIAN_POINT('Ctrl Pts',(-2.79254011278941,11.,-10.5509814979336));
#7546=CARTESIAN_POINT('Ctrl Pts',(-2.79254011278941,13.5,-10.5509814979336));
#7547=CARTESIAN_POINT('Ctrl Pts',(-2.64966481661708,11.,-10.7113057973861));
#7548=CARTESIAN_POINT('Ctrl Pts',(-2.64966481661708,13.5,-10.7113057973861));
#7549=CARTESIAN_POINT('Ctrl Pts',(-2.41159131738136,11.,-10.8429151265251));
#7550=CARTESIAN_POINT('Ctrl Pts',(-2.41159131738136,13.5,-10.8429151265251));
#7551=CARTESIAN_POINT('Ctrl Pts',(-2.03750180637248,11.,-10.8882430628009));
#7552=CARTESIAN_POINT('Ctrl Pts',(-2.03750180637248,13.5,-10.8882430628009));
#7553=CARTESIAN_POINT('Ctrl Pts',(-1.68945863259236,11.,-10.9304149984957));
#7554=CARTESIAN_POINT('Ctrl Pts',(-1.68945863259236,13.5,-10.9304149984957));
#7555=CARTESIAN_POINT('Ctrl Pts',(-1.26451882447853,11.,-10.8549988940536));
#7556=CARTESIAN_POINT('Ctrl Pts',(-1.26451882447853,13.5,-10.8549988940536));
#7557=CARTESIAN_POINT('Ctrl Pts',(-1.09726729027454,11.,-10.7728279646889));
#7558=CARTESIAN_POINT('Ctrl Pts',(-1.09726729027454,13.5,-10.7728279646889));
#7559=CARTESIAN_POINT('Ctrl Pts',(-0.956150473808467,11.,-10.7034970613093));
#7560=CARTESIAN_POINT('Ctrl Pts',(-0.956150473808467,13.5,-10.7034970613093));
#7561=CARTESIAN_POINT('Ctrl Pts',(-0.970240488694609,11.,-10.707298051381));
#7562=CARTESIAN_POINT('Ctrl Pts',(-0.970240488694609,13.5,-10.707298051381));
#7563=CARTESIAN_POINT('Ctrl Pts',(-0.91823178960555,11.,-10.5858602633418));
#7564=CARTESIAN_POINT('Ctrl Pts',(-0.91823178960555,13.5,-10.5858602633418));
#7565=CARTESIAN_POINT('Ctrl Pts',(-0.872958426418329,11.,-10.4801491577219));
#7566=CARTESIAN_POINT('Ctrl Pts',(-0.872958426418329,13.5,-10.4801491577219));
#7567=CARTESIAN_POINT('Ctrl Pts',(-0.844000374183328,11.,-10.2454412080582));
#7568=CARTESIAN_POINT('Ctrl Pts',(-0.844000374183328,13.5,-10.2454412080582));
#7569=CARTESIAN_POINT('Ctrl Pts',(-0.636796523195867,11.,-9.88748289684462));
#7570=CARTESIAN_POINT('Ctrl Pts',(-0.636796523195867,13.5,-9.88748289684462));
#7571=CARTESIAN_POINT('Ctrl Pts',(-0.481301172870797,11.,-9.6188544290885));
#7572=CARTESIAN_POINT('Ctrl Pts',(-0.481301172870797,13.5,-9.6188544290885));
#7573=CARTESIAN_POINT('Ctrl Pts',(-0.168537168685668,11.,-9.32877845792683));
#7574=CARTESIAN_POINT('Ctrl Pts',(-0.168537168685668,13.5,-9.32877845792683));
#7575=CARTESIAN_POINT('Ctrl Pts',(0.190489570482265,11.,-9.18986726091785));
#7576=CARTESIAN_POINT('Ctrl Pts',(0.190489570482265,13.5,-9.18986726091785));
#7577=CARTESIAN_POINT('Ctrl Pts',(0.650300347581888,11.,-9.01196166649731));
#7578=CARTESIAN_POINT('Ctrl Pts',(0.650300347581888,13.5,-9.01196166649731));
#7579=CARTESIAN_POINT('Ctrl Pts',(1.15156874400727,11.,-8.99388346604261));
#7580=CARTESIAN_POINT('Ctrl Pts',(1.15156874400727,13.5,-8.99388346604261));
#7581=CARTESIAN_POINT('Ctrl Pts',(1.80000003725291,11.,-9.0378286484265));
#7582=CARTESIAN_POINT('Ctrl Pts',(1.80000003725291,13.5,-9.0378286484265));
#7583=CARTESIAN_POINT('',(1.07072235595263,13.,-0.555800539136221));
#7584=CARTESIAN_POINT('',(1.07072235595263,11.,-0.555800539136221));
#7585=CARTESIAN_POINT('',(1.80000003725291,13.,-9.0378286484265));
#7586=CARTESIAN_POINT('Ctrl Pts',(1.07072235595263,13.,-0.555800539136221));
#7587=CARTESIAN_POINT('Ctrl Pts',(0.953613541175907,13.,-0.368427222240976));
#7588=CARTESIAN_POINT('Ctrl Pts',(0.87836587715048,13.0000000000005,-0.293243520981382));
#7589=CARTESIAN_POINT('Ctrl Pts',(0.711548547469719,13.0000000000005,-0.153784917329089));
#7590=CARTESIAN_POINT('Ctrl Pts',(0.546860088983509,13.0000000000003,-0.0788987988452193));
#7591=CARTESIAN_POINT('Ctrl Pts',(0.280721632228404,13.0000000000003,0.0362377198367556));
#7592=CARTESIAN_POINT('Ctrl Pts',(0.0348812422241945,13.0000000000003,0.120144046635347));
#7593=CARTESIAN_POINT('Ctrl Pts',(-0.41346249024435,13.0000000000003,0.172930565483452));
#7594=CARTESIAN_POINT('Ctrl Pts',(-0.570993025871669,13.0000000000003,0.159385214992643));
#7595=CARTESIAN_POINT('Ctrl Pts',(-0.847552960873453,13.0000000000003,0.0939051359486956));
#7596=CARTESIAN_POINT('Ctrl Pts',(-1.02421933441703,13.0000000000003,0.0253485394167059));
#7597=CARTESIAN_POINT('Ctrl Pts',(-1.52448071026641,13.0000000000003,-0.33661931138358));
#7598=CARTESIAN_POINT('Ctrl Pts',(-1.79016803955633,13.0000000000003,-0.652391305051233));
#7599=CARTESIAN_POINT('Ctrl Pts',(-2.15112417605646,13.0000000000003,-1.2313857886051));
#7600=CARTESIAN_POINT('Ctrl Pts',(-2.29089081836958,13.0000000000003,-1.52709633469786));
#7601=CARTESIAN_POINT('Ctrl Pts',(-2.40769472927197,13.0000000000003,-1.99188930615916));
#7602=CARTESIAN_POINT('Ctrl Pts',(-2.43103734450054,13.0000000000003,-2.17274157580677));
#7603=CARTESIAN_POINT('Ctrl Pts',(-2.40284822673702,13.0000000000003,-2.4893762322718));
#7604=CARTESIAN_POINT('Ctrl Pts',(-2.36590227333173,13.0000000000004,-2.62080908312552));
#7605=CARTESIAN_POINT('Ctrl Pts',(-2.23040407244228,13.0000000000004,-2.88161671767336));
#7606=CARTESIAN_POINT('Ctrl Pts',(-2.11994344674662,13.0000000000002,-3.02658662269749));
#7607=CARTESIAN_POINT('Ctrl Pts',(-1.57573434794745,13.0000000000002,-3.49491728250024));
#7608=CARTESIAN_POINT('Ctrl Pts',(-1.07365789575807,13.0000000000002,-3.72355347120796));
#7609=CARTESIAN_POINT('Ctrl Pts',(-0.498645661879905,13.0000000000002,-3.99009472908056));
#7610=CARTESIAN_POINT('Ctrl Pts',(-0.333976899927409,13.0000000000002,-4.06765836779767));
#7611=CARTESIAN_POINT('Ctrl Pts',(-0.107998093166932,13.0000000000002,-4.21413901325197));
#7612=CARTESIAN_POINT('Ctrl Pts',(-0.0285248744789667,13.0000000000002,
-4.27735454526523));
#7613=CARTESIAN_POINT('Ctrl Pts',(0.109813626190898,13.0000000000002,-4.42585315827954));
#7614=CARTESIAN_POINT('Ctrl Pts',(0.166177686006708,13.0000000000002,-4.50682399881057));
#7615=CARTESIAN_POINT('Ctrl Pts',(0.256069584843369,13.0000000000002,-4.69239639311285));
#7616=CARTESIAN_POINT('Ctrl Pts',(0.28591870946626,13.0000000000002,-4.79582097303944));
#7617=CARTESIAN_POINT('Ctrl Pts',(0.3100661066561,13.0000000000002,-5.02301273039624));
#7618=CARTESIAN_POINT('Ctrl Pts',(0.298795242952985,13.0000000000002,-5.14477491391038));
#7619=CARTESIAN_POINT('Ctrl Pts',(0.230071579776547,13.0000000000002,-5.37483873161679));
#7620=CARTESIAN_POINT('Ctrl Pts',(0.174515840497052,13.0000000000002,-5.48049411467587));
#7621=CARTESIAN_POINT('Ctrl Pts',(0.0376496777885997,13.0000000000002,-5.65303761278716));
#7622=CARTESIAN_POINT('Ctrl Pts',(-0.0365582091305189,13.0000000000002,
-5.72098952600285));
#7623=CARTESIAN_POINT('Ctrl Pts',(-0.432728285483206,13.0000000000002,-5.99387864600558));
#7624=CARTESIAN_POINT('Ctrl Pts',(-0.860903665923355,13.,-6.05481924518456));
#7625=CARTESIAN_POINT('Ctrl Pts',(-1.691487202642,13.,-6.31861199813783));
#7626=CARTESIAN_POINT('Ctrl Pts',(-1.96114307301472,13.,-6.42380321280644));
#7627=CARTESIAN_POINT('Ctrl Pts',(-2.34945884361827,13.,-6.67149027071596));
#7628=CARTESIAN_POINT('Ctrl Pts',(-2.47028260658493,13.,-6.78820212789714));
#7629=CARTESIAN_POINT('Ctrl Pts',(-2.67578934903253,13.,-7.0763796572292));
#7630=CARTESIAN_POINT('Ctrl Pts',(-2.78182014000315,13.0000000000001,-7.29259189564346));
#7631=CARTESIAN_POINT('Ctrl Pts',(-3.01760212800018,13.0000000000001,-8.15901171471597));
#7632=CARTESIAN_POINT('Ctrl Pts',(-3.10215422349778,12.9999999999999,-8.88523573884526));
#7633=CARTESIAN_POINT('Ctrl Pts',(-3.08987415807959,12.9999999999999,-9.68713077486252));
#7634=CARTESIAN_POINT('Ctrl Pts',(-3.06461654999611,12.9999999999999,-9.94189833419029));
#7635=CARTESIAN_POINT('Ctrl Pts',(-2.95443359489039,12.9999999999999,-10.3079343281873));
#7636=CARTESIAN_POINT('Ctrl Pts',(-2.89799002393497,12.9999999999999,-10.4135692042061));
#7637=CARTESIAN_POINT('Ctrl Pts',(-2.78283838477283,12.9999999999999,-10.5701230376805));
#7638=CARTESIAN_POINT('Ctrl Pts',(-2.70584115666514,12.9999999999999,-10.646319940243));
#7639=CARTESIAN_POINT('Ctrl Pts',(-2.44636987203457,12.9999999999999,-10.8020218439867));
#7640=CARTESIAN_POINT('Ctrl Pts',(-2.26996484370059,12.9999999999999,-10.8534786601061));
#7641=CARTESIAN_POINT('Ctrl Pts',(-1.85249307025853,12.9999999999999,-10.9177258038706));
#7642=CARTESIAN_POINT('Ctrl Pts',(-1.59165629028683,12.9999999999999,-10.9077783878983));
#7643=CARTESIAN_POINT('Ctrl Pts',(-1.2503891001136,12.9999999999999,-10.8367094071246));
#7644=CARTESIAN_POINT('Ctrl Pts',(-1.14842578994835,12.9999999999999,-10.8008998028456));
#7645=CARTESIAN_POINT('Ctrl Pts',(-1.01537083873316,12.9999999999999,-10.7292659194163));
#7646=CARTESIAN_POINT('Ctrl Pts',(-0.988009382748276,12.9999999999999,-10.7014784035844));
#7647=CARTESIAN_POINT('Ctrl Pts',(-0.920193184677544,12.9999999999999,-10.6195636989986));
#7648=CARTESIAN_POINT('Ctrl Pts',(-0.885626826330129,13.,-10.5019419327665));
#7649=CARTESIAN_POINT('Ctrl Pts',(-0.786557109762693,13.,-10.2057255484015));
#7650=CARTESIAN_POINT('Ctrl Pts',(-0.727322863890589,13.,-10.0394551476991));
#7651=CARTESIAN_POINT('Ctrl Pts',(-0.551200486940301,13.,-9.74332846006503));
#7652=CARTESIAN_POINT('Ctrl Pts',(-0.438221314893466,13.,-9.58927529232358));
#7653=CARTESIAN_POINT('Ctrl Pts',(-0.0625745066378812,13.,-9.28752677597316));
#7654=CARTESIAN_POINT('Ctrl Pts',(0.152137299968785,13.,-9.19476990246502));
#7655=CARTESIAN_POINT('Ctrl Pts',(0.705813595863364,13.,-9.02947655501986));
#7656=CARTESIAN_POINT('Ctrl Pts',(1.16486561734294,13.,-8.99478461552438));
#7657=CARTESIAN_POINT('Ctrl Pts',(1.80000003725292,13.,-9.0378286484265));
#7658=CARTESIAN_POINT('',(1.80000003725291,11.,-9.0378286484265));
#7659=CARTESIAN_POINT('Origin',(1.80000014603138,11.,-1.89999995753169));
#7660=CARTESIAN_POINT('',(1.80000014603138,13.,-1.89999995753169));
#7661=CARTESIAN_POINT('',(1.8000000372529,11.,-1.89999975703201));
#7662=CARTESIAN_POINT('',(2.24648660514351,13.,-2.72296049030093));
#7663=CARTESIAN_POINT('Ctrl Pts',(3.13331957121121,11.,-11.4707133887045));
#7664=CARTESIAN_POINT('Ctrl Pts',(3.13331957121121,13.5,-11.4707133887045));
#7665=CARTESIAN_POINT('Ctrl Pts',(3.13171622244461,11.,-11.4675998583368));
#7666=CARTESIAN_POINT('Ctrl Pts',(3.13171622244461,13.5,-11.4675998583368));
#7667=CARTESIAN_POINT('Ctrl Pts',(3.1190683078321,11.,-11.4428176716418));
#7668=CARTESIAN_POINT('Ctrl Pts',(3.1190683078321,13.5,-11.4428176716418));
#7669=CARTESIAN_POINT('Ctrl Pts',(3.09546706980374,11.,-11.393319346584));
#7670=CARTESIAN_POINT('Ctrl Pts',(3.09546706980374,13.5,-11.393319346584));
#7671=CARTESIAN_POINT('Ctrl Pts',(3.06145127850743,11.,-11.313398863331));
#7672=CARTESIAN_POINT('Ctrl Pts',(3.06145127850743,13.5,-11.313398863331));
#7673=CARTESIAN_POINT('Ctrl Pts',(3.0187305645283,11.,-11.1983382559212));
#7674=CARTESIAN_POINT('Ctrl Pts',(3.0187305645283,13.5,-11.1983382559212));
#7675=CARTESIAN_POINT('Ctrl Pts',(2.97179337550861,11.,-11.0550096536883));
#7676=CARTESIAN_POINT('Ctrl Pts',(2.97179337550861,13.5,-11.0550096536883));
#7677=CARTESIAN_POINT('Ctrl Pts',(2.93032811031899,11.,-10.91710399709));
#7678=CARTESIAN_POINT('Ctrl Pts',(2.93032811031899,13.5,-10.91710399709));
#7679=CARTESIAN_POINT('Ctrl Pts',(2.89492699373696,11.,-10.7931064558163));
#7680=CARTESIAN_POINT('Ctrl Pts',(2.89492699373696,13.5,-10.7931064558163));
#7681=CARTESIAN_POINT('Ctrl Pts',(2.86614774623083,11.,-10.6886090718634));
#7682=CARTESIAN_POINT('Ctrl Pts',(2.86614774623083,13.5,-10.6886090718634));
#7683=CARTESIAN_POINT('Ctrl Pts',(2.84453614982021,11.,-10.6065319938267));
#7684=CARTESIAN_POINT('Ctrl Pts',(2.84453614982021,13.5,-10.6065319938267));
#7685=CARTESIAN_POINT('Ctrl Pts',(2.83334861976571,11.,-10.5597499235314));
#7686=CARTESIAN_POINT('Ctrl Pts',(2.83334861976571,13.5,-10.5597499235314));
#7687=CARTESIAN_POINT('Ctrl Pts',(2.82853697711736,11.,-10.5353333860315));
#7688=CARTESIAN_POINT('Ctrl Pts',(2.82853697711736,13.5,-10.5353333860315));
#7689=CARTESIAN_POINT('Ctrl Pts',(2.82693708298256,11.,-10.523771936477));
#7690=CARTESIAN_POINT('Ctrl Pts',(2.82693708298256,13.5,-10.523771936477));
#7691=CARTESIAN_POINT('Ctrl Pts',(2.82653910821331,11.,-10.5191702360762));
#7692=CARTESIAN_POINT('Ctrl Pts',(2.82653910821331,13.5,-10.5191702360762));
#7693=CARTESIAN_POINT('',(2.82653910821331,11.,-10.5191702360762));
#7694=CARTESIAN_POINT('',(3.13331957121121,11.,-11.4707133887045));
#7695=CARTESIAN_POINT('Ctrl Pts',(2.82653910821331,11.,-10.5191702360762));
#7696=CARTESIAN_POINT('Ctrl Pts',(2.82693708298256,11.,-10.523771936477));
#7697=CARTESIAN_POINT('Ctrl Pts',(2.82853697711736,11.,-10.5353333860315));
#7698=CARTESIAN_POINT('Ctrl Pts',(2.83334861976571,11.,-10.5597499235314));
#7699=CARTESIAN_POINT('Ctrl Pts',(2.84453614982021,11.,-10.6065319938267));
#7700=CARTESIAN_POINT('Ctrl Pts',(2.86614774623083,11.,-10.6886090718634));
#7701=CARTESIAN_POINT('Ctrl Pts',(2.89492699373696,11.,-10.7931064558163));
#7702=CARTESIAN_POINT('Ctrl Pts',(2.93032811031899,11.,-10.91710399709));
#7703=CARTESIAN_POINT('Ctrl Pts',(2.97179337550861,11.,-11.0550096536883));
#7704=CARTESIAN_POINT('Ctrl Pts',(3.0187305645283,11.,-11.1983382559212));
#7705=CARTESIAN_POINT('Ctrl Pts',(3.06145127850743,11.,-11.313398863331));
#7706=CARTESIAN_POINT('Ctrl Pts',(3.09546706980374,11.,-11.393319346584));
#7707=CARTESIAN_POINT('Ctrl Pts',(3.1190683078321,11.,-11.4428176716418));
#7708=CARTESIAN_POINT('Ctrl Pts',(3.13171622244461,11.,-11.4675998583368));
#7709=CARTESIAN_POINT('Ctrl Pts',(3.13331957121121,11.,-11.4707133887045));
#7710=CARTESIAN_POINT('',(2.82653910821331,13.5,-10.5191702360762));
#7711=CARTESIAN_POINT('',(2.82653910821331,11.,-10.5191702360762));
#7712=CARTESIAN_POINT('',(3.13331957121121,13.5,-11.4707133887045));
#7713=CARTESIAN_POINT('Ctrl Pts',(3.13331957121121,13.5,-11.4707133887045));
#7714=CARTESIAN_POINT('Ctrl Pts',(3.13171622244461,13.5,-11.4675998583368));
#7715=CARTESIAN_POINT('Ctrl Pts',(3.1190683078321,13.5,-11.4428176716418));
#7716=CARTESIAN_POINT('Ctrl Pts',(3.09546706980374,13.5,-11.393319346584));
#7717=CARTESIAN_POINT('Ctrl Pts',(3.06145127850743,13.5,-11.313398863331));
#7718=CARTESIAN_POINT('Ctrl Pts',(3.0187305645283,13.5,-11.1983382559212));
#7719=CARTESIAN_POINT('Ctrl Pts',(2.97179337550861,13.5,-11.0550096536883));
#7720=CARTESIAN_POINT('Ctrl Pts',(2.93032811031899,13.5,-10.91710399709));
#7721=CARTESIAN_POINT('Ctrl Pts',(2.89492699373696,13.5,-10.7931064558163));
#7722=CARTESIAN_POINT('Ctrl Pts',(2.86614774623083,13.5,-10.6886090718634));
#7723=CARTESIAN_POINT('Ctrl Pts',(2.84453614982021,13.5,-10.6065319938267));
#7724=CARTESIAN_POINT('Ctrl Pts',(2.83334861976571,13.5,-10.5597499235314));
#7725=CARTESIAN_POINT('Ctrl Pts',(2.82853697711736,13.5,-10.5353333860315));
#7726=CARTESIAN_POINT('Ctrl Pts',(2.82693708298256,13.5,-10.523771936477));
#7727=CARTESIAN_POINT('Ctrl Pts',(2.82653910821331,13.5,-10.5191702360762));
#7728=CARTESIAN_POINT('',(3.13331957121121,11.,-11.4707133887045));
#7729=CARTESIAN_POINT('Origin',(3.2699998896569,11.,-11.579999666661));
#7730=CARTESIAN_POINT('',(3.32397557862033,11.,-11.413531576623));
#7731=CARTESIAN_POINT('Origin',(3.2699998896569,11.,-11.579999666661));
#7732=CARTESIAN_POINT('',(3.32397557862033,13.5,-11.413531576623));
#7733=CARTESIAN_POINT('Origin',(3.2699998896569,13.5,-11.579999666661));
#7734=CARTESIAN_POINT('',(3.32397557862033,11.,-11.413531576623));
#7735=CARTESIAN_POINT('Ctrl Pts',(2.99546472348651,11.,-10.3944838442478));
#7736=CARTESIAN_POINT('Ctrl Pts',(2.99546472348651,13.5,-10.3944838442478));
#7737=CARTESIAN_POINT('Ctrl Pts',(3.00298416566543,11.,-10.4226674472691));
#7738=CARTESIAN_POINT('Ctrl Pts',(3.00298416566543,13.5,-10.4226674472691));
#7739=CARTESIAN_POINT('Ctrl Pts',(3.01785158327187,11.,-10.4773994556585));
#7740=CARTESIAN_POINT('Ctrl Pts',(3.01785158327187,13.5,-10.4773994556585));
#7741=CARTESIAN_POINT('Ctrl Pts',(3.0396381952218,11.,-10.5545916943819));
#7742=CARTESIAN_POINT('Ctrl Pts',(3.0396381952218,13.5,-10.5545916943819));
#7743=CARTESIAN_POINT('Ctrl Pts',(3.06794703716834,11.,-10.6486344850721));
#7744=CARTESIAN_POINT('Ctrl Pts',(3.06794703716834,13.5,-10.6486344850721));
#7745=CARTESIAN_POINT('Ctrl Pts',(3.10356506228605,11.,-10.7565988664634));
#7746=CARTESIAN_POINT('Ctrl Pts',(3.10356506228605,13.5,-10.7565988664634));
#7747=CARTESIAN_POINT('Ctrl Pts',(3.14095750063251,11.,-10.8613755122556));
#7748=CARTESIAN_POINT('Ctrl Pts',(3.14095750063251,13.5,-10.8613755122556));
#7749=CARTESIAN_POINT('Ctrl Pts',(3.18102054713307,11.,-10.9687730915899));
#7750=CARTESIAN_POINT('Ctrl Pts',(3.18102054713307,13.5,-10.9687730915899));
#7751=CARTESIAN_POINT('Ctrl Pts',(3.22340541391514,11.,-11.082449725224));
#7752=CARTESIAN_POINT('Ctrl Pts',(3.22340541391514,13.5,-11.082449725224));
#7753=CARTESIAN_POINT('Ctrl Pts',(3.2641634986204,11.,-11.1977408394357));
#7754=CARTESIAN_POINT('Ctrl Pts',(3.2641634986204,13.5,-11.1977408394357));
#7755=CARTESIAN_POINT('Ctrl Pts',(3.293118556164,11.,-11.2897354850594));
#7756=CARTESIAN_POINT('Ctrl Pts',(3.293118556164,13.5,-11.2897354850594));
#7757=CARTESIAN_POINT('Ctrl Pts',(3.31078422580299,11.,-11.3552262322773));
#7758=CARTESIAN_POINT('Ctrl Pts',(3.31078422580299,13.5,-11.3552262322773));
#7759=CARTESIAN_POINT('Ctrl Pts',(3.32017354218,11.,-11.3956611605274));
#7760=CARTESIAN_POINT('Ctrl Pts',(3.32017354218,13.5,-11.3956611605274));
#7761=CARTESIAN_POINT('Ctrl Pts',(3.32397557862033,11.,-11.413531576623));
#7762=CARTESIAN_POINT('Ctrl Pts',(3.32397557862033,13.5,-11.413531576623));
#7763=CARTESIAN_POINT('',(2.99546472348651,11.,-10.3944838442478));
#7764=CARTESIAN_POINT('Ctrl Pts',(3.32397557862033,11.,-11.413531576623));
#7765=CARTESIAN_POINT('Ctrl Pts',(3.32017354218,11.,-11.3956611605274));
#7766=CARTESIAN_POINT('Ctrl Pts',(3.31078422580299,11.,-11.3552262322773));
#7767=CARTESIAN_POINT('Ctrl Pts',(3.293118556164,11.,-11.2897354850594));
#7768=CARTESIAN_POINT('Ctrl Pts',(3.2641634986204,11.,-11.1977408394357));
#7769=CARTESIAN_POINT('Ctrl Pts',(3.22340541391514,11.,-11.082449725224));
#7770=CARTESIAN_POINT('Ctrl Pts',(3.18102054713307,11.,-10.9687730915899));
#7771=CARTESIAN_POINT('Ctrl Pts',(3.14095750063251,11.,-10.8613755122556));
#7772=CARTESIAN_POINT('Ctrl Pts',(3.10356506228605,11.,-10.7565988664634));
#7773=CARTESIAN_POINT('Ctrl Pts',(3.06794703716834,11.,-10.6486344850721));
#7774=CARTESIAN_POINT('Ctrl Pts',(3.0396381952218,11.,-10.5545916943819));
#7775=CARTESIAN_POINT('Ctrl Pts',(3.01785158327187,11.,-10.4773994556585));
#7776=CARTESIAN_POINT('Ctrl Pts',(3.00298416566543,11.,-10.4226674472691));
#7777=CARTESIAN_POINT('Ctrl Pts',(2.99546472348651,11.,-10.3944838442478));
#7778=CARTESIAN_POINT('',(2.99546472348651,13.5,-10.3944838442478));
#7779=CARTESIAN_POINT('Ctrl Pts',(2.99546472348651,13.5,-10.3944838442478));
#7780=CARTESIAN_POINT('Ctrl Pts',(3.00298416566543,13.5,-10.4226674472691));
#7781=CARTESIAN_POINT('Ctrl Pts',(3.01785158327187,13.5,-10.4773994556585));
#7782=CARTESIAN_POINT('Ctrl Pts',(3.0396381952218,13.5,-10.5545916943819));
#7783=CARTESIAN_POINT('Ctrl Pts',(3.06794703716834,13.5,-10.6486344850721));
#7784=CARTESIAN_POINT('Ctrl Pts',(3.10356506228605,13.5,-10.7565988664634));
#7785=CARTESIAN_POINT('Ctrl Pts',(3.14095750063251,13.5,-10.8613755122556));
#7786=CARTESIAN_POINT('Ctrl Pts',(3.18102054713307,13.5,-10.9687730915899));
#7787=CARTESIAN_POINT('Ctrl Pts',(3.22340541391514,13.5,-11.082449725224));
#7788=CARTESIAN_POINT('Ctrl Pts',(3.2641634986204,13.5,-11.1977408394357));
#7789=CARTESIAN_POINT('Ctrl Pts',(3.293118556164,13.5,-11.2897354850594));
#7790=CARTESIAN_POINT('Ctrl Pts',(3.31078422580299,13.5,-11.3552262322773));
#7791=CARTESIAN_POINT('Ctrl Pts',(3.32017354218,13.5,-11.3956611605274));
#7792=CARTESIAN_POINT('Ctrl Pts',(3.32397557862033,13.5,-11.413531576623));
#7793=CARTESIAN_POINT('',(2.99546472348651,11.,-10.3944838442478));
#7794=CARTESIAN_POINT('Origin',(3.13576949893511,13.5,-11.0747417554544));
#7795=CARTESIAN_POINT('Origin',(2.5000000372529,13.5,-9.90000007450581));
#7796=CARTESIAN_POINT('Origin',(2.5000000372529,11.,-5.00000007450581));
#7797=CARTESIAN_POINT('',(2.5000000372529,11.,-14.0000000745058));
#7798=CARTESIAN_POINT('Origin',(2.5000000372529,11.,-5.00000007450581));
#7799=CARTESIAN_POINT('Origin',(2.5000000372529,11.,-9.90000007450581));
#7800=CARTESIAN_POINT('Origin',(2.5000000372529,11.,-0.100000074505805));
#7801=CARTESIAN_POINT('',(2.0045353510193,11.,-10.3944838442478));
#7802=CARTESIAN_POINT('Origin',(2.5000000372529,11.,-9.90000007450581));
#7803=CARTESIAN_POINT('',(1.67602449588552,11.,-11.4135315766229));
#7804=CARTESIAN_POINT('Ctrl Pts',(2.0045353510193,11.,-10.3944838442478));
#7805=CARTESIAN_POINT('Ctrl Pts',(1.99701590884038,11.,-10.4226674472691));
#7806=CARTESIAN_POINT('Ctrl Pts',(1.98214849123394,11.,-10.4773994556585));
#7807=CARTESIAN_POINT('Ctrl Pts',(1.96036187928401,11.,-10.5545916943819));
#7808=CARTESIAN_POINT('Ctrl Pts',(1.93205303733746,11.,-10.6486344850721));
#7809=CARTESIAN_POINT('Ctrl Pts',(1.89643501221973,11.,-10.7565988664633));
#7810=CARTESIAN_POINT('Ctrl Pts',(1.85904257387328,11.,-10.8613755122555));
#7811=CARTESIAN_POINT('Ctrl Pts',(1.81897952737273,11.,-10.9687730915899));
#7812=CARTESIAN_POINT('Ctrl Pts',(1.77659466059067,11.,-11.082449725224));
#7813=CARTESIAN_POINT('Ctrl Pts',(1.73583657588542,11.,-11.1977408394357));
#7814=CARTESIAN_POINT('Ctrl Pts',(1.70688151834183,11.,-11.2897354850594));
#7815=CARTESIAN_POINT('Ctrl Pts',(1.68921584870286,11.,-11.3552262322773));
#7816=CARTESIAN_POINT('Ctrl Pts',(1.67982653232585,11.,-11.3956611605274));
#7817=CARTESIAN_POINT('Ctrl Pts',(1.67602449588552,11.,-11.4135315766229));
#7818=CARTESIAN_POINT('',(1.86668050329472,11.,-11.4707133887047));
#7819=CARTESIAN_POINT('Origin',(1.7300001848489,11.,-11.579999666661));
#7820=CARTESIAN_POINT('',(2.17346096629249,11.,-10.5191702360762));
#7821=CARTESIAN_POINT('Ctrl Pts',(1.86668050329472,11.,-11.4707133887047));
#7822=CARTESIAN_POINT('Ctrl Pts',(1.86828385206132,11.,-11.4675998583369));
#7823=CARTESIAN_POINT('Ctrl Pts',(1.88093176667385,11.,-11.442817671642));
#7824=CARTESIAN_POINT('Ctrl Pts',(1.90453300470225,11.,-11.3933193465843));
#7825=CARTESIAN_POINT('Ctrl Pts',(1.9385487959986,11.,-11.3133988633313));
#7826=CARTESIAN_POINT('Ctrl Pts',(1.98126950997774,11.,-11.1983382559216));
#7827=CARTESIAN_POINT('Ctrl Pts',(2.02820669899737,11.,-11.0550096536885));
#7828=CARTESIAN_POINT('Ctrl Pts',(2.06967196418687,11.,-10.91710399709));
#7829=CARTESIAN_POINT('Ctrl Pts',(2.10507308076874,11.,-10.7931064558162));
#7830=CARTESIAN_POINT('Ctrl Pts',(2.13385232827478,11.,-10.6886090718632));
#7831=CARTESIAN_POINT('Ctrl Pts',(2.15546392468542,11.,-10.6065319938265));
#7832=CARTESIAN_POINT('Ctrl Pts',(2.16665145474,11.,-10.5597499235312));
#7833=CARTESIAN_POINT('Ctrl Pts',(2.17146309738843,11.,-10.5353333860315));
#7834=CARTESIAN_POINT('Ctrl Pts',(2.17306299152325,11.,-10.523771936477));
#7835=CARTESIAN_POINT('Ctrl Pts',(2.17346096629249,11.,-10.5191702360762));
#7836=CARTESIAN_POINT('Origin',(2.5000000372529,11.,-9.90000007450581));
#7837=CARTESIAN_POINT('Ctrl Pts',(1.67602449588552,11.,-11.4135315766229));
#7838=CARTESIAN_POINT('Ctrl Pts',(1.67602449588552,13.5,-11.4135315766229));
#7839=CARTESIAN_POINT('Ctrl Pts',(1.67982653232585,11.,-11.3956611605274));
#7840=CARTESIAN_POINT('Ctrl Pts',(1.67982653232585,13.5,-11.3956611605274));
#7841=CARTESIAN_POINT('Ctrl Pts',(1.68921584870286,11.,-11.3552262322773));
#7842=CARTESIAN_POINT('Ctrl Pts',(1.68921584870286,13.5,-11.3552262322773));
#7843=CARTESIAN_POINT('Ctrl Pts',(1.70688151834184,11.,-11.2897354850594));
#7844=CARTESIAN_POINT('Ctrl Pts',(1.70688151834184,13.5,-11.2897354850594));
#7845=CARTESIAN_POINT('Ctrl Pts',(1.73583657588542,11.,-11.1977408394357));
#7846=CARTESIAN_POINT('Ctrl Pts',(1.73583657588542,13.5,-11.1977408394357));
#7847=CARTESIAN_POINT('Ctrl Pts',(1.77659466059067,11.,-11.082449725224));
#7848=CARTESIAN_POINT('Ctrl Pts',(1.77659466059067,13.5,-11.082449725224));
#7849=CARTESIAN_POINT('Ctrl Pts',(1.81897952737273,11.,-10.9687730915899));
#7850=CARTESIAN_POINT('Ctrl Pts',(1.81897952737273,13.5,-10.9687730915899));
#7851=CARTESIAN_POINT('Ctrl Pts',(1.85904257387328,11.,-10.8613755122555));
#7852=CARTESIAN_POINT('Ctrl Pts',(1.85904257387328,13.5,-10.8613755122555));
#7853=CARTESIAN_POINT('Ctrl Pts',(1.89643501221973,11.,-10.7565988664633));
#7854=CARTESIAN_POINT('Ctrl Pts',(1.89643501221973,13.5,-10.7565988664633));
#7855=CARTESIAN_POINT('Ctrl Pts',(1.93205303733746,11.,-10.6486344850721));
#7856=CARTESIAN_POINT('Ctrl Pts',(1.93205303733746,13.5,-10.6486344850721));
#7857=CARTESIAN_POINT('Ctrl Pts',(1.96036187928401,11.,-10.5545916943819));
#7858=CARTESIAN_POINT('Ctrl Pts',(1.96036187928401,13.5,-10.5545916943819));
#7859=CARTESIAN_POINT('Ctrl Pts',(1.98214849123394,11.,-10.4773994556585));
#7860=CARTESIAN_POINT('Ctrl Pts',(1.98214849123394,13.5,-10.4773994556585));
#7861=CARTESIAN_POINT('Ctrl Pts',(1.99701590884038,11.,-10.4226674472691));
#7862=CARTESIAN_POINT('Ctrl Pts',(1.99701590884038,13.5,-10.4226674472691));
#7863=CARTESIAN_POINT('Ctrl Pts',(2.0045353510193,11.,-10.3944838442478));
#7864=CARTESIAN_POINT('Ctrl Pts',(2.0045353510193,13.5,-10.3944838442478));
#7865=CARTESIAN_POINT('',(2.0045353510193,13.5,-10.3944838442478));
#7866=CARTESIAN_POINT('',(2.0045353510193,11.,-10.3944838442478));
#7867=CARTESIAN_POINT('',(1.67602449588552,13.5,-11.4135315766229));
#7868=CARTESIAN_POINT('Ctrl Pts',(1.67602449588552,13.5,-11.4135315766229));
#7869=CARTESIAN_POINT('Ctrl Pts',(1.67982653232585,13.5,-11.3956611605274));
#7870=CARTESIAN_POINT('Ctrl Pts',(1.68921584870286,13.5,-11.3552262322773));
#7871=CARTESIAN_POINT('Ctrl Pts',(1.70688151834183,13.5,-11.2897354850594));
#7872=CARTESIAN_POINT('Ctrl Pts',(1.73583657588542,13.5,-11.1977408394357));
#7873=CARTESIAN_POINT('Ctrl Pts',(1.77659466059067,13.5,-11.082449725224));
#7874=CARTESIAN_POINT('Ctrl Pts',(1.81897952737273,13.5,-10.9687730915899));
#7875=CARTESIAN_POINT('Ctrl Pts',(1.85904257387328,13.5,-10.8613755122555));
#7876=CARTESIAN_POINT('Ctrl Pts',(1.89643501221973,13.5,-10.7565988664633));
#7877=CARTESIAN_POINT('Ctrl Pts',(1.93205303733746,13.5,-10.6486344850721));
#7878=CARTESIAN_POINT('Ctrl Pts',(1.96036187928401,13.5,-10.5545916943819));
#7879=CARTESIAN_POINT('Ctrl Pts',(1.98214849123394,13.5,-10.4773994556585));
#7880=CARTESIAN_POINT('Ctrl Pts',(1.99701590884038,13.5,-10.4226674472691));
#7881=CARTESIAN_POINT('Ctrl Pts',(2.0045353510193,13.5,-10.3944838442478));
#7882=CARTESIAN_POINT('',(1.67602449588552,11.,-11.4135315766229));
#7883=CARTESIAN_POINT('Origin',(1.7300001848489,11.,-11.579999666661));
#7884=CARTESIAN_POINT('',(1.86668050329472,13.5,-11.4707133887047));
#7885=CARTESIAN_POINT('Origin',(1.7300001848489,13.5,-11.579999666661));
#7886=CARTESIAN_POINT('',(1.86668050329472,11.,-11.4707133887047));
#7887=CARTESIAN_POINT('Ctrl Pts',(2.17346096629249,11.,-10.5191702360762));
#7888=CARTESIAN_POINT('Ctrl Pts',(2.17346096629249,13.5,-10.5191702360762));
#7889=CARTESIAN_POINT('Ctrl Pts',(2.17306299152325,11.,-10.523771936477));
#7890=CARTESIAN_POINT('Ctrl Pts',(2.17306299152325,13.5,-10.523771936477));
#7891=CARTESIAN_POINT('Ctrl Pts',(2.17146309738843,11.,-10.5353333860315));
#7892=CARTESIAN_POINT('Ctrl Pts',(2.17146309738843,13.5,-10.5353333860315));
#7893=CARTESIAN_POINT('Ctrl Pts',(2.16665145474,11.,-10.5597499235312));
#7894=CARTESIAN_POINT('Ctrl Pts',(2.16665145474,13.5,-10.5597499235312));
#7895=CARTESIAN_POINT('Ctrl Pts',(2.15546392468542,11.,-10.6065319938265));
#7896=CARTESIAN_POINT('Ctrl Pts',(2.15546392468542,13.5,-10.6065319938265));
#7897=CARTESIAN_POINT('Ctrl Pts',(2.13385232827478,11.,-10.6886090718632));
#7898=CARTESIAN_POINT('Ctrl Pts',(2.13385232827478,13.5,-10.6886090718632));
#7899=CARTESIAN_POINT('Ctrl Pts',(2.10507308076874,11.,-10.7931064558162));
#7900=CARTESIAN_POINT('Ctrl Pts',(2.10507308076874,13.5,-10.7931064558162));
#7901=CARTESIAN_POINT('Ctrl Pts',(2.06967196418687,11.,-10.91710399709));
#7902=CARTESIAN_POINT('Ctrl Pts',(2.06967196418687,13.5,-10.91710399709));
#7903=CARTESIAN_POINT('Ctrl Pts',(2.02820669899737,11.,-11.0550096536885));
#7904=CARTESIAN_POINT('Ctrl Pts',(2.02820669899737,13.5,-11.0550096536885));
#7905=CARTESIAN_POINT('Ctrl Pts',(1.98126950997774,11.,-11.1983382559216));
#7906=CARTESIAN_POINT('Ctrl Pts',(1.98126950997774,13.5,-11.1983382559216));
#7907=CARTESIAN_POINT('Ctrl Pts',(1.9385487959986,11.,-11.3133988633313));
#7908=CARTESIAN_POINT('Ctrl Pts',(1.9385487959986,13.5,-11.3133988633313));
#7909=CARTESIAN_POINT('Ctrl Pts',(1.90453300470225,11.,-11.3933193465843));
#7910=CARTESIAN_POINT('Ctrl Pts',(1.90453300470225,13.5,-11.3933193465843));
#7911=CARTESIAN_POINT('Ctrl Pts',(1.88093176667385,11.,-11.442817671642));
#7912=CARTESIAN_POINT('Ctrl Pts',(1.88093176667385,13.5,-11.442817671642));
#7913=CARTESIAN_POINT('Ctrl Pts',(1.86828385206132,11.,-11.4675998583369));
#7914=CARTESIAN_POINT('Ctrl Pts',(1.86828385206132,13.5,-11.4675998583369));
#7915=CARTESIAN_POINT('Ctrl Pts',(1.86668050329472,11.,-11.4707133887047));
#7916=CARTESIAN_POINT('Ctrl Pts',(1.86668050329472,13.5,-11.4707133887047));
#7917=CARTESIAN_POINT('',(2.17346096629249,13.5,-10.5191702360762));
#7918=CARTESIAN_POINT('Ctrl Pts',(2.17346096629249,13.5,-10.5191702360762));
#7919=CARTESIAN_POINT('Ctrl Pts',(2.17306299152325,13.5,-10.523771936477));
#7920=CARTESIAN_POINT('Ctrl Pts',(2.17146309738843,13.5,-10.5353333860315));
#7921=CARTESIAN_POINT('Ctrl Pts',(2.16665145474,13.5,-10.5597499235312));
#7922=CARTESIAN_POINT('Ctrl Pts',(2.15546392468542,13.5,-10.6065319938265));
#7923=CARTESIAN_POINT('Ctrl Pts',(2.13385232827478,13.5,-10.6886090718632));
#7924=CARTESIAN_POINT('Ctrl Pts',(2.10507308076874,13.5,-10.7931064558162));
#7925=CARTESIAN_POINT('Ctrl Pts',(2.06967196418687,13.5,-10.91710399709));
#7926=CARTESIAN_POINT('Ctrl Pts',(2.02820669899737,13.5,-11.0550096536885));
#7927=CARTESIAN_POINT('Ctrl Pts',(1.98126950997774,13.5,-11.1983382559216));
#7928=CARTESIAN_POINT('Ctrl Pts',(1.9385487959986,13.5,-11.3133988633313));
#7929=CARTESIAN_POINT('Ctrl Pts',(1.90453300470225,13.5,-11.3933193465843));
#7930=CARTESIAN_POINT('Ctrl Pts',(1.88093176667385,13.5,-11.442817671642));
#7931=CARTESIAN_POINT('Ctrl Pts',(1.86828385206132,13.5,-11.4675998583369));
#7932=CARTESIAN_POINT('Ctrl Pts',(1.86668050329472,13.5,-11.4707133887047));
#7933=CARTESIAN_POINT('',(2.17346096629249,11.,-10.5191702360762));
#7934=CARTESIAN_POINT('Origin',(1.8642305755707,13.5,-11.0747417554544));
#7935=CARTESIAN_POINT('Origin',(2.5000000372529,13.5,-9.90000007450581));
#7936=CARTESIAN_POINT('Origin',(5.66809597573081,13.,-5.36942497189188));
#7937=CARTESIAN_POINT('',(3.2000000372529,13.,-2.73471252319884));
#7938=CARTESIAN_POINT('Origin',(3.2000000372529,11.,-0.100000074505805));
#7939=CARTESIAN_POINT('',(3.2000000372529,13.5,-2.7406609975961));
#7940=CARTESIAN_POINT('',(3.19999964714051,13.9,-9.90000007450581));
#7941=CARTESIAN_POINT('',(3.19999964714051,11.,-9.90000007450581));
#7942=CARTESIAN_POINT('',(3.20000006437304,13.9,-0.100000074505805));
#7943=CARTESIAN_POINT('',(3.2000000372529,13.9,-2.54999997019767));
#7944=CARTESIAN_POINT('',(3.20000006437304,11.,-0.100000074505805));
#7945=CARTESIAN_POINT('',(3.2000000372529,13.5,-2.7406609975961));
#7946=CARTESIAN_POINT('Origin',(-0.668095901225009,13.,-5.36942497189188));
#7947=CARTESIAN_POINT('',(1.8000000372529,13.,-7.63471252319884));
#7948=CARTESIAN_POINT('Origin',(1.8000000372529,11.,-9.90000007450581));
#7949=CARTESIAN_POINT('',(1.8000000372529,13.5,-7.6406609975961));
#7950=CARTESIAN_POINT('',(1.80000001013276,13.9,-0.100000074505805));
#7951=CARTESIAN_POINT('',(1.80000001013276,11.,-0.100000074505805));
#7952=CARTESIAN_POINT('',(1.80000042736529,13.9,-9.90000007450581));
#7953=CARTESIAN_POINT('',(1.8000000372529,13.9,-7.44999997019767));
#7954=CARTESIAN_POINT('',(1.80000042736529,11.,-9.90000007450581));
#7955=CARTESIAN_POINT('',(1.8000000372529,13.5,-7.6406609975961));
#7956=CARTESIAN_POINT('Origin',(6.08482507088598,13.5,-5.38132192068639));
#7957=CARTESIAN_POINT('Origin',(-1.08482499638018,13.5,-5.38132192068639));
#7958=CARTESIAN_POINT('Origin',(2.5000000372529,13.9,-9.90000007450581));
#7959=CARTESIAN_POINT('',(3.09999964714051,14.,-9.90000007450581));
#7960=CARTESIAN_POINT('Origin',(3.09999964714051,13.9,-9.90000007450581));
#7961=CARTESIAN_POINT('Origin',(2.5000000372529,13.9,-9.90000007450581));
#7962=CARTESIAN_POINT('',(1.90000042736529,14.,-9.90000007450581));
#7963=CARTESIAN_POINT('Origin',(1.90000042736529,13.9,-9.90000007450581));
#7964=CARTESIAN_POINT('Origin',(2.5000000372529,14.,-9.90000007450581));
#7965=CARTESIAN_POINT('Origin',(1.9000000372529,13.9,-7.44999997019767));
#7966=CARTESIAN_POINT('',(1.9000000372529,14.,-0.100000074505805));
#7967=CARTESIAN_POINT('Origin',(1.9000000372529,13.9,-0.100000074505805));
#7968=CARTESIAN_POINT('',(1.9000000372529,14.,-7.44999997019767));
#7969=CARTESIAN_POINT('Origin',(2.5000000372529,13.9,-0.100000074505805));
#7970=CARTESIAN_POINT('',(3.10000006437304,14.,-0.100000074505805));
#7971=CARTESIAN_POINT('Origin',(3.10000006437304,13.9,-0.100000074505805));
#7972=CARTESIAN_POINT('Origin',(2.5000000372529,14.,-0.100000074505805));
#7973=CARTESIAN_POINT('Origin',(2.5000000372529,13.9,-0.100000074505805));
#7974=CARTESIAN_POINT('Origin',(3.1000000372529,13.9,-2.54999997019767));
#7975=CARTESIAN_POINT('',(3.1000000372529,14.,-2.54999997019767));
#7976=CARTESIAN_POINT('Origin',(2.5000000372529,11.,-9.90000007450581));
#7977=CARTESIAN_POINT('Origin',(2.5000000372529,14.,-4.99999986588954));
#7978=CARTESIAN_POINT('Origin',(2.5000000372529,11.,-0.100000074505805));
#7979=CARTESIAN_POINT('Origin',(2.5000000372529,8.,-5.00000007450581));
#7980=CARTESIAN_POINT('',(12.5000000372529,8.,-5.00000007450581));
#7981=CARTESIAN_POINT('',(2.5000000372529,8.,-15.0000000745058));
#7982=CARTESIAN_POINT('Origin',(2.5000000372529,8.,-5.00000007450581));
#7983=CARTESIAN_POINT('',(2.5000000372529,6.,-13.0000000745058));
#7984=CARTESIAN_POINT('Origin',(2.5000000372529,8.,-13.0000000745058));
#7985=CARTESIAN_POINT('Origin',(2.5000000372529,6.,-5.00000007450581));
#7986=CARTESIAN_POINT('Origin',(2.5000000372529,8.,-5.00000007450581));
#7987=CARTESIAN_POINT('Origin',(2.5000000372529,6.,-5.00000007450581));
#7988=CARTESIAN_POINT('',(12.5000000372529,10.,-5.00000007450581));
#7989=CARTESIAN_POINT('',(2.5000000372529,10.,-15.0000000745058));
#7990=CARTESIAN_POINT('Origin',(2.5000000372529,10.,-5.00000007450581));
#7991=CARTESIAN_POINT('',(12.5000000372529,6.,-5.00000007450581));
#7992=CARTESIAN_POINT('Origin',(2.5000000372529,10.,-5.00000007450581));
#7993=CARTESIAN_POINT('Origin',(2.5000000372529,6.,-5.00000007450581));
#7994=CARTESIAN_POINT('Origin',(2.5000000372529,10.,-5.00000007450581));
#7995=CARTESIAN_POINT('Origin',(2.5000000372529,10.,-14.0000000745058));
#7996=UNCERTAINTY_MEASURE_WITH_UNIT(LENGTH_MEASURE(0.01),#8000,
'DISTANCE_ACCURACY_VALUE',
'Maximum model space distance between geometric entities at asserted c
onnectivities');
#7997=UNCERTAINTY_MEASURE_WITH_UNIT(LENGTH_MEASURE(0.01),#8000,
'DISTANCE_ACCURACY_VALUE',
'Maximum model space distance between geometric entities at asserted c
onnectivities');
#7998=(
GEOMETRIC_REPRESENTATION_CONTEXT(3)
GLOBAL_UNCERTAINTY_ASSIGNED_CONTEXT((#7996))
GLOBAL_UNIT_ASSIGNED_CONTEXT((#8000,#8002,#8003))
REPRESENTATION_CONTEXT('','3D')
);
#7999=(
GEOMETRIC_REPRESENTATION_CONTEXT(3)
GLOBAL_UNCERTAINTY_ASSIGNED_CONTEXT((#7997))
GLOBAL_UNIT_ASSIGNED_CONTEXT((#8000,#8002,#8003))
REPRESENTATION_CONTEXT('','3D')
);
#8000=(
LENGTH_UNIT()
NAMED_UNIT(*)
SI_UNIT(.MILLI.,.METRE.)
);
#8001=(
LENGTH_UNIT()
NAMED_UNIT(*)
SI_UNIT($,.METRE.)
);
#8002=(
NAMED_UNIT(*)
PLANE_ANGLE_UNIT()
SI_UNIT($,.RADIAN.)
);
#8003=(
NAMED_UNIT(*)
SI_UNIT($,.STERADIAN.)
SOLID_ANGLE_UNIT()
);
#8004=SHAPE_DEFINITION_REPRESENTATION(#8005,#8006);
#8005=PRODUCT_DEFINITION_SHAPE('',$,#8008);
#8006=SHAPE_REPRESENTATION('',(#751),#7998);
#8007=PRODUCT_DEFINITION_CONTEXT('part definition',#8012,'design');
#8008=PRODUCT_DEFINITION('PIN4','PIN4 v5',#8009,#8007);
#8009=PRODUCT_DEFINITION_FORMATION('',$,#8014);
#8010=PRODUCT_RELATED_PRODUCT_CATEGORY('PIN4 v5','PIN4 v5',(#8014));
#8011=APPLICATION_PROTOCOL_DEFINITION('international standard',
'automotive_design',2009,#8012);
#8012=APPLICATION_CONTEXT(
'Core Data for Automotive Mechanical Design Process');
#8013=PRODUCT_CONTEXT('part definition',#8012,'mechanical');
#8014=PRODUCT('PIN4','PIN4 v5',$,(#8013));
#8015=PRESENTATION_STYLE_ASSIGNMENT((#8016));
#8016=SURFACE_STYLE_USAGE(.BOTH.,#8017);
#8017=SURFACE_SIDE_STYLE('',(#8018));
#8018=SURFACE_STYLE_FILL_AREA(#8019);
#8019=FILL_AREA_STYLE('Steel - Satin',(#8020));
#8020=FILL_AREA_STYLE_COLOUR('Steel - Satin',#8021);
#8021=COLOUR_RGB('Steel - Satin',0.627450980392157,0.627450980392157,0.627450980392157);
ENDSEC;
END-ISO-10303-21;
