ISO-10303-21;
HEADER;
/* Generated by software containing ST-Developer
 * from STEP Tools, Inc. (www.steptools.com) 
 */

FILE_DESCRIPTION(
/* description */ (''),
/* implementation_level */ '2;1');

FILE_NAME(
/* name */ 'PIN5.step',
/* time_stamp */ '2026-01-20T08:57:55+01:00',
/* author */ (''),
/* organization */ (''),
/* preprocessor_version */ 'ST-DEVELOPER v20.1',
/* originating_system */ 'Autodesk Translation Framework v14.21.0.0',
/* authorisation */ '');

FILE_SCHEMA (('AUTOMOTIVE_DESIGN { 1 0 10303 214 3 1 1 }'));
ENDSEC;

DATA;
#10=MECHANICAL_DESIGN_GEOMETRIC_PRESENTATION_REPRESENTATION('',(#13),#4091);
#11=SHAPE_REPRESENTATION_RELATIONSHIP('SRR','None',#4098,#12);
#12=ADVANCED_BREP_SHAPE_REPRESENTATION('',(#14),#4090);
#13=STYLED_ITEM('',(#4107),#14);
#14=MANIFOLD_SOLID_BREP('Body1',#2267);
#15=FACE_BOUND('',#498,.T.);
#16=FACE_BOUND('',#501,.T.);
#17=FACE_BOUND('',#502,.T.);
#18=FACE_BOUND('',#503,.T.);
#19=FACE_BOUND('',#504,.T.);
#20=TOROIDAL_SURFACE('',#2512,8.,2.);
#21=TOROIDAL_SURFACE('',#2521,9.,1.);
#22=SPHERICAL_SURFACE('',#2355,0.1);
#23=SPHERICAL_SURFACE('',#2357,0.1);
#24=SPHERICAL_SURFACE('',#2364,0.1);
#25=SPHERICAL_SURFACE('',#2366,0.1);
#26=SPHERICAL_SURFACE('',#2368,0.1);
#27=(
BOUNDED_SURFACE()
B_SPLINE_SURFACE(2,2,((#3285,#3286,#3287,#3288,#3289),(#3290,#3291,#3292,
#3293,#3294),(#3295,#3296,#3297,#3298,#3299)),.UNSPECIFIED.,.F.,.F.,.F.)
B_SPLINE_SURFACE_WITH_KNOTS((3,3),(3,2,3),(0.,1.5707963267949),(-1.03216884806402,
0.0767551770340349,1.18567920213209),.UNSPECIFIED.)
GEOMETRIC_REPRESENTATION_ITEM()
RATIONAL_B_SPLINE_SURFACE(((1.,0.85018380614549,1.,0.85018380614549,1.),
(0.707106781186571,0.601170734580485,0.707106781186571,0.601170734580485,
0.707106781186571),(1.,0.85018380614549,1.,0.85018380614549,1.)))
REPRESENTATION_ITEM('')
SURFACE()
);
#28=(
BOUNDED_SURFACE()
B_SPLINE_SURFACE(2,2,((#3317,#3318,#3319,#3320,#3321),(#3322,#3323,#3324,
#3325,#3326),(#3327,#3328,#3329,#3330,#3331)),.UNSPECIFIED.,.F.,.F.,.F.)
B_SPLINE_SURFACE_WITH_KNOTS((3,3),(3,2,3),(0.,1.5707963267949),(-2.28880590949994,
-1.17988188440189,-0.0709578593038397),.UNSPECIFIED.)
GEOMETRIC_REPRESENTATION_ITEM()
RATIONAL_B_SPLINE_SURFACE(((1.,0.85018380614549,1.,0.85018380614549,1.),
(0.707106781186561,0.601170734580477,0.707106781186561,0.601170734580477,
0.707106781186561),(1.,0.85018380614549,1.,0.85018380614549,1.)))
REPRESENTATION_ITEM('')
SURFACE()
);
#29=(
BOUNDED_SURFACE()
B_SPLINE_SURFACE(2,2,((#3340,#3341,#3342,#3343,#3344),(#3345,#3346,#3347,
#3348,#3349),(#3350,#3351,#3352,#3353,#3354)),.UNSPECIFIED.,.F.,.F.,.F.)
B_SPLINE_SURFACE_WITH_KNOTS((3,3),(3,2,3),(0.,1.5707963267949),(0.224468213371883,
1.33339223846993,2.44231626356799),.UNSPECIFIED.)
GEOMETRIC_REPRESENTATION_ITEM()
RATIONAL_B_SPLINE_SURFACE(((1.,0.85018380614549,1.,0.85018380614549,1.),
(0.707106781186561,0.601170734580477,0.707106781186561,0.601170734580477,
0.707106781186561),(1.,0.85018380614549,1.,0.85018380614549,1.)))
REPRESENTATION_ITEM('')
SURFACE()
);
#30=(
BOUNDED_SURFACE()
B_SPLINE_SURFACE(2,2,((#3372,#3373,#3374,#3375,#3376),(#3377,#3378,#3379,
#3380,#3381),(#3382,#3383,#3384,#3385,#3386)),.UNSPECIFIED.,.F.,.F.,.F.)
B_SPLINE_SURFACE_WITH_KNOTS((3,3),(3,2,3),(0.,1.5707963267949),(-1.10892402509809,
0.,1.10892402509809),.UNSPECIFIED.)
GEOMETRIC_REPRESENTATION_ITEM()
RATIONAL_B_SPLINE_SURFACE(((1.,0.850183806145481,1.,0.850183806145481,1.),
(0.707106781186546,0.601170734580457,0.707106781186546,0.601170734580457,
0.707106781186546),(1.,0.850183806145481,1.,0.850183806145481,1.)))
REPRESENTATION_ITEM('')
SURFACE()
);
#31=(
BOUNDED_SURFACE()
B_SPLINE_SURFACE(2,2,((#3395,#3396,#3397,#3398,#3399),(#3400,#3401,#3402,
#3403,#3404),(#3405,#3406,#3407,#3408,#3409)),.UNSPECIFIED.,.F.,.F.,.F.)
B_SPLINE_SURFACE_WITH_KNOTS((3,3),(3,2,3),(0.,1.5707963267949),(-1.10892402509807,
0.,1.10892402509807),.UNSPECIFIED.)
GEOMETRIC_REPRESENTATION_ITEM()
RATIONAL_B_SPLINE_SURFACE(((1.,0.850183806145485,1.,0.850183806145485,1.),
(0.707106781186548,0.601170734580462,0.707106781186548,0.601170734580462,
0.707106781186548),(1.,0.850183806145485,1.,0.850183806145485,1.)))
REPRESENTATION_ITEM('')
SURFACE()
);
#32=(
BOUNDED_SURFACE()
B_SPLINE_SURFACE(2,2,((#3595,#3596,#3597,#3598,#3599),(#3600,#3601,#3602,
#3603,#3604),(#3605,#3606,#3607,#3608,#3609)),.UNSPECIFIED.,.F.,.F.,.F.)
B_SPLINE_SURFACE_WITH_KNOTS((3,3),(3,2,3),(0.,1.5707963267949),(0.137201750772173,
1.24612577587023,2.35504980096828),.UNSPECIFIED.)
GEOMETRIC_REPRESENTATION_ITEM()
RATIONAL_B_SPLINE_SURFACE(((1.,0.850183806145489,1.,0.850183806145489,1.),
(0.707106781186553,0.60117073458047,0.707106781186553,0.60117073458047,
0.707106781186553),(1.,0.850183806145489,1.,0.850183806145489,1.)))
REPRESENTATION_ITEM('')
SURFACE()
);
#33=(
BOUNDED_SURFACE()
B_SPLINE_SURFACE(2,2,((#3627,#3628,#3629,#3630,#3631),(#3632,#3633,#3634,
#3635,#3636),(#3637,#3638,#3639,#3640,#3641)),.UNSPECIFIED.,.F.,.F.,.F.)
B_SPLINE_SURFACE_WITH_KNOTS((3,3),(3,2,3),(0.,1.5707963267949),(-1.11943531066375,
-0.0105112855656875,1.09841273953237),.UNSPECIFIED.)
GEOMETRIC_REPRESENTATION_ITEM()
RATIONAL_B_SPLINE_SURFACE(((1.,0.850183806145488,1.,0.850183806145488,1.),
(0.707106781186545,0.601170734580462,0.707106781186545,0.601170734580462,
0.707106781186545),(1.,0.850183806145488,1.,0.850183806145488,1.)))
REPRESENTATION_ITEM('')
SURFACE()
);
#34=(
BOUNDED_SURFACE()
B_SPLINE_SURFACE(2,2,((#3650,#3651,#3652,#3653,#3654),(#3655,#3656,#3657,
#3658,#3659),(#3660,#3661,#3662,#3663,#3664)),.UNSPECIFIED.,.F.,.F.,.F.)
B_SPLINE_SURFACE_WITH_KNOTS((3,3),(3,2,3),(0.,1.5707963267949),(-1.10892402509805,
0.,1.10892402509805),.UNSPECIFIED.)
GEOMETRIC_REPRESENTATION_ITEM()
RATIONAL_B_SPLINE_SURFACE(((1.,0.850183806145491,1.,0.850183806145491,1.),
(0.707106781186558,0.601170734580475,0.707106781186558,0.601170734580475,
0.707106781186558),(1.,0.850183806145491,1.,0.850183806145491,1.)))
REPRESENTATION_ITEM('')
SURFACE()
);
#35=(
BOUNDED_SURFACE()
B_SPLINE_SURFACE(2,2,((#3682,#3683,#3684,#3685,#3686),(#3687,#3688,#3689,
#3690,#3691),(#3692,#3693,#3694,#3695,#3696)),.UNSPECIFIED.,.F.,.F.,.F.)
B_SPLINE_SURFACE_WITH_KNOTS((3,3),(3,2,3),(0.,1.5707963267949),(-2.37607237209966,
-1.26714834700161,-0.158224321903555),.UNSPECIFIED.)
GEOMETRIC_REPRESENTATION_ITEM()
RATIONAL_B_SPLINE_SURFACE(((1.,0.85018380614549,1.,0.85018380614549,1.),
(0.707106781186556,0.601170734580472,0.707106781186556,0.601170734580472,
0.707106781186556),(1.,0.85018380614549,1.,0.85018380614549,1.)))
REPRESENTATION_ITEM('')
SURFACE()
);
#36=(
BOUNDED_SURFACE()
B_SPLINE_SURFACE(2,2,((#3705,#3706,#3707,#3708,#3709),(#3710,#3711,#3712,
#3713,#3714),(#3715,#3716,#3717,#3718,#3719)),.UNSPECIFIED.,.F.,.F.,.F.)
B_SPLINE_SURFACE_WITH_KNOTS((3,3),(3,2,3),(0.,1.5707963267949),(-1.10892402509806,
0.,1.10892402509806),.UNSPECIFIED.)
GEOMETRIC_REPRESENTATION_ITEM()
RATIONAL_B_SPLINE_SURFACE(((1.,0.850183806145488,1.,0.850183806145488,1.),
(0.707106781186554,0.601170734580469,0.707106781186554,0.601170734580469,
0.707106781186554),(1.,0.850183806145488,1.,0.850183806145488,1.)))
REPRESENTATION_ITEM('')
SURFACE()
);
#37=(
BOUNDED_SURFACE()
B_SPLINE_SURFACE(2,2,((#3790,#3791,#3792,#3793,#3794),(#3795,#3796,#3797,
#3798,#3799),(#3800,#3801,#3802,#3803,#3804)),.UNSPECIFIED.,.F.,.F.,.F.)
B_SPLINE_SURFACE_WITH_KNOTS((3,3),(3,2,3),(0.,1.5707963267949),(-1.64303408626204,
-0.534110061163986,0.574813963934068),.UNSPECIFIED.)
GEOMETRIC_REPRESENTATION_ITEM()
RATIONAL_B_SPLINE_SURFACE(((1.,0.85018380614549,1.,0.85018380614549,1.),
(0.707106781186553,0.60117073458047,0.707106781186553,0.60117073458047,
0.707106781186553),(1.,0.85018380614549,1.,0.85018380614549,1.)))
REPRESENTATION_ITEM('')
SURFACE()
);
#38=(
BOUNDED_SURFACE()
B_SPLINE_SURFACE(2,2,((#3822,#3823,#3824,#3825,#3826),(#3827,#3828,#3829,
#3830,#3831),(#3832,#3833,#3834,#3835,#3836)),.UNSPECIFIED.,.F.,.F.,.F.)
B_SPLINE_SURFACE_WITH_KNOTS((3,3),(3,2,3),(0.,1.5707963267949),(-2.89967114769796,
-1.7907471225999,-0.681823097501849),.UNSPECIFIED.)
GEOMETRIC_REPRESENTATION_ITEM()
RATIONAL_B_SPLINE_SURFACE(((1.,0.85018380614549,1.,0.85018380614549,1.),
(0.707106781186561,0.601170734580477,0.707106781186561,0.601170734580477,
0.707106781186561),(1.,0.85018380614549,1.,0.85018380614549,1.)))
REPRESENTATION_ITEM('')
SURFACE()
);
#39=(
BOUNDED_SURFACE()
B_SPLINE_SURFACE(2,2,((#3845,#3846,#3847,#3848,#3849),(#3850,#3851,#3852,
#3853,#3854),(#3855,#3856,#3857,#3858,#3859)),.UNSPECIFIED.,.F.,.F.,.F.)
B_SPLINE_SURFACE_WITH_KNOTS((3,3),(3,2,3),(0.,1.5707963267949),(-0.386397024826124,
0.722527000271928,1.83145102536998),.UNSPECIFIED.)
GEOMETRIC_REPRESENTATION_ITEM()
RATIONAL_B_SPLINE_SURFACE(((1.,0.85018380614549,1.,0.85018380614549,1.),
(0.707106781186556,0.601170734580472,0.707106781186556,0.601170734580472,
0.707106781186556),(1.,0.85018380614549,1.,0.85018380614549,1.)))
REPRESENTATION_ITEM('')
SURFACE()
);
#40=(
BOUNDED_SURFACE()
B_SPLINE_SURFACE(2,2,((#3877,#3878,#3879,#3880,#3881),(#3882,#3883,#3884,
#3885,#3886),(#3887,#3888,#3889,#3890,#3891)),.UNSPECIFIED.,.F.,.F.,.F.)
B_SPLINE_SURFACE_WITH_KNOTS((3,3),(3,2,3),(0.,1.5707963267949),(-1.10892402509806,
2.22044604925031E-16,1.10892402509806),.UNSPECIFIED.)
GEOMETRIC_REPRESENTATION_ITEM()
RATIONAL_B_SPLINE_SURFACE(((1.,0.850183806145487,1.,0.850183806145487,1.),
(0.707106781186568,0.601170734580481,0.707106781186568,0.601170734580481,
0.707106781186568),(1.,0.850183806145487,1.,0.850183806145487,1.)))
REPRESENTATION_ITEM('')
SURFACE()
);
#41=(
BOUNDED_SURFACE()
B_SPLINE_SURFACE(2,2,((#3900,#3901,#3902,#3903,#3904),(#3905,#3906,#3907,
#3908,#3909),(#3910,#3911,#3912,#3913,#3914)),.UNSPECIFIED.,.F.,.F.,.F.)
B_SPLINE_SURFACE_WITH_KNOTS((3,3),(3,2,3),(0.,1.5707963267949),(0.870240036609796,
1.97916406170785,3.0880880868059),.UNSPECIFIED.)
GEOMETRIC_REPRESENTATION_ITEM()
RATIONAL_B_SPLINE_SURFACE(((1.,0.85018380614549,1.,0.85018380614549,1.),
(0.707106781186561,0.601170734580477,0.707106781186561,0.601170734580477,
0.707106781186561),(1.,0.85018380614549,1.,0.85018380614549,1.)))
REPRESENTATION_ITEM('')
SURFACE()
);
#42=ELLIPSE('',#2290,0.112775787556199,0.1);
#43=ELLIPSE('',#2293,0.112775787556198,0.1);
#44=ELLIPSE('',#2296,0.112775787556199,0.1);
#45=ELLIPSE('',#2303,0.112775787556199,0.1);
#46=ELLIPSE('',#2314,0.112775787556199,0.1);
#47=ELLIPSE('',#2337,0.1127757875562,0.1);
#48=ELLIPSE('',#2342,0.112775787556199,0.1);
#49=ELLIPSE('',#2347,0.112775787556199,0.1);
#50=ELLIPSE('',#2352,0.112775787556198,0.1);
#51=ELLIPSE('',#2361,0.112775787556198,0.1);
#52=ELLIPSE('',#2384,0.112775787556199,0.1);
#53=ELLIPSE('',#2387,0.112775787556199,0.1);
#54=ELLIPSE('',#2390,0.112775787556199,0.1);
#55=ELLIPSE('',#2397,0.112775787556199,0.1);
#56=ELLIPSE('',#2408,0.112775787556199,0.1);
#57=ELLIPSE('',#2431,0.112775787556199,0.1);
#58=ELLIPSE('',#2434,0.112775787556199,0.1);
#59=ELLIPSE('',#2437,0.112775787556199,0.1);
#60=ELLIPSE('',#2444,0.1127757875562,0.1);
#61=ELLIPSE('',#2455,0.112775787556199,0.1);
#62=CIRCLE('',#2289,0.0999999999999997);
#63=CIRCLE('',#2292,0.1);
#64=CIRCLE('',#2295,0.0999999999999994);
#65=CIRCLE('',#2297,0.100000000000001);
#66=CIRCLE('',#2298,0.0200000000000005);
#67=CIRCLE('',#2299,0.120000000000001);
#68=CIRCLE('',#2302,0.0999999999999995);
#69=CIRCLE('',#2304,0.100000000000001);
#70=CIRCLE('',#2305,0.0200000000000004);
#71=CIRCLE('',#2306,0.12);
#72=CIRCLE('',#2308,0.0999999999999996);
#73=CIRCLE('',#2309,0.0200000000000008);
#74=CIRCLE('',#2310,0.120000000000001);
#75=CIRCLE('',#2313,0.1);
#76=CIRCLE('',#2315,0.1);
#77=CIRCLE('',#2316,0.0200000000000003);
#78=CIRCLE('',#2317,0.12);
#79=CIRCLE('',#2319,0.100000000000001);
#80=CIRCLE('',#2320,0.0199999999999995);
#81=CIRCLE('',#2321,0.12);
#82=CIRCLE('',#2324,0.120000000000001);
#83=CIRCLE('',#2328,0.12);
#84=CIRCLE('',#2332,0.12);
#85=CIRCLE('',#2336,0.0999999999999998);
#86=CIRCLE('',#2339,0.1);
#87=CIRCLE('',#2341,0.0999999999999998);
#88=CIRCLE('',#2344,0.1);
#89=CIRCLE('',#2346,0.0999999999999995);
#90=CIRCLE('',#2349,0.1);
#91=CIRCLE('',#2351,0.100000000000001);
#92=CIRCLE('',#2354,0.1);
#93=CIRCLE('',#2356,0.1);
#94=CIRCLE('',#2358,0.0999999999999994);
#95=CIRCLE('',#2360,0.1);
#96=CIRCLE('',#2363,0.1);
#97=CIRCLE('',#2365,0.1);
#98=CIRCLE('',#2367,0.0999999999999999);
#99=CIRCLE('',#2369,0.1);
#100=CIRCLE('',#2371,0.0999999999999994);
#101=CIRCLE('',#2375,0.0999999999999999);
#102=CIRCLE('',#2379,0.1);
#103=CIRCLE('',#2383,0.0999999999999999);
#104=CIRCLE('',#2386,0.0999999999999997);
#105=CIRCLE('',#2389,0.0999999999999999);
#106=CIRCLE('',#2391,0.0999999999999982);
#107=CIRCLE('',#2392,0.0500000000000017);
#108=CIRCLE('',#2393,0.150000000000002);
#109=CIRCLE('',#2396,0.1);
#110=CIRCLE('',#2398,0.1);
#111=CIRCLE('',#2399,0.0500000000000004);
#112=CIRCLE('',#2400,0.15);
#113=CIRCLE('',#2402,0.1);
#114=CIRCLE('',#2403,0.050000000000001);
#115=CIRCLE('',#2404,0.150000000000001);
#116=CIRCLE('',#2407,0.0999999999999997);
#117=CIRCLE('',#2409,0.1);
#118=CIRCLE('',#2410,0.0500000000000006);
#119=CIRCLE('',#2411,0.150000000000001);
#120=CIRCLE('',#2413,0.0999999999999997);
#121=CIRCLE('',#2414,0.0500000000000006);
#122=CIRCLE('',#2415,0.150000000000001);
#123=CIRCLE('',#2418,0.150000000000002);
#124=CIRCLE('',#2422,0.15);
#125=CIRCLE('',#2426,0.150000000000001);
#126=CIRCLE('',#2430,0.1);
#127=CIRCLE('',#2433,0.1);
#128=CIRCLE('',#2436,0.1);
#129=CIRCLE('',#2438,0.099999999999999);
#130=CIRCLE('',#2439,0.100000000000001);
#131=CIRCLE('',#2440,0.200000000000001);
#132=CIRCLE('',#2443,0.0999999999999995);
#133=CIRCLE('',#2445,0.1);
#134=CIRCLE('',#2446,0.100000000000001);
#135=CIRCLE('',#2447,0.200000000000001);
#136=CIRCLE('',#2449,0.0999999999999977);
#137=CIRCLE('',#2450,0.100000000000002);
#138=CIRCLE('',#2451,0.200000000000002);
#139=CIRCLE('',#2454,0.1);
#140=CIRCLE('',#2456,0.1);
#141=CIRCLE('',#2457,0.100000000000001);
#142=CIRCLE('',#2458,0.200000000000001);
#143=CIRCLE('',#2460,0.100000000000001);
#144=CIRCLE('',#2461,0.100000000000001);
#145=CIRCLE('',#2462,0.200000000000001);
#146=CIRCLE('',#2465,0.200000000000001);
#147=CIRCLE('',#2469,0.200000000000001);
#148=CIRCLE('',#2473,0.200000000000001);
#149=CIRCLE('',#2478,0.12);
#150=CIRCLE('',#2482,0.120000000000001);
#151=CIRCLE('',#2486,0.1);
#152=CIRCLE('',#2490,0.1);
#153=CIRCLE('',#2497,0.150000000000001);
#154=CIRCLE('',#2501,0.150000000000001);
#155=CIRCLE('',#2504,0.200000000000001);
#156=CIRCLE('',#2508,0.200000000000002);
#157=CIRCLE('',#2513,10.);
#158=CIRCLE('',#2514,2.);
#159=CIRCLE('',#2515,8.);
#160=CIRCLE('',#2516,10.);
#161=CIRCLE('',#2518,10.);
#162=CIRCLE('',#2519,10.);
#163=CIRCLE('',#2522,9.);
#164=CIRCLE('',#2523,1.);
#165=CYLINDRICAL_SURFACE('',#2288,0.1);
#166=CYLINDRICAL_SURFACE('',#2291,0.1);
#167=CYLINDRICAL_SURFACE('',#2294,0.1);
#168=CYLINDRICAL_SURFACE('',#2300,0.1);
#169=CYLINDRICAL_SURFACE('',#2301,0.1);
#170=CYLINDRICAL_SURFACE('',#2307,0.1);
#171=CYLINDRICAL_SURFACE('',#2311,0.1);
#172=CYLINDRICAL_SURFACE('',#2312,0.1);
#173=CYLINDRICAL_SURFACE('',#2318,0.1);
#174=CYLINDRICAL_SURFACE('',#2322,0.1);
#175=CYLINDRICAL_SURFACE('',#2323,0.120000000000001);
#176=CYLINDRICAL_SURFACE('',#2327,0.12);
#177=CYLINDRICAL_SURFACE('',#2331,0.12);
#178=CYLINDRICAL_SURFACE('',#2335,0.1);
#179=CYLINDRICAL_SURFACE('',#2338,0.1);
#180=CYLINDRICAL_SURFACE('',#2340,0.1);
#181=CYLINDRICAL_SURFACE('',#2343,0.1);
#182=CYLINDRICAL_SURFACE('',#2345,0.1);
#183=CYLINDRICAL_SURFACE('',#2348,0.1);
#184=CYLINDRICAL_SURFACE('',#2350,0.1);
#185=CYLINDRICAL_SURFACE('',#2353,0.1);
#186=CYLINDRICAL_SURFACE('',#2359,0.1);
#187=CYLINDRICAL_SURFACE('',#2362,0.1);
#188=CYLINDRICAL_SURFACE('',#2370,0.0999999999999994);
#189=CYLINDRICAL_SURFACE('',#2374,0.0999999999999999);
#190=CYLINDRICAL_SURFACE('',#2378,0.1);
#191=CYLINDRICAL_SURFACE('',#2382,0.1);
#192=CYLINDRICAL_SURFACE('',#2385,0.1);
#193=CYLINDRICAL_SURFACE('',#2388,0.1);
#194=CYLINDRICAL_SURFACE('',#2394,0.1);
#195=CYLINDRICAL_SURFACE('',#2395,0.1);
#196=CYLINDRICAL_SURFACE('',#2401,0.1);
#197=CYLINDRICAL_SURFACE('',#2405,0.1);
#198=CYLINDRICAL_SURFACE('',#2406,0.1);
#199=CYLINDRICAL_SURFACE('',#2412,0.1);
#200=CYLINDRICAL_SURFACE('',#2416,0.1);
#201=CYLINDRICAL_SURFACE('',#2417,0.150000000000002);
#202=CYLINDRICAL_SURFACE('',#2421,0.15);
#203=CYLINDRICAL_SURFACE('',#2425,0.150000000000001);
#204=CYLINDRICAL_SURFACE('',#2429,0.1);
#205=CYLINDRICAL_SURFACE('',#2432,0.1);
#206=CYLINDRICAL_SURFACE('',#2435,0.1);
#207=CYLINDRICAL_SURFACE('',#2441,0.1);
#208=CYLINDRICAL_SURFACE('',#2442,0.1);
#209=CYLINDRICAL_SURFACE('',#2448,0.1);
#210=CYLINDRICAL_SURFACE('',#2452,0.1);
#211=CYLINDRICAL_SURFACE('',#2453,0.1);
#212=CYLINDRICAL_SURFACE('',#2459,0.1);
#213=CYLINDRICAL_SURFACE('',#2463,0.1);
#214=CYLINDRICAL_SURFACE('',#2464,0.200000000000001);
#215=CYLINDRICAL_SURFACE('',#2468,0.200000000000001);
#216=CYLINDRICAL_SURFACE('',#2472,0.200000000000001);
#217=CYLINDRICAL_SURFACE('',#2477,0.12);
#218=CYLINDRICAL_SURFACE('',#2481,0.120000000000001);
#219=CYLINDRICAL_SURFACE('',#2485,0.1);
#220=CYLINDRICAL_SURFACE('',#2489,0.1);
#221=CYLINDRICAL_SURFACE('',#2496,0.150000000000001);
#222=CYLINDRICAL_SURFACE('',#2500,0.150000000000001);
#223=CYLINDRICAL_SURFACE('',#2503,0.200000000000001);
#224=CYLINDRICAL_SURFACE('',#2507,0.200000000000002);
#225=CYLINDRICAL_SURFACE('',#2517,10.);
#226=FACE_OUTER_BOUND('',#364,.T.);
#227=FACE_OUTER_BOUND('',#365,.T.);
#228=FACE_OUTER_BOUND('',#366,.T.);
#229=FACE_OUTER_BOUND('',#367,.T.);
#230=FACE_OUTER_BOUND('',#368,.T.);
#231=FACE_OUTER_BOUND('',#369,.T.);
#232=FACE_OUTER_BOUND('',#370,.T.);
#233=FACE_OUTER_BOUND('',#371,.T.);
#234=FACE_OUTER_BOUND('',#372,.T.);
#235=FACE_OUTER_BOUND('',#373,.T.);
#236=FACE_OUTER_BOUND('',#374,.T.);
#237=FACE_OUTER_BOUND('',#375,.T.);
#238=FACE_OUTER_BOUND('',#376,.T.);
#239=FACE_OUTER_BOUND('',#377,.T.);
#240=FACE_OUTER_BOUND('',#378,.T.);
#241=FACE_OUTER_BOUND('',#379,.T.);
#242=FACE_OUTER_BOUND('',#380,.T.);
#243=FACE_OUTER_BOUND('',#381,.T.);
#244=FACE_OUTER_BOUND('',#382,.T.);
#245=FACE_OUTER_BOUND('',#383,.T.);
#246=FACE_OUTER_BOUND('',#384,.T.);
#247=FACE_OUTER_BOUND('',#385,.T.);
#248=FACE_OUTER_BOUND('',#386,.T.);
#249=FACE_OUTER_BOUND('',#387,.T.);
#250=FACE_OUTER_BOUND('',#388,.T.);
#251=FACE_OUTER_BOUND('',#389,.T.);
#252=FACE_OUTER_BOUND('',#390,.T.);
#253=FACE_OUTER_BOUND('',#391,.T.);
#254=FACE_OUTER_BOUND('',#392,.T.);
#255=FACE_OUTER_BOUND('',#393,.T.);
#256=FACE_OUTER_BOUND('',#394,.T.);
#257=FACE_OUTER_BOUND('',#395,.T.);
#258=FACE_OUTER_BOUND('',#396,.T.);
#259=FACE_OUTER_BOUND('',#397,.T.);
#260=FACE_OUTER_BOUND('',#398,.T.);
#261=FACE_OUTER_BOUND('',#399,.T.);
#262=FACE_OUTER_BOUND('',#400,.T.);
#263=FACE_OUTER_BOUND('',#401,.T.);
#264=FACE_OUTER_BOUND('',#402,.T.);
#265=FACE_OUTER_BOUND('',#403,.T.);
#266=FACE_OUTER_BOUND('',#404,.T.);
#267=FACE_OUTER_BOUND('',#405,.T.);
#268=FACE_OUTER_BOUND('',#406,.T.);
#269=FACE_OUTER_BOUND('',#407,.T.);
#270=FACE_OUTER_BOUND('',#408,.T.);
#271=FACE_OUTER_BOUND('',#409,.T.);
#272=FACE_OUTER_BOUND('',#410,.T.);
#273=FACE_OUTER_BOUND('',#411,.T.);
#274=FACE_OUTER_BOUND('',#412,.T.);
#275=FACE_OUTER_BOUND('',#413,.T.);
#276=FACE_OUTER_BOUND('',#414,.T.);
#277=FACE_OUTER_BOUND('',#415,.T.);
#278=FACE_OUTER_BOUND('',#416,.T.);
#279=FACE_OUTER_BOUND('',#417,.T.);
#280=FACE_OUTER_BOUND('',#418,.T.);
#281=FACE_OUTER_BOUND('',#419,.T.);
#282=FACE_OUTER_BOUND('',#420,.T.);
#283=FACE_OUTER_BOUND('',#421,.T.);
#284=FACE_OUTER_BOUND('',#422,.T.);
#285=FACE_OUTER_BOUND('',#423,.T.);
#286=FACE_OUTER_BOUND('',#424,.T.);
#287=FACE_OUTER_BOUND('',#425,.T.);
#288=FACE_OUTER_BOUND('',#426,.T.);
#289=FACE_OUTER_BOUND('',#427,.T.);
#290=FACE_OUTER_BOUND('',#428,.T.);
#291=FACE_OUTER_BOUND('',#429,.T.);
#292=FACE_OUTER_BOUND('',#430,.T.);
#293=FACE_OUTER_BOUND('',#431,.T.);
#294=FACE_OUTER_BOUND('',#432,.T.);
#295=FACE_OUTER_BOUND('',#433,.T.);
#296=FACE_OUTER_BOUND('',#434,.T.);
#297=FACE_OUTER_BOUND('',#435,.T.);
#298=FACE_OUTER_BOUND('',#436,.T.);
#299=FACE_OUTER_BOUND('',#437,.T.);
#300=FACE_OUTER_BOUND('',#438,.T.);
#301=FACE_OUTER_BOUND('',#439,.T.);
#302=FACE_OUTER_BOUND('',#440,.T.);
#303=FACE_OUTER_BOUND('',#441,.T.);
#304=FACE_OUTER_BOUND('',#442,.T.);
#305=FACE_OUTER_BOUND('',#443,.T.);
#306=FACE_OUTER_BOUND('',#444,.T.);
#307=FACE_OUTER_BOUND('',#445,.T.);
#308=FACE_OUTER_BOUND('',#446,.T.);
#309=FACE_OUTER_BOUND('',#447,.T.);
#310=FACE_OUTER_BOUND('',#448,.T.);
#311=FACE_OUTER_BOUND('',#449,.T.);
#312=FACE_OUTER_BOUND('',#450,.T.);
#313=FACE_OUTER_BOUND('',#451,.T.);
#314=FACE_OUTER_BOUND('',#452,.T.);
#315=FACE_OUTER_BOUND('',#453,.T.);
#316=FACE_OUTER_BOUND('',#454,.T.);
#317=FACE_OUTER_BOUND('',#455,.T.);
#318=FACE_OUTER_BOUND('',#456,.T.);
#319=FACE_OUTER_BOUND('',#457,.T.);
#320=FACE_OUTER_BOUND('',#458,.T.);
#321=FACE_OUTER_BOUND('',#459,.T.);
#322=FACE_OUTER_BOUND('',#460,.T.);
#323=FACE_OUTER_BOUND('',#461,.T.);
#324=FACE_OUTER_BOUND('',#462,.T.);
#325=FACE_OUTER_BOUND('',#463,.T.);
#326=FACE_OUTER_BOUND('',#464,.T.);
#327=FACE_OUTER_BOUND('',#465,.T.);
#328=FACE_OUTER_BOUND('',#466,.T.);
#329=FACE_OUTER_BOUND('',#467,.T.);
#330=FACE_OUTER_BOUND('',#468,.T.);
#331=FACE_OUTER_BOUND('',#469,.T.);
#332=FACE_OUTER_BOUND('',#470,.T.);
#333=FACE_OUTER_BOUND('',#471,.T.);
#334=FACE_OUTER_BOUND('',#472,.T.);
#335=FACE_OUTER_BOUND('',#473,.T.);
#336=FACE_OUTER_BOUND('',#474,.T.);
#337=FACE_OUTER_BOUND('',#475,.T.);
#338=FACE_OUTER_BOUND('',#476,.T.);
#339=FACE_OUTER_BOUND('',#477,.T.);
#340=FACE_OUTER_BOUND('',#478,.T.);
#341=FACE_OUTER_BOUND('',#479,.T.);
#342=FACE_OUTER_BOUND('',#480,.T.);
#343=FACE_OUTER_BOUND('',#481,.T.);
#344=FACE_OUTER_BOUND('',#482,.T.);
#345=FACE_OUTER_BOUND('',#483,.T.);
#346=FACE_OUTER_BOUND('',#484,.T.);
#347=FACE_OUTER_BOUND('',#485,.T.);
#348=FACE_OUTER_BOUND('',#486,.T.);
#349=FACE_OUTER_BOUND('',#487,.T.);
#350=FACE_OUTER_BOUND('',#488,.T.);
#351=FACE_OUTER_BOUND('',#489,.T.);
#352=FACE_OUTER_BOUND('',#490,.T.);
#353=FACE_OUTER_BOUND('',#491,.T.);
#354=FACE_OUTER_BOUND('',#492,.T.);
#355=FACE_OUTER_BOUND('',#493,.T.);
#356=FACE_OUTER_BOUND('',#494,.T.);
#357=FACE_OUTER_BOUND('',#495,.T.);
#358=FACE_OUTER_BOUND('',#496,.T.);
#359=FACE_OUTER_BOUND('',#497,.T.);
#360=FACE_OUTER_BOUND('',#499,.T.);
#361=FACE_OUTER_BOUND('',#500,.T.);
#362=FACE_OUTER_BOUND('',#505,.T.);
#363=FACE_OUTER_BOUND('',#506,.T.);
#364=EDGE_LOOP('',(#1426,#1427,#1428,#1429));
#365=EDGE_LOOP('',(#1430,#1431,#1432,#1433));
#366=EDGE_LOOP('',(#1434,#1435,#1436,#1437));
#367=EDGE_LOOP('',(#1438,#1439,#1440,#1441));
#368=EDGE_LOOP('',(#1442,#1443,#1444,#1445));
#369=EDGE_LOOP('',(#1446,#1447,#1448,#1449));
#370=EDGE_LOOP('',(#1450,#1451,#1452,#1453));
#371=EDGE_LOOP('',(#1454,#1455,#1456,#1457));
#372=EDGE_LOOP('',(#1458,#1459,#1460,#1461));
#373=EDGE_LOOP('',(#1462,#1463,#1464,#1465));
#374=EDGE_LOOP('',(#1466,#1467,#1468,#1469));
#375=EDGE_LOOP('',(#1470,#1471,#1472,#1473));
#376=EDGE_LOOP('',(#1474,#1475,#1476,#1477));
#377=EDGE_LOOP('',(#1478,#1479,#1480,#1481));
#378=EDGE_LOOP('',(#1482,#1483,#1484,#1485));
#379=EDGE_LOOP('',(#1486,#1487,#1488,#1489));
#380=EDGE_LOOP('',(#1490,#1491,#1492,#1493));
#381=EDGE_LOOP('',(#1494,#1495,#1496,#1497));
#382=EDGE_LOOP('',(#1498,#1499,#1500,#1501));
#383=EDGE_LOOP('',(#1502,#1503,#1504,#1505));
#384=EDGE_LOOP('',(#1506,#1507,#1508,#1509));
#385=EDGE_LOOP('',(#1510,#1511,#1512,#1513));
#386=EDGE_LOOP('',(#1514,#1515,#1516,#1517));
#387=EDGE_LOOP('',(#1518,#1519,#1520,#1521));
#388=EDGE_LOOP('',(#1522,#1523,#1524,#1525));
#389=EDGE_LOOP('',(#1526,#1527,#1528,#1529));
#390=EDGE_LOOP('',(#1530,#1531,#1532,#1533));
#391=EDGE_LOOP('',(#1534,#1535,#1536,#1537));
#392=EDGE_LOOP('',(#1538,#1539,#1540,#1541));
#393=EDGE_LOOP('',(#1542,#1543,#1544,#1545));
#394=EDGE_LOOP('',(#1546,#1547,#1548,#1549,#1550,#1551,#1552,#1553,#1554,
#1555,#1556,#1557,#1558,#1559,#1560));
#395=EDGE_LOOP('',(#1561,#1562,#1563,#1564));
#396=EDGE_LOOP('',(#1565,#1566,#1567,#1568));
#397=EDGE_LOOP('',(#1569,#1570,#1571,#1572));
#398=EDGE_LOOP('',(#1573,#1574,#1575,#1576));
#399=EDGE_LOOP('',(#1577,#1578,#1579,#1580));
#400=EDGE_LOOP('',(#1581,#1582,#1583,#1584));
#401=EDGE_LOOP('',(#1585,#1586,#1587,#1588));
#402=EDGE_LOOP('',(#1589,#1590,#1591,#1592));
#403=EDGE_LOOP('',(#1593,#1594,#1595));
#404=EDGE_LOOP('',(#1596,#1597,#1598));
#405=EDGE_LOOP('',(#1599,#1600,#1601,#1602));
#406=EDGE_LOOP('',(#1603,#1604,#1605,#1606));
#407=EDGE_LOOP('',(#1607,#1608,#1609));
#408=EDGE_LOOP('',(#1610,#1611,#1612));
#409=EDGE_LOOP('',(#1613,#1614,#1615));
#410=EDGE_LOOP('',(#1616,#1617,#1618,#1619));
#411=EDGE_LOOP('',(#1620,#1621,#1622,#1623));
#412=EDGE_LOOP('',(#1624,#1625,#1626,#1627));
#413=EDGE_LOOP('',(#1628,#1629,#1630,#1631));
#414=EDGE_LOOP('',(#1632,#1633,#1634,#1635));
#415=EDGE_LOOP('',(#1636,#1637,#1638,#1639));
#416=EDGE_LOOP('',(#1640,#1641,#1642,#1643));
#417=EDGE_LOOP('',(#1644,#1645,#1646,#1647));
#418=EDGE_LOOP('',(#1648,#1649,#1650,#1651,#1652,#1653,#1654,#1655,#1656,
#1657));
#419=EDGE_LOOP('',(#1658,#1659,#1660,#1661));
#420=EDGE_LOOP('',(#1662,#1663,#1664,#1665));
#421=EDGE_LOOP('',(#1666,#1667,#1668,#1669));
#422=EDGE_LOOP('',(#1670,#1671,#1672,#1673));
#423=EDGE_LOOP('',(#1674,#1675,#1676,#1677));
#424=EDGE_LOOP('',(#1678,#1679,#1680,#1681));
#425=EDGE_LOOP('',(#1682,#1683,#1684,#1685));
#426=EDGE_LOOP('',(#1686,#1687,#1688,#1689));
#427=EDGE_LOOP('',(#1690,#1691,#1692,#1693));
#428=EDGE_LOOP('',(#1694,#1695,#1696,#1697));
#429=EDGE_LOOP('',(#1698,#1699,#1700,#1701));
#430=EDGE_LOOP('',(#1702,#1703,#1704,#1705));
#431=EDGE_LOOP('',(#1706,#1707,#1708,#1709));
#432=EDGE_LOOP('',(#1710,#1711,#1712,#1713));
#433=EDGE_LOOP('',(#1714,#1715,#1716,#1717));
#434=EDGE_LOOP('',(#1718,#1719,#1720,#1721));
#435=EDGE_LOOP('',(#1722,#1723,#1724,#1725));
#436=EDGE_LOOP('',(#1726,#1727,#1728,#1729));
#437=EDGE_LOOP('',(#1730,#1731,#1732,#1733));
#438=EDGE_LOOP('',(#1734,#1735,#1736,#1737));
#439=EDGE_LOOP('',(#1738,#1739,#1740,#1741));
#440=EDGE_LOOP('',(#1742,#1743,#1744,#1745));
#441=EDGE_LOOP('',(#1746,#1747,#1748,#1749));
#442=EDGE_LOOP('',(#1750,#1751,#1752,#1753,#1754,#1755,#1756,#1757,#1758,
#1759,#1760,#1761,#1762,#1763,#1764));
#443=EDGE_LOOP('',(#1765,#1766,#1767,#1768));
#444=EDGE_LOOP('',(#1769,#1770,#1771,#1772));
#445=EDGE_LOOP('',(#1773,#1774,#1775,#1776));
#446=EDGE_LOOP('',(#1777,#1778,#1779,#1780));
#447=EDGE_LOOP('',(#1781,#1782,#1783,#1784));
#448=EDGE_LOOP('',(#1785,#1786,#1787,#1788));
#449=EDGE_LOOP('',(#1789,#1790,#1791,#1792));
#450=EDGE_LOOP('',(#1793,#1794,#1795,#1796));
#451=EDGE_LOOP('',(#1797,#1798,#1799,#1800));
#452=EDGE_LOOP('',(#1801,#1802,#1803,#1804));
#453=EDGE_LOOP('',(#1805,#1806,#1807,#1808));
#454=EDGE_LOOP('',(#1809,#1810,#1811,#1812));
#455=EDGE_LOOP('',(#1813,#1814,#1815,#1816));
#456=EDGE_LOOP('',(#1817,#1818,#1819,#1820));
#457=EDGE_LOOP('',(#1821,#1822,#1823,#1824));
#458=EDGE_LOOP('',(#1825,#1826,#1827,#1828));
#459=EDGE_LOOP('',(#1829,#1830,#1831,#1832));
#460=EDGE_LOOP('',(#1833,#1834,#1835,#1836));
#461=EDGE_LOOP('',(#1837,#1838,#1839,#1840));
#462=EDGE_LOOP('',(#1841,#1842,#1843,#1844));
#463=EDGE_LOOP('',(#1845,#1846,#1847,#1848));
#464=EDGE_LOOP('',(#1849,#1850,#1851,#1852));
#465=EDGE_LOOP('',(#1853,#1854,#1855,#1856));
#466=EDGE_LOOP('',(#1857,#1858,#1859,#1860,#1861,#1862,#1863,#1864,#1865,
#1866,#1867,#1868,#1869,#1870,#1871));
#467=EDGE_LOOP('',(#1872,#1873,#1874,#1875));
#468=EDGE_LOOP('',(#1876,#1877,#1878,#1879));
#469=EDGE_LOOP('',(#1880,#1881,#1882,#1883));
#470=EDGE_LOOP('',(#1884,#1885,#1886,#1887));
#471=EDGE_LOOP('',(#1888,#1889,#1890,#1891));
#472=EDGE_LOOP('',(#1892,#1893,#1894,#1895));
#473=EDGE_LOOP('',(#1896,#1897,#1898,#1899));
#474=EDGE_LOOP('',(#1900,#1901,#1902,#1903));
#475=EDGE_LOOP('',(#1904,#1905,#1906,#1907));
#476=EDGE_LOOP('',(#1908,#1909,#1910,#1911));
#477=EDGE_LOOP('',(#1912,#1913,#1914,#1915));
#478=EDGE_LOOP('',(#1916,#1917,#1918,#1919));
#479=EDGE_LOOP('',(#1920,#1921,#1922,#1923));
#480=EDGE_LOOP('',(#1924,#1925,#1926,#1927));
#481=EDGE_LOOP('',(#1928,#1929,#1930,#1931));
#482=EDGE_LOOP('',(#1932,#1933,#1934,#1935));
#483=EDGE_LOOP('',(#1936,#1937,#1938,#1939));
#484=EDGE_LOOP('',(#1940,#1941,#1942,#1943));
#485=EDGE_LOOP('',(#1944,#1945,#1946,#1947));
#486=EDGE_LOOP('',(#1948,#1949,#1950,#1951));
#487=EDGE_LOOP('',(#1952,#1953,#1954,#1955));
#488=EDGE_LOOP('',(#1956,#1957,#1958,#1959));
#489=EDGE_LOOP('',(#1960,#1961,#1962,#1963));
#490=EDGE_LOOP('',(#1964,#1965,#1966,#1967));
#491=EDGE_LOOP('',(#1968,#1969,#1970,#1971));
#492=EDGE_LOOP('',(#1972,#1973,#1974,#1975));
#493=EDGE_LOOP('',(#1976,#1977,#1978,#1979));
#494=EDGE_LOOP('',(#1980,#1981,#1982,#1983));
#495=EDGE_LOOP('',(#1984,#1985,#1986,#1987,#1988));
#496=EDGE_LOOP('',(#1989,#1990,#1991,#1992,#1993,#1994));
#497=EDGE_LOOP('',(#1995));
#498=EDGE_LOOP('',(#1996,#1997,#1998,#1999));
#499=EDGE_LOOP('',(#2000,#2001,#2002,#2003,#2004));
#500=EDGE_LOOP('',(#2005));
#501=EDGE_LOOP('',(#2006,#2007,#2008,#2009,#2010,#2011,#2012,#2013,#2014,
#2015,#2016,#2017,#2018,#2019,#2020));
#502=EDGE_LOOP('',(#2021,#2022,#2023,#2024,#2025,#2026,#2027,#2028,#2029,
#2030,#2031,#2032,#2033,#2034,#2035));
#503=EDGE_LOOP('',(#2036,#2037,#2038,#2039,#2040,#2041,#2042,#2043,#2044,
#2045,#2046,#2047,#2048,#2049,#2050));
#504=EDGE_LOOP('',(#2051,#2052,#2053,#2054,#2055,#2056,#2057,#2058,#2059,
#2060,#2061,#2062,#2063,#2064,#2065));
#505=EDGE_LOOP('',(#2066,#2067,#2068,#2069));
#506=EDGE_LOOP('',(#2070,#2071,#2072,#2073));
#507=LINE('',#3226,#708);
#508=LINE('',#3228,#709);
#509=LINE('',#3230,#710);
#510=LINE('',#3231,#711);
#511=LINE('',#3234,#712);
#512=LINE('',#3236,#713);
#513=LINE('',#3237,#714);
#514=LINE('',#3240,#715);
#515=LINE('',#3242,#716);
#516=LINE('',#3243,#717);
#517=LINE('',#3245,#718);
#518=LINE('',#3246,#719);
#519=LINE('',#3249,#720);
#520=LINE('',#3251,#721);
#521=LINE('',#3252,#722);
#522=LINE('',#3255,#723);
#523=LINE('',#3256,#724);
#524=LINE('',#3261,#725);
#525=LINE('',#3265,#726);
#526=LINE('',#3270,#727);
#527=LINE('',#3274,#728);
#528=LINE('',#3279,#729);
#529=LINE('',#3283,#730);
#530=LINE('',#3306,#731);
#531=LINE('',#3307,#732);
#532=LINE('',#3311,#733);
#533=LINE('',#3315,#734);
#534=LINE('',#3338,#735);
#535=LINE('',#3339,#736);
#536=LINE('',#3361,#737);
#537=LINE('',#3362,#738);
#538=LINE('',#3366,#739);
#539=LINE('',#3370,#740);
#540=LINE('',#3393,#741);
#541=LINE('',#3394,#742);
#542=LINE('',#3416,#743);
#543=LINE('',#3417,#744);
#544=LINE('',#3420,#745);
#545=LINE('',#3423,#746);
#546=LINE('',#3426,#747);
#547=LINE('',#3427,#748);
#548=LINE('',#3430,#749);
#549=LINE('',#3431,#750);
#550=LINE('',#3434,#751);
#551=LINE('',#3438,#752);
#552=LINE('',#3439,#753);
#553=LINE('',#3442,#754);
#554=LINE('',#3443,#755);
#555=LINE('',#3446,#756);
#556=LINE('',#3450,#757);
#557=LINE('',#3451,#758);
#558=LINE('',#3456,#759);
#559=LINE('',#3460,#760);
#560=LINE('',#3464,#761);
#561=LINE('',#3467,#762);
#562=LINE('',#3471,#763);
#563=LINE('',#3475,#764);
#564=LINE('',#3478,#765);
#565=LINE('',#3481,#766);
#566=LINE('',#3485,#767);
#567=LINE('',#3489,#768);
#568=LINE('',#3492,#769);
#569=LINE('',#3495,#770);
#570=LINE('',#3499,#771);
#571=LINE('',#3503,#772);
#572=LINE('',#3506,#773);
#573=LINE('',#3509,#774);
#574=LINE('',#3517,#775);
#575=LINE('',#3520,#776);
#576=LINE('',#3523,#777);
#577=LINE('',#3526,#778);
#578=LINE('',#3535,#779);
#579=LINE('',#3538,#780);
#580=LINE('',#3541,#781);
#581=LINE('',#3542,#782);
#582=LINE('',#3545,#783);
#583=LINE('',#3546,#784);
#584=LINE('',#3549,#785);
#585=LINE('',#3553,#786);
#586=LINE('',#3554,#787);
#587=LINE('',#3557,#788);
#588=LINE('',#3558,#789);
#589=LINE('',#3561,#790);
#590=LINE('',#3565,#791);
#591=LINE('',#3566,#792);
#592=LINE('',#3571,#793);
#593=LINE('',#3575,#794);
#594=LINE('',#3580,#795);
#595=LINE('',#3584,#796);
#596=LINE('',#3589,#797);
#597=LINE('',#3593,#798);
#598=LINE('',#3616,#799);
#599=LINE('',#3617,#800);
#600=LINE('',#3621,#801);
#601=LINE('',#3625,#802);
#602=LINE('',#3648,#803);
#603=LINE('',#3649,#804);
#604=LINE('',#3671,#805);
#605=LINE('',#3672,#806);
#606=LINE('',#3676,#807);
#607=LINE('',#3680,#808);
#608=LINE('',#3703,#809);
#609=LINE('',#3704,#810);
#610=LINE('',#3726,#811);
#611=LINE('',#3727,#812);
#612=LINE('',#3730,#813);
#613=LINE('',#3733,#814);
#614=LINE('',#3736,#815);
#615=LINE('',#3737,#816);
#616=LINE('',#3740,#817);
#617=LINE('',#3741,#818);
#618=LINE('',#3744,#819);
#619=LINE('',#3748,#820);
#620=LINE('',#3749,#821);
#621=LINE('',#3752,#822);
#622=LINE('',#3753,#823);
#623=LINE('',#3756,#824);
#624=LINE('',#3760,#825);
#625=LINE('',#3761,#826);
#626=LINE('',#3766,#827);
#627=LINE('',#3770,#828);
#628=LINE('',#3775,#829);
#629=LINE('',#3779,#830);
#630=LINE('',#3784,#831);
#631=LINE('',#3788,#832);
#632=LINE('',#3811,#833);
#633=LINE('',#3812,#834);
#634=LINE('',#3816,#835);
#635=LINE('',#3820,#836);
#636=LINE('',#3843,#837);
#637=LINE('',#3844,#838);
#638=LINE('',#3866,#839);
#639=LINE('',#3867,#840);
#640=LINE('',#3871,#841);
#641=LINE('',#3875,#842);
#642=LINE('',#3898,#843);
#643=LINE('',#3899,#844);
#644=LINE('',#3921,#845);
#645=LINE('',#3922,#846);
#646=LINE('',#3925,#847);
#647=LINE('',#3928,#848);
#648=LINE('',#3931,#849);
#649=LINE('',#3932,#850);
#650=LINE('',#3935,#851);
#651=LINE('',#3936,#852);
#652=LINE('',#3939,#853);
#653=LINE('',#3943,#854);
#654=LINE('',#3944,#855);
#655=LINE('',#3947,#856);
#656=LINE('',#3948,#857);
#657=LINE('',#3951,#858);
#658=LINE('',#3955,#859);
#659=LINE('',#3956,#860);
#660=LINE('',#3960,#861);
#661=LINE('',#3961,#862);
#662=LINE('',#3964,#863);
#663=LINE('',#3968,#864);
#664=LINE('',#3969,#865);
#665=LINE('',#3972,#866);
#666=LINE('',#3973,#867);
#667=LINE('',#3976,#868);
#668=LINE('',#3980,#869);
#669=LINE('',#3981,#870);
#670=LINE('',#3983,#871);
#671=LINE('',#3986,#872);
#672=LINE('',#3989,#873);
#673=LINE('',#3992,#874);
#674=LINE('',#3993,#875);
#675=LINE('',#3996,#876);
#676=LINE('',#3997,#877);
#677=LINE('',#4000,#878);
#678=LINE('',#4004,#879);
#679=LINE('',#4005,#880);
#680=LINE('',#4007,#881);
#681=LINE('',#4009,#882);
#682=LINE('',#4012,#883);
#683=LINE('',#4013,#884);
#684=LINE('',#4016,#885);
#685=LINE('',#4017,#886);
#686=LINE('',#4020,#887);
#687=LINE('',#4024,#888);
#688=LINE('',#4025,#889);
#689=LINE('',#4028,#890);
#690=LINE('',#4029,#891);
#691=LINE('',#4032,#892);
#692=LINE('',#4035,#893);
#693=LINE('',#4038,#894);
#694=LINE('',#4041,#895);
#695=LINE('',#4044,#896);
#696=LINE('',#4045,#897);
#697=LINE('',#4048,#898);
#698=LINE('',#4049,#899);
#699=LINE('',#4052,#900);
#700=LINE('',#4056,#901);
#701=LINE('',#4057,#902);
#702=LINE('',#4059,#903);
#703=LINE('',#4061,#904);
#704=LINE('',#4074,#905);
#705=LINE('',#4078,#906);
#706=LINE('',#4079,#907);
#707=LINE('',#4086,#908);
#708=VECTOR('',#2531,10.);
#709=VECTOR('',#2532,10.);
#710=VECTOR('',#2533,10.);
#711=VECTOR('',#2534,10.);
#712=VECTOR('',#2537,10.);
#713=VECTOR('',#2538,10.);
#714=VECTOR('',#2539,10.);
#715=VECTOR('',#2542,10.);
#716=VECTOR('',#2543,10.);
#717=VECTOR('',#2544,10.);
#718=VECTOR('',#2547,10.);
#719=VECTOR('',#2548,10.);
#720=VECTOR('',#2551,10.);
#721=VECTOR('',#2552,10.);
#722=VECTOR('',#2553,10.);
#723=VECTOR('',#2556,10.);
#724=VECTOR('',#2557,10.);
#725=VECTOR('',#2562,10.);
#726=VECTOR('',#2565,10.);
#727=VECTOR('',#2570,10.);
#728=VECTOR('',#2573,10.);
#729=VECTOR('',#2578,10.);
#730=VECTOR('',#2581,10.);
#731=VECTOR('',#2592,10.);
#732=VECTOR('',#2593,10.);
#733=VECTOR('',#2596,10.);
#734=VECTOR('',#2599,10.);
#735=VECTOR('',#2610,10.);
#736=VECTOR('',#2611,10.);
#737=VECTOR('',#2620,10.);
#738=VECTOR('',#2621,10.);
#739=VECTOR('',#2624,10.);
#740=VECTOR('',#2627,10.);
#741=VECTOR('',#2638,10.);
#742=VECTOR('',#2639,10.);
#743=VECTOR('',#2648,10.);
#744=VECTOR('',#2649,10.);
#745=VECTOR('',#2652,10.);
#746=VECTOR('',#2655,10.);
#747=VECTOR('',#2658,10.);
#748=VECTOR('',#2659,10.);
#749=VECTOR('',#2662,10.);
#750=VECTOR('',#2663,10.);
#751=VECTOR('',#2666,10.);
#752=VECTOR('',#2671,10.);
#753=VECTOR('',#2672,10.);
#754=VECTOR('',#2675,10.);
#755=VECTOR('',#2676,10.);
#756=VECTOR('',#2679,10.);
#757=VECTOR('',#2684,10.);
#758=VECTOR('',#2685,10.);
#759=VECTOR('',#2690,10.);
#760=VECTOR('',#2693,10.);
#761=VECTOR('',#2698,10.);
#762=VECTOR('',#2701,10.);
#763=VECTOR('',#2704,10.);
#764=VECTOR('',#2707,10.);
#765=VECTOR('',#2712,10.);
#766=VECTOR('',#2715,10.);
#767=VECTOR('',#2718,10.);
#768=VECTOR('',#2721,10.);
#769=VECTOR('',#2726,10.);
#770=VECTOR('',#2729,10.);
#771=VECTOR('',#2732,10.);
#772=VECTOR('',#2735,10.);
#773=VECTOR('',#2740,10.);
#774=VECTOR('',#2743,10.);
#775=VECTOR('',#2754,10.);
#776=VECTOR('',#2757,10.);
#777=VECTOR('',#2762,10.);
#778=VECTOR('',#2765,10.);
#779=VECTOR('',#2780,10.);
#780=VECTOR('',#2783,10.);
#781=VECTOR('',#2786,10.);
#782=VECTOR('',#2787,10.);
#783=VECTOR('',#2790,10.);
#784=VECTOR('',#2791,10.);
#785=VECTOR('',#2794,10.);
#786=VECTOR('',#2799,10.);
#787=VECTOR('',#2800,10.);
#788=VECTOR('',#2803,10.);
#789=VECTOR('',#2804,10.);
#790=VECTOR('',#2807,10.);
#791=VECTOR('',#2812,10.);
#792=VECTOR('',#2813,10.);
#793=VECTOR('',#2818,10.);
#794=VECTOR('',#2821,10.);
#795=VECTOR('',#2826,10.);
#796=VECTOR('',#2829,10.);
#797=VECTOR('',#2834,10.);
#798=VECTOR('',#2837,10.);
#799=VECTOR('',#2848,10.);
#800=VECTOR('',#2849,10.);
#801=VECTOR('',#2852,10.);
#802=VECTOR('',#2855,10.);
#803=VECTOR('',#2866,10.);
#804=VECTOR('',#2867,10.);
#805=VECTOR('',#2876,10.);
#806=VECTOR('',#2877,10.);
#807=VECTOR('',#2880,10.);
#808=VECTOR('',#2883,10.);
#809=VECTOR('',#2894,10.);
#810=VECTOR('',#2895,10.);
#811=VECTOR('',#2904,10.);
#812=VECTOR('',#2905,10.);
#813=VECTOR('',#2908,10.);
#814=VECTOR('',#2911,10.);
#815=VECTOR('',#2914,10.);
#816=VECTOR('',#2915,10.);
#817=VECTOR('',#2918,10.);
#818=VECTOR('',#2919,10.);
#819=VECTOR('',#2922,10.);
#820=VECTOR('',#2927,10.);
#821=VECTOR('',#2928,10.);
#822=VECTOR('',#2931,10.);
#823=VECTOR('',#2932,10.);
#824=VECTOR('',#2935,10.);
#825=VECTOR('',#2940,10.);
#826=VECTOR('',#2941,10.);
#827=VECTOR('',#2946,10.);
#828=VECTOR('',#2949,10.);
#829=VECTOR('',#2954,10.);
#830=VECTOR('',#2957,10.);
#831=VECTOR('',#2962,10.);
#832=VECTOR('',#2965,10.);
#833=VECTOR('',#2976,10.);
#834=VECTOR('',#2977,10.);
#835=VECTOR('',#2980,10.);
#836=VECTOR('',#2983,10.);
#837=VECTOR('',#2994,10.);
#838=VECTOR('',#2995,10.);
#839=VECTOR('',#3004,10.);
#840=VECTOR('',#3005,10.);
#841=VECTOR('',#3008,10.);
#842=VECTOR('',#3011,10.);
#843=VECTOR('',#3022,10.);
#844=VECTOR('',#3023,10.);
#845=VECTOR('',#3032,10.);
#846=VECTOR('',#3033,10.);
#847=VECTOR('',#3036,10.);
#848=VECTOR('',#3039,10.);
#849=VECTOR('',#3042,10.);
#850=VECTOR('',#3043,10.);
#851=VECTOR('',#3046,10.);
#852=VECTOR('',#3047,10.);
#853=VECTOR('',#3050,10.);
#854=VECTOR('',#3055,10.);
#855=VECTOR('',#3056,10.);
#856=VECTOR('',#3059,10.);
#857=VECTOR('',#3060,10.);
#858=VECTOR('',#3063,10.);
#859=VECTOR('',#3068,10.);
#860=VECTOR('',#3069,10.);
#861=VECTOR('',#3074,10.);
#862=VECTOR('',#3075,10.);
#863=VECTOR('',#3078,10.);
#864=VECTOR('',#3083,10.);
#865=VECTOR('',#3084,10.);
#866=VECTOR('',#3087,10.);
#867=VECTOR('',#3088,10.);
#868=VECTOR('',#3091,10.);
#869=VECTOR('',#3096,10.);
#870=VECTOR('',#3097,10.);
#871=VECTOR('',#3100,10.);
#872=VECTOR('',#3103,10.);
#873=VECTOR('',#3106,10.);
#874=VECTOR('',#3109,10.);
#875=VECTOR('',#3110,10.);
#876=VECTOR('',#3113,10.);
#877=VECTOR('',#3114,10.);
#878=VECTOR('',#3117,10.);
#879=VECTOR('',#3122,10.);
#880=VECTOR('',#3123,10.);
#881=VECTOR('',#3126,10.);
#882=VECTOR('',#3129,10.);
#883=VECTOR('',#3132,10.);
#884=VECTOR('',#3133,10.);
#885=VECTOR('',#3136,10.);
#886=VECTOR('',#3137,10.);
#887=VECTOR('',#3140,10.);
#888=VECTOR('',#3145,10.);
#889=VECTOR('',#3146,10.);
#890=VECTOR('',#3149,10.);
#891=VECTOR('',#3150,10.);
#892=VECTOR('',#3153,10.);
#893=VECTOR('',#3158,10.);
#894=VECTOR('',#3161,10.);
#895=VECTOR('',#3164,10.);
#896=VECTOR('',#3167,10.);
#897=VECTOR('',#3168,10.);
#898=VECTOR('',#3171,10.);
#899=VECTOR('',#3172,10.);
#900=VECTOR('',#3175,10.);
#901=VECTOR('',#3180,10.);
#902=VECTOR('',#3181,10.);
#903=VECTOR('',#3184,10.);
#904=VECTOR('',#3187,10.);
#905=VECTOR('',#3202,10.);
#906=VECTOR('',#3207,10.);
#907=VECTOR('',#3208,10.);
#908=VECTOR('',#3219,10.);
#909=VERTEX_POINT('',#3224);
#910=VERTEX_POINT('',#3225);
#911=VERTEX_POINT('',#3227);
#912=VERTEX_POINT('',#3229);
#913=VERTEX_POINT('',#3233);
#914=VERTEX_POINT('',#3235);
#915=VERTEX_POINT('',#3239);
#916=VERTEX_POINT('',#3241);
#917=VERTEX_POINT('',#3248);
#918=VERTEX_POINT('',#3250);
#919=VERTEX_POINT('',#3254);
#920=VERTEX_POINT('',#3259);
#921=VERTEX_POINT('',#3260);
#922=VERTEX_POINT('',#3262);
#923=VERTEX_POINT('',#3264);
#924=VERTEX_POINT('',#3268);
#925=VERTEX_POINT('',#3269);
#926=VERTEX_POINT('',#3271);
#927=VERTEX_POINT('',#3273);
#928=VERTEX_POINT('',#3277);
#929=VERTEX_POINT('',#3278);
#930=VERTEX_POINT('',#3280);
#931=VERTEX_POINT('',#3282);
#932=VERTEX_POINT('',#3300);
#933=VERTEX_POINT('',#3301);
#934=VERTEX_POINT('',#3309);
#935=VERTEX_POINT('',#3310);
#936=VERTEX_POINT('',#3312);
#937=VERTEX_POINT('',#3314);
#938=VERTEX_POINT('',#3332);
#939=VERTEX_POINT('',#3333);
#940=VERTEX_POINT('',#3355);
#941=VERTEX_POINT('',#3356);
#942=VERTEX_POINT('',#3364);
#943=VERTEX_POINT('',#3365);
#944=VERTEX_POINT('',#3367);
#945=VERTEX_POINT('',#3369);
#946=VERTEX_POINT('',#3387);
#947=VERTEX_POINT('',#3388);
#948=VERTEX_POINT('',#3410);
#949=VERTEX_POINT('',#3411);
#950=VERTEX_POINT('',#3419);
#951=VERTEX_POINT('',#3421);
#952=VERTEX_POINT('',#3425);
#953=VERTEX_POINT('',#3429);
#954=VERTEX_POINT('',#3433);
#955=VERTEX_POINT('',#3437);
#956=VERTEX_POINT('',#3441);
#957=VERTEX_POINT('',#3445);
#958=VERTEX_POINT('',#3449);
#959=VERTEX_POINT('',#3454);
#960=VERTEX_POINT('',#3455);
#961=VERTEX_POINT('',#3457);
#962=VERTEX_POINT('',#3459);
#963=VERTEX_POINT('',#3463);
#964=VERTEX_POINT('',#3465);
#965=VERTEX_POINT('',#3469);
#966=VERTEX_POINT('',#3470);
#967=VERTEX_POINT('',#3472);
#968=VERTEX_POINT('',#3474);
#969=VERTEX_POINT('',#3479);
#970=VERTEX_POINT('',#3483);
#971=VERTEX_POINT('',#3484);
#972=VERTEX_POINT('',#3486);
#973=VERTEX_POINT('',#3488);
#974=VERTEX_POINT('',#3493);
#975=VERTEX_POINT('',#3497);
#976=VERTEX_POINT('',#3498);
#977=VERTEX_POINT('',#3500);
#978=VERTEX_POINT('',#3502);
#979=VERTEX_POINT('',#3507);
#980=VERTEX_POINT('',#3515);
#981=VERTEX_POINT('',#3516);
#982=VERTEX_POINT('',#3519);
#983=VERTEX_POINT('',#3524);
#984=VERTEX_POINT('',#3534);
#985=VERTEX_POINT('',#3536);
#986=VERTEX_POINT('',#3540);
#987=VERTEX_POINT('',#3544);
#988=VERTEX_POINT('',#3548);
#989=VERTEX_POINT('',#3552);
#990=VERTEX_POINT('',#3556);
#991=VERTEX_POINT('',#3560);
#992=VERTEX_POINT('',#3564);
#993=VERTEX_POINT('',#3569);
#994=VERTEX_POINT('',#3570);
#995=VERTEX_POINT('',#3572);
#996=VERTEX_POINT('',#3574);
#997=VERTEX_POINT('',#3578);
#998=VERTEX_POINT('',#3579);
#999=VERTEX_POINT('',#3581);
#1000=VERTEX_POINT('',#3583);
#1001=VERTEX_POINT('',#3587);
#1002=VERTEX_POINT('',#3588);
#1003=VERTEX_POINT('',#3590);
#1004=VERTEX_POINT('',#3592);
#1005=VERTEX_POINT('',#3610);
#1006=VERTEX_POINT('',#3611);
#1007=VERTEX_POINT('',#3619);
#1008=VERTEX_POINT('',#3620);
#1009=VERTEX_POINT('',#3622);
#1010=VERTEX_POINT('',#3624);
#1011=VERTEX_POINT('',#3642);
#1012=VERTEX_POINT('',#3643);
#1013=VERTEX_POINT('',#3665);
#1014=VERTEX_POINT('',#3666);
#1015=VERTEX_POINT('',#3674);
#1016=VERTEX_POINT('',#3675);
#1017=VERTEX_POINT('',#3677);
#1018=VERTEX_POINT('',#3679);
#1019=VERTEX_POINT('',#3697);
#1020=VERTEX_POINT('',#3698);
#1021=VERTEX_POINT('',#3720);
#1022=VERTEX_POINT('',#3721);
#1023=VERTEX_POINT('',#3729);
#1024=VERTEX_POINT('',#3731);
#1025=VERTEX_POINT('',#3735);
#1026=VERTEX_POINT('',#3739);
#1027=VERTEX_POINT('',#3743);
#1028=VERTEX_POINT('',#3747);
#1029=VERTEX_POINT('',#3751);
#1030=VERTEX_POINT('',#3755);
#1031=VERTEX_POINT('',#3759);
#1032=VERTEX_POINT('',#3764);
#1033=VERTEX_POINT('',#3765);
#1034=VERTEX_POINT('',#3767);
#1035=VERTEX_POINT('',#3769);
#1036=VERTEX_POINT('',#3773);
#1037=VERTEX_POINT('',#3774);
#1038=VERTEX_POINT('',#3776);
#1039=VERTEX_POINT('',#3778);
#1040=VERTEX_POINT('',#3782);
#1041=VERTEX_POINT('',#3783);
#1042=VERTEX_POINT('',#3785);
#1043=VERTEX_POINT('',#3787);
#1044=VERTEX_POINT('',#3805);
#1045=VERTEX_POINT('',#3806);
#1046=VERTEX_POINT('',#3814);
#1047=VERTEX_POINT('',#3815);
#1048=VERTEX_POINT('',#3817);
#1049=VERTEX_POINT('',#3819);
#1050=VERTEX_POINT('',#3837);
#1051=VERTEX_POINT('',#3838);
#1052=VERTEX_POINT('',#3860);
#1053=VERTEX_POINT('',#3861);
#1054=VERTEX_POINT('',#3869);
#1055=VERTEX_POINT('',#3870);
#1056=VERTEX_POINT('',#3872);
#1057=VERTEX_POINT('',#3874);
#1058=VERTEX_POINT('',#3892);
#1059=VERTEX_POINT('',#3893);
#1060=VERTEX_POINT('',#3915);
#1061=VERTEX_POINT('',#3916);
#1062=VERTEX_POINT('',#3924);
#1063=VERTEX_POINT('',#3926);
#1064=VERTEX_POINT('',#3930);
#1065=VERTEX_POINT('',#3934);
#1066=VERTEX_POINT('',#3938);
#1067=VERTEX_POINT('',#3942);
#1068=VERTEX_POINT('',#3946);
#1069=VERTEX_POINT('',#3950);
#1070=VERTEX_POINT('',#3954);
#1071=VERTEX_POINT('',#3959);
#1072=VERTEX_POINT('',#3963);
#1073=VERTEX_POINT('',#3967);
#1074=VERTEX_POINT('',#3971);
#1075=VERTEX_POINT('',#3975);
#1076=VERTEX_POINT('',#3979);
#1077=VERTEX_POINT('',#3985);
#1078=VERTEX_POINT('',#3987);
#1079=VERTEX_POINT('',#3991);
#1080=VERTEX_POINT('',#3995);
#1081=VERTEX_POINT('',#3999);
#1082=VERTEX_POINT('',#4003);
#1083=VERTEX_POINT('',#4011);
#1084=VERTEX_POINT('',#4015);
#1085=VERTEX_POINT('',#4019);
#1086=VERTEX_POINT('',#4023);
#1087=VERTEX_POINT('',#4027);
#1088=VERTEX_POINT('',#4031);
#1089=VERTEX_POINT('',#4037);
#1090=VERTEX_POINT('',#4039);
#1091=VERTEX_POINT('',#4043);
#1092=VERTEX_POINT('',#4047);
#1093=VERTEX_POINT('',#4051);
#1094=VERTEX_POINT('',#4055);
#1095=VERTEX_POINT('',#4063);
#1096=VERTEX_POINT('',#4064);
#1097=VERTEX_POINT('',#4066);
#1098=VERTEX_POINT('',#4071);
#1099=VERTEX_POINT('',#4072);
#1100=VERTEX_POINT('',#4077);
#1101=VERTEX_POINT('',#4081);
#1102=EDGE_CURVE('',#909,#910,#507,.T.);
#1103=EDGE_CURVE('',#910,#911,#508,.T.);
#1104=EDGE_CURVE('',#911,#912,#509,.T.);
#1105=EDGE_CURVE('',#912,#909,#510,.T.);
#1106=EDGE_CURVE('',#913,#911,#511,.T.);
#1107=EDGE_CURVE('',#910,#914,#512,.T.);
#1108=EDGE_CURVE('',#913,#914,#513,.T.);
#1109=EDGE_CURVE('',#915,#909,#514,.T.);
#1110=EDGE_CURVE('',#912,#916,#515,.T.);
#1111=EDGE_CURVE('',#916,#915,#516,.T.);
#1112=EDGE_CURVE('',#914,#915,#517,.T.);
#1113=EDGE_CURVE('',#916,#913,#518,.T.);
#1114=EDGE_CURVE('',#910,#917,#519,.T.);
#1115=EDGE_CURVE('',#918,#917,#520,.T.);
#1116=EDGE_CURVE('',#914,#918,#521,.T.);
#1117=EDGE_CURVE('',#909,#919,#522,.T.);
#1118=EDGE_CURVE('',#917,#919,#523,.T.);
#1119=EDGE_CURVE('',#920,#921,#524,.T.);
#1120=EDGE_CURVE('',#921,#922,#62,.T.);
#1121=EDGE_CURVE('',#922,#923,#525,.T.);
#1122=EDGE_CURVE('',#923,#920,#42,.T.);
#1123=EDGE_CURVE('',#924,#925,#526,.T.);
#1124=EDGE_CURVE('',#925,#926,#63,.T.);
#1125=EDGE_CURVE('',#926,#927,#527,.T.);
#1126=EDGE_CURVE('',#927,#924,#43,.T.);
#1127=EDGE_CURVE('',#928,#929,#528,.T.);
#1128=EDGE_CURVE('',#929,#930,#64,.T.);
#1129=EDGE_CURVE('',#930,#931,#529,.T.);
#1130=EDGE_CURVE('',#931,#928,#44,.T.);
#1131=EDGE_CURVE('',#932,#933,#65,.T.);
#1132=EDGE_CURVE('',#933,#930,#66,.T.);
#1133=EDGE_CURVE('',#929,#932,#67,.T.);
#1134=EDGE_CURVE('',#927,#933,#530,.T.);
#1135=EDGE_CURVE('',#932,#924,#531,.T.);
#1136=EDGE_CURVE('',#934,#935,#532,.T.);
#1137=EDGE_CURVE('',#935,#936,#68,.T.);
#1138=EDGE_CURVE('',#936,#937,#533,.T.);
#1139=EDGE_CURVE('',#937,#934,#45,.T.);
#1140=EDGE_CURVE('',#938,#939,#69,.T.);
#1141=EDGE_CURVE('',#939,#936,#70,.T.);
#1142=EDGE_CURVE('',#935,#938,#71,.T.);
#1143=EDGE_CURVE('',#931,#939,#534,.T.);
#1144=EDGE_CURVE('',#938,#928,#535,.T.);
#1145=EDGE_CURVE('',#940,#941,#72,.T.);
#1146=EDGE_CURVE('',#941,#926,#73,.T.);
#1147=EDGE_CURVE('',#925,#940,#74,.T.);
#1148=EDGE_CURVE('',#923,#941,#536,.T.);
#1149=EDGE_CURVE('',#940,#920,#537,.T.);
#1150=EDGE_CURVE('',#942,#943,#538,.T.);
#1151=EDGE_CURVE('',#943,#944,#75,.T.);
#1152=EDGE_CURVE('',#944,#945,#539,.T.);
#1153=EDGE_CURVE('',#945,#942,#46,.T.);
#1154=EDGE_CURVE('',#946,#947,#76,.T.);
#1155=EDGE_CURVE('',#947,#944,#77,.T.);
#1156=EDGE_CURVE('',#943,#946,#78,.T.);
#1157=EDGE_CURVE('',#937,#947,#540,.T.);
#1158=EDGE_CURVE('',#946,#934,#541,.T.);
#1159=EDGE_CURVE('',#948,#949,#79,.T.);
#1160=EDGE_CURVE('',#949,#922,#80,.T.);
#1161=EDGE_CURVE('',#921,#948,#81,.T.);
#1162=EDGE_CURVE('',#945,#949,#542,.T.);
#1163=EDGE_CURVE('',#948,#942,#543,.T.);
#1164=EDGE_CURVE('',#950,#929,#544,.T.);
#1165=EDGE_CURVE('',#951,#950,#82,.T.);
#1166=EDGE_CURVE('',#951,#932,#545,.T.);
#1167=EDGE_CURVE('',#952,#928,#546,.T.);
#1168=EDGE_CURVE('',#950,#952,#547,.T.);
#1169=EDGE_CURVE('',#953,#938,#548,.T.);
#1170=EDGE_CURVE('',#952,#953,#549,.T.);
#1171=EDGE_CURVE('',#954,#935,#550,.T.);
#1172=EDGE_CURVE('',#953,#954,#83,.T.);
#1173=EDGE_CURVE('',#955,#934,#551,.T.);
#1174=EDGE_CURVE('',#954,#955,#552,.T.);
#1175=EDGE_CURVE('',#956,#946,#553,.T.);
#1176=EDGE_CURVE('',#955,#956,#554,.T.);
#1177=EDGE_CURVE('',#957,#943,#555,.T.);
#1178=EDGE_CURVE('',#956,#957,#84,.T.);
#1179=EDGE_CURVE('',#958,#942,#556,.T.);
#1180=EDGE_CURVE('',#957,#958,#557,.T.);
#1181=EDGE_CURVE('',#959,#960,#558,.T.);
#1182=EDGE_CURVE('',#960,#961,#85,.T.);
#1183=EDGE_CURVE('',#961,#962,#559,.T.);
#1184=EDGE_CURVE('',#962,#959,#47,.T.);
#1185=EDGE_CURVE('',#962,#963,#560,.T.);
#1186=EDGE_CURVE('',#963,#964,#86,.T.);
#1187=EDGE_CURVE('',#964,#959,#561,.T.);
#1188=EDGE_CURVE('',#965,#966,#562,.T.);
#1189=EDGE_CURVE('',#966,#967,#87,.T.);
#1190=EDGE_CURVE('',#967,#968,#563,.T.);
#1191=EDGE_CURVE('',#968,#965,#48,.T.);
#1192=EDGE_CURVE('',#968,#961,#564,.T.);
#1193=EDGE_CURVE('',#961,#969,#88,.T.);
#1194=EDGE_CURVE('',#969,#965,#565,.T.);
#1195=EDGE_CURVE('',#970,#971,#566,.T.);
#1196=EDGE_CURVE('',#971,#972,#89,.T.);
#1197=EDGE_CURVE('',#972,#973,#567,.T.);
#1198=EDGE_CURVE('',#973,#970,#49,.T.);
#1199=EDGE_CURVE('',#973,#967,#568,.T.);
#1200=EDGE_CURVE('',#967,#974,#90,.T.);
#1201=EDGE_CURVE('',#974,#970,#569,.T.);
#1202=EDGE_CURVE('',#975,#976,#570,.T.);
#1203=EDGE_CURVE('',#976,#977,#91,.T.);
#1204=EDGE_CURVE('',#977,#978,#571,.T.);
#1205=EDGE_CURVE('',#978,#975,#50,.T.);
#1206=EDGE_CURVE('',#978,#972,#572,.T.);
#1207=EDGE_CURVE('',#972,#979,#92,.T.);
#1208=EDGE_CURVE('',#979,#975,#573,.T.);
#1209=EDGE_CURVE('',#971,#979,#93,.T.);
#1210=EDGE_CURVE('',#966,#974,#94,.T.);
#1211=EDGE_CURVE('',#980,#981,#574,.T.);
#1212=EDGE_CURVE('',#981,#963,#95,.T.);
#1213=EDGE_CURVE('',#963,#982,#575,.T.);
#1214=EDGE_CURVE('',#982,#980,#51,.T.);
#1215=EDGE_CURVE('',#982,#977,#576,.T.);
#1216=EDGE_CURVE('',#977,#983,#96,.T.);
#1217=EDGE_CURVE('',#983,#980,#577,.T.);
#1218=EDGE_CURVE('',#976,#983,#97,.T.);
#1219=EDGE_CURVE('',#960,#969,#98,.T.);
#1220=EDGE_CURVE('',#981,#964,#99,.T.);
#1221=EDGE_CURVE('',#984,#966,#578,.T.);
#1222=EDGE_CURVE('',#985,#984,#100,.T.);
#1223=EDGE_CURVE('',#985,#974,#579,.T.);
#1224=EDGE_CURVE('',#986,#965,#580,.T.);
#1225=EDGE_CURVE('',#984,#986,#581,.T.);
#1226=EDGE_CURVE('',#987,#969,#582,.T.);
#1227=EDGE_CURVE('',#986,#987,#583,.T.);
#1228=EDGE_CURVE('',#988,#960,#584,.T.);
#1229=EDGE_CURVE('',#987,#988,#101,.T.);
#1230=EDGE_CURVE('',#989,#959,#585,.T.);
#1231=EDGE_CURVE('',#988,#989,#586,.T.);
#1232=EDGE_CURVE('',#990,#964,#587,.T.);
#1233=EDGE_CURVE('',#989,#990,#588,.T.);
#1234=EDGE_CURVE('',#991,#981,#589,.T.);
#1235=EDGE_CURVE('',#990,#991,#102,.T.);
#1236=EDGE_CURVE('',#992,#980,#590,.T.);
#1237=EDGE_CURVE('',#991,#992,#591,.T.);
#1238=EDGE_CURVE('',#993,#994,#592,.T.);
#1239=EDGE_CURVE('',#994,#995,#103,.T.);
#1240=EDGE_CURVE('',#995,#996,#593,.T.);
#1241=EDGE_CURVE('',#996,#993,#52,.T.);
#1242=EDGE_CURVE('',#997,#998,#594,.T.);
#1243=EDGE_CURVE('',#998,#999,#104,.T.);
#1244=EDGE_CURVE('',#999,#1000,#595,.T.);
#1245=EDGE_CURVE('',#1000,#997,#53,.T.);
#1246=EDGE_CURVE('',#1001,#1002,#596,.T.);
#1247=EDGE_CURVE('',#1002,#1003,#105,.T.);
#1248=EDGE_CURVE('',#1003,#1004,#597,.T.);
#1249=EDGE_CURVE('',#1004,#1001,#54,.T.);
#1250=EDGE_CURVE('',#1005,#1006,#106,.T.);
#1251=EDGE_CURVE('',#1006,#1003,#107,.T.);
#1252=EDGE_CURVE('',#1002,#1005,#108,.T.);
#1253=EDGE_CURVE('',#1000,#1006,#598,.T.);
#1254=EDGE_CURVE('',#1005,#997,#599,.T.);
#1255=EDGE_CURVE('',#1007,#1008,#600,.T.);
#1256=EDGE_CURVE('',#1008,#1009,#109,.T.);
#1257=EDGE_CURVE('',#1009,#1010,#601,.T.);
#1258=EDGE_CURVE('',#1010,#1007,#55,.T.);
#1259=EDGE_CURVE('',#1011,#1012,#110,.T.);
#1260=EDGE_CURVE('',#1012,#1009,#111,.T.);
#1261=EDGE_CURVE('',#1008,#1011,#112,.T.);
#1262=EDGE_CURVE('',#1004,#1012,#602,.T.);
#1263=EDGE_CURVE('',#1011,#1001,#603,.T.);
#1264=EDGE_CURVE('',#1013,#1014,#113,.T.);
#1265=EDGE_CURVE('',#1014,#999,#114,.T.);
#1266=EDGE_CURVE('',#998,#1013,#115,.T.);
#1267=EDGE_CURVE('',#996,#1014,#604,.T.);
#1268=EDGE_CURVE('',#1013,#993,#605,.T.);
#1269=EDGE_CURVE('',#1015,#1016,#606,.T.);
#1270=EDGE_CURVE('',#1016,#1017,#116,.T.);
#1271=EDGE_CURVE('',#1017,#1018,#607,.T.);
#1272=EDGE_CURVE('',#1018,#1015,#56,.T.);
#1273=EDGE_CURVE('',#1019,#1020,#117,.T.);
#1274=EDGE_CURVE('',#1020,#1017,#118,.T.);
#1275=EDGE_CURVE('',#1016,#1019,#119,.T.);
#1276=EDGE_CURVE('',#1010,#1020,#608,.T.);
#1277=EDGE_CURVE('',#1019,#1007,#609,.T.);
#1278=EDGE_CURVE('',#1021,#1022,#120,.T.);
#1279=EDGE_CURVE('',#1022,#995,#121,.T.);
#1280=EDGE_CURVE('',#994,#1021,#122,.T.);
#1281=EDGE_CURVE('',#1018,#1022,#610,.T.);
#1282=EDGE_CURVE('',#1021,#1015,#611,.T.);
#1283=EDGE_CURVE('',#1023,#1002,#612,.T.);
#1284=EDGE_CURVE('',#1024,#1023,#123,.T.);
#1285=EDGE_CURVE('',#1024,#1005,#613,.T.);
#1286=EDGE_CURVE('',#1025,#1001,#614,.T.);
#1287=EDGE_CURVE('',#1023,#1025,#615,.T.);
#1288=EDGE_CURVE('',#1026,#1011,#616,.T.);
#1289=EDGE_CURVE('',#1025,#1026,#617,.T.);
#1290=EDGE_CURVE('',#1027,#1008,#618,.T.);
#1291=EDGE_CURVE('',#1026,#1027,#124,.T.);
#1292=EDGE_CURVE('',#1028,#1007,#619,.T.);
#1293=EDGE_CURVE('',#1027,#1028,#620,.T.);
#1294=EDGE_CURVE('',#1029,#1019,#621,.T.);
#1295=EDGE_CURVE('',#1028,#1029,#622,.T.);
#1296=EDGE_CURVE('',#1030,#1016,#623,.T.);
#1297=EDGE_CURVE('',#1029,#1030,#125,.T.);
#1298=EDGE_CURVE('',#1031,#1015,#624,.T.);
#1299=EDGE_CURVE('',#1030,#1031,#625,.T.);
#1300=EDGE_CURVE('',#1032,#1033,#626,.T.);
#1301=EDGE_CURVE('',#1033,#1034,#126,.T.);
#1302=EDGE_CURVE('',#1034,#1035,#627,.T.);
#1303=EDGE_CURVE('',#1035,#1032,#57,.T.);
#1304=EDGE_CURVE('',#1036,#1037,#628,.T.);
#1305=EDGE_CURVE('',#1037,#1038,#127,.T.);
#1306=EDGE_CURVE('',#1038,#1039,#629,.T.);
#1307=EDGE_CURVE('',#1039,#1036,#58,.T.);
#1308=EDGE_CURVE('',#1040,#1041,#630,.T.);
#1309=EDGE_CURVE('',#1041,#1042,#128,.T.);
#1310=EDGE_CURVE('',#1042,#1043,#631,.T.);
#1311=EDGE_CURVE('',#1043,#1040,#59,.T.);
#1312=EDGE_CURVE('',#1044,#1045,#129,.T.);
#1313=EDGE_CURVE('',#1045,#1042,#130,.T.);
#1314=EDGE_CURVE('',#1041,#1044,#131,.T.);
#1315=EDGE_CURVE('',#1039,#1045,#632,.T.);
#1316=EDGE_CURVE('',#1044,#1036,#633,.T.);
#1317=EDGE_CURVE('',#1046,#1047,#634,.T.);
#1318=EDGE_CURVE('',#1047,#1048,#132,.T.);
#1319=EDGE_CURVE('',#1048,#1049,#635,.T.);
#1320=EDGE_CURVE('',#1049,#1046,#60,.T.);
#1321=EDGE_CURVE('',#1050,#1051,#133,.T.);
#1322=EDGE_CURVE('',#1051,#1048,#134,.T.);
#1323=EDGE_CURVE('',#1047,#1050,#135,.T.);
#1324=EDGE_CURVE('',#1043,#1051,#636,.T.);
#1325=EDGE_CURVE('',#1050,#1040,#637,.T.);
#1326=EDGE_CURVE('',#1052,#1053,#136,.T.);
#1327=EDGE_CURVE('',#1053,#1038,#137,.T.);
#1328=EDGE_CURVE('',#1037,#1052,#138,.T.);
#1329=EDGE_CURVE('',#1035,#1053,#638,.T.);
#1330=EDGE_CURVE('',#1052,#1032,#639,.T.);
#1331=EDGE_CURVE('',#1054,#1055,#640,.T.);
#1332=EDGE_CURVE('',#1055,#1056,#139,.T.);
#1333=EDGE_CURVE('',#1056,#1057,#641,.T.);
#1334=EDGE_CURVE('',#1057,#1054,#61,.T.);
#1335=EDGE_CURVE('',#1058,#1059,#140,.T.);
#1336=EDGE_CURVE('',#1059,#1056,#141,.T.);
#1337=EDGE_CURVE('',#1055,#1058,#142,.T.);
#1338=EDGE_CURVE('',#1049,#1059,#642,.T.);
#1339=EDGE_CURVE('',#1058,#1046,#643,.T.);
#1340=EDGE_CURVE('',#1060,#1061,#143,.T.);
#1341=EDGE_CURVE('',#1061,#1034,#144,.T.);
#1342=EDGE_CURVE('',#1033,#1060,#145,.T.);
#1343=EDGE_CURVE('',#1057,#1061,#644,.T.);
#1344=EDGE_CURVE('',#1060,#1054,#645,.T.);
#1345=EDGE_CURVE('',#1062,#1041,#646,.T.);
#1346=EDGE_CURVE('',#1063,#1062,#146,.T.);
#1347=EDGE_CURVE('',#1063,#1044,#647,.T.);
#1348=EDGE_CURVE('',#1064,#1040,#648,.T.);
#1349=EDGE_CURVE('',#1062,#1064,#649,.T.);
#1350=EDGE_CURVE('',#1065,#1050,#650,.T.);
#1351=EDGE_CURVE('',#1064,#1065,#651,.T.);
#1352=EDGE_CURVE('',#1066,#1047,#652,.T.);
#1353=EDGE_CURVE('',#1065,#1066,#147,.T.);
#1354=EDGE_CURVE('',#1067,#1046,#653,.T.);
#1355=EDGE_CURVE('',#1066,#1067,#654,.T.);
#1356=EDGE_CURVE('',#1068,#1058,#655,.T.);
#1357=EDGE_CURVE('',#1067,#1068,#656,.T.);
#1358=EDGE_CURVE('',#1069,#1055,#657,.T.);
#1359=EDGE_CURVE('',#1068,#1069,#148,.T.);
#1360=EDGE_CURVE('',#1070,#1054,#658,.T.);
#1361=EDGE_CURVE('',#1069,#1070,#659,.T.);
#1362=EDGE_CURVE('',#1071,#948,#660,.T.);
#1363=EDGE_CURVE('',#958,#1071,#661,.T.);
#1364=EDGE_CURVE('',#1072,#921,#662,.T.);
#1365=EDGE_CURVE('',#1071,#1072,#149,.T.);
#1366=EDGE_CURVE('',#1073,#920,#663,.T.);
#1367=EDGE_CURVE('',#1072,#1073,#664,.T.);
#1368=EDGE_CURVE('',#1074,#940,#665,.T.);
#1369=EDGE_CURVE('',#1073,#1074,#666,.T.);
#1370=EDGE_CURVE('',#1075,#925,#667,.T.);
#1371=EDGE_CURVE('',#1074,#1075,#150,.T.);
#1372=EDGE_CURVE('',#1076,#924,#668,.T.);
#1373=EDGE_CURVE('',#1075,#1076,#669,.T.);
#1374=EDGE_CURVE('',#1076,#951,#670,.T.);
#1375=EDGE_CURVE('',#1077,#976,#671,.T.);
#1376=EDGE_CURVE('',#1078,#1077,#151,.T.);
#1377=EDGE_CURVE('',#1078,#983,#672,.T.);
#1378=EDGE_CURVE('',#1079,#975,#673,.T.);
#1379=EDGE_CURVE('',#1077,#1079,#674,.T.);
#1380=EDGE_CURVE('',#1080,#979,#675,.T.);
#1381=EDGE_CURVE('',#1079,#1080,#676,.T.);
#1382=EDGE_CURVE('',#1081,#971,#677,.T.);
#1383=EDGE_CURVE('',#1080,#1081,#152,.T.);
#1384=EDGE_CURVE('',#1082,#970,#678,.T.);
#1385=EDGE_CURVE('',#1081,#1082,#679,.T.);
#1386=EDGE_CURVE('',#1082,#985,#680,.T.);
#1387=EDGE_CURVE('',#992,#1078,#681,.T.);
#1388=EDGE_CURVE('',#1083,#1024,#682,.T.);
#1389=EDGE_CURVE('',#1083,#997,#683,.T.);
#1390=EDGE_CURVE('',#1084,#1021,#684,.T.);
#1391=EDGE_CURVE('',#1031,#1084,#685,.T.);
#1392=EDGE_CURVE('',#1085,#994,#686,.T.);
#1393=EDGE_CURVE('',#1084,#1085,#153,.T.);
#1394=EDGE_CURVE('',#1086,#993,#687,.T.);
#1395=EDGE_CURVE('',#1085,#1086,#688,.T.);
#1396=EDGE_CURVE('',#1087,#1013,#689,.T.);
#1397=EDGE_CURVE('',#1086,#1087,#690,.T.);
#1398=EDGE_CURVE('',#1088,#998,#691,.T.);
#1399=EDGE_CURVE('',#1087,#1088,#154,.T.);
#1400=EDGE_CURVE('',#1088,#1083,#692,.T.);
#1401=EDGE_CURVE('',#1089,#1033,#693,.T.);
#1402=EDGE_CURVE('',#1090,#1089,#155,.T.);
#1403=EDGE_CURVE('',#1090,#1060,#694,.T.);
#1404=EDGE_CURVE('',#1091,#1032,#695,.T.);
#1405=EDGE_CURVE('',#1089,#1091,#696,.T.);
#1406=EDGE_CURVE('',#1092,#1052,#697,.T.);
#1407=EDGE_CURVE('',#1091,#1092,#698,.T.);
#1408=EDGE_CURVE('',#1093,#1037,#699,.T.);
#1409=EDGE_CURVE('',#1092,#1093,#156,.T.);
#1410=EDGE_CURVE('',#1094,#1036,#700,.T.);
#1411=EDGE_CURVE('',#1093,#1094,#701,.T.);
#1412=EDGE_CURVE('',#1094,#1063,#702,.T.);
#1413=EDGE_CURVE('',#1070,#1090,#703,.T.);
#1414=EDGE_CURVE('',#1095,#1096,#157,.T.);
#1415=EDGE_CURVE('',#1096,#1097,#158,.T.);
#1416=EDGE_CURVE('',#1097,#1097,#159,.T.);
#1417=EDGE_CURVE('',#1096,#1095,#160,.T.);
#1418=EDGE_CURVE('',#1098,#1099,#161,.T.);
#1419=EDGE_CURVE('',#1098,#1095,#704,.T.);
#1420=EDGE_CURVE('',#1099,#1098,#162,.T.);
#1421=EDGE_CURVE('',#919,#1100,#705,.T.);
#1422=EDGE_CURVE('',#1100,#918,#706,.T.);
#1423=EDGE_CURVE('',#1101,#1101,#163,.T.);
#1424=EDGE_CURVE('',#1101,#1099,#164,.T.);
#1425=EDGE_CURVE('',#915,#1100,#707,.T.);
#1426=ORIENTED_EDGE('',*,*,#1102,.T.);
#1427=ORIENTED_EDGE('',*,*,#1103,.T.);
#1428=ORIENTED_EDGE('',*,*,#1104,.T.);
#1429=ORIENTED_EDGE('',*,*,#1105,.T.);
#1430=ORIENTED_EDGE('',*,*,#1106,.T.);
#1431=ORIENTED_EDGE('',*,*,#1103,.F.);
#1432=ORIENTED_EDGE('',*,*,#1107,.T.);
#1433=ORIENTED_EDGE('',*,*,#1108,.F.);
#1434=ORIENTED_EDGE('',*,*,#1109,.T.);
#1435=ORIENTED_EDGE('',*,*,#1105,.F.);
#1436=ORIENTED_EDGE('',*,*,#1110,.T.);
#1437=ORIENTED_EDGE('',*,*,#1111,.T.);
#1438=ORIENTED_EDGE('',*,*,#1112,.T.);
#1439=ORIENTED_EDGE('',*,*,#1111,.F.);
#1440=ORIENTED_EDGE('',*,*,#1113,.T.);
#1441=ORIENTED_EDGE('',*,*,#1108,.T.);
#1442=ORIENTED_EDGE('',*,*,#1107,.F.);
#1443=ORIENTED_EDGE('',*,*,#1114,.T.);
#1444=ORIENTED_EDGE('',*,*,#1115,.F.);
#1445=ORIENTED_EDGE('',*,*,#1116,.F.);
#1446=ORIENTED_EDGE('',*,*,#1102,.F.);
#1447=ORIENTED_EDGE('',*,*,#1117,.T.);
#1448=ORIENTED_EDGE('',*,*,#1118,.F.);
#1449=ORIENTED_EDGE('',*,*,#1114,.F.);
#1450=ORIENTED_EDGE('',*,*,#1104,.F.);
#1451=ORIENTED_EDGE('',*,*,#1106,.F.);
#1452=ORIENTED_EDGE('',*,*,#1113,.F.);
#1453=ORIENTED_EDGE('',*,*,#1110,.F.);
#1454=ORIENTED_EDGE('',*,*,#1119,.T.);
#1455=ORIENTED_EDGE('',*,*,#1120,.T.);
#1456=ORIENTED_EDGE('',*,*,#1121,.T.);
#1457=ORIENTED_EDGE('',*,*,#1122,.T.);
#1458=ORIENTED_EDGE('',*,*,#1123,.T.);
#1459=ORIENTED_EDGE('',*,*,#1124,.T.);
#1460=ORIENTED_EDGE('',*,*,#1125,.T.);
#1461=ORIENTED_EDGE('',*,*,#1126,.T.);
#1462=ORIENTED_EDGE('',*,*,#1127,.T.);
#1463=ORIENTED_EDGE('',*,*,#1128,.T.);
#1464=ORIENTED_EDGE('',*,*,#1129,.T.);
#1465=ORIENTED_EDGE('',*,*,#1130,.T.);
#1466=ORIENTED_EDGE('',*,*,#1131,.T.);
#1467=ORIENTED_EDGE('',*,*,#1132,.T.);
#1468=ORIENTED_EDGE('',*,*,#1128,.F.);
#1469=ORIENTED_EDGE('',*,*,#1133,.T.);
#1470=ORIENTED_EDGE('',*,*,#1134,.T.);
#1471=ORIENTED_EDGE('',*,*,#1131,.F.);
#1472=ORIENTED_EDGE('',*,*,#1135,.T.);
#1473=ORIENTED_EDGE('',*,*,#1126,.F.);
#1474=ORIENTED_EDGE('',*,*,#1136,.T.);
#1475=ORIENTED_EDGE('',*,*,#1137,.T.);
#1476=ORIENTED_EDGE('',*,*,#1138,.T.);
#1477=ORIENTED_EDGE('',*,*,#1139,.T.);
#1478=ORIENTED_EDGE('',*,*,#1140,.T.);
#1479=ORIENTED_EDGE('',*,*,#1141,.T.);
#1480=ORIENTED_EDGE('',*,*,#1137,.F.);
#1481=ORIENTED_EDGE('',*,*,#1142,.T.);
#1482=ORIENTED_EDGE('',*,*,#1143,.T.);
#1483=ORIENTED_EDGE('',*,*,#1140,.F.);
#1484=ORIENTED_EDGE('',*,*,#1144,.T.);
#1485=ORIENTED_EDGE('',*,*,#1130,.F.);
#1486=ORIENTED_EDGE('',*,*,#1145,.T.);
#1487=ORIENTED_EDGE('',*,*,#1146,.T.);
#1488=ORIENTED_EDGE('',*,*,#1124,.F.);
#1489=ORIENTED_EDGE('',*,*,#1147,.T.);
#1490=ORIENTED_EDGE('',*,*,#1148,.T.);
#1491=ORIENTED_EDGE('',*,*,#1145,.F.);
#1492=ORIENTED_EDGE('',*,*,#1149,.T.);
#1493=ORIENTED_EDGE('',*,*,#1122,.F.);
#1494=ORIENTED_EDGE('',*,*,#1150,.T.);
#1495=ORIENTED_EDGE('',*,*,#1151,.T.);
#1496=ORIENTED_EDGE('',*,*,#1152,.T.);
#1497=ORIENTED_EDGE('',*,*,#1153,.T.);
#1498=ORIENTED_EDGE('',*,*,#1154,.T.);
#1499=ORIENTED_EDGE('',*,*,#1155,.T.);
#1500=ORIENTED_EDGE('',*,*,#1151,.F.);
#1501=ORIENTED_EDGE('',*,*,#1156,.T.);
#1502=ORIENTED_EDGE('',*,*,#1157,.T.);
#1503=ORIENTED_EDGE('',*,*,#1154,.F.);
#1504=ORIENTED_EDGE('',*,*,#1158,.T.);
#1505=ORIENTED_EDGE('',*,*,#1139,.F.);
#1506=ORIENTED_EDGE('',*,*,#1159,.T.);
#1507=ORIENTED_EDGE('',*,*,#1160,.T.);
#1508=ORIENTED_EDGE('',*,*,#1120,.F.);
#1509=ORIENTED_EDGE('',*,*,#1161,.T.);
#1510=ORIENTED_EDGE('',*,*,#1162,.T.);
#1511=ORIENTED_EDGE('',*,*,#1159,.F.);
#1512=ORIENTED_EDGE('',*,*,#1163,.T.);
#1513=ORIENTED_EDGE('',*,*,#1153,.F.);
#1514=ORIENTED_EDGE('',*,*,#1133,.F.);
#1515=ORIENTED_EDGE('',*,*,#1164,.F.);
#1516=ORIENTED_EDGE('',*,*,#1165,.F.);
#1517=ORIENTED_EDGE('',*,*,#1166,.T.);
#1518=ORIENTED_EDGE('',*,*,#1127,.F.);
#1519=ORIENTED_EDGE('',*,*,#1167,.F.);
#1520=ORIENTED_EDGE('',*,*,#1168,.F.);
#1521=ORIENTED_EDGE('',*,*,#1164,.T.);
#1522=ORIENTED_EDGE('',*,*,#1144,.F.);
#1523=ORIENTED_EDGE('',*,*,#1169,.F.);
#1524=ORIENTED_EDGE('',*,*,#1170,.F.);
#1525=ORIENTED_EDGE('',*,*,#1167,.T.);
#1526=ORIENTED_EDGE('',*,*,#1142,.F.);
#1527=ORIENTED_EDGE('',*,*,#1171,.F.);
#1528=ORIENTED_EDGE('',*,*,#1172,.F.);
#1529=ORIENTED_EDGE('',*,*,#1169,.T.);
#1530=ORIENTED_EDGE('',*,*,#1136,.F.);
#1531=ORIENTED_EDGE('',*,*,#1173,.F.);
#1532=ORIENTED_EDGE('',*,*,#1174,.F.);
#1533=ORIENTED_EDGE('',*,*,#1171,.T.);
#1534=ORIENTED_EDGE('',*,*,#1158,.F.);
#1535=ORIENTED_EDGE('',*,*,#1175,.F.);
#1536=ORIENTED_EDGE('',*,*,#1176,.F.);
#1537=ORIENTED_EDGE('',*,*,#1173,.T.);
#1538=ORIENTED_EDGE('',*,*,#1156,.F.);
#1539=ORIENTED_EDGE('',*,*,#1177,.F.);
#1540=ORIENTED_EDGE('',*,*,#1178,.F.);
#1541=ORIENTED_EDGE('',*,*,#1175,.T.);
#1542=ORIENTED_EDGE('',*,*,#1150,.F.);
#1543=ORIENTED_EDGE('',*,*,#1179,.F.);
#1544=ORIENTED_EDGE('',*,*,#1180,.F.);
#1545=ORIENTED_EDGE('',*,*,#1177,.T.);
#1546=ORIENTED_EDGE('',*,*,#1152,.F.);
#1547=ORIENTED_EDGE('',*,*,#1155,.F.);
#1548=ORIENTED_EDGE('',*,*,#1157,.F.);
#1549=ORIENTED_EDGE('',*,*,#1138,.F.);
#1550=ORIENTED_EDGE('',*,*,#1141,.F.);
#1551=ORIENTED_EDGE('',*,*,#1143,.F.);
#1552=ORIENTED_EDGE('',*,*,#1129,.F.);
#1553=ORIENTED_EDGE('',*,*,#1132,.F.);
#1554=ORIENTED_EDGE('',*,*,#1134,.F.);
#1555=ORIENTED_EDGE('',*,*,#1125,.F.);
#1556=ORIENTED_EDGE('',*,*,#1146,.F.);
#1557=ORIENTED_EDGE('',*,*,#1148,.F.);
#1558=ORIENTED_EDGE('',*,*,#1121,.F.);
#1559=ORIENTED_EDGE('',*,*,#1160,.F.);
#1560=ORIENTED_EDGE('',*,*,#1162,.F.);
#1561=ORIENTED_EDGE('',*,*,#1181,.T.);
#1562=ORIENTED_EDGE('',*,*,#1182,.T.);
#1563=ORIENTED_EDGE('',*,*,#1183,.T.);
#1564=ORIENTED_EDGE('',*,*,#1184,.T.);
#1565=ORIENTED_EDGE('',*,*,#1185,.T.);
#1566=ORIENTED_EDGE('',*,*,#1186,.T.);
#1567=ORIENTED_EDGE('',*,*,#1187,.T.);
#1568=ORIENTED_EDGE('',*,*,#1184,.F.);
#1569=ORIENTED_EDGE('',*,*,#1188,.T.);
#1570=ORIENTED_EDGE('',*,*,#1189,.T.);
#1571=ORIENTED_EDGE('',*,*,#1190,.T.);
#1572=ORIENTED_EDGE('',*,*,#1191,.T.);
#1573=ORIENTED_EDGE('',*,*,#1192,.T.);
#1574=ORIENTED_EDGE('',*,*,#1193,.T.);
#1575=ORIENTED_EDGE('',*,*,#1194,.T.);
#1576=ORIENTED_EDGE('',*,*,#1191,.F.);
#1577=ORIENTED_EDGE('',*,*,#1195,.T.);
#1578=ORIENTED_EDGE('',*,*,#1196,.T.);
#1579=ORIENTED_EDGE('',*,*,#1197,.T.);
#1580=ORIENTED_EDGE('',*,*,#1198,.T.);
#1581=ORIENTED_EDGE('',*,*,#1199,.T.);
#1582=ORIENTED_EDGE('',*,*,#1200,.T.);
#1583=ORIENTED_EDGE('',*,*,#1201,.T.);
#1584=ORIENTED_EDGE('',*,*,#1198,.F.);
#1585=ORIENTED_EDGE('',*,*,#1202,.T.);
#1586=ORIENTED_EDGE('',*,*,#1203,.T.);
#1587=ORIENTED_EDGE('',*,*,#1204,.T.);
#1588=ORIENTED_EDGE('',*,*,#1205,.T.);
#1589=ORIENTED_EDGE('',*,*,#1206,.T.);
#1590=ORIENTED_EDGE('',*,*,#1207,.T.);
#1591=ORIENTED_EDGE('',*,*,#1208,.T.);
#1592=ORIENTED_EDGE('',*,*,#1205,.F.);
#1593=ORIENTED_EDGE('',*,*,#1207,.F.);
#1594=ORIENTED_EDGE('',*,*,#1196,.F.);
#1595=ORIENTED_EDGE('',*,*,#1209,.T.);
#1596=ORIENTED_EDGE('',*,*,#1200,.F.);
#1597=ORIENTED_EDGE('',*,*,#1189,.F.);
#1598=ORIENTED_EDGE('',*,*,#1210,.T.);
#1599=ORIENTED_EDGE('',*,*,#1211,.T.);
#1600=ORIENTED_EDGE('',*,*,#1212,.T.);
#1601=ORIENTED_EDGE('',*,*,#1213,.T.);
#1602=ORIENTED_EDGE('',*,*,#1214,.T.);
#1603=ORIENTED_EDGE('',*,*,#1215,.T.);
#1604=ORIENTED_EDGE('',*,*,#1216,.T.);
#1605=ORIENTED_EDGE('',*,*,#1217,.T.);
#1606=ORIENTED_EDGE('',*,*,#1214,.F.);
#1607=ORIENTED_EDGE('',*,*,#1216,.F.);
#1608=ORIENTED_EDGE('',*,*,#1203,.F.);
#1609=ORIENTED_EDGE('',*,*,#1218,.T.);
#1610=ORIENTED_EDGE('',*,*,#1193,.F.);
#1611=ORIENTED_EDGE('',*,*,#1182,.F.);
#1612=ORIENTED_EDGE('',*,*,#1219,.T.);
#1613=ORIENTED_EDGE('',*,*,#1186,.F.);
#1614=ORIENTED_EDGE('',*,*,#1212,.F.);
#1615=ORIENTED_EDGE('',*,*,#1220,.T.);
#1616=ORIENTED_EDGE('',*,*,#1210,.F.);
#1617=ORIENTED_EDGE('',*,*,#1221,.F.);
#1618=ORIENTED_EDGE('',*,*,#1222,.F.);
#1619=ORIENTED_EDGE('',*,*,#1223,.T.);
#1620=ORIENTED_EDGE('',*,*,#1188,.F.);
#1621=ORIENTED_EDGE('',*,*,#1224,.F.);
#1622=ORIENTED_EDGE('',*,*,#1225,.F.);
#1623=ORIENTED_EDGE('',*,*,#1221,.T.);
#1624=ORIENTED_EDGE('',*,*,#1194,.F.);
#1625=ORIENTED_EDGE('',*,*,#1226,.F.);
#1626=ORIENTED_EDGE('',*,*,#1227,.F.);
#1627=ORIENTED_EDGE('',*,*,#1224,.T.);
#1628=ORIENTED_EDGE('',*,*,#1219,.F.);
#1629=ORIENTED_EDGE('',*,*,#1228,.F.);
#1630=ORIENTED_EDGE('',*,*,#1229,.F.);
#1631=ORIENTED_EDGE('',*,*,#1226,.T.);
#1632=ORIENTED_EDGE('',*,*,#1181,.F.);
#1633=ORIENTED_EDGE('',*,*,#1230,.F.);
#1634=ORIENTED_EDGE('',*,*,#1231,.F.);
#1635=ORIENTED_EDGE('',*,*,#1228,.T.);
#1636=ORIENTED_EDGE('',*,*,#1187,.F.);
#1637=ORIENTED_EDGE('',*,*,#1232,.F.);
#1638=ORIENTED_EDGE('',*,*,#1233,.F.);
#1639=ORIENTED_EDGE('',*,*,#1230,.T.);
#1640=ORIENTED_EDGE('',*,*,#1220,.F.);
#1641=ORIENTED_EDGE('',*,*,#1234,.F.);
#1642=ORIENTED_EDGE('',*,*,#1235,.F.);
#1643=ORIENTED_EDGE('',*,*,#1232,.T.);
#1644=ORIENTED_EDGE('',*,*,#1211,.F.);
#1645=ORIENTED_EDGE('',*,*,#1236,.F.);
#1646=ORIENTED_EDGE('',*,*,#1237,.F.);
#1647=ORIENTED_EDGE('',*,*,#1234,.T.);
#1648=ORIENTED_EDGE('',*,*,#1204,.F.);
#1649=ORIENTED_EDGE('',*,*,#1215,.F.);
#1650=ORIENTED_EDGE('',*,*,#1213,.F.);
#1651=ORIENTED_EDGE('',*,*,#1185,.F.);
#1652=ORIENTED_EDGE('',*,*,#1183,.F.);
#1653=ORIENTED_EDGE('',*,*,#1192,.F.);
#1654=ORIENTED_EDGE('',*,*,#1190,.F.);
#1655=ORIENTED_EDGE('',*,*,#1199,.F.);
#1656=ORIENTED_EDGE('',*,*,#1197,.F.);
#1657=ORIENTED_EDGE('',*,*,#1206,.F.);
#1658=ORIENTED_EDGE('',*,*,#1238,.T.);
#1659=ORIENTED_EDGE('',*,*,#1239,.T.);
#1660=ORIENTED_EDGE('',*,*,#1240,.T.);
#1661=ORIENTED_EDGE('',*,*,#1241,.T.);
#1662=ORIENTED_EDGE('',*,*,#1242,.T.);
#1663=ORIENTED_EDGE('',*,*,#1243,.T.);
#1664=ORIENTED_EDGE('',*,*,#1244,.T.);
#1665=ORIENTED_EDGE('',*,*,#1245,.T.);
#1666=ORIENTED_EDGE('',*,*,#1246,.T.);
#1667=ORIENTED_EDGE('',*,*,#1247,.T.);
#1668=ORIENTED_EDGE('',*,*,#1248,.T.);
#1669=ORIENTED_EDGE('',*,*,#1249,.T.);
#1670=ORIENTED_EDGE('',*,*,#1250,.T.);
#1671=ORIENTED_EDGE('',*,*,#1251,.T.);
#1672=ORIENTED_EDGE('',*,*,#1247,.F.);
#1673=ORIENTED_EDGE('',*,*,#1252,.T.);
#1674=ORIENTED_EDGE('',*,*,#1253,.T.);
#1675=ORIENTED_EDGE('',*,*,#1250,.F.);
#1676=ORIENTED_EDGE('',*,*,#1254,.T.);
#1677=ORIENTED_EDGE('',*,*,#1245,.F.);
#1678=ORIENTED_EDGE('',*,*,#1255,.T.);
#1679=ORIENTED_EDGE('',*,*,#1256,.T.);
#1680=ORIENTED_EDGE('',*,*,#1257,.T.);
#1681=ORIENTED_EDGE('',*,*,#1258,.T.);
#1682=ORIENTED_EDGE('',*,*,#1259,.T.);
#1683=ORIENTED_EDGE('',*,*,#1260,.T.);
#1684=ORIENTED_EDGE('',*,*,#1256,.F.);
#1685=ORIENTED_EDGE('',*,*,#1261,.T.);
#1686=ORIENTED_EDGE('',*,*,#1262,.T.);
#1687=ORIENTED_EDGE('',*,*,#1259,.F.);
#1688=ORIENTED_EDGE('',*,*,#1263,.T.);
#1689=ORIENTED_EDGE('',*,*,#1249,.F.);
#1690=ORIENTED_EDGE('',*,*,#1264,.T.);
#1691=ORIENTED_EDGE('',*,*,#1265,.T.);
#1692=ORIENTED_EDGE('',*,*,#1243,.F.);
#1693=ORIENTED_EDGE('',*,*,#1266,.T.);
#1694=ORIENTED_EDGE('',*,*,#1267,.T.);
#1695=ORIENTED_EDGE('',*,*,#1264,.F.);
#1696=ORIENTED_EDGE('',*,*,#1268,.T.);
#1697=ORIENTED_EDGE('',*,*,#1241,.F.);
#1698=ORIENTED_EDGE('',*,*,#1269,.T.);
#1699=ORIENTED_EDGE('',*,*,#1270,.T.);
#1700=ORIENTED_EDGE('',*,*,#1271,.T.);
#1701=ORIENTED_EDGE('',*,*,#1272,.T.);
#1702=ORIENTED_EDGE('',*,*,#1273,.T.);
#1703=ORIENTED_EDGE('',*,*,#1274,.T.);
#1704=ORIENTED_EDGE('',*,*,#1270,.F.);
#1705=ORIENTED_EDGE('',*,*,#1275,.T.);
#1706=ORIENTED_EDGE('',*,*,#1276,.T.);
#1707=ORIENTED_EDGE('',*,*,#1273,.F.);
#1708=ORIENTED_EDGE('',*,*,#1277,.T.);
#1709=ORIENTED_EDGE('',*,*,#1258,.F.);
#1710=ORIENTED_EDGE('',*,*,#1278,.T.);
#1711=ORIENTED_EDGE('',*,*,#1279,.T.);
#1712=ORIENTED_EDGE('',*,*,#1239,.F.);
#1713=ORIENTED_EDGE('',*,*,#1280,.T.);
#1714=ORIENTED_EDGE('',*,*,#1281,.T.);
#1715=ORIENTED_EDGE('',*,*,#1278,.F.);
#1716=ORIENTED_EDGE('',*,*,#1282,.T.);
#1717=ORIENTED_EDGE('',*,*,#1272,.F.);
#1718=ORIENTED_EDGE('',*,*,#1252,.F.);
#1719=ORIENTED_EDGE('',*,*,#1283,.F.);
#1720=ORIENTED_EDGE('',*,*,#1284,.F.);
#1721=ORIENTED_EDGE('',*,*,#1285,.T.);
#1722=ORIENTED_EDGE('',*,*,#1246,.F.);
#1723=ORIENTED_EDGE('',*,*,#1286,.F.);
#1724=ORIENTED_EDGE('',*,*,#1287,.F.);
#1725=ORIENTED_EDGE('',*,*,#1283,.T.);
#1726=ORIENTED_EDGE('',*,*,#1263,.F.);
#1727=ORIENTED_EDGE('',*,*,#1288,.F.);
#1728=ORIENTED_EDGE('',*,*,#1289,.F.);
#1729=ORIENTED_EDGE('',*,*,#1286,.T.);
#1730=ORIENTED_EDGE('',*,*,#1261,.F.);
#1731=ORIENTED_EDGE('',*,*,#1290,.F.);
#1732=ORIENTED_EDGE('',*,*,#1291,.F.);
#1733=ORIENTED_EDGE('',*,*,#1288,.T.);
#1734=ORIENTED_EDGE('',*,*,#1255,.F.);
#1735=ORIENTED_EDGE('',*,*,#1292,.F.);
#1736=ORIENTED_EDGE('',*,*,#1293,.F.);
#1737=ORIENTED_EDGE('',*,*,#1290,.T.);
#1738=ORIENTED_EDGE('',*,*,#1277,.F.);
#1739=ORIENTED_EDGE('',*,*,#1294,.F.);
#1740=ORIENTED_EDGE('',*,*,#1295,.F.);
#1741=ORIENTED_EDGE('',*,*,#1292,.T.);
#1742=ORIENTED_EDGE('',*,*,#1275,.F.);
#1743=ORIENTED_EDGE('',*,*,#1296,.F.);
#1744=ORIENTED_EDGE('',*,*,#1297,.F.);
#1745=ORIENTED_EDGE('',*,*,#1294,.T.);
#1746=ORIENTED_EDGE('',*,*,#1269,.F.);
#1747=ORIENTED_EDGE('',*,*,#1298,.F.);
#1748=ORIENTED_EDGE('',*,*,#1299,.F.);
#1749=ORIENTED_EDGE('',*,*,#1296,.T.);
#1750=ORIENTED_EDGE('',*,*,#1271,.F.);
#1751=ORIENTED_EDGE('',*,*,#1274,.F.);
#1752=ORIENTED_EDGE('',*,*,#1276,.F.);
#1753=ORIENTED_EDGE('',*,*,#1257,.F.);
#1754=ORIENTED_EDGE('',*,*,#1260,.F.);
#1755=ORIENTED_EDGE('',*,*,#1262,.F.);
#1756=ORIENTED_EDGE('',*,*,#1248,.F.);
#1757=ORIENTED_EDGE('',*,*,#1251,.F.);
#1758=ORIENTED_EDGE('',*,*,#1253,.F.);
#1759=ORIENTED_EDGE('',*,*,#1244,.F.);
#1760=ORIENTED_EDGE('',*,*,#1265,.F.);
#1761=ORIENTED_EDGE('',*,*,#1267,.F.);
#1762=ORIENTED_EDGE('',*,*,#1240,.F.);
#1763=ORIENTED_EDGE('',*,*,#1279,.F.);
#1764=ORIENTED_EDGE('',*,*,#1281,.F.);
#1765=ORIENTED_EDGE('',*,*,#1300,.T.);
#1766=ORIENTED_EDGE('',*,*,#1301,.T.);
#1767=ORIENTED_EDGE('',*,*,#1302,.T.);
#1768=ORIENTED_EDGE('',*,*,#1303,.T.);
#1769=ORIENTED_EDGE('',*,*,#1304,.T.);
#1770=ORIENTED_EDGE('',*,*,#1305,.T.);
#1771=ORIENTED_EDGE('',*,*,#1306,.T.);
#1772=ORIENTED_EDGE('',*,*,#1307,.T.);
#1773=ORIENTED_EDGE('',*,*,#1308,.T.);
#1774=ORIENTED_EDGE('',*,*,#1309,.T.);
#1775=ORIENTED_EDGE('',*,*,#1310,.T.);
#1776=ORIENTED_EDGE('',*,*,#1311,.T.);
#1777=ORIENTED_EDGE('',*,*,#1312,.T.);
#1778=ORIENTED_EDGE('',*,*,#1313,.T.);
#1779=ORIENTED_EDGE('',*,*,#1309,.F.);
#1780=ORIENTED_EDGE('',*,*,#1314,.T.);
#1781=ORIENTED_EDGE('',*,*,#1315,.T.);
#1782=ORIENTED_EDGE('',*,*,#1312,.F.);
#1783=ORIENTED_EDGE('',*,*,#1316,.T.);
#1784=ORIENTED_EDGE('',*,*,#1307,.F.);
#1785=ORIENTED_EDGE('',*,*,#1317,.T.);
#1786=ORIENTED_EDGE('',*,*,#1318,.T.);
#1787=ORIENTED_EDGE('',*,*,#1319,.T.);
#1788=ORIENTED_EDGE('',*,*,#1320,.T.);
#1789=ORIENTED_EDGE('',*,*,#1321,.T.);
#1790=ORIENTED_EDGE('',*,*,#1322,.T.);
#1791=ORIENTED_EDGE('',*,*,#1318,.F.);
#1792=ORIENTED_EDGE('',*,*,#1323,.T.);
#1793=ORIENTED_EDGE('',*,*,#1324,.T.);
#1794=ORIENTED_EDGE('',*,*,#1321,.F.);
#1795=ORIENTED_EDGE('',*,*,#1325,.T.);
#1796=ORIENTED_EDGE('',*,*,#1311,.F.);
#1797=ORIENTED_EDGE('',*,*,#1326,.T.);
#1798=ORIENTED_EDGE('',*,*,#1327,.T.);
#1799=ORIENTED_EDGE('',*,*,#1305,.F.);
#1800=ORIENTED_EDGE('',*,*,#1328,.T.);
#1801=ORIENTED_EDGE('',*,*,#1329,.T.);
#1802=ORIENTED_EDGE('',*,*,#1326,.F.);
#1803=ORIENTED_EDGE('',*,*,#1330,.T.);
#1804=ORIENTED_EDGE('',*,*,#1303,.F.);
#1805=ORIENTED_EDGE('',*,*,#1331,.T.);
#1806=ORIENTED_EDGE('',*,*,#1332,.T.);
#1807=ORIENTED_EDGE('',*,*,#1333,.T.);
#1808=ORIENTED_EDGE('',*,*,#1334,.T.);
#1809=ORIENTED_EDGE('',*,*,#1335,.T.);
#1810=ORIENTED_EDGE('',*,*,#1336,.T.);
#1811=ORIENTED_EDGE('',*,*,#1332,.F.);
#1812=ORIENTED_EDGE('',*,*,#1337,.T.);
#1813=ORIENTED_EDGE('',*,*,#1338,.T.);
#1814=ORIENTED_EDGE('',*,*,#1335,.F.);
#1815=ORIENTED_EDGE('',*,*,#1339,.T.);
#1816=ORIENTED_EDGE('',*,*,#1320,.F.);
#1817=ORIENTED_EDGE('',*,*,#1340,.T.);
#1818=ORIENTED_EDGE('',*,*,#1341,.T.);
#1819=ORIENTED_EDGE('',*,*,#1301,.F.);
#1820=ORIENTED_EDGE('',*,*,#1342,.T.);
#1821=ORIENTED_EDGE('',*,*,#1343,.T.);
#1822=ORIENTED_EDGE('',*,*,#1340,.F.);
#1823=ORIENTED_EDGE('',*,*,#1344,.T.);
#1824=ORIENTED_EDGE('',*,*,#1334,.F.);
#1825=ORIENTED_EDGE('',*,*,#1314,.F.);
#1826=ORIENTED_EDGE('',*,*,#1345,.F.);
#1827=ORIENTED_EDGE('',*,*,#1346,.F.);
#1828=ORIENTED_EDGE('',*,*,#1347,.T.);
#1829=ORIENTED_EDGE('',*,*,#1308,.F.);
#1830=ORIENTED_EDGE('',*,*,#1348,.F.);
#1831=ORIENTED_EDGE('',*,*,#1349,.F.);
#1832=ORIENTED_EDGE('',*,*,#1345,.T.);
#1833=ORIENTED_EDGE('',*,*,#1325,.F.);
#1834=ORIENTED_EDGE('',*,*,#1350,.F.);
#1835=ORIENTED_EDGE('',*,*,#1351,.F.);
#1836=ORIENTED_EDGE('',*,*,#1348,.T.);
#1837=ORIENTED_EDGE('',*,*,#1323,.F.);
#1838=ORIENTED_EDGE('',*,*,#1352,.F.);
#1839=ORIENTED_EDGE('',*,*,#1353,.F.);
#1840=ORIENTED_EDGE('',*,*,#1350,.T.);
#1841=ORIENTED_EDGE('',*,*,#1317,.F.);
#1842=ORIENTED_EDGE('',*,*,#1354,.F.);
#1843=ORIENTED_EDGE('',*,*,#1355,.F.);
#1844=ORIENTED_EDGE('',*,*,#1352,.T.);
#1845=ORIENTED_EDGE('',*,*,#1339,.F.);
#1846=ORIENTED_EDGE('',*,*,#1356,.F.);
#1847=ORIENTED_EDGE('',*,*,#1357,.F.);
#1848=ORIENTED_EDGE('',*,*,#1354,.T.);
#1849=ORIENTED_EDGE('',*,*,#1337,.F.);
#1850=ORIENTED_EDGE('',*,*,#1358,.F.);
#1851=ORIENTED_EDGE('',*,*,#1359,.F.);
#1852=ORIENTED_EDGE('',*,*,#1356,.T.);
#1853=ORIENTED_EDGE('',*,*,#1331,.F.);
#1854=ORIENTED_EDGE('',*,*,#1360,.F.);
#1855=ORIENTED_EDGE('',*,*,#1361,.F.);
#1856=ORIENTED_EDGE('',*,*,#1358,.T.);
#1857=ORIENTED_EDGE('',*,*,#1333,.F.);
#1858=ORIENTED_EDGE('',*,*,#1336,.F.);
#1859=ORIENTED_EDGE('',*,*,#1338,.F.);
#1860=ORIENTED_EDGE('',*,*,#1319,.F.);
#1861=ORIENTED_EDGE('',*,*,#1322,.F.);
#1862=ORIENTED_EDGE('',*,*,#1324,.F.);
#1863=ORIENTED_EDGE('',*,*,#1310,.F.);
#1864=ORIENTED_EDGE('',*,*,#1313,.F.);
#1865=ORIENTED_EDGE('',*,*,#1315,.F.);
#1866=ORIENTED_EDGE('',*,*,#1306,.F.);
#1867=ORIENTED_EDGE('',*,*,#1327,.F.);
#1868=ORIENTED_EDGE('',*,*,#1329,.F.);
#1869=ORIENTED_EDGE('',*,*,#1302,.F.);
#1870=ORIENTED_EDGE('',*,*,#1341,.F.);
#1871=ORIENTED_EDGE('',*,*,#1343,.F.);
#1872=ORIENTED_EDGE('',*,*,#1163,.F.);
#1873=ORIENTED_EDGE('',*,*,#1362,.F.);
#1874=ORIENTED_EDGE('',*,*,#1363,.F.);
#1875=ORIENTED_EDGE('',*,*,#1179,.T.);
#1876=ORIENTED_EDGE('',*,*,#1161,.F.);
#1877=ORIENTED_EDGE('',*,*,#1364,.F.);
#1878=ORIENTED_EDGE('',*,*,#1365,.F.);
#1879=ORIENTED_EDGE('',*,*,#1362,.T.);
#1880=ORIENTED_EDGE('',*,*,#1119,.F.);
#1881=ORIENTED_EDGE('',*,*,#1366,.F.);
#1882=ORIENTED_EDGE('',*,*,#1367,.F.);
#1883=ORIENTED_EDGE('',*,*,#1364,.T.);
#1884=ORIENTED_EDGE('',*,*,#1149,.F.);
#1885=ORIENTED_EDGE('',*,*,#1368,.F.);
#1886=ORIENTED_EDGE('',*,*,#1369,.F.);
#1887=ORIENTED_EDGE('',*,*,#1366,.T.);
#1888=ORIENTED_EDGE('',*,*,#1147,.F.);
#1889=ORIENTED_EDGE('',*,*,#1370,.F.);
#1890=ORIENTED_EDGE('',*,*,#1371,.F.);
#1891=ORIENTED_EDGE('',*,*,#1368,.T.);
#1892=ORIENTED_EDGE('',*,*,#1123,.F.);
#1893=ORIENTED_EDGE('',*,*,#1372,.F.);
#1894=ORIENTED_EDGE('',*,*,#1373,.F.);
#1895=ORIENTED_EDGE('',*,*,#1370,.T.);
#1896=ORIENTED_EDGE('',*,*,#1135,.F.);
#1897=ORIENTED_EDGE('',*,*,#1166,.F.);
#1898=ORIENTED_EDGE('',*,*,#1374,.F.);
#1899=ORIENTED_EDGE('',*,*,#1372,.T.);
#1900=ORIENTED_EDGE('',*,*,#1218,.F.);
#1901=ORIENTED_EDGE('',*,*,#1375,.F.);
#1902=ORIENTED_EDGE('',*,*,#1376,.F.);
#1903=ORIENTED_EDGE('',*,*,#1377,.T.);
#1904=ORIENTED_EDGE('',*,*,#1202,.F.);
#1905=ORIENTED_EDGE('',*,*,#1378,.F.);
#1906=ORIENTED_EDGE('',*,*,#1379,.F.);
#1907=ORIENTED_EDGE('',*,*,#1375,.T.);
#1908=ORIENTED_EDGE('',*,*,#1208,.F.);
#1909=ORIENTED_EDGE('',*,*,#1380,.F.);
#1910=ORIENTED_EDGE('',*,*,#1381,.F.);
#1911=ORIENTED_EDGE('',*,*,#1378,.T.);
#1912=ORIENTED_EDGE('',*,*,#1209,.F.);
#1913=ORIENTED_EDGE('',*,*,#1382,.F.);
#1914=ORIENTED_EDGE('',*,*,#1383,.F.);
#1915=ORIENTED_EDGE('',*,*,#1380,.T.);
#1916=ORIENTED_EDGE('',*,*,#1195,.F.);
#1917=ORIENTED_EDGE('',*,*,#1384,.F.);
#1918=ORIENTED_EDGE('',*,*,#1385,.F.);
#1919=ORIENTED_EDGE('',*,*,#1382,.T.);
#1920=ORIENTED_EDGE('',*,*,#1201,.F.);
#1921=ORIENTED_EDGE('',*,*,#1223,.F.);
#1922=ORIENTED_EDGE('',*,*,#1386,.F.);
#1923=ORIENTED_EDGE('',*,*,#1384,.T.);
#1924=ORIENTED_EDGE('',*,*,#1217,.F.);
#1925=ORIENTED_EDGE('',*,*,#1377,.F.);
#1926=ORIENTED_EDGE('',*,*,#1387,.F.);
#1927=ORIENTED_EDGE('',*,*,#1236,.T.);
#1928=ORIENTED_EDGE('',*,*,#1254,.F.);
#1929=ORIENTED_EDGE('',*,*,#1285,.F.);
#1930=ORIENTED_EDGE('',*,*,#1388,.F.);
#1931=ORIENTED_EDGE('',*,*,#1389,.T.);
#1932=ORIENTED_EDGE('',*,*,#1282,.F.);
#1933=ORIENTED_EDGE('',*,*,#1390,.F.);
#1934=ORIENTED_EDGE('',*,*,#1391,.F.);
#1935=ORIENTED_EDGE('',*,*,#1298,.T.);
#1936=ORIENTED_EDGE('',*,*,#1280,.F.);
#1937=ORIENTED_EDGE('',*,*,#1392,.F.);
#1938=ORIENTED_EDGE('',*,*,#1393,.F.);
#1939=ORIENTED_EDGE('',*,*,#1390,.T.);
#1940=ORIENTED_EDGE('',*,*,#1238,.F.);
#1941=ORIENTED_EDGE('',*,*,#1394,.F.);
#1942=ORIENTED_EDGE('',*,*,#1395,.F.);
#1943=ORIENTED_EDGE('',*,*,#1392,.T.);
#1944=ORIENTED_EDGE('',*,*,#1268,.F.);
#1945=ORIENTED_EDGE('',*,*,#1396,.F.);
#1946=ORIENTED_EDGE('',*,*,#1397,.F.);
#1947=ORIENTED_EDGE('',*,*,#1394,.T.);
#1948=ORIENTED_EDGE('',*,*,#1266,.F.);
#1949=ORIENTED_EDGE('',*,*,#1398,.F.);
#1950=ORIENTED_EDGE('',*,*,#1399,.F.);
#1951=ORIENTED_EDGE('',*,*,#1396,.T.);
#1952=ORIENTED_EDGE('',*,*,#1242,.F.);
#1953=ORIENTED_EDGE('',*,*,#1389,.F.);
#1954=ORIENTED_EDGE('',*,*,#1400,.F.);
#1955=ORIENTED_EDGE('',*,*,#1398,.T.);
#1956=ORIENTED_EDGE('',*,*,#1342,.F.);
#1957=ORIENTED_EDGE('',*,*,#1401,.F.);
#1958=ORIENTED_EDGE('',*,*,#1402,.F.);
#1959=ORIENTED_EDGE('',*,*,#1403,.T.);
#1960=ORIENTED_EDGE('',*,*,#1300,.F.);
#1961=ORIENTED_EDGE('',*,*,#1404,.F.);
#1962=ORIENTED_EDGE('',*,*,#1405,.F.);
#1963=ORIENTED_EDGE('',*,*,#1401,.T.);
#1964=ORIENTED_EDGE('',*,*,#1330,.F.);
#1965=ORIENTED_EDGE('',*,*,#1406,.F.);
#1966=ORIENTED_EDGE('',*,*,#1407,.F.);
#1967=ORIENTED_EDGE('',*,*,#1404,.T.);
#1968=ORIENTED_EDGE('',*,*,#1328,.F.);
#1969=ORIENTED_EDGE('',*,*,#1408,.F.);
#1970=ORIENTED_EDGE('',*,*,#1409,.F.);
#1971=ORIENTED_EDGE('',*,*,#1406,.T.);
#1972=ORIENTED_EDGE('',*,*,#1304,.F.);
#1973=ORIENTED_EDGE('',*,*,#1410,.F.);
#1974=ORIENTED_EDGE('',*,*,#1411,.F.);
#1975=ORIENTED_EDGE('',*,*,#1408,.T.);
#1976=ORIENTED_EDGE('',*,*,#1316,.F.);
#1977=ORIENTED_EDGE('',*,*,#1347,.F.);
#1978=ORIENTED_EDGE('',*,*,#1412,.F.);
#1979=ORIENTED_EDGE('',*,*,#1410,.T.);
#1980=ORIENTED_EDGE('',*,*,#1344,.F.);
#1981=ORIENTED_EDGE('',*,*,#1403,.F.);
#1982=ORIENTED_EDGE('',*,*,#1413,.F.);
#1983=ORIENTED_EDGE('',*,*,#1360,.T.);
#1984=ORIENTED_EDGE('',*,*,#1414,.T.);
#1985=ORIENTED_EDGE('',*,*,#1415,.T.);
#1986=ORIENTED_EDGE('',*,*,#1416,.T.);
#1987=ORIENTED_EDGE('',*,*,#1415,.F.);
#1988=ORIENTED_EDGE('',*,*,#1417,.T.);
#1989=ORIENTED_EDGE('',*,*,#1418,.F.);
#1990=ORIENTED_EDGE('',*,*,#1419,.T.);
#1991=ORIENTED_EDGE('',*,*,#1417,.F.);
#1992=ORIENTED_EDGE('',*,*,#1414,.F.);
#1993=ORIENTED_EDGE('',*,*,#1419,.F.);
#1994=ORIENTED_EDGE('',*,*,#1420,.F.);
#1995=ORIENTED_EDGE('',*,*,#1416,.F.);
#1996=ORIENTED_EDGE('',*,*,#1115,.T.);
#1997=ORIENTED_EDGE('',*,*,#1118,.T.);
#1998=ORIENTED_EDGE('',*,*,#1421,.T.);
#1999=ORIENTED_EDGE('',*,*,#1422,.T.);
#2000=ORIENTED_EDGE('',*,*,#1423,.T.);
#2001=ORIENTED_EDGE('',*,*,#1424,.T.);
#2002=ORIENTED_EDGE('',*,*,#1420,.T.);
#2003=ORIENTED_EDGE('',*,*,#1418,.T.);
#2004=ORIENTED_EDGE('',*,*,#1424,.F.);
#2005=ORIENTED_EDGE('',*,*,#1423,.F.);
#2006=ORIENTED_EDGE('',*,*,#1176,.T.);
#2007=ORIENTED_EDGE('',*,*,#1178,.T.);
#2008=ORIENTED_EDGE('',*,*,#1180,.T.);
#2009=ORIENTED_EDGE('',*,*,#1363,.T.);
#2010=ORIENTED_EDGE('',*,*,#1365,.T.);
#2011=ORIENTED_EDGE('',*,*,#1367,.T.);
#2012=ORIENTED_EDGE('',*,*,#1369,.T.);
#2013=ORIENTED_EDGE('',*,*,#1371,.T.);
#2014=ORIENTED_EDGE('',*,*,#1373,.T.);
#2015=ORIENTED_EDGE('',*,*,#1374,.T.);
#2016=ORIENTED_EDGE('',*,*,#1165,.T.);
#2017=ORIENTED_EDGE('',*,*,#1168,.T.);
#2018=ORIENTED_EDGE('',*,*,#1170,.T.);
#2019=ORIENTED_EDGE('',*,*,#1172,.T.);
#2020=ORIENTED_EDGE('',*,*,#1174,.T.);
#2021=ORIENTED_EDGE('',*,*,#1376,.T.);
#2022=ORIENTED_EDGE('',*,*,#1379,.T.);
#2023=ORIENTED_EDGE('',*,*,#1381,.T.);
#2024=ORIENTED_EDGE('',*,*,#1383,.T.);
#2025=ORIENTED_EDGE('',*,*,#1385,.T.);
#2026=ORIENTED_EDGE('',*,*,#1386,.T.);
#2027=ORIENTED_EDGE('',*,*,#1222,.T.);
#2028=ORIENTED_EDGE('',*,*,#1225,.T.);
#2029=ORIENTED_EDGE('',*,*,#1227,.T.);
#2030=ORIENTED_EDGE('',*,*,#1229,.T.);
#2031=ORIENTED_EDGE('',*,*,#1231,.T.);
#2032=ORIENTED_EDGE('',*,*,#1233,.T.);
#2033=ORIENTED_EDGE('',*,*,#1235,.T.);
#2034=ORIENTED_EDGE('',*,*,#1237,.T.);
#2035=ORIENTED_EDGE('',*,*,#1387,.T.);
#2036=ORIENTED_EDGE('',*,*,#1388,.T.);
#2037=ORIENTED_EDGE('',*,*,#1284,.T.);
#2038=ORIENTED_EDGE('',*,*,#1287,.T.);
#2039=ORIENTED_EDGE('',*,*,#1289,.T.);
#2040=ORIENTED_EDGE('',*,*,#1291,.T.);
#2041=ORIENTED_EDGE('',*,*,#1293,.T.);
#2042=ORIENTED_EDGE('',*,*,#1295,.T.);
#2043=ORIENTED_EDGE('',*,*,#1297,.T.);
#2044=ORIENTED_EDGE('',*,*,#1299,.T.);
#2045=ORIENTED_EDGE('',*,*,#1391,.T.);
#2046=ORIENTED_EDGE('',*,*,#1393,.T.);
#2047=ORIENTED_EDGE('',*,*,#1395,.T.);
#2048=ORIENTED_EDGE('',*,*,#1397,.T.);
#2049=ORIENTED_EDGE('',*,*,#1399,.T.);
#2050=ORIENTED_EDGE('',*,*,#1400,.T.);
#2051=ORIENTED_EDGE('',*,*,#1402,.T.);
#2052=ORIENTED_EDGE('',*,*,#1405,.T.);
#2053=ORIENTED_EDGE('',*,*,#1407,.T.);
#2054=ORIENTED_EDGE('',*,*,#1409,.T.);
#2055=ORIENTED_EDGE('',*,*,#1411,.T.);
#2056=ORIENTED_EDGE('',*,*,#1412,.T.);
#2057=ORIENTED_EDGE('',*,*,#1346,.T.);
#2058=ORIENTED_EDGE('',*,*,#1349,.T.);
#2059=ORIENTED_EDGE('',*,*,#1351,.T.);
#2060=ORIENTED_EDGE('',*,*,#1353,.T.);
#2061=ORIENTED_EDGE('',*,*,#1355,.T.);
#2062=ORIENTED_EDGE('',*,*,#1357,.T.);
#2063=ORIENTED_EDGE('',*,*,#1359,.T.);
#2064=ORIENTED_EDGE('',*,*,#1361,.T.);
#2065=ORIENTED_EDGE('',*,*,#1413,.T.);
#2066=ORIENTED_EDGE('',*,*,#1112,.F.);
#2067=ORIENTED_EDGE('',*,*,#1116,.T.);
#2068=ORIENTED_EDGE('',*,*,#1422,.F.);
#2069=ORIENTED_EDGE('',*,*,#1425,.F.);
#2070=ORIENTED_EDGE('',*,*,#1109,.F.);
#2071=ORIENTED_EDGE('',*,*,#1425,.T.);
#2072=ORIENTED_EDGE('',*,*,#1421,.F.);
#2073=ORIENTED_EDGE('',*,*,#1117,.F.);
#2074=PLANE('',#2281);
#2075=PLANE('',#2282);
#2076=PLANE('',#2283);
#2077=PLANE('',#2284);
#2078=PLANE('',#2285);
#2079=PLANE('',#2286);
#2080=PLANE('',#2287);
#2081=PLANE('',#2325);
#2082=PLANE('',#2326);
#2083=PLANE('',#2329);
#2084=PLANE('',#2330);
#2085=PLANE('',#2333);
#2086=PLANE('',#2334);
#2087=PLANE('',#2372);
#2088=PLANE('',#2373);
#2089=PLANE('',#2376);
#2090=PLANE('',#2377);
#2091=PLANE('',#2380);
#2092=PLANE('',#2381);
#2093=PLANE('',#2419);
#2094=PLANE('',#2420);
#2095=PLANE('',#2423);
#2096=PLANE('',#2424);
#2097=PLANE('',#2427);
#2098=PLANE('',#2428);
#2099=PLANE('',#2466);
#2100=PLANE('',#2467);
#2101=PLANE('',#2470);
#2102=PLANE('',#2471);
#2103=PLANE('',#2474);
#2104=PLANE('',#2475);
#2105=PLANE('',#2476);
#2106=PLANE('',#2479);
#2107=PLANE('',#2480);
#2108=PLANE('',#2483);
#2109=PLANE('',#2484);
#2110=PLANE('',#2487);
#2111=PLANE('',#2488);
#2112=PLANE('',#2491);
#2113=PLANE('',#2492);
#2114=PLANE('',#2493);
#2115=PLANE('',#2494);
#2116=PLANE('',#2495);
#2117=PLANE('',#2498);
#2118=PLANE('',#2499);
#2119=PLANE('',#2502);
#2120=PLANE('',#2505);
#2121=PLANE('',#2506);
#2122=PLANE('',#2509);
#2123=PLANE('',#2510);
#2124=PLANE('',#2511);
#2125=PLANE('',#2520);
#2126=PLANE('',#2524);
#2127=PLANE('',#2525);
#2128=PLANE('',#2526);
#2129=ADVANCED_FACE('',(#226),#2074,.T.);
#2130=ADVANCED_FACE('',(#227),#2075,.T.);
#2131=ADVANCED_FACE('',(#228),#2076,.T.);
#2132=ADVANCED_FACE('',(#229),#2077,.T.);
#2133=ADVANCED_FACE('',(#230),#2078,.T.);
#2134=ADVANCED_FACE('',(#231),#2079,.T.);
#2135=ADVANCED_FACE('',(#232),#2080,.F.);
#2136=ADVANCED_FACE('',(#233),#165,.T.);
#2137=ADVANCED_FACE('',(#234),#166,.T.);
#2138=ADVANCED_FACE('',(#235),#167,.T.);
#2139=ADVANCED_FACE('',(#236),#27,.F.);
#2140=ADVANCED_FACE('',(#237),#168,.T.);
#2141=ADVANCED_FACE('',(#238),#169,.T.);
#2142=ADVANCED_FACE('',(#239),#28,.F.);
#2143=ADVANCED_FACE('',(#240),#170,.T.);
#2144=ADVANCED_FACE('',(#241),#29,.F.);
#2145=ADVANCED_FACE('',(#242),#171,.T.);
#2146=ADVANCED_FACE('',(#243),#172,.T.);
#2147=ADVANCED_FACE('',(#244),#30,.F.);
#2148=ADVANCED_FACE('',(#245),#173,.T.);
#2149=ADVANCED_FACE('',(#246),#31,.F.);
#2150=ADVANCED_FACE('',(#247),#174,.T.);
#2151=ADVANCED_FACE('',(#248),#175,.T.);
#2152=ADVANCED_FACE('',(#249),#2081,.T.);
#2153=ADVANCED_FACE('',(#250),#2082,.T.);
#2154=ADVANCED_FACE('',(#251),#176,.T.);
#2155=ADVANCED_FACE('',(#252),#2083,.T.);
#2156=ADVANCED_FACE('',(#253),#2084,.T.);
#2157=ADVANCED_FACE('',(#254),#177,.T.);
#2158=ADVANCED_FACE('',(#255),#2085,.T.);
#2159=ADVANCED_FACE('',(#256),#2086,.T.);
#2160=ADVANCED_FACE('',(#257),#178,.T.);
#2161=ADVANCED_FACE('',(#258),#179,.T.);
#2162=ADVANCED_FACE('',(#259),#180,.T.);
#2163=ADVANCED_FACE('',(#260),#181,.T.);
#2164=ADVANCED_FACE('',(#261),#182,.T.);
#2165=ADVANCED_FACE('',(#262),#183,.T.);
#2166=ADVANCED_FACE('',(#263),#184,.T.);
#2167=ADVANCED_FACE('',(#264),#185,.T.);
#2168=ADVANCED_FACE('',(#265),#22,.T.);
#2169=ADVANCED_FACE('',(#266),#23,.T.);
#2170=ADVANCED_FACE('',(#267),#186,.T.);
#2171=ADVANCED_FACE('',(#268),#187,.T.);
#2172=ADVANCED_FACE('',(#269),#24,.T.);
#2173=ADVANCED_FACE('',(#270),#25,.T.);
#2174=ADVANCED_FACE('',(#271),#26,.T.);
#2175=ADVANCED_FACE('',(#272),#188,.T.);
#2176=ADVANCED_FACE('',(#273),#2087,.T.);
#2177=ADVANCED_FACE('',(#274),#2088,.T.);
#2178=ADVANCED_FACE('',(#275),#189,.T.);
#2179=ADVANCED_FACE('',(#276),#2089,.T.);
#2180=ADVANCED_FACE('',(#277),#2090,.T.);
#2181=ADVANCED_FACE('',(#278),#190,.T.);
#2182=ADVANCED_FACE('',(#279),#2091,.T.);
#2183=ADVANCED_FACE('',(#280),#2092,.T.);
#2184=ADVANCED_FACE('',(#281),#191,.T.);
#2185=ADVANCED_FACE('',(#282),#192,.T.);
#2186=ADVANCED_FACE('',(#283),#193,.T.);
#2187=ADVANCED_FACE('',(#284),#32,.F.);
#2188=ADVANCED_FACE('',(#285),#194,.T.);
#2189=ADVANCED_FACE('',(#286),#195,.T.);
#2190=ADVANCED_FACE('',(#287),#33,.F.);
#2191=ADVANCED_FACE('',(#288),#196,.T.);
#2192=ADVANCED_FACE('',(#289),#34,.F.);
#2193=ADVANCED_FACE('',(#290),#197,.T.);
#2194=ADVANCED_FACE('',(#291),#198,.T.);
#2195=ADVANCED_FACE('',(#292),#35,.F.);
#2196=ADVANCED_FACE('',(#293),#199,.T.);
#2197=ADVANCED_FACE('',(#294),#36,.F.);
#2198=ADVANCED_FACE('',(#295),#200,.T.);
#2199=ADVANCED_FACE('',(#296),#201,.T.);
#2200=ADVANCED_FACE('',(#297),#2093,.T.);
#2201=ADVANCED_FACE('',(#298),#2094,.T.);
#2202=ADVANCED_FACE('',(#299),#202,.T.);
#2203=ADVANCED_FACE('',(#300),#2095,.T.);
#2204=ADVANCED_FACE('',(#301),#2096,.T.);
#2205=ADVANCED_FACE('',(#302),#203,.T.);
#2206=ADVANCED_FACE('',(#303),#2097,.T.);
#2207=ADVANCED_FACE('',(#304),#2098,.T.);
#2208=ADVANCED_FACE('',(#305),#204,.T.);
#2209=ADVANCED_FACE('',(#306),#205,.T.);
#2210=ADVANCED_FACE('',(#307),#206,.T.);
#2211=ADVANCED_FACE('',(#308),#37,.F.);
#2212=ADVANCED_FACE('',(#309),#207,.T.);
#2213=ADVANCED_FACE('',(#310),#208,.T.);
#2214=ADVANCED_FACE('',(#311),#38,.F.);
#2215=ADVANCED_FACE('',(#312),#209,.T.);
#2216=ADVANCED_FACE('',(#313),#39,.F.);
#2217=ADVANCED_FACE('',(#314),#210,.T.);
#2218=ADVANCED_FACE('',(#315),#211,.T.);
#2219=ADVANCED_FACE('',(#316),#40,.F.);
#2220=ADVANCED_FACE('',(#317),#212,.T.);
#2221=ADVANCED_FACE('',(#318),#41,.F.);
#2222=ADVANCED_FACE('',(#319),#213,.T.);
#2223=ADVANCED_FACE('',(#320),#214,.T.);
#2224=ADVANCED_FACE('',(#321),#2099,.T.);
#2225=ADVANCED_FACE('',(#322),#2100,.T.);
#2226=ADVANCED_FACE('',(#323),#215,.T.);
#2227=ADVANCED_FACE('',(#324),#2101,.T.);
#2228=ADVANCED_FACE('',(#325),#2102,.T.);
#2229=ADVANCED_FACE('',(#326),#216,.T.);
#2230=ADVANCED_FACE('',(#327),#2103,.T.);
#2231=ADVANCED_FACE('',(#328),#2104,.T.);
#2232=ADVANCED_FACE('',(#329),#2105,.T.);
#2233=ADVANCED_FACE('',(#330),#217,.T.);
#2234=ADVANCED_FACE('',(#331),#2106,.T.);
#2235=ADVANCED_FACE('',(#332),#2107,.T.);
#2236=ADVANCED_FACE('',(#333),#218,.T.);
#2237=ADVANCED_FACE('',(#334),#2108,.T.);
#2238=ADVANCED_FACE('',(#335),#2109,.T.);
#2239=ADVANCED_FACE('',(#336),#219,.T.);
#2240=ADVANCED_FACE('',(#337),#2110,.T.);
#2241=ADVANCED_FACE('',(#338),#2111,.T.);
#2242=ADVANCED_FACE('',(#339),#220,.T.);
#2243=ADVANCED_FACE('',(#340),#2112,.T.);
#2244=ADVANCED_FACE('',(#341),#2113,.T.);
#2245=ADVANCED_FACE('',(#342),#2114,.T.);
#2246=ADVANCED_FACE('',(#343),#2115,.T.);
#2247=ADVANCED_FACE('',(#344),#2116,.T.);
#2248=ADVANCED_FACE('',(#345),#221,.T.);
#2249=ADVANCED_FACE('',(#346),#2117,.T.);
#2250=ADVANCED_FACE('',(#347),#2118,.T.);
#2251=ADVANCED_FACE('',(#348),#222,.T.);
#2252=ADVANCED_FACE('',(#349),#2119,.T.);
#2253=ADVANCED_FACE('',(#350),#223,.T.);
#2254=ADVANCED_FACE('',(#351),#2120,.T.);
#2255=ADVANCED_FACE('',(#352),#2121,.T.);
#2256=ADVANCED_FACE('',(#353),#224,.T.);
#2257=ADVANCED_FACE('',(#354),#2122,.T.);
#2258=ADVANCED_FACE('',(#355),#2123,.T.);
#2259=ADVANCED_FACE('',(#356),#2124,.T.);
#2260=ADVANCED_FACE('',(#357),#20,.T.);
#2261=ADVANCED_FACE('',(#358),#225,.T.);
#2262=ADVANCED_FACE('',(#359,#15),#2125,.F.);
#2263=ADVANCED_FACE('',(#360),#21,.T.);
#2264=ADVANCED_FACE('',(#361,#16,#17,#18,#19),#2126,.T.);
#2265=ADVANCED_FACE('',(#362),#2127,.T.);
#2266=ADVANCED_FACE('',(#363),#2128,.T.);
#2267=CLOSED_SHELL('',(#2129,#2130,#2131,#2132,#2133,#2134,#2135,#2136,
#2137,#2138,#2139,#2140,#2141,#2142,#2143,#2144,#2145,#2146,#2147,#2148,
#2149,#2150,#2151,#2152,#2153,#2154,#2155,#2156,#2157,#2158,#2159,#2160,
#2161,#2162,#2163,#2164,#2165,#2166,#2167,#2168,#2169,#2170,#2171,#2172,
#2173,#2174,#2175,#2176,#2177,#2178,#2179,#2180,#2181,#2182,#2183,#2184,
#2185,#2186,#2187,#2188,#2189,#2190,#2191,#2192,#2193,#2194,#2195,#2196,
#2197,#2198,#2199,#2200,#2201,#2202,#2203,#2204,#2205,#2206,#2207,#2208,
#2209,#2210,#2211,#2212,#2213,#2214,#2215,#2216,#2217,#2218,#2219,#2220,
#2221,#2222,#2223,#2224,#2225,#2226,#2227,#2228,#2229,#2230,#2231,#2232,
#2233,#2234,#2235,#2236,#2237,#2238,#2239,#2240,#2241,#2242,#2243,#2244,
#2245,#2246,#2247,#2248,#2249,#2250,#2251,#2252,#2253,#2254,#2255,#2256,
#2257,#2258,#2259,#2260,#2261,#2262,#2263,#2264,#2265,#2266));
#2268=DERIVED_UNIT_ELEMENT(#2270,1.);
#2269=DERIVED_UNIT_ELEMENT(#4093,-3.);
#2270=(
MASS_UNIT()
NAMED_UNIT(*)
SI_UNIT(.KILO.,.GRAM.)
);
#2271=DERIVED_UNIT((#2268,#2269));
#2272=MEASURE_REPRESENTATION_ITEM('density measure',
POSITIVE_RATIO_MEASURE(7850.),#2271);
#2273=PROPERTY_DEFINITION_REPRESENTATION(#2278,#2275);
#2274=PROPERTY_DEFINITION_REPRESENTATION(#2279,#2276);
#2275=REPRESENTATION('material name',(#2277),#4090);
#2276=REPRESENTATION('density',(#2272),#4090);
#2277=DESCRIPTIVE_REPRESENTATION_ITEM('Steel','Steel');
#2278=PROPERTY_DEFINITION('material property','material name',#4100);
#2279=PROPERTY_DEFINITION('material property','density of part',#4100);
#2280=AXIS2_PLACEMENT_3D('',#3222,#2527,#2528);
#2281=AXIS2_PLACEMENT_3D('',#3223,#2529,#2530);
#2282=AXIS2_PLACEMENT_3D('',#3232,#2535,#2536);
#2283=AXIS2_PLACEMENT_3D('',#3238,#2540,#2541);
#2284=AXIS2_PLACEMENT_3D('',#3244,#2545,#2546);
#2285=AXIS2_PLACEMENT_3D('',#3247,#2549,#2550);
#2286=AXIS2_PLACEMENT_3D('',#3253,#2554,#2555);
#2287=AXIS2_PLACEMENT_3D('',#3257,#2558,#2559);
#2288=AXIS2_PLACEMENT_3D('',#3258,#2560,#2561);
#2289=AXIS2_PLACEMENT_3D('',#3263,#2563,#2564);
#2290=AXIS2_PLACEMENT_3D('',#3266,#2566,#2567);
#2291=AXIS2_PLACEMENT_3D('',#3267,#2568,#2569);
#2292=AXIS2_PLACEMENT_3D('',#3272,#2571,#2572);
#2293=AXIS2_PLACEMENT_3D('',#3275,#2574,#2575);
#2294=AXIS2_PLACEMENT_3D('',#3276,#2576,#2577);
#2295=AXIS2_PLACEMENT_3D('',#3281,#2579,#2580);
#2296=AXIS2_PLACEMENT_3D('',#3284,#2582,#2583);
#2297=AXIS2_PLACEMENT_3D('',#3302,#2584,#2585);
#2298=AXIS2_PLACEMENT_3D('',#3303,#2586,#2587);
#2299=AXIS2_PLACEMENT_3D('',#3304,#2588,#2589);
#2300=AXIS2_PLACEMENT_3D('',#3305,#2590,#2591);
#2301=AXIS2_PLACEMENT_3D('',#3308,#2594,#2595);
#2302=AXIS2_PLACEMENT_3D('',#3313,#2597,#2598);
#2303=AXIS2_PLACEMENT_3D('',#3316,#2600,#2601);
#2304=AXIS2_PLACEMENT_3D('',#3334,#2602,#2603);
#2305=AXIS2_PLACEMENT_3D('',#3335,#2604,#2605);
#2306=AXIS2_PLACEMENT_3D('',#3336,#2606,#2607);
#2307=AXIS2_PLACEMENT_3D('',#3337,#2608,#2609);
#2308=AXIS2_PLACEMENT_3D('',#3357,#2612,#2613);
#2309=AXIS2_PLACEMENT_3D('',#3358,#2614,#2615);
#2310=AXIS2_PLACEMENT_3D('',#3359,#2616,#2617);
#2311=AXIS2_PLACEMENT_3D('',#3360,#2618,#2619);
#2312=AXIS2_PLACEMENT_3D('',#3363,#2622,#2623);
#2313=AXIS2_PLACEMENT_3D('',#3368,#2625,#2626);
#2314=AXIS2_PLACEMENT_3D('',#3371,#2628,#2629);
#2315=AXIS2_PLACEMENT_3D('',#3389,#2630,#2631);
#2316=AXIS2_PLACEMENT_3D('',#3390,#2632,#2633);
#2317=AXIS2_PLACEMENT_3D('',#3391,#2634,#2635);
#2318=AXIS2_PLACEMENT_3D('',#3392,#2636,#2637);
#2319=AXIS2_PLACEMENT_3D('',#3412,#2640,#2641);
#2320=AXIS2_PLACEMENT_3D('',#3413,#2642,#2643);
#2321=AXIS2_PLACEMENT_3D('',#3414,#2644,#2645);
#2322=AXIS2_PLACEMENT_3D('',#3415,#2646,#2647);
#2323=AXIS2_PLACEMENT_3D('',#3418,#2650,#2651);
#2324=AXIS2_PLACEMENT_3D('',#3422,#2653,#2654);
#2325=AXIS2_PLACEMENT_3D('',#3424,#2656,#2657);
#2326=AXIS2_PLACEMENT_3D('',#3428,#2660,#2661);
#2327=AXIS2_PLACEMENT_3D('',#3432,#2664,#2665);
#2328=AXIS2_PLACEMENT_3D('',#3435,#2667,#2668);
#2329=AXIS2_PLACEMENT_3D('',#3436,#2669,#2670);
#2330=AXIS2_PLACEMENT_3D('',#3440,#2673,#2674);
#2331=AXIS2_PLACEMENT_3D('',#3444,#2677,#2678);
#2332=AXIS2_PLACEMENT_3D('',#3447,#2680,#2681);
#2333=AXIS2_PLACEMENT_3D('',#3448,#2682,#2683);
#2334=AXIS2_PLACEMENT_3D('',#3452,#2686,#2687);
#2335=AXIS2_PLACEMENT_3D('',#3453,#2688,#2689);
#2336=AXIS2_PLACEMENT_3D('',#3458,#2691,#2692);
#2337=AXIS2_PLACEMENT_3D('',#3461,#2694,#2695);
#2338=AXIS2_PLACEMENT_3D('',#3462,#2696,#2697);
#2339=AXIS2_PLACEMENT_3D('',#3466,#2699,#2700);
#2340=AXIS2_PLACEMENT_3D('',#3468,#2702,#2703);
#2341=AXIS2_PLACEMENT_3D('',#3473,#2705,#2706);
#2342=AXIS2_PLACEMENT_3D('',#3476,#2708,#2709);
#2343=AXIS2_PLACEMENT_3D('',#3477,#2710,#2711);
#2344=AXIS2_PLACEMENT_3D('',#3480,#2713,#2714);
#2345=AXIS2_PLACEMENT_3D('',#3482,#2716,#2717);
#2346=AXIS2_PLACEMENT_3D('',#3487,#2719,#2720);
#2347=AXIS2_PLACEMENT_3D('',#3490,#2722,#2723);
#2348=AXIS2_PLACEMENT_3D('',#3491,#2724,#2725);
#2349=AXIS2_PLACEMENT_3D('',#3494,#2727,#2728);
#2350=AXIS2_PLACEMENT_3D('',#3496,#2730,#2731);
#2351=AXIS2_PLACEMENT_3D('',#3501,#2733,#2734);
#2352=AXIS2_PLACEMENT_3D('',#3504,#2736,#2737);
#2353=AXIS2_PLACEMENT_3D('',#3505,#2738,#2739);
#2354=AXIS2_PLACEMENT_3D('',#3508,#2741,#2742);
#2355=AXIS2_PLACEMENT_3D('',#3510,#2744,#2745);
#2356=AXIS2_PLACEMENT_3D('',#3511,#2746,#2747);
#2357=AXIS2_PLACEMENT_3D('',#3512,#2748,#2749);
#2358=AXIS2_PLACEMENT_3D('',#3513,#2750,#2751);
#2359=AXIS2_PLACEMENT_3D('',#3514,#2752,#2753);
#2360=AXIS2_PLACEMENT_3D('',#3518,#2755,#2756);
#2361=AXIS2_PLACEMENT_3D('',#3521,#2758,#2759);
#2362=AXIS2_PLACEMENT_3D('',#3522,#2760,#2761);
#2363=AXIS2_PLACEMENT_3D('',#3525,#2763,#2764);
#2364=AXIS2_PLACEMENT_3D('',#3527,#2766,#2767);
#2365=AXIS2_PLACEMENT_3D('',#3528,#2768,#2769);
#2366=AXIS2_PLACEMENT_3D('',#3529,#2770,#2771);
#2367=AXIS2_PLACEMENT_3D('',#3530,#2772,#2773);
#2368=AXIS2_PLACEMENT_3D('',#3531,#2774,#2775);
#2369=AXIS2_PLACEMENT_3D('',#3532,#2776,#2777);
#2370=AXIS2_PLACEMENT_3D('',#3533,#2778,#2779);
#2371=AXIS2_PLACEMENT_3D('',#3537,#2781,#2782);
#2372=AXIS2_PLACEMENT_3D('',#3539,#2784,#2785);
#2373=AXIS2_PLACEMENT_3D('',#3543,#2788,#2789);
#2374=AXIS2_PLACEMENT_3D('',#3547,#2792,#2793);
#2375=AXIS2_PLACEMENT_3D('',#3550,#2795,#2796);
#2376=AXIS2_PLACEMENT_3D('',#3551,#2797,#2798);
#2377=AXIS2_PLACEMENT_3D('',#3555,#2801,#2802);
#2378=AXIS2_PLACEMENT_3D('',#3559,#2805,#2806);
#2379=AXIS2_PLACEMENT_3D('',#3562,#2808,#2809);
#2380=AXIS2_PLACEMENT_3D('',#3563,#2810,#2811);
#2381=AXIS2_PLACEMENT_3D('',#3567,#2814,#2815);
#2382=AXIS2_PLACEMENT_3D('',#3568,#2816,#2817);
#2383=AXIS2_PLACEMENT_3D('',#3573,#2819,#2820);
#2384=AXIS2_PLACEMENT_3D('',#3576,#2822,#2823);
#2385=AXIS2_PLACEMENT_3D('',#3577,#2824,#2825);
#2386=AXIS2_PLACEMENT_3D('',#3582,#2827,#2828);
#2387=AXIS2_PLACEMENT_3D('',#3585,#2830,#2831);
#2388=AXIS2_PLACEMENT_3D('',#3586,#2832,#2833);
#2389=AXIS2_PLACEMENT_3D('',#3591,#2835,#2836);
#2390=AXIS2_PLACEMENT_3D('',#3594,#2838,#2839);
#2391=AXIS2_PLACEMENT_3D('',#3612,#2840,#2841);
#2392=AXIS2_PLACEMENT_3D('',#3613,#2842,#2843);
#2393=AXIS2_PLACEMENT_3D('',#3614,#2844,#2845);
#2394=AXIS2_PLACEMENT_3D('',#3615,#2846,#2847);
#2395=AXIS2_PLACEMENT_3D('',#3618,#2850,#2851);
#2396=AXIS2_PLACEMENT_3D('',#3623,#2853,#2854);
#2397=AXIS2_PLACEMENT_3D('',#3626,#2856,#2857);
#2398=AXIS2_PLACEMENT_3D('',#3644,#2858,#2859);
#2399=AXIS2_PLACEMENT_3D('',#3645,#2860,#2861);
#2400=AXIS2_PLACEMENT_3D('',#3646,#2862,#2863);
#2401=AXIS2_PLACEMENT_3D('',#3647,#2864,#2865);
#2402=AXIS2_PLACEMENT_3D('',#3667,#2868,#2869);
#2403=AXIS2_PLACEMENT_3D('',#3668,#2870,#2871);
#2404=AXIS2_PLACEMENT_3D('',#3669,#2872,#2873);
#2405=AXIS2_PLACEMENT_3D('',#3670,#2874,#2875);
#2406=AXIS2_PLACEMENT_3D('',#3673,#2878,#2879);
#2407=AXIS2_PLACEMENT_3D('',#3678,#2881,#2882);
#2408=AXIS2_PLACEMENT_3D('',#3681,#2884,#2885);
#2409=AXIS2_PLACEMENT_3D('',#3699,#2886,#2887);
#2410=AXIS2_PLACEMENT_3D('',#3700,#2888,#2889);
#2411=AXIS2_PLACEMENT_3D('',#3701,#2890,#2891);
#2412=AXIS2_PLACEMENT_3D('',#3702,#2892,#2893);
#2413=AXIS2_PLACEMENT_3D('',#3722,#2896,#2897);
#2414=AXIS2_PLACEMENT_3D('',#3723,#2898,#2899);
#2415=AXIS2_PLACEMENT_3D('',#3724,#2900,#2901);
#2416=AXIS2_PLACEMENT_3D('',#3725,#2902,#2903);
#2417=AXIS2_PLACEMENT_3D('',#3728,#2906,#2907);
#2418=AXIS2_PLACEMENT_3D('',#3732,#2909,#2910);
#2419=AXIS2_PLACEMENT_3D('',#3734,#2912,#2913);
#2420=AXIS2_PLACEMENT_3D('',#3738,#2916,#2917);
#2421=AXIS2_PLACEMENT_3D('',#3742,#2920,#2921);
#2422=AXIS2_PLACEMENT_3D('',#3745,#2923,#2924);
#2423=AXIS2_PLACEMENT_3D('',#3746,#2925,#2926);
#2424=AXIS2_PLACEMENT_3D('',#3750,#2929,#2930);
#2425=AXIS2_PLACEMENT_3D('',#3754,#2933,#2934);
#2426=AXIS2_PLACEMENT_3D('',#3757,#2936,#2937);
#2427=AXIS2_PLACEMENT_3D('',#3758,#2938,#2939);
#2428=AXIS2_PLACEMENT_3D('',#3762,#2942,#2943);
#2429=AXIS2_PLACEMENT_3D('',#3763,#2944,#2945);
#2430=AXIS2_PLACEMENT_3D('',#3768,#2947,#2948);
#2431=AXIS2_PLACEMENT_3D('',#3771,#2950,#2951);
#2432=AXIS2_PLACEMENT_3D('',#3772,#2952,#2953);
#2433=AXIS2_PLACEMENT_3D('',#3777,#2955,#2956);
#2434=AXIS2_PLACEMENT_3D('',#3780,#2958,#2959);
#2435=AXIS2_PLACEMENT_3D('',#3781,#2960,#2961);
#2436=AXIS2_PLACEMENT_3D('',#3786,#2963,#2964);
#2437=AXIS2_PLACEMENT_3D('',#3789,#2966,#2967);
#2438=AXIS2_PLACEMENT_3D('',#3807,#2968,#2969);
#2439=AXIS2_PLACEMENT_3D('',#3808,#2970,#2971);
#2440=AXIS2_PLACEMENT_3D('',#3809,#2972,#2973);
#2441=AXIS2_PLACEMENT_3D('',#3810,#2974,#2975);
#2442=AXIS2_PLACEMENT_3D('',#3813,#2978,#2979);
#2443=AXIS2_PLACEMENT_3D('',#3818,#2981,#2982);
#2444=AXIS2_PLACEMENT_3D('',#3821,#2984,#2985);
#2445=AXIS2_PLACEMENT_3D('',#3839,#2986,#2987);
#2446=AXIS2_PLACEMENT_3D('',#3840,#2988,#2989);
#2447=AXIS2_PLACEMENT_3D('',#3841,#2990,#2991);
#2448=AXIS2_PLACEMENT_3D('',#3842,#2992,#2993);
#2449=AXIS2_PLACEMENT_3D('',#3862,#2996,#2997);
#2450=AXIS2_PLACEMENT_3D('',#3863,#2998,#2999);
#2451=AXIS2_PLACEMENT_3D('',#3864,#3000,#3001);
#2452=AXIS2_PLACEMENT_3D('',#3865,#3002,#3003);
#2453=AXIS2_PLACEMENT_3D('',#3868,#3006,#3007);
#2454=AXIS2_PLACEMENT_3D('',#3873,#3009,#3010);
#2455=AXIS2_PLACEMENT_3D('',#3876,#3012,#3013);
#2456=AXIS2_PLACEMENT_3D('',#3894,#3014,#3015);
#2457=AXIS2_PLACEMENT_3D('',#3895,#3016,#3017);
#2458=AXIS2_PLACEMENT_3D('',#3896,#3018,#3019);
#2459=AXIS2_PLACEMENT_3D('',#3897,#3020,#3021);
#2460=AXIS2_PLACEMENT_3D('',#3917,#3024,#3025);
#2461=AXIS2_PLACEMENT_3D('',#3918,#3026,#3027);
#2462=AXIS2_PLACEMENT_3D('',#3919,#3028,#3029);
#2463=AXIS2_PLACEMENT_3D('',#3920,#3030,#3031);
#2464=AXIS2_PLACEMENT_3D('',#3923,#3034,#3035);
#2465=AXIS2_PLACEMENT_3D('',#3927,#3037,#3038);
#2466=AXIS2_PLACEMENT_3D('',#3929,#3040,#3041);
#2467=AXIS2_PLACEMENT_3D('',#3933,#3044,#3045);
#2468=AXIS2_PLACEMENT_3D('',#3937,#3048,#3049);
#2469=AXIS2_PLACEMENT_3D('',#3940,#3051,#3052);
#2470=AXIS2_PLACEMENT_3D('',#3941,#3053,#3054);
#2471=AXIS2_PLACEMENT_3D('',#3945,#3057,#3058);
#2472=AXIS2_PLACEMENT_3D('',#3949,#3061,#3062);
#2473=AXIS2_PLACEMENT_3D('',#3952,#3064,#3065);
#2474=AXIS2_PLACEMENT_3D('',#3953,#3066,#3067);
#2475=AXIS2_PLACEMENT_3D('',#3957,#3070,#3071);
#2476=AXIS2_PLACEMENT_3D('',#3958,#3072,#3073);
#2477=AXIS2_PLACEMENT_3D('',#3962,#3076,#3077);
#2478=AXIS2_PLACEMENT_3D('',#3965,#3079,#3080);
#2479=AXIS2_PLACEMENT_3D('',#3966,#3081,#3082);
#2480=AXIS2_PLACEMENT_3D('',#3970,#3085,#3086);
#2481=AXIS2_PLACEMENT_3D('',#3974,#3089,#3090);
#2482=AXIS2_PLACEMENT_3D('',#3977,#3092,#3093);
#2483=AXIS2_PLACEMENT_3D('',#3978,#3094,#3095);
#2484=AXIS2_PLACEMENT_3D('',#3982,#3098,#3099);
#2485=AXIS2_PLACEMENT_3D('',#3984,#3101,#3102);
#2486=AXIS2_PLACEMENT_3D('',#3988,#3104,#3105);
#2487=AXIS2_PLACEMENT_3D('',#3990,#3107,#3108);
#2488=AXIS2_PLACEMENT_3D('',#3994,#3111,#3112);
#2489=AXIS2_PLACEMENT_3D('',#3998,#3115,#3116);
#2490=AXIS2_PLACEMENT_3D('',#4001,#3118,#3119);
#2491=AXIS2_PLACEMENT_3D('',#4002,#3120,#3121);
#2492=AXIS2_PLACEMENT_3D('',#4006,#3124,#3125);
#2493=AXIS2_PLACEMENT_3D('',#4008,#3127,#3128);
#2494=AXIS2_PLACEMENT_3D('',#4010,#3130,#3131);
#2495=AXIS2_PLACEMENT_3D('',#4014,#3134,#3135);
#2496=AXIS2_PLACEMENT_3D('',#4018,#3138,#3139);
#2497=AXIS2_PLACEMENT_3D('',#4021,#3141,#3142);
#2498=AXIS2_PLACEMENT_3D('',#4022,#3143,#3144);
#2499=AXIS2_PLACEMENT_3D('',#4026,#3147,#3148);
#2500=AXIS2_PLACEMENT_3D('',#4030,#3151,#3152);
#2501=AXIS2_PLACEMENT_3D('',#4033,#3154,#3155);
#2502=AXIS2_PLACEMENT_3D('',#4034,#3156,#3157);
#2503=AXIS2_PLACEMENT_3D('',#4036,#3159,#3160);
#2504=AXIS2_PLACEMENT_3D('',#4040,#3162,#3163);
#2505=AXIS2_PLACEMENT_3D('',#4042,#3165,#3166);
#2506=AXIS2_PLACEMENT_3D('',#4046,#3169,#3170);
#2507=AXIS2_PLACEMENT_3D('',#4050,#3173,#3174);
#2508=AXIS2_PLACEMENT_3D('',#4053,#3176,#3177);
#2509=AXIS2_PLACEMENT_3D('',#4054,#3178,#3179);
#2510=AXIS2_PLACEMENT_3D('',#4058,#3182,#3183);
#2511=AXIS2_PLACEMENT_3D('',#4060,#3185,#3186);
#2512=AXIS2_PLACEMENT_3D('',#4062,#3188,#3189);
#2513=AXIS2_PLACEMENT_3D('',#4065,#3190,#3191);
#2514=AXIS2_PLACEMENT_3D('',#4067,#3192,#3193);
#2515=AXIS2_PLACEMENT_3D('',#4068,#3194,#3195);
#2516=AXIS2_PLACEMENT_3D('',#4069,#3196,#3197);
#2517=AXIS2_PLACEMENT_3D('',#4070,#3198,#3199);
#2518=AXIS2_PLACEMENT_3D('',#4073,#3200,#3201);
#2519=AXIS2_PLACEMENT_3D('',#4075,#3203,#3204);
#2520=AXIS2_PLACEMENT_3D('',#4076,#3205,#3206);
#2521=AXIS2_PLACEMENT_3D('',#4080,#3209,#3210);
#2522=AXIS2_PLACEMENT_3D('',#4082,#3211,#3212);
#2523=AXIS2_PLACEMENT_3D('',#4083,#3213,#3214);
#2524=AXIS2_PLACEMENT_3D('',#4084,#3215,#3216);
#2525=AXIS2_PLACEMENT_3D('',#4085,#3217,#3218);
#2526=AXIS2_PLACEMENT_3D('',#4087,#3220,#3221);
#2527=DIRECTION('axis',(0.,0.,1.));
#2528=DIRECTION('refdir',(1.,0.,0.));
#2529=DIRECTION('center_axis',(-0.707106781186548,-0.707106781186547,0.));
#2530=DIRECTION('ref_axis',(0.,0.,1.));
#2531=DIRECTION('',(0.,0.,-1.));
#2532=DIRECTION('',(0.577350269189626,-0.577350269189626,0.577350269189626));
#2533=DIRECTION('',(0.,0.,1.));
#2534=DIRECTION('',(-0.577350269189626,0.577350269189626,0.577350269189626));
#2535=DIRECTION('center_axis',(0.,-0.707106781186547,-0.707106781186548));
#2536=DIRECTION('ref_axis',(-1.,0.,0.));
#2537=DIRECTION('',(-1.,0.,0.));
#2538=DIRECTION('',(1.,0.,0.));
#2539=DIRECTION('',(0.577350269189626,0.577350269189626,-0.577350269189626));
#2540=DIRECTION('center_axis',(0.,-0.707106781186547,0.707106781186548));
#2541=DIRECTION('ref_axis',(1.,0.,0.));
#2542=DIRECTION('',(-1.,0.,0.));
#2543=DIRECTION('',(1.,0.,0.));
#2544=DIRECTION('',(0.577350269189626,0.577350269189626,0.577350269189626));
#2545=DIRECTION('center_axis',(0.707106781186548,-0.707106781186547,0.));
#2546=DIRECTION('ref_axis',(0.,0.,-1.));
#2547=DIRECTION('',(0.,0.,1.));
#2548=DIRECTION('',(0.,0.,-1.));
#2549=DIRECTION('center_axis',(0.,0.,-1.));
#2550=DIRECTION('ref_axis',(-1.,0.,0.));
#2551=DIRECTION('',(0.,1.,0.));
#2552=DIRECTION('',(-1.,0.,0.));
#2553=DIRECTION('',(0.,1.,0.));
#2554=DIRECTION('center_axis',(-1.,0.,0.));
#2555=DIRECTION('ref_axis',(0.,0.,1.));
#2556=DIRECTION('',(0.,1.,0.));
#2557=DIRECTION('',(0.,0.,1.));
#2558=DIRECTION('center_axis',(0.,1.,0.));
#2559=DIRECTION('ref_axis',(1.,0.,0.));
#2560=DIRECTION('center_axis',(0.0895708472956916,0.,-0.995980453279447));
#2561=DIRECTION('ref_axis',(0.704264532443138,0.707106781186556,0.0633361535194176));
#2562=DIRECTION('',(0.0895708472956916,0.,-0.995980453279447));
#2563=DIRECTION('center_axis',(-0.0895708472956949,0.,0.995980453279446));
#2564=DIRECTION('ref_axis',(0.995980453279446,0.,0.0895708472956949));
#2565=DIRECTION('',(-0.0895708472956916,0.,0.995980453279447));
#2566=DIRECTION('center_axis',(-0.381034032101596,0.,-0.924561012794937));
#2567=DIRECTION('ref_axis',(-0.924561012794937,0.,0.381034032101596));
#2568=DIRECTION('center_axis',(0.974912614208951,0.,-0.222587948137966));
#2569=DIRECTION('ref_axis',(0.157393447538753,0.707106781186558,0.689367320571443));
#2570=DIRECTION('',(0.97491261420895,0.,-0.222587948137966));
#2571=DIRECTION('center_axis',(-0.974912614208951,0.,0.222587948137963));
#2572=DIRECTION('ref_axis',(0.222587948137963,0.,0.974912614208951));
#2573=DIRECTION('',(-0.97491261420895,0.,0.222587948137966));
#2574=DIRECTION('center_axis',(0.761563784576472,0.,-0.648089964450585));
#2575=DIRECTION('ref_axis',(-0.648089964450585,0.,-0.761563784576472));
#2576=DIRECTION('center_axis',(0.512958284346453,0.,0.858413535844085));
#2577=DIRECTION('ref_axis',(-0.606990032257666,0.707106781186556,0.362716281327191));
#2578=DIRECTION('',(0.512958284346453,0.,0.858413535844085));
#2579=DIRECTION('center_axis',(-0.512958284346457,0.,-0.858413535844082));
#2580=DIRECTION('ref_axis',(-0.858413535844082,0.,0.512958284346457));
#2581=DIRECTION('',(-0.512958284346453,0.,-0.858413535844085));
#2582=DIRECTION('center_axis',(0.85170633557086,0.,0.524019386996757));
#2583=DIRECTION('ref_axis',(0.524019386996757,0.,-0.85170633557086));
#2584=DIRECTION('center_axis',(-0.375667685125179,0.,0.926754439079031));
#2585=DIRECTION('ref_axis',(0.926754439079031,0.,0.375667685125179));
#2586=DIRECTION('center_axis',(0.,-1.,0.));
#2587=DIRECTION('ref_axis',(0.0766798338703021,0.,0.997055767285673));
#2588=DIRECTION('center_axis',(0.,1.,0.));
#2589=DIRECTION('ref_axis',(0.0766798338703021,0.,0.997055767285673));
#2590=DIRECTION('center_axis',(0.375667685125186,0.,-0.926754439079028));
#2591=DIRECTION('ref_axis',(0.655314348367503,0.707106781186561,0.265637167624667));
#2592=DIRECTION('',(-0.375667685125186,0.,0.926754439079028));
#2593=DIRECTION('',(0.375667685125186,0.,-0.926754439079028));
#2594=DIRECTION('center_axis',(-0.657886959672009,0.,0.753116689692587));
#2595=DIRECTION('ref_axis',(-0.532533918306386,0.707106781186561,-0.465196330438266));
#2596=DIRECTION('',(-0.657886959672009,0.,0.753116689692587));
#2597=DIRECTION('center_axis',(0.657886959672008,0.,-0.753116689692588));
#2598=DIRECTION('ref_axis',(-0.753116689692588,0.,-0.657886959672008));
#2599=DIRECTION('',(0.657886959672009,0.,-0.753116689692587));
#2600=DIRECTION('center_axis',(-0.235180320760046,0.,0.971951756378475));
#2601=DIRECTION('ref_axis',(0.971951756378475,0.,0.235180320760046));
#2602=DIRECTION('center_axis',(-0.997483547232749,0.,-0.070898328611984));
#2603=DIRECTION('ref_axis',(-0.070898328611984,0.,0.997483547232749));
#2604=DIRECTION('center_axis',(0.,-1.,0.));
#2605=DIRECTION('ref_axis',(-0.924561012794936,0.,0.381034032101599));
#2606=DIRECTION('center_axis',(0.,1.,0.));
#2607=DIRECTION('ref_axis',(-0.924561012794936,0.,0.381034032101599));
#2608=DIRECTION('center_axis',(0.997483547232749,0.,0.0708983286119819));
#2609=DIRECTION('ref_axis',(-0.0501326889363221,0.707106781186556,0.70532738037028));
#2610=DIRECTION('',(-0.997483547232749,0.,-0.0708983286119818));
#2611=DIRECTION('',(0.997483547232749,0.,0.0708983286119818));
#2612=DIRECTION('center_axis',(0.765308149350388,0.,0.643664071187668));
#2613=DIRECTION('ref_axis',(0.643664071187669,0.,-0.765308149350388));
#2614=DIRECTION('center_axis',(0.,-1.,0.));
#2615=DIRECTION('ref_axis',(0.971951756378472,0.,0.235180320760056));
#2616=DIRECTION('center_axis',(0.,1.,0.));
#2617=DIRECTION('ref_axis',(0.971951756378472,0.,0.235180320760056));
#2618=DIRECTION('center_axis',(-0.76530814935039,0.,-0.643664071187666));
#2619=DIRECTION('ref_axis',(0.455139229542929,0.707106781186559,-0.541154582102981));
#2620=DIRECTION('',(0.76530814935039,0.,0.643664071187666));
#2621=DIRECTION('',(-0.76530814935039,0.,-0.643664071187666));
#2622=DIRECTION('center_axis',(-0.919554786179086,0.,-0.392961824119258));
#2623=DIRECTION('ref_axis',(0.277865970582156,0.707106781186555,-0.650223424979772));
#2624=DIRECTION('',(-0.919554786179086,0.,-0.392961824119258));
#2625=DIRECTION('center_axis',(0.919554786179088,0.,0.392961824119253));
#2626=DIRECTION('ref_axis',(0.392961824119253,0.,-0.919554786179088));
#2627=DIRECTION('',(0.919554786179086,0.,0.392961824119258));
#2628=DIRECTION('center_axis',(-0.997055767285673,0.,0.0766798338703031));
#2629=DIRECTION('ref_axis',(0.0766798338703031,0.,0.997055767285673));
#2630=DIRECTION('center_axis',(-0.240811050283462,0.,-0.970572015906793));
#2631=DIRECTION('ref_axis',(-0.970572015906793,0.,0.240811050283462));
#2632=DIRECTION('center_axis',(0.,-1.,0.));
#2633=DIRECTION('ref_axis',(-0.648089964450595,0.,-0.761563784576464));
#2634=DIRECTION('center_axis',(0.,1.,0.));
#2635=DIRECTION('ref_axis',(-0.648089964450595,0.,-0.761563784576464));
#2636=DIRECTION('center_axis',(0.240811050283464,0.,0.970572015906793));
#2637=DIRECTION('ref_axis',(-0.686298054077582,0.707106781186557,0.170279126640089));
#2638=DIRECTION('',(-0.240811050283464,0.,-0.970572015906792));
#2639=DIRECTION('',(0.240811050283464,0.,0.970572015906792));
#2640=DIRECTION('center_axis',(0.848654133291004,0.,-0.528948165747926));
#2641=DIRECTION('ref_axis',(-0.528948165747926,0.,-0.848654133291004));
#2642=DIRECTION('center_axis',(0.,-1.,0.));
#2643=DIRECTION('ref_axis',(0.524019386996757,0.,-0.85170633557086));
#2644=DIRECTION('center_axis',(0.,1.,0.));
#2645=DIRECTION('ref_axis',(0.524019386996757,0.,-0.85170633557086));
#2646=DIRECTION('center_axis',(-0.848654133291008,0.,0.528948165747919));
#2647=DIRECTION('ref_axis',(-0.374022834896544,0.707106781186554,-0.600089092532053));
#2648=DIRECTION('',(0.848654133291008,0.,-0.528948165747919));
#2649=DIRECTION('',(-0.848654133291008,0.,0.528948165747919));
#2650=DIRECTION('center_axis',(0.,1.,0.));
#2651=DIRECTION('ref_axis',(-0.858413535844081,0.,0.512958284346459));
#2652=DIRECTION('',(0.,1.,0.));
#2653=DIRECTION('center_axis',(0.,-1.,0.));
#2654=DIRECTION('ref_axis',(-0.858413535844081,0.,0.512958284346459));
#2655=DIRECTION('',(0.,1.,0.));
#2656=DIRECTION('center_axis',(-0.858413535844085,0.,0.512958284346453));
#2657=DIRECTION('ref_axis',(0.512958284346453,0.,0.858413535844085));
#2658=DIRECTION('',(0.,1.,0.));
#2659=DIRECTION('',(-0.512958284346453,0.,-0.858413535844085));
#2660=DIRECTION('center_axis',(-0.0708983286119819,0.,0.997483547232749));
#2661=DIRECTION('ref_axis',(0.997483547232749,0.,0.0708983286119818));
#2662=DIRECTION('',(0.,1.,0.));
#2663=DIRECTION('',(-0.997483547232749,0.,-0.0708983286119818));
#2664=DIRECTION('center_axis',(0.,1.,0.));
#2665=DIRECTION('ref_axis',(-0.753116689692593,0.,-0.657886959672002));
#2666=DIRECTION('',(0.,1.,0.));
#2667=DIRECTION('center_axis',(0.,-1.,0.));
#2668=DIRECTION('ref_axis',(-0.753116689692593,0.,-0.657886959672002));
#2669=DIRECTION('center_axis',(-0.753116689692587,0.,-0.657886959672009));
#2670=DIRECTION('ref_axis',(-0.657886959672009,0.,0.753116689692587));
#2671=DIRECTION('',(0.,1.,0.));
#2672=DIRECTION('',(0.657886959672009,0.,-0.753116689692587));
#2673=DIRECTION('center_axis',(-0.970572015906793,0.,0.240811050283464));
#2674=DIRECTION('ref_axis',(0.240811050283464,0.,0.970572015906792));
#2675=DIRECTION('',(0.,1.,0.));
#2676=DIRECTION('',(-0.240811050283464,0.,-0.970572015906792));
#2677=DIRECTION('center_axis',(0.,1.,0.));
#2678=DIRECTION('ref_axis',(0.392961824119258,0.,-0.919554786179086));
#2679=DIRECTION('',(0.,1.,0.));
#2680=DIRECTION('center_axis',(0.,-1.,0.));
#2681=DIRECTION('ref_axis',(0.392961824119258,0.,-0.919554786179086));
#2682=DIRECTION('center_axis',(0.392961824119258,0.,-0.919554786179086));
#2683=DIRECTION('ref_axis',(-0.919554786179086,0.,-0.392961824119258));
#2684=DIRECTION('',(0.,1.,0.));
#2685=DIRECTION('',(0.919554786179086,0.,0.392961824119258));
#2686=DIRECTION('center_axis',(0.,1.,0.));
#2687=DIRECTION('ref_axis',(-1.,0.,0.));
#2688=DIRECTION('center_axis',(0.0547570666106616,0.,-0.998499706387636));
#2689=DIRECTION('ref_axis',(0.706045913399465,0.707106781186556,0.0387190931182855));
#2690=DIRECTION('',(0.0547570666106616,0.,-0.998499706387636));
#2691=DIRECTION('center_axis',(-0.0547570666106613,0.,0.998499706387636));
#2692=DIRECTION('ref_axis',(0.998499706387636,0.,0.0547570666106613));
#2693=DIRECTION('',(-0.0547570666106616,0.,0.998499706387636));
#2694=DIRECTION('center_axis',(-0.41306863048176,0.,-0.910699899259862));
#2695=DIRECTION('ref_axis',(-0.910699899259862,0.,0.41306863048176));
#2696=DIRECTION('center_axis',(-0.787305496433673,0.,-0.616563099192068));
#2697=DIRECTION('ref_axis',(0.4359759484681,0.707106781186554,-0.556709055393687));
#2698=DIRECTION('',(0.787305496433673,0.,0.616563099192068));
#2699=DIRECTION('center_axis',(-0.787305496433674,0.,-0.616563099192067));
#2700=DIRECTION('ref_axis',(0.,1.,0.));
#2701=DIRECTION('',(-0.787305496433673,0.,-0.616563099192068));
#2702=DIRECTION('center_axis',(-0.932708788133944,0.,-0.360630443165451));
#2703=DIRECTION('ref_axis',(0.2550042318646,0.707106781186556,-0.659524708961789));
#2704=DIRECTION('',(-0.932708788133944,0.,-0.360630443165451));
#2705=DIRECTION('center_axis',(0.932708788133942,0.,0.360630443165456));
#2706=DIRECTION('ref_axis',(0.360630443165456,0.,-0.932708788133942));
#2707=DIRECTION('',(0.932708788133944,0.,0.360630443165451));
#2708=DIRECTION('center_axis',(-0.993772300242484,0.,0.111429867049921));
#2709=DIRECTION('ref_axis',(0.111429867049921,0.,0.993772300242484));
#2710=DIRECTION('center_axis',(-0.829677131356562,0.,0.558243546943399));
#2711=DIRECTION('ref_axis',(-0.394737797597306,0.707106781186553,-0.586670325777621));
#2712=DIRECTION('',(0.829677131356562,0.,-0.558243546943399));
#2713=DIRECTION('center_axis',(-0.829677131356565,0.,0.558243546943393));
#2714=DIRECTION('ref_axis',(0.,1.,0.));
#2715=DIRECTION('',(-0.829677131356562,0.,0.558243546943399));
#2716=DIRECTION('center_axis',(-0.631202799283163,0.,0.77561783513345));
#2717=DIRECTION('ref_axis',(-0.548444630832085,0.707106781186557,-0.446327779677049));
#2718=DIRECTION('',(-0.631202799283163,0.,0.77561783513345));
#2719=DIRECTION('center_axis',(0.631202799283162,0.,-0.77561783513345));
#2720=DIRECTION('ref_axis',(-0.77561783513345,0.,-0.631202799283162));
#2721=DIRECTION('',(0.631202799283163,0.,-0.77561783513345));
#2722=DIRECTION('center_axis',(-0.201116428146277,0.,0.979567344458605));
#2723=DIRECTION('ref_axis',(0.979567344458605,0.,0.201116428146277));
#2724=DIRECTION('center_axis',(0.274536829566807,0.,0.961576585203387));
#2725=DIRECTION('ref_axis',(-0.679937324027505,0.707106781186561,0.194126853872144));
#2726=DIRECTION('',(-0.274536829566807,0.,-0.961576585203387));
#2727=DIRECTION('center_axis',(0.274536829566808,0.,0.961576585203386));
#2728=DIRECTION('ref_axis',(0.,1.,0.));
#2729=DIRECTION('',(0.274536829566807,0.,0.961576585203387));
#2730=DIRECTION('center_axis',(0.54260400438287,0.,0.839988627558537));
#2731=DIRECTION('ref_axis',(-0.593961654666217,0.707106781186554,0.3836789709981));
#2732=DIRECTION('',(0.54260400438287,0.,0.839988627558537));
#2733=DIRECTION('center_axis',(-0.542604004382872,0.,-0.839988627558536));
#2734=DIRECTION('ref_axis',(-0.839988627558536,0.,0.542604004382872));
#2735=DIRECTION('',(-0.54260400438287,0.,-0.839988627558537));
#2736=DIRECTION('center_axis',(0.869475511952097,0.,0.493976046094989));
#2737=DIRECTION('ref_axis',(0.493976046094989,0.,-0.869475511952097));
#2738=DIRECTION('center_axis',(0.999350223192485,0.,0.036043465498353));
#2739=DIRECTION('ref_axis',(-0.0254865788713447,0.707106781186556,0.706647319599688));
#2740=DIRECTION('',(-0.999350223192485,0.,-0.036043465498353));
#2741=DIRECTION('center_axis',(0.999350223192485,0.,0.0360434654983475));
#2742=DIRECTION('ref_axis',(0.,1.,0.));
#2743=DIRECTION('',(0.999350223192485,0.,0.036043465498353));
#2744=DIRECTION('center_axis',(0.,1.,0.));
#2745=DIRECTION('ref_axis',(0.,0.,-1.));
#2746=DIRECTION('center_axis',(0.,1.,0.));
#2747=DIRECTION('ref_axis',(-0.775617835133455,0.,-0.631202799283157));
#2748=DIRECTION('center_axis',(-0.893719404290772,-0.374742431579682,0.246644960151016));
#2749=DIRECTION('ref_axis',(-0.448626377283096,0.746533417723081,-0.49134736167862));
#2750=DIRECTION('center_axis',(0.,1.,0.));
#2751=DIRECTION('ref_axis',(0.360630443165446,0.,-0.932708788133946));
#2752=DIRECTION('center_axis',(0.966550516423574,0.,-0.256476313138898));
#2753=DIRECTION('ref_axis',(0.181356140234237,0.707106781186553,0.683454424522463));
#2754=DIRECTION('',(0.966550516423574,0.,-0.256476313138898));
#2755=DIRECTION('center_axis',(-0.966550516423574,0.,0.256476313138897));
#2756=DIRECTION('ref_axis',(0.256476313138897,0.,0.966550516423574));
#2757=DIRECTION('',(-0.966550516423574,0.,0.256476313138898));
#2758=DIRECTION('center_axis',(0.738481846918403,0.,-0.67427335834362));
#2759=DIRECTION('ref_axis',(-0.67427335834362,0.,-0.738481846918403));
#2760=DIRECTION('center_axis',(0.343095575030944,0.,-0.93930049845307));
#2761=DIRECTION('ref_axis',(0.664185752028065,0.707106781186553,0.242605207699475));
#2762=DIRECTION('',(-0.343095575030944,0.,0.93930049845307));
#2763=DIRECTION('center_axis',(0.343095575030943,0.,-0.939300498453071));
#2764=DIRECTION('ref_axis',(0.,1.,0.));
#2765=DIRECTION('',(0.343095575030944,0.,-0.93930049845307));
#2766=DIRECTION('center_axis',(-0.997247870493712,0.055500456113666,0.049156730637143));
#2767=DIRECTION('ref_axis',(0.0741396303993814,0.746533417723079,0.661204334095703));
#2768=DIRECTION('center_axis',(0.,1.,0.));
#2769=DIRECTION('ref_axis',(-0.839988627558529,0.,0.542604004382883));
#2770=DIRECTION('center_axis',(-0.944446241412637,0.259792557026904,-0.201318465111785));
#2771=DIRECTION('ref_axis',(0.328665935383537,0.746533417723093,-0.57850372439695));
#2772=DIRECTION('center_axis',(0.,1.,0.));
#2773=DIRECTION('ref_axis',(0.998499706387636,0.,0.0547570666106668));
#2774=DIRECTION('center_axis',(0.,0.,1.));
#2775=DIRECTION('ref_axis',(1.,0.,0.));
#2776=DIRECTION('center_axis',(0.,1.,0.));
#2777=DIRECTION('ref_axis',(0.256476313138908,0.,0.966550516423571));
#2778=DIRECTION('center_axis',(0.,1.,0.));
#2779=DIRECTION('ref_axis',(0.360630443165446,0.,-0.932708788133946));
#2780=DIRECTION('',(0.,1.,0.));
#2781=DIRECTION('center_axis',(0.,-1.,0.));
#2782=DIRECTION('ref_axis',(0.360630443165446,0.,-0.932708788133946));
#2783=DIRECTION('',(0.,1.,0.));
#2784=DIRECTION('center_axis',(0.360630443165451,0.,-0.932708788133944));
#2785=DIRECTION('ref_axis',(-0.932708788133944,0.,-0.360630443165451));
#2786=DIRECTION('',(0.,1.,0.));
#2787=DIRECTION('',(0.932708788133944,0.,0.360630443165451));
#2788=DIRECTION('center_axis',(-0.558243546943399,0.,-0.829677131356562));
#2789=DIRECTION('ref_axis',(-0.829677131356562,0.,0.558243546943399));
#2790=DIRECTION('',(0.,1.,0.));
#2791=DIRECTION('',(0.829677131356562,0.,-0.558243546943399));
#2792=DIRECTION('center_axis',(0.,1.,0.));
#2793=DIRECTION('ref_axis',(0.998499706387636,0.,0.0547570666106668));
#2794=DIRECTION('',(0.,1.,0.));
#2795=DIRECTION('center_axis',(0.,-1.,0.));
#2796=DIRECTION('ref_axis',(0.998499706387636,0.,0.0547570666106668));
#2797=DIRECTION('center_axis',(0.998499706387636,0.,0.0547570666106616));
#2798=DIRECTION('ref_axis',(0.0547570666106616,0.,-0.998499706387636));
#2799=DIRECTION('',(0.,1.,0.));
#2800=DIRECTION('',(-0.0547570666106616,0.,0.998499706387636));
#2801=DIRECTION('center_axis',(0.616563099192068,0.,-0.787305496433673));
#2802=DIRECTION('ref_axis',(-0.787305496433673,0.,-0.616563099192068));
#2803=DIRECTION('',(0.,1.,0.));
#2804=DIRECTION('',(0.787305496433673,0.,0.616563099192068));
#2805=DIRECTION('center_axis',(0.,1.,0.));
#2806=DIRECTION('ref_axis',(0.256476313138908,0.,0.966550516423571));
#2807=DIRECTION('',(0.,1.,0.));
#2808=DIRECTION('center_axis',(0.,-1.,0.));
#2809=DIRECTION('ref_axis',(0.256476313138908,0.,0.966550516423571));
#2810=DIRECTION('center_axis',(0.256476313138898,0.,0.966550516423574));
#2811=DIRECTION('ref_axis',(0.966550516423574,0.,-0.256476313138898));
#2812=DIRECTION('',(0.,1.,0.));
#2813=DIRECTION('',(-0.966550516423574,0.,0.256476313138898));
#2814=DIRECTION('center_axis',(0.,1.,0.));
#2815=DIRECTION('ref_axis',(-1.,0.,0.));
#2816=DIRECTION('center_axis',(-0.881806722943906,0.,-0.471610966126668));
#2817=DIRECTION('ref_axis',(0.333479312230102,0.707106781186556,-0.623531513489516));
#2818=DIRECTION('',(-0.881806722943906,0.,-0.471610966126668));
#2819=DIRECTION('center_axis',(0.881806722943907,0.,0.471610966126667));
#2820=DIRECTION('ref_axis',(0.471610966126667,0.,-0.881806722943907));
#2821=DIRECTION('',(0.881806722943906,0.,0.471610966126668));
#2822=DIRECTION('center_axis',(-0.999944756946518,9.11691903088372E-18,
-0.0105110920064653));
#2823=DIRECTION('ref_axis',(-0.0105110920064653,1.7486107890877E-17,0.999944756946518));
#2824=DIRECTION('center_axis',(0.176035419347274,0.,-0.984383833235405));
#2825=DIRECTION('ref_axis',(0.696064483771154,0.707106781186556,0.124475838749473));
#2826=DIRECTION('',(0.176035419347274,0.,-0.984383833235405));
#2827=DIRECTION('center_axis',(-0.176035419347272,0.,0.984383833235405));
#2828=DIRECTION('ref_axis',(0.984383833235405,0.,0.176035419347272));
#2829=DIRECTION('',(-0.176035419347274,0.,0.984383833235405));
#2830=DIRECTION('center_axis',(-0.299003280786459,1.32429079242685E-15,
-0.954252083088601));
#2831=DIRECTION('ref_axis',(-0.954252083088601,2.53996899575701E-15,0.299003280786459));
#2832=DIRECTION('center_axis',(0.990602595324362,0.,-0.136771700788719));
#2833=DIRECTION('ref_axis',(0.0967121971021191,0.707106781186557,0.70046181261484));
#2834=DIRECTION('',(0.990602595324362,0.,-0.136771700788719));
#2835=DIRECTION('center_axis',(-0.990602595324362,0.,0.136771700788718));
#2836=DIRECTION('ref_axis',(0.136771700788718,0.,0.990602595324362));
#2837=DIRECTION('',(-0.990602595324362,0.,0.136771700788719));
#2838=DIRECTION('center_axis',(0.815150566672757,0.,-0.579249129177665));
#2839=DIRECTION('ref_axis',(-0.579249129177665,0.,-0.815150566672757));
#2840=DIRECTION('center_axis',(0.70629690058492,0.,0.707915735256772));
#2841=DIRECTION('ref_axis',(0.707915735256772,0.,-0.70629690058492));
#2842=DIRECTION('center_axis',(0.,-1.,0.));
#2843=DIRECTION('ref_axis',(0.947755870969721,0.,0.318996565878736));
#2844=DIRECTION('center_axis',(0.,1.,0.));
#2845=DIRECTION('ref_axis',(0.947755870969721,0.,0.318996565878736));
#2846=DIRECTION('center_axis',(-0.706296900584922,0.,-0.70791573525677));
#2847=DIRECTION('ref_axis',(0.500572016908717,0.707106781186555,-0.499427327934634));
#2848=DIRECTION('',(0.706296900584922,0.,0.70791573525677));
#2849=DIRECTION('',(-0.706296900584922,0.,-0.70791573525677));
#2850=DIRECTION('center_axis',(0.43619065390704,0.,0.899854273448845));
#2851=DIRECTION('ref_axis',(-0.636293058835365,0.707106781186555,0.30843336926786));
#2852=DIRECTION('',(0.43619065390704,0.,0.899854273448845));
#2853=DIRECTION('center_axis',(-0.436190653907037,0.,-0.899854273448847));
#2854=DIRECTION('ref_axis',(-0.899854273448846,0.,0.436190653907037));
#2855=DIRECTION('',(-0.43619065390704,0.,-0.899854273448845));
#2856=DIRECTION('center_axis',(0.802794036938966,0.,0.596256433303019));
#2857=DIRECTION('ref_axis',(0.596256433303019,0.,-0.802794036938966));
#2858=DIRECTION('center_axis',(-0.455010127648729,0.,0.89048626252014));
#2859=DIRECTION('ref_axis',(0.89048626252014,0.,0.455010127648729));
#2860=DIRECTION('center_axis',(0.,-1.,0.));
#2861=DIRECTION('ref_axis',(-0.010511092006471,0.,0.999944756946518));
#2862=DIRECTION('center_axis',(0.,1.,0.));
#2863=DIRECTION('ref_axis',(-0.010511092006471,0.,0.999944756946518));
#2864=DIRECTION('center_axis',(0.455010127648732,0.,-0.890486262520139));
#2865=DIRECTION('ref_axis',(0.629668874781446,0.707106781186558,0.321740746768967));
#2866=DIRECTION('',(-0.455010127648732,0.,0.890486262520139));
#2867=DIRECTION('',(0.455010127648732,0.,-0.890486262520139));
#2868=DIRECTION('center_axis',(0.891525618358918,0.,-0.452970276960584));
#2869=DIRECTION('ref_axis',(-0.452970276960584,0.,-0.891525618358918));
#2870=DIRECTION('center_axis',(0.,-1.,0.));
#2871=DIRECTION('ref_axis',(0.596256433303021,0.,-0.802794036938965));
#2872=DIRECTION('center_axis',(0.,1.,0.));
#2873=DIRECTION('ref_axis',(0.596256433303021,0.,-0.802794036938965));
#2874=DIRECTION('center_axis',(-0.891525618358919,0.,0.452970276960583));
#2875=DIRECTION('ref_axis',(-0.320298354514774,0.707106781186554,-0.630403810343115));
#2876=DIRECTION('',(0.891525618358919,0.,-0.452970276960583));
#2877=DIRECTION('',(-0.891525618358919,0.,0.452970276960583));
#2878=DIRECTION('center_axis',(-0.721021945634769,0.,0.692912226701949));
#2879=DIRECTION('ref_axis',(-0.489962934268012,0.707106781186556,-0.509839507142657));
#2880=DIRECTION('',(-0.721021945634769,0.,0.692912226701949));
#2881=DIRECTION('center_axis',(0.721021945634772,0.,-0.692912226701945));
#2882=DIRECTION('ref_axis',(-0.692912226701945,0.,-0.721021945634772));
#2883=DIRECTION('',(0.721021945634769,0.,-0.692912226701949));
#2884=DIRECTION('center_axis',(-0.31899656587873,1.31527548709282E-15,0.947755870969723));
#2885=DIRECTION('ref_axis',(0.947755870969723,2.52267778134491E-15,0.31899656587873));
#2886=DIRECTION('center_axis',(-0.987508624697267,0.,-0.157564958504462));
#2887=DIRECTION('ref_axis',(-0.157564958504462,0.,0.987508624697267));
#2888=DIRECTION('center_axis',(0.,-1.,0.));
#2889=DIRECTION('ref_axis',(-0.954252083088598,0.,0.299003280786467));
#2890=DIRECTION('center_axis',(0.,1.,0.));
#2891=DIRECTION('ref_axis',(-0.954252083088599,0.,0.299003280786467));
#2892=DIRECTION('center_axis',(0.987508624697267,0.,0.157564958504463));
#2893=DIRECTION('ref_axis',(-0.111415250635882,0.707106781186556,0.69827404500363));
#2894=DIRECTION('',(-0.987508624697267,0.,-0.157564958504463));
#2895=DIRECTION('',(0.987508624697267,0.,0.157564958504463));
#2896=DIRECTION('center_axis',(-0.155303766597845,0.,-0.987866762311863));
#2897=DIRECTION('ref_axis',(-0.987866762311863,0.,0.155303766597845));
#2898=DIRECTION('center_axis',(0.,-1.,0.));
#2899=DIRECTION('ref_axis',(-0.579249129177667,0.,-0.815150566672756));
#2900=DIRECTION('center_axis',(0.,1.,0.));
#2901=DIRECTION('ref_axis',(-0.579249129177667,0.,-0.815150566672756));
#2902=DIRECTION('center_axis',(0.155303766597843,0.,0.987866762311863));
#2903=DIRECTION('ref_axis',(-0.69852728653951,0.707106781186555,0.109816346505146));
#2904=DIRECTION('',(-0.155303766597843,0.,-0.987866762311863));
#2905=DIRECTION('',(0.155303766597843,0.,0.987866762311863));
#2906=DIRECTION('center_axis',(0.,1.,0.));
#2907=DIRECTION('ref_axis',(0.136771700788728,0.,0.990602595324361));
#2908=DIRECTION('',(0.,1.,0.));
#2909=DIRECTION('center_axis',(0.,-1.,0.));
#2910=DIRECTION('ref_axis',(0.136771700788728,0.,0.990602595324361));
#2911=DIRECTION('',(0.,1.,0.));
#2912=DIRECTION('center_axis',(0.136771700788719,0.,0.990602595324362));
#2913=DIRECTION('ref_axis',(0.990602595324362,0.,-0.136771700788719));
#2914=DIRECTION('',(0.,1.,0.));
#2915=DIRECTION('',(-0.990602595324362,0.,0.136771700788719));
#2916=DIRECTION('center_axis',(0.890486262520139,0.,0.455010127648732));
#2917=DIRECTION('ref_axis',(0.455010127648732,0.,-0.890486262520139));
#2918=DIRECTION('',(0.,1.,0.));
#2919=DIRECTION('',(-0.455010127648732,0.,0.890486262520139));
#2920=DIRECTION('center_axis',(0.,1.,0.));
#2921=DIRECTION('ref_axis',(-0.899854273448841,0.,0.436190653907048));
#2922=DIRECTION('',(0.,1.,0.));
#2923=DIRECTION('center_axis',(0.,-1.,0.));
#2924=DIRECTION('ref_axis',(-0.899854273448841,0.,0.436190653907048));
#2925=DIRECTION('center_axis',(-0.899854273448845,0.,0.43619065390704));
#2926=DIRECTION('ref_axis',(0.43619065390704,0.,0.899854273448845));
#2927=DIRECTION('',(0.,1.,0.));
#2928=DIRECTION('',(-0.43619065390704,0.,-0.899854273448845));
#2929=DIRECTION('center_axis',(-0.157564958504463,0.,0.987508624697267));
#2930=DIRECTION('ref_axis',(0.987508624697267,0.,0.157564958504463));
#2931=DIRECTION('',(0.,1.,0.));
#2932=DIRECTION('',(-0.987508624697267,0.,-0.157564958504463));
#2933=DIRECTION('center_axis',(0.,1.,0.));
#2934=DIRECTION('ref_axis',(-0.692912226701956,0.,-0.721021945634761));
#2935=DIRECTION('',(0.,1.,0.));
#2936=DIRECTION('center_axis',(0.,-1.,0.));
#2937=DIRECTION('ref_axis',(-0.692912226701956,0.,-0.721021945634761));
#2938=DIRECTION('center_axis',(-0.692912226701949,0.,-0.721021945634769));
#2939=DIRECTION('ref_axis',(-0.721021945634769,0.,0.692912226701949));
#2940=DIRECTION('',(0.,1.,0.));
#2941=DIRECTION('',(0.721021945634769,0.,-0.692912226701949));
#2942=DIRECTION('center_axis',(0.,1.,0.));
#2943=DIRECTION('ref_axis',(-1.,0.,0.));
#2944=DIRECTION('center_axis',(0.644643061738288,0.,-0.764483696982929));
#2945=DIRECTION('ref_axis',(0.540571606243184,0.707106781186558,0.455831480399993));
#2946=DIRECTION('',(0.644643061738288,0.,-0.764483696982929));
#2947=DIRECTION('center_axis',(-0.644643061738292,0.,0.764483696982925));
#2948=DIRECTION('ref_axis',(0.764483696982925,0.,0.644643061738292));
#2949=DIRECTION('',(-0.644643061738288,0.,0.764483696982929));
#2950=DIRECTION('center_axis',(0.218181604568324,-6.05575602353536E-16,
-0.975908185962179));
#2951=DIRECTION('ref_axis',(-0.975908185962179,-1.16148451938269E-15,-0.218181604568324));
#2952=DIRECTION('center_axis',(0.926272863000053,0.,0.376853530260345));
#2953=DIRECTION('ref_axis',(-0.266475686761177,0.707106781186555,0.654973822656409));
#2954=DIRECTION('',(0.926272863000053,0.,0.376853530260345));
#2955=DIRECTION('center_axis',(-0.926272863000053,0.,-0.376853530260345));
#2956=DIRECTION('ref_axis',(-0.376853530260345,0.,0.926272863000053));
#2957=DIRECTION('',(-0.926272863000053,0.,-0.376853530260345));
#2958=DIRECTION('center_axis',(0.995565663236721,0.,-0.0940691776514925));
#2959=DIRECTION('ref_axis',(-0.0940691776514925,0.,-0.995565663236721));
#2960=DIRECTION('center_axis',(-0.0721749495475798,0.,0.997391987464209));
#2961=DIRECTION('ref_axis',(-0.705262637837061,0.707106781186556,-0.0510353962568956));
#2962=DIRECTION('',(-0.0721749495475798,0.,0.997391987464209));
#2963=DIRECTION('center_axis',(0.0721749495475849,0.,-0.997391987464208));
#2964=DIRECTION('ref_axis',(-0.997391987464208,0.,-0.0721749495475849));
#2965=DIRECTION('',(0.0721749495475798,0.,-0.997391987464209));
#2966=DIRECTION('center_axis',(0.397111813344302,-1.10220669631373E-15,
0.917770236879798));
#2967=DIRECTION('ref_axis',(0.917770236879798,-2.11401517820882E-15,-0.397111813344302));
#2968=DIRECTION('center_axis',(-0.839293460783069,0.,0.543678661239136));
#2969=DIRECTION('ref_axis',(0.543678661239136,0.,0.839293460783069));
#2970=DIRECTION('center_axis',(0.,-1.,0.));
#2971=DIRECTION('ref_axis',(-0.509075251172379,0.,0.860722015893505));
#2972=DIRECTION('center_axis',(0.,1.,0.));
#2973=DIRECTION('ref_axis',(-0.509075251172379,0.,0.860722015893505));
#2974=DIRECTION('center_axis',(0.839293460783071,0.,-0.543678661239133));
#2975=DIRECTION('ref_axis',(0.384438868148611,0.707106781186558,0.593470097525225));
#2976=DIRECTION('',(-0.839293460783071,0.,0.543678661239133));
#2977=DIRECTION('',(0.839293460783071,0.,-0.543678661239133));
#2978=DIRECTION('center_axis',(-0.970879434956766,0.,0.239568618099345));
#2979=DIRECTION('ref_axis',(-0.169400594417535,0.707106781186561,-0.68651543217248));
#2980=DIRECTION('',(-0.970879434956766,0.,0.239568618099345));
#2981=DIRECTION('center_axis',(0.970879434956766,0.,-0.239568618099346));
#2982=DIRECTION('ref_axis',(-0.239568618099346,0.,-0.970879434956766));
#2983=DIRECTION('',(0.970879434956766,0.,-0.239568618099345));
#2984=DIRECTION('center_axis',(-0.750137065255834,2.08204860367942E-15,
0.661282377906266));
#2985=DIRECTION('ref_axis',(0.661282377906265,3.99333660797675E-15,0.750137065255834));
#2986=DIRECTION('center_axis',(-0.776425076191834,0.,-0.63020956915974));
#2987=DIRECTION('ref_axis',(-0.63020956915974,0.,0.776425076191834));
#2988=DIRECTION('center_axis',(0.,-1.,0.));
#2989=DIRECTION('ref_axis',(-0.975908185962178,0.,-0.218181604568329));
#2990=DIRECTION('center_axis',(0.,1.,0.));
#2991=DIRECTION('ref_axis',(-0.975908185962178,0.,-0.218181604568329));
#2992=DIRECTION('center_axis',(0.776425076191835,0.,0.630209569159739));
#2993=DIRECTION('ref_axis',(-0.445625459921499,0.707106781186556,0.549015436458521));
#2994=DIRECTION('',(-0.776425076191835,0.,-0.630209569159739));
#2995=DIRECTION('',(0.776425076191835,0.,0.630209569159739));
#2996=DIRECTION('center_axis',(0.257713190892367,0.,0.966221460763564));
#2997=DIRECTION('ref_axis',(0.966221460763563,0.,-0.257713190892367));
#2998=DIRECTION('center_axis',(0.,-1.,0.));
#2999=DIRECTION('ref_axis',(0.661282377906256,0.,0.750137065255842));
#3000=DIRECTION('center_axis',(0.,1.,0.));
#3001=DIRECTION('ref_axis',(0.661282377906256,0.,0.750137065255842));
#3002=DIRECTION('center_axis',(-0.25771319089237,0.,-0.966221460763563));
#3003=DIRECTION('ref_axis',(0.68322174703388,0.707106781186554,-0.182230744881217));
#3004=DIRECTION('',(0.25771319089237,0.,0.966221460763563));
#3005=DIRECTION('',(-0.25771319089237,0.,-0.966221460763563));
#3006=DIRECTION('center_axis',(-0.527861540233995,0.,-0.84933043884097));
#3007=DIRECTION('ref_axis',(0.600567312772592,0.707106781186556,-0.373254474627024));
#3008=DIRECTION('',(-0.527861540233995,0.,-0.84933043884097));
#3009=DIRECTION('center_axis',(0.527861540233998,0.,0.849330438840968));
#3010=DIRECTION('ref_axis',(0.849330438840968,0.,-0.527861540233998));
#3011=DIRECTION('',(0.527861540233995,0.,0.84933043884097));
#3012=DIRECTION('center_axis',(-0.860722015893506,5.97245874904218E-16,
-0.509075251172378));
#3013=DIRECTION('ref_axis',(-0.509075251172378,1.14550823261443E-15,0.860722015893506));
#3014=DIRECTION('center_axis',(0.359436373978793,0.,-0.933169595015278));
#3015=DIRECTION('ref_axis',(-0.933169595015278,0.,-0.359436373978793));
#3016=DIRECTION('center_axis',(0.,-1.,0.));
#3017=DIRECTION('ref_axis',(-0.0940691776514963,0.,-0.99556566323672));
#3018=DIRECTION('center_axis',(0.,1.,0.));
#3019=DIRECTION('ref_axis',(-0.0940691776514963,0.,-0.995565663236721));
#3020=DIRECTION('center_axis',(-0.35943637397879,0.,0.933169595015279));
#3021=DIRECTION('ref_axis',(-0.659850548632401,0.707106781186554,-0.254159897445506));
#3022=DIRECTION('',(0.35943637397879,0.,-0.933169595015279));
#3023=DIRECTION('',(-0.35943637397879,0.,0.933169595015279));
#3024=DIRECTION('center_axis',(0.998568972103746,0.,0.0534790421723215));
#3025=DIRECTION('ref_axis',(0.0534790421723215,0.,-0.998568972103746));
#3026=DIRECTION('center_axis',(0.,-1.,0.));
#3027=DIRECTION('ref_axis',(0.917770236879799,0.,-0.3971118133443));
#3028=DIRECTION('center_axis',(0.,1.,0.));
#3029=DIRECTION('ref_axis',(0.917770236879799,0.,-0.3971118133443));
#3030=DIRECTION('center_axis',(-0.998568972103746,0.,-0.053479042172322));
#3031=DIRECTION('ref_axis',(0.0378153933714096,0.707106781186553,-0.706094891657033));
#3032=DIRECTION('',(0.998568972103746,0.,0.053479042172322));
#3033=DIRECTION('',(-0.998568972103746,0.,-0.053479042172322));
#3034=DIRECTION('center_axis',(0.,1.,0.));
#3035=DIRECTION('ref_axis',(-0.99739198746421,0.,-0.0721749495475707));
#3036=DIRECTION('',(0.,1.,0.));
#3037=DIRECTION('center_axis',(0.,-1.,0.));
#3038=DIRECTION('ref_axis',(-0.99739198746421,0.,-0.0721749495475707));
#3039=DIRECTION('',(0.,1.,0.));
#3040=DIRECTION('center_axis',(-0.997391987464209,0.,-0.0721749495475798));
#3041=DIRECTION('ref_axis',(-0.0721749495475798,0.,0.997391987464209));
#3042=DIRECTION('',(0.,1.,0.));
#3043=DIRECTION('',(0.0721749495475798,0.,-0.997391987464209));
#3044=DIRECTION('center_axis',(-0.630209569159739,0.,0.776425076191835));
#3045=DIRECTION('ref_axis',(0.776425076191835,0.,0.630209569159739));
#3046=DIRECTION('',(0.,1.,0.));
#3047=DIRECTION('',(-0.776425076191835,0.,-0.630209569159739));
#3048=DIRECTION('center_axis',(0.,1.,0.));
#3049=DIRECTION('ref_axis',(-0.239568618099355,0.,-0.970879434956764));
#3050=DIRECTION('',(0.,1.,0.));
#3051=DIRECTION('center_axis',(0.,-1.,0.));
#3052=DIRECTION('ref_axis',(-0.239568618099355,0.,-0.970879434956764));
#3053=DIRECTION('center_axis',(-0.239568618099345,0.,-0.970879434956766));
#3054=DIRECTION('ref_axis',(-0.970879434956766,0.,0.239568618099345));
#3055=DIRECTION('',(0.,1.,0.));
#3056=DIRECTION('',(0.970879434956766,0.,-0.239568618099345));
#3057=DIRECTION('center_axis',(-0.933169595015279,0.,-0.35943637397879));
#3058=DIRECTION('ref_axis',(-0.35943637397879,0.,0.933169595015279));
#3059=DIRECTION('',(0.,1.,0.));
#3060=DIRECTION('',(0.35943637397879,0.,-0.933169595015279));
#3061=DIRECTION('center_axis',(0.,1.,0.));
#3062=DIRECTION('ref_axis',(0.849330438840969,0.,-0.527861540233996));
#3063=DIRECTION('',(0.,1.,0.));
#3064=DIRECTION('center_axis',(0.,-1.,0.));
#3065=DIRECTION('ref_axis',(0.849330438840969,0.,-0.527861540233996));
#3066=DIRECTION('center_axis',(0.84933043884097,0.,-0.527861540233995));
#3067=DIRECTION('ref_axis',(-0.527861540233995,0.,-0.84933043884097));
#3068=DIRECTION('',(0.,1.,0.));
#3069=DIRECTION('',(0.527861540233995,0.,0.84933043884097));
#3070=DIRECTION('center_axis',(0.,1.,0.));
#3071=DIRECTION('ref_axis',(-1.,0.,0.));
#3072=DIRECTION('center_axis',(-0.528948165747919,0.,-0.848654133291008));
#3073=DIRECTION('ref_axis',(-0.848654133291008,0.,0.528948165747919));
#3074=DIRECTION('',(0.,1.,0.));
#3075=DIRECTION('',(0.848654133291008,0.,-0.528948165747919));
#3076=DIRECTION('center_axis',(0.,1.,0.));
#3077=DIRECTION('ref_axis',(0.995980453279448,0.,0.0895708472956805));
#3078=DIRECTION('',(0.,1.,0.));
#3079=DIRECTION('center_axis',(0.,-1.,0.));
#3080=DIRECTION('ref_axis',(0.995980453279448,0.,0.0895708472956805));
#3081=DIRECTION('center_axis',(0.995980453279447,0.,0.0895708472956916));
#3082=DIRECTION('ref_axis',(0.0895708472956916,0.,-0.995980453279447));
#3083=DIRECTION('',(0.,1.,0.));
#3084=DIRECTION('',(-0.0895708472956916,0.,0.995980453279447));
#3085=DIRECTION('center_axis',(0.643664071187666,0.,-0.76530814935039));
#3086=DIRECTION('ref_axis',(-0.76530814935039,0.,-0.643664071187666));
#3087=DIRECTION('',(0.,1.,0.));
#3088=DIRECTION('',(0.76530814935039,0.,0.643664071187666));
#3089=DIRECTION('center_axis',(0.,1.,0.));
#3090=DIRECTION('ref_axis',(0.22258794813797,0.,0.97491261420895));
#3091=DIRECTION('',(0.,1.,0.));
#3092=DIRECTION('center_axis',(0.,-1.,0.));
#3093=DIRECTION('ref_axis',(0.22258794813797,0.,0.97491261420895));
#3094=DIRECTION('center_axis',(0.222587948137966,0.,0.974912614208951));
#3095=DIRECTION('ref_axis',(0.97491261420895,0.,-0.222587948137966));
#3096=DIRECTION('',(0.,1.,0.));
#3097=DIRECTION('',(-0.97491261420895,0.,0.222587948137966));
#3098=DIRECTION('center_axis',(0.926754439079028,0.,0.375667685125186));
#3099=DIRECTION('ref_axis',(0.375667685125186,0.,-0.926754439079028));
#3100=DIRECTION('',(-0.375667685125186,0.,0.926754439079028));
#3101=DIRECTION('center_axis',(0.,1.,0.));
#3102=DIRECTION('ref_axis',(-0.839988627558529,0.,0.542604004382883));
#3103=DIRECTION('',(0.,1.,0.));
#3104=DIRECTION('center_axis',(0.,-1.,0.));
#3105=DIRECTION('ref_axis',(-0.839988627558529,0.,0.542604004382883));
#3106=DIRECTION('',(0.,1.,0.));
#3107=DIRECTION('center_axis',(-0.839988627558537,0.,0.54260400438287));
#3108=DIRECTION('ref_axis',(0.54260400438287,0.,0.839988627558537));
#3109=DIRECTION('',(0.,1.,0.));
#3110=DIRECTION('',(-0.54260400438287,0.,-0.839988627558537));
#3111=DIRECTION('center_axis',(-0.036043465498353,0.,0.999350223192485));
#3112=DIRECTION('ref_axis',(0.999350223192485,0.,0.036043465498353));
#3113=DIRECTION('',(0.,1.,0.));
#3114=DIRECTION('',(-0.999350223192485,0.,-0.036043465498353));
#3115=DIRECTION('center_axis',(0.,1.,0.));
#3116=DIRECTION('ref_axis',(-0.775617835133455,0.,-0.631202799283157));
#3117=DIRECTION('',(0.,1.,0.));
#3118=DIRECTION('center_axis',(0.,-1.,0.));
#3119=DIRECTION('ref_axis',(-0.775617835133455,0.,-0.631202799283157));
#3120=DIRECTION('center_axis',(-0.77561783513345,0.,-0.631202799283163));
#3121=DIRECTION('ref_axis',(-0.631202799283163,0.,0.77561783513345));
#3122=DIRECTION('',(0.,1.,0.));
#3123=DIRECTION('',(0.631202799283163,0.,-0.77561783513345));
#3124=DIRECTION('center_axis',(-0.961576585203387,0.,0.274536829566807));
#3125=DIRECTION('ref_axis',(0.274536829566807,0.,0.961576585203387));
#3126=DIRECTION('',(-0.274536829566807,0.,-0.961576585203387));
#3127=DIRECTION('center_axis',(0.93930049845307,0.,0.343095575030944));
#3128=DIRECTION('ref_axis',(0.343095575030944,0.,-0.93930049845307));
#3129=DIRECTION('',(-0.343095575030944,0.,0.93930049845307));
#3130=DIRECTION('center_axis',(0.70791573525677,0.,-0.706296900584922));
#3131=DIRECTION('ref_axis',(-0.706296900584922,0.,-0.70791573525677));
#3132=DIRECTION('',(0.706296900584922,0.,0.70791573525677));
#3133=DIRECTION('',(0.,1.,0.));
#3134=DIRECTION('center_axis',(-0.987866762311863,0.,0.155303766597843));
#3135=DIRECTION('ref_axis',(0.155303766597843,0.,0.987866762311863));
#3136=DIRECTION('',(0.,1.,0.));
#3137=DIRECTION('',(-0.155303766597843,0.,-0.987866762311863));
#3138=DIRECTION('center_axis',(0.,1.,0.));
#3139=DIRECTION('ref_axis',(0.471610966126668,0.,-0.881806722943906));
#3140=DIRECTION('',(0.,1.,0.));
#3141=DIRECTION('center_axis',(0.,-1.,0.));
#3142=DIRECTION('ref_axis',(0.471610966126668,0.,-0.881806722943906));
#3143=DIRECTION('center_axis',(0.471610966126668,0.,-0.881806722943906));
#3144=DIRECTION('ref_axis',(-0.881806722943906,0.,-0.471610966126668));
#3145=DIRECTION('',(0.,1.,0.));
#3146=DIRECTION('',(0.881806722943906,0.,0.471610966126668));
#3147=DIRECTION('center_axis',(-0.452970276960583,0.,-0.891525618358919));
#3148=DIRECTION('ref_axis',(-0.891525618358919,0.,0.452970276960583));
#3149=DIRECTION('',(0.,1.,0.));
#3150=DIRECTION('',(0.891525618358919,0.,-0.452970276960583));
#3151=DIRECTION('center_axis',(0.,1.,0.));
#3152=DIRECTION('ref_axis',(0.984383833235407,0.,0.176035419347261));
#3153=DIRECTION('',(0.,1.,0.));
#3154=DIRECTION('center_axis',(0.,-1.,0.));
#3155=DIRECTION('ref_axis',(0.984383833235407,0.,0.176035419347261));
#3156=DIRECTION('center_axis',(0.984383833235405,0.,0.176035419347274));
#3157=DIRECTION('ref_axis',(0.176035419347274,0.,-0.984383833235405));
#3158=DIRECTION('',(-0.176035419347274,0.,0.984383833235405));
#3159=DIRECTION('center_axis',(0.,1.,0.));
#3160=DIRECTION('ref_axis',(0.764483696982936,0.,0.644643061738278));
#3161=DIRECTION('',(0.,1.,0.));
#3162=DIRECTION('center_axis',(0.,-1.,0.));
#3163=DIRECTION('ref_axis',(0.764483696982936,0.,0.644643061738278));
#3164=DIRECTION('',(0.,1.,0.));
#3165=DIRECTION('center_axis',(0.764483696982929,0.,0.644643061738288));
#3166=DIRECTION('ref_axis',(0.644643061738288,0.,-0.764483696982929));
#3167=DIRECTION('',(0.,1.,0.));
#3168=DIRECTION('',(-0.644643061738288,0.,0.764483696982929));
#3169=DIRECTION('center_axis',(0.966221460763563,0.,-0.25771319089237));
#3170=DIRECTION('ref_axis',(-0.25771319089237,0.,-0.966221460763563));
#3171=DIRECTION('',(0.,1.,0.));
#3172=DIRECTION('',(0.25771319089237,0.,0.966221460763563));
#3173=DIRECTION('center_axis',(0.,1.,0.));
#3174=DIRECTION('ref_axis',(-0.376853530260337,0.,0.926272863000056));
#3175=DIRECTION('',(0.,1.,0.));
#3176=DIRECTION('center_axis',(0.,-1.,0.));
#3177=DIRECTION('ref_axis',(-0.376853530260337,0.,0.926272863000056));
#3178=DIRECTION('center_axis',(-0.376853530260345,0.,0.926272863000053));
#3179=DIRECTION('ref_axis',(0.926272863000053,0.,0.376853530260345));
#3180=DIRECTION('',(0.,1.,0.));
#3181=DIRECTION('',(-0.926272863000053,0.,-0.376853530260345));
#3182=DIRECTION('center_axis',(0.543678661239133,0.,0.839293460783071));
#3183=DIRECTION('ref_axis',(0.839293460783071,0.,-0.543678661239133));
#3184=DIRECTION('',(-0.839293460783071,0.,0.543678661239133));
#3185=DIRECTION('center_axis',(0.053479042172322,0.,-0.998568972103746));
#3186=DIRECTION('ref_axis',(-0.998568972103746,0.,-0.053479042172322));
#3187=DIRECTION('',(0.998568972103746,0.,0.053479042172322));
#3188=DIRECTION('center_axis',(0.,1.,0.));
#3189=DIRECTION('ref_axis',(0.,0.,1.));
#3190=DIRECTION('center_axis',(0.,-1.,0.));
#3191=DIRECTION('ref_axis',(-1.,0.,0.));
#3192=DIRECTION('center_axis',(-1.,0.,1.11022302462516E-16));
#3193=DIRECTION('ref_axis',(-1.11022302462516E-16,0.,-1.));
#3194=DIRECTION('center_axis',(0.,1.,0.));
#3195=DIRECTION('ref_axis',(-1.,0.,0.));
#3196=DIRECTION('center_axis',(0.,-1.,0.));
#3197=DIRECTION('ref_axis',(-1.,0.,0.));
#3198=DIRECTION('center_axis',(0.,1.,0.));
#3199=DIRECTION('ref_axis',(-1.,0.,0.));
#3200=DIRECTION('center_axis',(0.,1.,0.));
#3201=DIRECTION('ref_axis',(-1.,0.,0.));
#3202=DIRECTION('',(0.,-1.,0.));
#3203=DIRECTION('center_axis',(0.,1.,0.));
#3204=DIRECTION('ref_axis',(-1.,0.,0.));
#3205=DIRECTION('center_axis',(0.,1.,0.));
#3206=DIRECTION('ref_axis',(-1.,0.,0.));
#3207=DIRECTION('',(1.,0.,0.));
#3208=DIRECTION('',(0.,0.,-1.));
#3209=DIRECTION('center_axis',(0.,1.,0.));
#3210=DIRECTION('ref_axis',(0.,0.,1.));
#3211=DIRECTION('center_axis',(0.,-1.,0.));
#3212=DIRECTION('ref_axis',(-1.,0.,0.));
#3213=DIRECTION('center_axis',(-1.,0.,1.11022302462516E-16));
#3214=DIRECTION('ref_axis',(-1.11022302462516E-16,0.,-1.));
#3215=DIRECTION('center_axis',(0.,1.,0.));
#3216=DIRECTION('ref_axis',(-1.,0.,0.));
#3217=DIRECTION('center_axis',(1.,0.,0.));
#3218=DIRECTION('ref_axis',(0.,0.,-1.));
#3219=DIRECTION('',(0.,1.,0.));
#3220=DIRECTION('center_axis',(0.,0.,1.));
#3221=DIRECTION('ref_axis',(1.,0.,0.));
#3222=CARTESIAN_POINT('',(0.,0.,0.));
#3223=CARTESIAN_POINT('Origin',(0.5,0.5,-3.75));
#3224=CARTESIAN_POINT('',(0.,1.,0.));
#3225=CARTESIAN_POINT('',(0.,1.,-5.));
#3226=CARTESIAN_POINT('',(0.,1.,-3.75));
#3227=CARTESIAN_POINT('',(1.,0.,-4.));
#3228=CARTESIAN_POINT('',(0.,1.,-5.));
#3229=CARTESIAN_POINT('',(1.,0.,-1.));
#3230=CARTESIAN_POINT('',(1.,0.,-3.75));
#3231=CARTESIAN_POINT('',(1.,0.,-1.));
#3232=CARTESIAN_POINT('Origin',(3.75,0.5,-4.5));
#3233=CARTESIAN_POINT('',(4.,0.,-4.));
#3234=CARTESIAN_POINT('',(3.75,0.,-4.));
#3235=CARTESIAN_POINT('',(5.,1.,-5.));
#3236=CARTESIAN_POINT('',(3.75,1.,-5.));
#3237=CARTESIAN_POINT('',(4.,0.,-4.));
#3238=CARTESIAN_POINT('Origin',(1.25,0.5,-0.5));
#3239=CARTESIAN_POINT('',(5.,1.,0.));
#3240=CARTESIAN_POINT('',(1.25,1.,0.));
#3241=CARTESIAN_POINT('',(4.,0.,-1.));
#3242=CARTESIAN_POINT('',(1.25,0.,-1.));
#3243=CARTESIAN_POINT('',(4.,0.,-1.));
#3244=CARTESIAN_POINT('Origin',(4.5,0.5,-1.25));
#3245=CARTESIAN_POINT('',(5.,1.,-1.25));
#3246=CARTESIAN_POINT('',(4.,0.,-1.25));
#3247=CARTESIAN_POINT('Origin',(5.,0.,-5.));
#3248=CARTESIAN_POINT('',(0.,3.8,-5.));
#3249=CARTESIAN_POINT('',(0.,0.,-5.));
#3250=CARTESIAN_POINT('',(5.,3.8,-5.));
#3251=CARTESIAN_POINT('',(5.,3.8,-5.));
#3252=CARTESIAN_POINT('',(5.,0.,-5.));
#3253=CARTESIAN_POINT('Origin',(0.,0.,-5.));
#3254=CARTESIAN_POINT('',(0.,3.8,0.));
#3255=CARTESIAN_POINT('',(0.,0.,0.));
#3256=CARTESIAN_POINT('',(0.,3.8,-5.));
#3257=CARTESIAN_POINT('Origin',(2.5,0.,-2.5));
#3258=CARTESIAN_POINT('Origin',(5.74063691257311,11.2,-7.32795551065774));
#3259=CARTESIAN_POINT('',(5.86691427098267,11.2,-7.61565827830733));
#3260=CARTESIAN_POINT('',(5.96592181510726,11.2,-8.7165698098212));
#3261=CARTESIAN_POINT('',(5.84023495790105,11.2,-7.31899842592817));
#3262=CARTESIAN_POINT('',(5.86632376977932,11.3,-8.72552689455077));
#3263=CARTESIAN_POINT('Origin',(5.86632376977932,11.2,-8.72552689455077));
#3264=CARTESIAN_POINT('',(5.76264617462097,11.3,-7.57268686525136));
#3265=CARTESIAN_POINT('',(5.74063691257311,11.3,-7.32795551065774));
#3266=CARTESIAN_POINT('Origin',(5.76264617462097,11.2,-7.57268686525136));
#3267=CARTESIAN_POINT('Origin',(5.33834396617047,11.2,-6.49564297553334));
#3268=CARTESIAN_POINT('',(5.58469788607061,11.2,-6.44931617065317));
#3269=CARTESIAN_POINT('',(6.66232198568718,11.2,-6.69535477319223));
#3270=CARTESIAN_POINT('',(5.36060276098426,11.2,-6.39815171411245));
#3271=CARTESIAN_POINT('',(6.64006319087338,11.3,-6.79284603461312));
#3272=CARTESIAN_POINT('Origin',(6.64006319087338,11.2,-6.79284603461312));
#3273=CARTESIAN_POINT('',(5.51160902992242,11.3,-6.53520212623306));
#3274=CARTESIAN_POINT('',(5.33834396617047,11.3,-6.49564297553334));
#3275=CARTESIAN_POINT('Origin',(5.51160902992242,11.2,-6.53520212623306));
#3276=CARTESIAN_POINT('Origin',(4.3867173591801,11.2,-6.55478095097688));
#3277=CARTESIAN_POINT('',(4.3882309653278,11.2,-6.35730037000882));
#3278=CARTESIAN_POINT('',(4.95523174186225,11.2,-5.40844905740861));
#3279=CARTESIAN_POINT('',(4.3008760055957,11.2,-6.50348512254223));
#3280=CARTESIAN_POINT('',(5.04107309544666,11.3,-5.45974488584326));
#3281=CARTESIAN_POINT('Origin',(5.04107309544666,11.2,-5.45974488584326));
#3282=CARTESIAN_POINT('',(4.44732766439108,11.3,-6.45335222276942));
#3283=CARTESIAN_POINT('',(4.3867173591801,11.3,-6.55478095097688));
#3284=CARTESIAN_POINT('Origin',(4.44732766439108,11.2,-6.45335222276942));
#3285=CARTESIAN_POINT('Ctrl Pts',(4.95523174186225,11.2,-5.40844905740861));
#3286=CARTESIAN_POINT('Ctrl Pts',(4.9933503718271,11.2,-5.34465917638281));
#3287=CARTESIAN_POINT('Ctrl Pts',(5.06744294622798,11.2,-5.35035735945591));
#3288=CARTESIAN_POINT('Ctrl Pts',(5.14153552062885,11.2,-5.35605554252901));
#3289=CARTESIAN_POINT('Ctrl Pts',(5.16945189885302,11.2,-5.42492392931517));
#3290=CARTESIAN_POINT('Ctrl Pts',(4.95523174186225,11.3,-5.40844905740861));
#3291=CARTESIAN_POINT('Ctrl Pts',(4.9933503718271,11.3,-5.34465917638281));
#3292=CARTESIAN_POINT('Ctrl Pts',(5.06744294622798,11.3,-5.35035735945591));
#3293=CARTESIAN_POINT('Ctrl Pts',(5.14153552062885,11.3,-5.35605554252901));
#3294=CARTESIAN_POINT('Ctrl Pts',(5.16945189885302,11.3,-5.42492392931517));
#3295=CARTESIAN_POINT('Ctrl Pts',(5.04107309544666,11.3,-5.45974488584326));
#3296=CARTESIAN_POINT('Ctrl Pts',(5.0474262004408,11.3,-5.44911323900563));
#3297=CARTESIAN_POINT('Ctrl Pts',(5.05977496284095,11.3,-5.45006293618448));
#3298=CARTESIAN_POINT('Ctrl Pts',(5.07212372524109,11.3,-5.45101263336333));
#3299=CARTESIAN_POINT('Ctrl Pts',(5.07677645494512,11.3,-5.46249069782769));
#3300=CARTESIAN_POINT('',(5.16945189885302,11.2,-5.42492392931517));
#3301=CARTESIAN_POINT('',(5.07677645494512,11.3,-5.46249069782768));
#3302=CARTESIAN_POINT('Origin',(5.07677645494512,11.2,-5.46249069782768));
#3303=CARTESIAN_POINT('Origin',(5.05824136616354,11.3,-5.47000405153019));
#3304=CARTESIAN_POINT('Origin',(5.05824136616354,11.2,-5.47000405153019));
#3305=CARTESIAN_POINT('Origin',(5.35369906442648,11.2,-6.14564569832415));
#3306=CARTESIAN_POINT('',(5.35369906442648,11.3,-6.14564569832415));
#3307=CARTESIAN_POINT('',(5.44637450833439,11.2,-6.10807892981163));
#3308=CARTESIAN_POINT('Origin',(4.13885178559632,11.2,-7.55272160964103));
#3309=CARTESIAN_POINT('',(3.93099012680588,11.2,-7.46677358536274));
#3310=CARTESIAN_POINT('',(3.20379177873519,11.2,-6.6343126213668));
#3311=CARTESIAN_POINT('',(4.06354011662706,11.2,-7.61851030560823));
#3312=CARTESIAN_POINT('',(3.27910344770445,11.3,-6.5685239253996));
#3313=CARTESIAN_POINT('Origin',(3.27910344770445,11.2,-6.5685239253996));
#3314=CARTESIAN_POINT('',(4.0406027515981,11.3,-7.44025093947131));
#3315=CARTESIAN_POINT('',(4.13885178559632,11.3,-7.55272160964103));
#3316=CARTESIAN_POINT('Origin',(4.0406027515981,11.2,-7.44025093947131));
#3317=CARTESIAN_POINT('Ctrl Pts',(3.20379177873519,11.2,-6.6343126213668));
#3318=CARTESIAN_POINT('Ctrl Pts',(3.15490330117334,11.2,-6.57834749264035));
#3319=CARTESIAN_POINT('Ctrl Pts',(3.18321845996291,11.2,-6.50964210235396));
#3320=CARTESIAN_POINT('Ctrl Pts',(3.21153361875248,11.2,-6.44093671206758));
#3321=CARTESIAN_POINT('Ctrl Pts',(3.28565798206486,11.2,-6.43566816053823));
#3322=CARTESIAN_POINT('Ctrl Pts',(3.20379177873519,11.3,-6.6343126213668));
#3323=CARTESIAN_POINT('Ctrl Pts',(3.15490330117334,11.3,-6.57834749264035));
#3324=CARTESIAN_POINT('Ctrl Pts',(3.18321845996291,11.3,-6.50964210235396));
#3325=CARTESIAN_POINT('Ctrl Pts',(3.21153361875248,11.3,-6.44093671206758));
#3326=CARTESIAN_POINT('Ctrl Pts',(3.28565798206486,11.3,-6.43566816053823));
#3327=CARTESIAN_POINT('Ctrl Pts',(3.27910344770445,11.3,-6.5685239253996));
#3328=CARTESIAN_POINT('Ctrl Pts',(3.27095536811081,11.3,-6.55919640394519));
#3329=CARTESIAN_POINT('Ctrl Pts',(3.2756745612424,11.3,-6.54774550556413));
#3330=CARTESIAN_POINT('Ctrl Pts',(3.280393754374,11.3,-6.53629460718306));
#3331=CARTESIAN_POINT('Ctrl Pts',(3.29274781492606,11.3,-6.5354165152615));
#3332=CARTESIAN_POINT('',(3.28565798206486,11.2,-6.43566816053823));
#3333=CARTESIAN_POINT('',(3.29274781492606,11.3,-6.5354165152615));
#3334=CARTESIAN_POINT('Origin',(3.29274781492606,11.2,-6.5354165152615));
#3335=CARTESIAN_POINT('Origin',(3.2941657814983,11.3,-6.55536618620616));
#3336=CARTESIAN_POINT('Origin',(3.2941657814983,11.2,-6.55536618620616));
#3337=CARTESIAN_POINT('Origin',(4.10469933410561,11.2,-6.47770528204518));
#3338=CARTESIAN_POINT('',(4.10469933410561,11.3,-6.47770528204518));
#3339=CARTESIAN_POINT('',(4.09760950124441,11.2,-6.37795692732191));
#3340=CARTESIAN_POINT('Ctrl Pts',(6.66232198568718,11.2,-6.69535477319223));
#3341=CARTESIAN_POINT('Ctrl Pts',(6.73476907217189,11.2,-6.71189558730642));
#3342=CARTESIAN_POINT('Ctrl Pts',(6.75224564267604,11.2,-6.7841226484061));
#3343=CARTESIAN_POINT('Ctrl Pts',(6.76972221318019,11.2,-6.85634970950578));
#3344=CARTESIAN_POINT('Ctrl Pts',(6.71285112045314,11.2,-6.90418126481935));
#3345=CARTESIAN_POINT('Ctrl Pts',(6.66232198568718,11.3,-6.69535477319223));
#3346=CARTESIAN_POINT('Ctrl Pts',(6.73476907217189,11.3,-6.71189558730642));
#3347=CARTESIAN_POINT('Ctrl Pts',(6.75224564267604,11.3,-6.7841226484061));
#3348=CARTESIAN_POINT('Ctrl Pts',(6.76972221318019,11.3,-6.85634970950578));
#3349=CARTESIAN_POINT('Ctrl Pts',(6.71285112045314,11.3,-6.90418126481935));
#3350=CARTESIAN_POINT('Ctrl Pts',(6.64006319087338,11.3,-6.79284603461312));
#3351=CARTESIAN_POINT('Ctrl Pts',(6.6521377052875,11.3,-6.79560283696549));
#3352=CARTESIAN_POINT('Ctrl Pts',(6.65505046703819,11.3,-6.8076406804821));
#3353=CARTESIAN_POINT('Ctrl Pts',(6.65796322878888,11.3,-6.81967852399872));
#3354=CARTESIAN_POINT('Ctrl Pts',(6.64848471333437,11.3,-6.82765044988431));
#3355=CARTESIAN_POINT('',(6.71285112045314,11.2,-6.90418126481935));
#3356=CARTESIAN_POINT('',(6.64848471333437,11.3,-6.82765044988431));
#3357=CARTESIAN_POINT('Origin',(6.64848471333437,11.2,-6.82765044988431));
#3358=CARTESIAN_POINT('Origin',(6.63561143191062,11.3,-6.8123442868973));
#3359=CARTESIAN_POINT('Origin',(6.63561143191062,11.2,-6.8123442868973));
#3360=CARTESIAN_POINT('Origin',(6.08869635900986,11.2,-7.29846165378147));
#3361=CARTESIAN_POINT('',(6.08869635900986,11.3,-7.29846165378147));
#3362=CARTESIAN_POINT('',(6.15306276612863,11.2,-7.37499246871651));
#3363=CARTESIAN_POINT('Origin',(5.06333567297403,11.2,-8.04237289035942));
#3364=CARTESIAN_POINT('',(4.84486666829764,11.2,-8.24448154270344));
#3365=CARTESIAN_POINT('',(3.82843259609273,11.2,-8.67884368524665));
#3366=CARTESIAN_POINT('',(5.10263185538596,11.2,-8.13432836897733));
#3367=CARTESIAN_POINT('',(3.7891364136808,11.3,-8.58688820662874));
#3368=CARTESIAN_POINT('Origin',(3.7891364136808,11.2,-8.58688820662874));
#3369=CARTESIAN_POINT('',(4.85351429695205,11.3,-8.13203779331035));
#3370=CARTESIAN_POINT('',(5.06333567297403,11.3,-8.04237289035942));
#3371=CARTESIAN_POINT('Origin',(4.85351429695205,11.2,-8.13203779331035));
#3372=CARTESIAN_POINT('Ctrl Pts',(3.82843259609273,11.2,-8.67884368524665));
#3373=CARTESIAN_POINT('Ctrl Pts',(3.76009922533642,11.2,-8.70804521453475));
#3374=CARTESIAN_POINT('Ctrl Pts',(3.70350638146435,11.2,-8.65988476505434));
#3375=CARTESIAN_POINT('Ctrl Pts',(3.64691353759228,11.2,-8.61172431557392));
#3376=CARTESIAN_POINT('Ctrl Pts',(3.6648085352896,11.2,-8.53959978487114));
#3377=CARTESIAN_POINT('Ctrl Pts',(3.82843259609273,11.3,-8.67884368524665));
#3378=CARTESIAN_POINT('Ctrl Pts',(3.76009922533642,11.3,-8.70804521453475));
#3379=CARTESIAN_POINT('Ctrl Pts',(3.70350638146435,11.3,-8.65988476505434));
#3380=CARTESIAN_POINT('Ctrl Pts',(3.64691353759228,11.3,-8.61172431557392));
#3381=CARTESIAN_POINT('Ctrl Pts',(3.6648085352896,11.3,-8.53959978487114));
#3382=CARTESIAN_POINT('Ctrl Pts',(3.7891364136808,11.3,-8.58688820662874));
#3383=CARTESIAN_POINT('Ctrl Pts',(3.77774751855475,11.3,-8.59175512817676));
#3384=CARTESIAN_POINT('Ctrl Pts',(3.76831537790941,11.3,-8.58372838659669));
#3385=CARTESIAN_POINT('Ctrl Pts',(3.75888323726406,11.3,-8.57570164501662));
#3386=CARTESIAN_POINT('Ctrl Pts',(3.76186573688028,11.3,-8.56368088989949));
#3387=CARTESIAN_POINT('',(3.6648085352896,11.2,-8.53959978487115));
#3388=CARTESIAN_POINT('',(3.76186573688028,11.3,-8.56368088989949));
#3389=CARTESIAN_POINT('Origin',(3.76186573688028,11.2,-8.56368088989949));
#3390=CARTESIAN_POINT('Origin',(3.78127717719842,11.3,-8.56849711090516));
#3391=CARTESIAN_POINT('Origin',(3.78127717719842,11.2,-8.56849711090516));
#3392=CARTESIAN_POINT('Origin',(3.96795283699297,11.2,-7.73306131503652));
#3393=CARTESIAN_POINT('',(3.96795283699297,11.3,-7.73306131503652));
#3394=CARTESIAN_POINT('',(3.87089563540229,11.2,-7.70898021000817));
#3395=CARTESIAN_POINT('Ctrl Pts',(5.96592181510726,11.2,-8.7165698098212));
#3396=CARTESIAN_POINT('Ctrl Pts',(5.97257794697587,11.2,-8.79058247617116));
#3397=CARTESIAN_POINT('Ctrl Pts',(5.90928648715334,11.2,-8.82952307176519));
#3398=CARTESIAN_POINT('Ctrl Pts',(5.84599502733082,11.2,-8.86846366735921));
#3399=CARTESIAN_POINT('Ctrl Pts',(5.78293038082398,11.2,-8.8291568074916));
#3400=CARTESIAN_POINT('Ctrl Pts',(5.96592181510726,11.3,-8.7165698098212));
#3401=CARTESIAN_POINT('Ctrl Pts',(5.97257794697587,11.3,-8.79058247617116));
#3402=CARTESIAN_POINT('Ctrl Pts',(5.90928648715334,11.3,-8.82952307176519));
#3403=CARTESIAN_POINT('Ctrl Pts',(5.84599502733082,11.3,-8.86846366735921));
#3404=CARTESIAN_POINT('Ctrl Pts',(5.78293038082398,11.3,-8.8291568074916));
#3405=CARTESIAN_POINT('Ctrl Pts',(5.86632376977932,11.3,-8.72552689455077));
#3406=CARTESIAN_POINT('Ctrl Pts',(5.86743312509075,11.3,-8.73786233894243));
#3407=CARTESIAN_POINT('Ctrl Pts',(5.85688454845366,11.3,-8.7443524382081));
#3408=CARTESIAN_POINT('Ctrl Pts',(5.84633597181658,11.3,-8.75084253747377));
#3409=CARTESIAN_POINT('Ctrl Pts',(5.83582519739877,11.3,-8.7442913941625));
#3410=CARTESIAN_POINT('',(5.78293038082398,11.2,-8.82915680749161));
#3411=CARTESIAN_POINT('',(5.83582519739877,11.3,-8.7442913941625));
#3412=CARTESIAN_POINT('Origin',(5.83582519739877,11.2,-8.7442913941625));
#3413=CARTESIAN_POINT('Origin',(5.84640416071373,11.3,-8.72731831149668));
#3414=CARTESIAN_POINT('Origin',(5.84640416071373,11.2,-8.72731831149668));
#3415=CARTESIAN_POINT('Origin',(5.15283810195911,11.2,-8.3185999879811));
#3416=CARTESIAN_POINT('',(5.15283810195911,11.3,-8.3185999879811));
#3417=CARTESIAN_POINT('',(5.09994328538432,11.2,-8.4034654013102));
#3418=CARTESIAN_POINT('Origin',(5.05824136616354,8.8,-5.47000405153019));
#3419=CARTESIAN_POINT('',(4.95523174186225,8.8,-5.40844905740861));
#3420=CARTESIAN_POINT('',(4.95523174186225,8.8,-5.40844905740861));
#3421=CARTESIAN_POINT('',(5.16945189885302,8.8,-5.42492392931517));
#3422=CARTESIAN_POINT('Origin',(5.05824136616354,8.8,-5.47000405153019));
#3423=CARTESIAN_POINT('',(5.16945189885302,8.8,-5.42492392931517));
#3424=CARTESIAN_POINT('Origin',(4.3882309653278,8.8,-6.35730037000882));
#3425=CARTESIAN_POINT('',(4.3882309653278,8.8,-6.35730037000882));
#3426=CARTESIAN_POINT('',(4.3882309653278,8.8,-6.35730037000882));
#3427=CARTESIAN_POINT('',(4.98905262261723,8.8,-5.35185127407964));
#3428=CARTESIAN_POINT('Origin',(3.28565798206486,8.8,-6.43566816053823));
#3429=CARTESIAN_POINT('',(3.28565798206486,8.8,-6.43566816053823));
#3430=CARTESIAN_POINT('',(3.28565798206486,8.8,-6.43566816053823));
#3431=CARTESIAN_POINT('',(3.03396865332981,8.8,-6.45355753103089));
#3432=CARTESIAN_POINT('Origin',(3.2941657814983,8.8,-6.55536618620616));
#3433=CARTESIAN_POINT('',(3.20379177873519,8.8,-6.6343126213668));
#3434=CARTESIAN_POINT('',(3.20379177873519,8.8,-6.6343126213668));
#3435=CARTESIAN_POINT('Origin',(3.2941657814983,8.8,-6.55536618620616));
#3436=CARTESIAN_POINT('Origin',(3.93099012680588,8.8,-7.46677358536274));
#3437=CARTESIAN_POINT('',(3.93099012680588,8.8,-7.46677358536274));
#3438=CARTESIAN_POINT('',(3.93099012680588,8.8,-7.46677358536274));
#3439=CARTESIAN_POINT('',(2.39088011853513,8.8,-5.70373126610237));
#3440=CARTESIAN_POINT('Origin',(3.6648085352896,8.8,-8.53959978487115));
#3441=CARTESIAN_POINT('',(3.6648085352896,8.8,-8.53959978487115));
#3442=CARTESIAN_POINT('',(3.6648085352896,8.8,-8.53959978487115));
#3443=CARTESIAN_POINT('',(4.33683604957822,8.8,-5.83104011321092));
#3444=CARTESIAN_POINT('Origin',(3.78127717719842,8.8,-8.56849711090516));
#3445=CARTESIAN_POINT('',(3.82843259609273,8.8,-8.67884368524665));
#3446=CARTESIAN_POINT('',(3.82843259609273,8.8,-8.67884368524665));
#3447=CARTESIAN_POINT('Origin',(3.78127717719842,8.8,-8.56849711090516));
#3448=CARTESIAN_POINT('Origin',(4.84486666829764,8.8,-8.24448154270345));
#3449=CARTESIAN_POINT('',(4.84486666829764,8.8,-8.24448154270344));
#3450=CARTESIAN_POINT('',(4.84486666829764,8.8,-8.24448154270344));
#3451=CARTESIAN_POINT('',(4.89136331121029,8.8,-8.22461170363676));
#3452=CARTESIAN_POINT('Origin',(4.96488860670446,11.3,-7.09866118151344));
#3453=CARTESIAN_POINT('Origin',(7.10917813408423,10.7,-2.79440014899784));
#3454=CARTESIAN_POINT('',(7.22221396751309,10.7,-3.02936975724005));
#3455=CARTESIAN_POINT('',(7.27265227837975,10.7,-3.94911659008522));
#3456=CARTESIAN_POINT('',(7.20902810472299,10.7,-2.78892444233677));
#3457=CARTESIAN_POINT('',(7.17280230774099,10.8,-3.95459229674629));
#3458=CARTESIAN_POINT('Origin',(7.17280230774099,10.7,-3.95459229674629));
#3459=CARTESIAN_POINT('',(7.11950906914671,10.8,-2.98278561712271));
#3460=CARTESIAN_POINT('',(7.10917813408423,10.8,-2.79440014899784));
#3461=CARTESIAN_POINT('Origin',(7.11950906914671,10.7,-2.98278561712271));
#3462=CARTESIAN_POINT('Origin',(7.40616691726088,10.7,-2.75829505781427));
#3463=CARTESIAN_POINT('',(7.88576742199751,10.8,-2.38270518207485));
#3464=CARTESIAN_POINT('',(7.40616691726088,10.8,-2.75829505781427));
#3465=CARTESIAN_POINT('',(7.94742373191671,10.7,-2.46143573171821));
#3466=CARTESIAN_POINT('Origin',(7.88576742199751,10.7,-2.38270518207484));
#3467=CARTESIAN_POINT('',(7.46782322718009,10.7,-2.83702560745764));
#3468=CARTESIAN_POINT('Origin',(6.53741572330786,10.7,-3.3447260165059));
#3469=CARTESIAN_POINT('',(6.35273845556099,10.7,-3.52334580333503));
#3470=CARTESIAN_POINT('',(5.49359353206713,10.7,-3.85553288942738));
#3471=CARTESIAN_POINT('',(6.57347876762441,10.7,-3.4379968953193));
#3472=CARTESIAN_POINT('',(5.45753048775058,10.8,-3.76226201061399));
#3473=CARTESIAN_POINT('Origin',(5.45753048775058,10.7,-3.76226201061399));
#3474=CARTESIAN_POINT('',(6.36530504657483,10.8,-3.41127234952365));
#3475=CARTESIAN_POINT('',(6.53741572330786,10.8,-3.3447260165059));
#3476=CARTESIAN_POINT('Origin',(6.36530504657483,10.7,-3.41127234952365));
#3477=CARTESIAN_POINT('Origin',(6.62380848050908,10.7,-3.58520491726907));
#3478=CARTESIAN_POINT('',(6.62380848050908,10.8,-3.58520491726907));
#3479=CARTESIAN_POINT('',(7.11697795304665,10.7,-4.03756000988195));
#3480=CARTESIAN_POINT('Origin',(7.17280230774099,10.7,-3.95459229674629));
#3481=CARTESIAN_POINT('',(6.56798412581474,10.7,-3.66817263040473));
#3482=CARTESIAN_POINT('Origin',(5.80366977606247,10.7,-2.92339440762095));
#3483=CARTESIAN_POINT('',(5.61425660864259,10.7,-2.84907244499141));
#3484=CARTESIAN_POINT('',(5.03283753379479,10.7,-2.1346285219751));
#3485=CARTESIAN_POINT('',(5.72610799254913,10.7,-2.98651468754926));
#3486=CARTESIAN_POINT('',(5.11039931730814,10.8,-2.07150824204678));
#3487=CARTESIAN_POINT('Origin',(5.11039931730814,10.7,-2.07150824204678));
#3488=CARTESIAN_POINT('',(5.72472808737824,10.8,-2.82639138141673));
#3489=CARTESIAN_POINT('',(5.80366977606247,10.8,-2.92339440762095));
#3490=CARTESIAN_POINT('Origin',(5.72472808737824,10.7,-2.82639138141673));
#3491=CARTESIAN_POINT('Origin',(5.65190543336249,10.7,-3.0814557350206));
#3492=CARTESIAN_POINT('',(5.65190543336249,10.8,-3.0814557350206));
#3493=CARTESIAN_POINT('',(5.36137282923024,10.7,-3.7348083276573));
#3494=CARTESIAN_POINT('Origin',(5.45753048775058,10.7,-3.76226201061399));
#3495=CARTESIAN_POINT('',(5.55574777484215,10.7,-3.05400205206392));
#3496=CARTESIAN_POINT('Origin',(6.03286649192439,10.7,-2.11409076729895));
#3497=CARTESIAN_POINT('',(6.02732523912432,10.7,-1.93837254573154));
#3498=CARTESIAN_POINT('',(6.52713341265473,10.7,-1.1646348321593));
#3499=CARTESIAN_POINT('',(5.94886762916854,10.7,-2.05983036686066));
#3500=CARTESIAN_POINT('',(6.61113227541058,10.8,-1.21889523259758));
#3501=CARTESIAN_POINT('Origin',(6.61113227541058,10.7,-1.21889523259758));
#3502=CARTESIAN_POINT('',(6.08303377675658,10.8,-2.03642833135277));
#3503=CARTESIAN_POINT('',(6.03286649192439,10.8,-2.11409076729895));
#3504=CARTESIAN_POINT('Origin',(6.08303377675658,10.7,-2.03642833135277));
#3505=CARTESIAN_POINT('Origin',(5.79406054808399,10.7,-2.04685070016391));
#3506=CARTESIAN_POINT('',(5.79406054808399,10.8,-2.04685070016391));
#3507=CARTESIAN_POINT('',(5.1067949707583,10.7,-1.97157321972754));
#3508=CARTESIAN_POINT('Origin',(5.11039931730814,10.7,-2.07150824204678));
#3509=CARTESIAN_POINT('',(5.79045620153415,10.7,-1.94691567784466));
#3510=CARTESIAN_POINT('Origin',(5.11039931730814,10.7,-2.07150824204678));
#3511=CARTESIAN_POINT('Origin',(5.11039931730814,10.7,-2.07150824204678));
#3512=CARTESIAN_POINT('Origin',(5.45753048775058,10.7,-3.76226201061399));
#3513=CARTESIAN_POINT('Origin',(5.45753048775058,10.7,-3.76226201061399));
#3514=CARTESIAN_POINT('Origin',(6.81769794434292,10.7,-2.0992905884759));
#3515=CARTESIAN_POINT('',(7.0210975393668,10.7,-2.04980241278145));
#3516=CARTESIAN_POINT('',(7.9114150533114,10.7,-2.28605013043249));
#3517=CARTESIAN_POINT('',(6.84334557565681,10.7,-2.00263553683354));
#3518=CARTESIAN_POINT('Origin',(7.88576742199751,10.7,-2.38270518207485));
#3519=CARTESIAN_POINT('',(6.94505583035144,10.8,-2.13308528466363));
#3520=CARTESIAN_POINT('',(6.81769794434292,10.8,-2.0992905884759));
#3521=CARTESIAN_POINT('Origin',(6.94505583035144,10.7,-2.13308528466363));
#3522=CARTESIAN_POINT('Origin',(6.82488669050544,10.7,-1.80409551863168));
#3523=CARTESIAN_POINT('',(6.82488669050544,10.8,-1.80409551863168));
#3524=CARTESIAN_POINT('',(6.70506232525589,10.7,-1.18458567509449));
#3525=CARTESIAN_POINT('Origin',(6.61113227541058,10.7,-1.21889523259758));
#3526=CARTESIAN_POINT('',(6.91881674035074,10.7,-1.76978596112859));
#3527=CARTESIAN_POINT('Origin',(6.61113227541058,10.7,-1.21889523259758));
#3528=CARTESIAN_POINT('Origin',(6.61113227541058,10.7,-1.21889523259758));
#3529=CARTESIAN_POINT('Origin',(7.17280230774099,10.7,-3.95459229674629));
#3530=CARTESIAN_POINT('Origin',(7.17280230774099,10.7,-3.95459229674629));
#3531=CARTESIAN_POINT('Origin',(7.88576742199751,10.7,-2.38270518207484));
#3532=CARTESIAN_POINT('Origin',(7.88576742199751,10.7,-2.38270518207484));
#3533=CARTESIAN_POINT('Origin',(5.45753048775058,8.8,-3.76226201061399));
#3534=CARTESIAN_POINT('',(5.49359353206713,8.8,-3.85553288942738));
#3535=CARTESIAN_POINT('',(5.49359353206713,8.8,-3.85553288942738));
#3536=CARTESIAN_POINT('',(5.36137282923024,8.8,-3.7348083276573));
#3537=CARTESIAN_POINT('Origin',(5.45753048775058,8.8,-3.76226201061399));
#3538=CARTESIAN_POINT('',(5.36137282923024,8.8,-3.7348083276573));
#3539=CARTESIAN_POINT('Origin',(6.35273845556099,8.8,-3.52334580333503));
#3540=CARTESIAN_POINT('',(6.35273845556099,8.8,-3.52334580333503));
#3541=CARTESIAN_POINT('',(6.35273845556099,8.8,-3.52334580333503));
#3542=CARTESIAN_POINT('',(4.84900979720888,8.8,-4.10476021623776));
#3543=CARTESIAN_POINT('Origin',(7.11697795304665,8.8,-4.03756000988195));
#3544=CARTESIAN_POINT('',(7.11697795304665,8.8,-4.03756000988195));
#3545=CARTESIAN_POINT('',(7.11697795304665,8.8,-4.03756000988195));
#3546=CARTESIAN_POINT('',(5.17182732884404,8.8,-2.72877645691287));
#3547=CARTESIAN_POINT('Origin',(7.17280230774099,8.8,-3.95459229674629));
#3548=CARTESIAN_POINT('',(7.27265227837975,8.8,-3.94911659008522));
#3549=CARTESIAN_POINT('',(7.27265227837975,8.8,-3.94911659008522));
#3550=CARTESIAN_POINT('Origin',(7.17280230774099,8.8,-3.95459229674629));
#3551=CARTESIAN_POINT('Origin',(7.22221396751309,8.8,-3.02936975724005));
#3552=CARTESIAN_POINT('',(7.22221396751309,8.8,-3.02936975724005));
#3553=CARTESIAN_POINT('',(7.22221396751309,8.8,-3.02936975724005));
#3554=CARTESIAN_POINT('',(7.20066295248363,8.8,-2.63638518901472));
#3555=CARTESIAN_POINT('Origin',(7.94742373191671,8.8,-2.46143573171821));
#3556=CARTESIAN_POINT('',(7.94742373191671,8.8,-2.46143573171821));
#3557=CARTESIAN_POINT('',(7.94742373191671,8.8,-2.46143573171821));
#3558=CARTESIAN_POINT('',(6.24977108351976,8.8,-3.79091962709126));
#3559=CARTESIAN_POINT('Origin',(7.88576742199751,8.8,-2.38270518207484));
#3560=CARTESIAN_POINT('',(7.9114150533114,8.8,-2.28605013043249));
#3561=CARTESIAN_POINT('',(7.9114150533114,8.8,-2.28605013043249));
#3562=CARTESIAN_POINT('Origin',(7.88576742199751,8.8,-2.38270518207484));
#3563=CARTESIAN_POINT('Origin',(7.0210975393668,8.8,-2.04980241278145));
#3564=CARTESIAN_POINT('',(7.0210975393668,8.8,-2.04980241278145));
#3565=CARTESIAN_POINT('',(7.0210975393668,8.8,-2.04980241278145));
#3566=CARTESIAN_POINT('',(4.96504930009736,8.8,-1.50422547388046));
#3567=CARTESIAN_POINT('Origin',(6.49808336965282,10.8,-2.58674376467194));
#3568=CARTESIAN_POINT('Origin',(2.00509193889938,11.7,0.141727311538755));
#3569=CARTESIAN_POINT('',(1.75263037018469,11.7,-0.106698606104562));
#3570=CARTESIAN_POINT('',(0.534244022015292,11.7,-0.758320268567515));
#3571=CARTESIAN_POINT('',(2.05225303551205,11.7,0.0535466392443648));
#3572=CARTESIAN_POINT('',(0.487082925402625,11.8,-0.670139596273125));
#3573=CARTESIAN_POINT('Origin',(0.487082925402625,11.7,-0.670139596273125));
#3574=CARTESIAN_POINT('',(1.75144497350559,11.8,0.00607095137277226));
#3575=CARTESIAN_POINT('',(2.00509193889938,11.8,0.141727311538755));
#3576=CARTESIAN_POINT('Origin',(1.75144497350559,11.7,0.00607095137277218));
#3577=CARTESIAN_POINT('Origin',(2.78871898303699,11.7,1.15964145499645));
#3578=CARTESIAN_POINT('',(2.95682142559314,11.7,0.787686043849973));
#3579=CARTESIAN_POINT('',(3.20004836653883,11.7,-0.572430399545503));
#3580=CARTESIAN_POINT('',(2.88715736636053,11.7,1.17724499693118));
#3581=CARTESIAN_POINT('',(3.10160998321529,11.8,-0.59003394148023));
#3582=CARTESIAN_POINT('Origin',(3.10160998321529,11.7,-0.59003394148023));
#3583=CARTESIAN_POINT('',(2.84920489539568,11.8,0.821406374322553));
#3584=CARTESIAN_POINT('',(2.78871898303699,11.8,1.15964145499645));
#3585=CARTESIAN_POINT('Origin',(2.84920489539568,11.7,0.821406374322553));
#3586=CARTESIAN_POINT('Origin',(2.15517394868603,11.7,2.15298861747182));
#3587=CARTESIAN_POINT('',(2.47832657677503,11.7,2.20931985030455));
#3588=CARTESIAN_POINT('',(3.84703544142853,11.7,2.02034332209148));
#3589=CARTESIAN_POINT('',(2.1688511187649,11.7,2.25204887700426));
#3590=CARTESIAN_POINT('',(3.83335827134966,11.8,1.92128306255904));
#3591=CARTESIAN_POINT('Origin',(3.83335827134966,11.7,1.92128306255904));
#3592=CARTESIAN_POINT('',(2.41300130004077,11.8,2.11739060317115));
#3593=CARTESIAN_POINT('',(2.15517394868603,11.8,2.15298861747182));
#3594=CARTESIAN_POINT('Origin',(2.41300130004077,11.7,2.11739060317115));
#3595=CARTESIAN_POINT('Ctrl Pts',(3.84703544142853,11.7,2.02034332209148));
#3596=CARTESIAN_POINT('Ctrl Pts',(3.93905172941358,11.7,2.00763870747873));
#3597=CARTESIAN_POINT('Ctrl Pts',(3.96868306695568,11.7,1.91960241767463));
#3598=CARTESIAN_POINT('Ctrl Pts',(3.99831440449779,11.7,1.83156612787053));
#3599=CARTESIAN_POINT('Ctrl Pts',(3.93270704659874,11.7,1.76580839770508));
#3600=CARTESIAN_POINT('Ctrl Pts',(3.84703544142853,11.8,2.02034332209148));
#3601=CARTESIAN_POINT('Ctrl Pts',(3.93905172941358,11.8,2.00763870747873));
#3602=CARTESIAN_POINT('Ctrl Pts',(3.96868306695568,11.8,1.91960241767463));
#3603=CARTESIAN_POINT('Ctrl Pts',(3.99831440449779,11.8,1.83156612787053));
#3604=CARTESIAN_POINT('Ctrl Pts',(3.93270704659874,11.8,1.76580839770508));
#3605=CARTESIAN_POINT('Ctrl Pts',(3.83335827134966,11.8,1.92128306255904));
#3606=CARTESIAN_POINT('Ctrl Pts',(3.86403036734468,11.8,1.91704819102146));
#3607=CARTESIAN_POINT('Ctrl Pts',(3.87390747985871,11.8,1.88770276108676));
#3608=CARTESIAN_POINT('Ctrl Pts',(3.88378459237275,11.8,1.85835733115206));
#3609=CARTESIAN_POINT('Ctrl Pts',(3.86191547307306,11.8,1.83643808776357));
#3610=CARTESIAN_POINT('',(3.93270704659874,11.7,1.76580839770508));
#3611=CARTESIAN_POINT('',(3.86191547307306,11.8,1.83643808776357));
#3612=CARTESIAN_POINT('Origin',(3.86191547307306,11.7,1.83643808776357));
#3613=CARTESIAN_POINT('Origin',(3.82651968631023,11.8,1.87175293279282));
#3614=CARTESIAN_POINT('Origin',(3.82651968631023,11.7,1.87175293279282));
#3615=CARTESIAN_POINT('Origin',(3.21473736969922,11.7,1.18777665018321));
#3616=CARTESIAN_POINT('',(3.21473736969922,11.8,1.18777665018321));
#3617=CARTESIAN_POINT('',(3.2855289432249,11.7,1.11714696012471));
#3618=CARTESIAN_POINT('Origin',(0.978995035871179,11.7,1.96550373580712));
#3619=CARTESIAN_POINT('',(0.978409441355253,11.7,2.19355321229483));
#3620=CARTESIAN_POINT('',(1.58109109946871,11.7,3.43687573817867));
#3621=CARTESIAN_POINT('',(0.889009608526295,11.7,2.00912280119782));
#3622=CARTESIAN_POINT('',(1.67107652681359,11.8,3.39325667278797));
#3623=CARTESIAN_POINT('Origin',(1.67107652681359,11.7,3.39325667278797));
#3624=CARTESIAN_POINT('',(1.04565273020645,11.8,2.10301748253362));
#3625=CARTESIAN_POINT('',(0.978995035871179,11.8,1.96550373580712));
#3626=CARTESIAN_POINT('Origin',(1.04565273020645,11.7,2.10301748253362));
#3627=CARTESIAN_POINT('Ctrl Pts',(1.5810910994687,11.7,3.43687573817867));
#3628=CARTESIAN_POINT('Ctrl Pts',(1.62160850272985,11.7,3.52046248664982));
#3629=CARTESIAN_POINT('Ctrl Pts',(1.71449257668506,11.7,3.5214388536346));
#3630=CARTESIAN_POINT('Ctrl Pts',(1.80737665064027,11.7,3.52241522061937));
#3631=CARTESIAN_POINT('Ctrl Pts',(1.84964217986405,11.7,3.43969865923993));
#3632=CARTESIAN_POINT('Ctrl Pts',(1.5810910994687,11.8,3.43687573817867));
#3633=CARTESIAN_POINT('Ctrl Pts',(1.62160850272985,11.8,3.52046248664982));
#3634=CARTESIAN_POINT('Ctrl Pts',(1.71449257668506,11.8,3.5214388536346));
#3635=CARTESIAN_POINT('Ctrl Pts',(1.80737665064027,11.8,3.52241522061937));
#3636=CARTESIAN_POINT('Ctrl Pts',(1.84964217986405,11.8,3.43969865923993));
#3637=CARTESIAN_POINT('Ctrl Pts',(1.67107652681359,11.8,3.39325667278797));
#3638=CARTESIAN_POINT('Ctrl Pts',(1.68458232790064,11.8,3.42111892227835));
#3639=CARTESIAN_POINT('Ctrl Pts',(1.71554368588571,11.8,3.42144437793994));
#3640=CARTESIAN_POINT('Ctrl Pts',(1.74650504387078,11.8,3.42176983360154));
#3641=CARTESIAN_POINT('Ctrl Pts',(1.76059355361204,11.8,3.39419764647505));
#3642=CARTESIAN_POINT('',(1.84964217986405,11.7,3.43969865923993));
#3643=CARTESIAN_POINT('',(1.76059355361204,11.8,3.39419764647505));
#3644=CARTESIAN_POINT('Origin',(1.76059355361204,11.7,3.39419764647505));
#3645=CARTESIAN_POINT('Origin',(1.71606924048603,11.8,3.37144714009262));
#3646=CARTESIAN_POINT('Origin',(1.71606924048603,11.7,3.37144714009262));
#3647=CARTESIAN_POINT('Origin',(2.16717605016584,11.7,2.5984876045179));
#3648=CARTESIAN_POINT('',(2.16717605016584,11.8,2.5984876045179));
#3649=CARTESIAN_POINT('',(2.25622467641785,11.7,2.64398861728278));
#3650=CARTESIAN_POINT('Ctrl Pts',(3.20004836653883,11.7,-0.572430399545503));
#3651=CARTESIAN_POINT('Ctrl Pts',(3.21640015677104,11.7,-0.663869031661296));
#3652=CARTESIAN_POINT('Ctrl Pts',(3.14182925654897,11.7,-0.719254817988438));
#3653=CARTESIAN_POINT('Ctrl Pts',(3.0672583563269,11.7,-0.774640604315581));
#3654=CARTESIAN_POINT('Ctrl Pts',(2.98444525000943,11.7,-0.732564555201431));
#3655=CARTESIAN_POINT('Ctrl Pts',(3.20004836653883,11.8,-0.572430399545503));
#3656=CARTESIAN_POINT('Ctrl Pts',(3.21640015677104,11.8,-0.663869031661296));
#3657=CARTESIAN_POINT('Ctrl Pts',(3.14182925654897,11.8,-0.719254817988438));
#3658=CARTESIAN_POINT('Ctrl Pts',(3.0672583563269,11.8,-0.774640604315581));
#3659=CARTESIAN_POINT('Ctrl Pts',(2.98444525000943,11.8,-0.732564555201431));
#3660=CARTESIAN_POINT('Ctrl Pts',(3.10160998321529,11.8,-0.590033941480229));
#3661=CARTESIAN_POINT('Ctrl Pts',(3.10706057995936,11.8,-0.620513485518827));
#3662=CARTESIAN_POINT('Ctrl Pts',(3.08220361321867,11.8,-0.638975414294542));
#3663=CARTESIAN_POINT('Ctrl Pts',(3.05734664647798,11.8,-0.657437343070256));
#3664=CARTESIAN_POINT('Ctrl Pts',(3.02974227770549,11.8,-0.643411993365539));
#3665=CARTESIAN_POINT('',(2.98444525000943,11.7,-0.732564555201431));
#3666=CARTESIAN_POINT('',(3.02974227770549,11.8,-0.643411993365539));
#3667=CARTESIAN_POINT('Origin',(3.02974227770549,11.7,-0.643411993365539));
#3668=CARTESIAN_POINT('Origin',(3.05239079155352,11.8,-0.598835712447592));
#3669=CARTESIAN_POINT('Origin',(3.05239079155352,11.7,-0.598835712447592));
#3670=CARTESIAN_POINT('Origin',(2.10694599765131,11.7,-0.174553580386033));
#3671=CARTESIAN_POINT('',(2.10694599765131,11.8,-0.174553580386033));
#3672=CARTESIAN_POINT('',(2.06164896995525,11.7,-0.263706142221925));
#3673=CARTESIAN_POINT('Origin',(0.759170547161575,11.7,0.680539246170079));
#3674=CARTESIAN_POINT('',(0.529904520175562,11.7,0.762175087661933));
#3675=CARTESIAN_POINT('',(-0.466326595367689,11.7,1.71956719584959));
#3676=CARTESIAN_POINT('',(0.68987932449138,11.7,0.608437051606603));
#3677=CARTESIAN_POINT('',(-0.397035372697495,11.8,1.79166939041307));
#3678=CARTESIAN_POINT('Origin',(-0.397035372697495,11.7,1.79166939041307));
#3679=CARTESIAN_POINT('',(0.636788434935183,11.8,0.79815017660663));
#3680=CARTESIAN_POINT('',(0.759170547161575,11.8,0.680539246170079));
#3681=CARTESIAN_POINT('Origin',(0.636788434935183,11.7,0.79815017660663));
#3682=CARTESIAN_POINT('Ctrl Pts',(-0.466326595367689,11.7,1.71956719584959));
#3683=CARTESIAN_POINT('Ctrl Pts',(-0.53330175100146,11.7,1.7839312620266));
#3684=CARTESIAN_POINT('Ctrl Pts',(-0.505527573825685,11.7,1.87257097981278));
#3685=CARTESIAN_POINT('Ctrl Pts',(-0.47775339664991,11.7,1.96121069759896));
#3686=CARTESIAN_POINT('Ctrl Pts',(-0.386024505138064,11.7,1.9758467813994));
#3687=CARTESIAN_POINT('Ctrl Pts',(-0.466326595367689,11.8,1.71956719584959));
#3688=CARTESIAN_POINT('Ctrl Pts',(-0.53330175100146,11.8,1.7839312620266));
#3689=CARTESIAN_POINT('Ctrl Pts',(-0.505527573825685,11.8,1.87257097981278));
#3690=CARTESIAN_POINT('Ctrl Pts',(-0.47775339664991,11.8,1.96121069759896));
#3691=CARTESIAN_POINT('Ctrl Pts',(-0.386024505138064,11.8,1.9758467813994));
#3692=CARTESIAN_POINT('Ctrl Pts',(-0.397035372697493,11.8,1.79166939041307));
#3693=CARTESIAN_POINT('Ctrl Pts',(-0.419360424575417,11.8,1.81312407913874));
#3694=CARTESIAN_POINT('Ctrl Pts',(-0.410102365516825,11.8,1.84267065173413));
#3695=CARTESIAN_POINT('Ctrl Pts',(-0.400844306458233,11.8,1.87221722432953));
#3696=CARTESIAN_POINT('Ctrl Pts',(-0.370268009287618,11.8,1.87709591892967));
#3697=CARTESIAN_POINT('',(-0.386024505138064,11.7,1.9758467813994));
#3698=CARTESIAN_POINT('',(-0.370268009287618,11.8,1.87709591892967));
#3699=CARTESIAN_POINT('Origin',(-0.370268009287618,11.7,1.87709591892967));
#3700=CARTESIAN_POINT('Origin',(-0.362389761362395,11.8,1.82772048769481));
#3701=CARTESIAN_POINT('Origin',(-0.362389761362395,11.7,1.82772048769481));
#3702=CARTESIAN_POINT('Origin',(0.615560197926085,11.7,2.03439275328368));
#3703=CARTESIAN_POINT('',(0.615560197926085,11.8,2.03439275328368));
#3704=CARTESIAN_POINT('',(0.599803702075638,11.7,2.1331436157534));
#3705=CARTESIAN_POINT('Ctrl Pts',(0.534244022015292,11.7,-0.758320268567515));
#3706=CARTESIAN_POINT('Ctrl Pts',(0.452333696170659,11.7,-0.80212783648713));
#3707=CARTESIAN_POINT('Ctrl Pts',(0.376615007719641,11.7,-0.748321845126843));
#3708=CARTESIAN_POINT('Ctrl Pts',(0.300896319268623,11.7,-0.694515853766556));
#3709=CARTESIAN_POINT('Ctrl Pts',(0.315322362749511,11.7,-0.602753695136252));
#3710=CARTESIAN_POINT('Ctrl Pts',(0.534244022015292,11.8,-0.758320268567515));
#3711=CARTESIAN_POINT('Ctrl Pts',(0.452333696170659,11.8,-0.80212783648713));
#3712=CARTESIAN_POINT('Ctrl Pts',(0.376615007719641,11.8,-0.748321845126843));
#3713=CARTESIAN_POINT('Ctrl Pts',(0.300896319268623,11.8,-0.694515853766556));
#3714=CARTESIAN_POINT('Ctrl Pts',(0.315322362749511,11.8,-0.602753695136252));
#3715=CARTESIAN_POINT('Ctrl Pts',(0.487082925402625,11.8,-0.670139596273125));
#3716=CARTESIAN_POINT('Ctrl Pts',(0.459779483454414,11.8,-0.684742118912996));
#3717=CARTESIAN_POINT('Ctrl Pts',(0.434539920637407,11.8,-0.666806788459567));
#3718=CARTESIAN_POINT('Ctrl Pts',(0.409300357820401,11.8,-0.648871458006138));
#3719=CARTESIAN_POINT('Ctrl Pts',(0.414109038980697,11.8,-0.618284071796037));
#3720=CARTESIAN_POINT('',(0.315322362749511,11.7,-0.602753695136252));
#3721=CARTESIAN_POINT('',(0.414109038980697,11.8,-0.618284071796037));
#3722=CARTESIAN_POINT('Origin',(0.414109038980697,11.7,-0.618284071796037));
#3723=CARTESIAN_POINT('Origin',(0.463502377096291,11.8,-0.626049260125929));
#3724=CARTESIAN_POINT('Origin',(0.463502377096291,11.7,-0.626049260125929));
#3725=CARTESIAN_POINT('Origin',(0.582730838212688,11.7,0.454296938385471));
#3726=CARTESIAN_POINT('',(0.582730838212688,11.8,0.454296938385471));
#3727=CARTESIAN_POINT('',(0.483944161981502,11.7,0.469827315045256));
#3728=CARTESIAN_POINT('Origin',(3.82651968631023,8.8,1.87175293279282));
#3729=CARTESIAN_POINT('',(3.84703544142853,8.8,2.02034332209148));
#3730=CARTESIAN_POINT('',(3.84703544142853,8.8,2.02034332209148));
#3731=CARTESIAN_POINT('',(3.93270704659874,8.8,1.76580839770508));
#3732=CARTESIAN_POINT('Origin',(3.82651968631023,8.8,1.87175293279282));
#3733=CARTESIAN_POINT('',(3.93270704659874,8.8,1.76580839770508));
#3734=CARTESIAN_POINT('Origin',(2.47832657677503,8.8,2.20931985030455));
#3735=CARTESIAN_POINT('',(2.47832657677503,8.8,2.20931985030455));
#3736=CARTESIAN_POINT('',(2.47832657677503,8.8,2.20931985030455));
#3737=CARTESIAN_POINT('',(2.80798499291031,8.8,2.16380417886683));
#3738=CARTESIAN_POINT('Origin',(1.84964217986405,8.8,3.43969865923993));
#3739=CARTESIAN_POINT('',(1.84964217986405,8.8,3.43969865923993));
#3740=CARTESIAN_POINT('',(1.84964217986405,8.8,3.43969865923993));
#3741=CARTESIAN_POINT('',(3.12028969929046,8.8,0.952953657757194));
#3742=CARTESIAN_POINT('Origin',(1.71606924048603,8.8,3.37144714009262));
#3743=CARTESIAN_POINT('',(1.58109109946871,8.8,3.43687573817867));
#3744=CARTESIAN_POINT('',(1.58109109946871,8.8,3.43687573817867));
#3745=CARTESIAN_POINT('Origin',(1.71606924048603,8.8,3.37144714009262));
#3746=CARTESIAN_POINT('Origin',(0.978409441355253,8.8,2.19355321229483));
#3747=CARTESIAN_POINT('',(0.978409441355253,8.8,2.19355321229483));
#3748=CARTESIAN_POINT('',(0.978409441355253,8.8,2.19355321229483));
#3749=CARTESIAN_POINT('',(0.20203143868618,8.8,0.591897933219703));
#3750=CARTESIAN_POINT('Origin',(-0.386024505138064,8.8,1.9758467813994));
#3751=CARTESIAN_POINT('',(-0.386024505138064,8.8,1.9758467813994));
#3752=CARTESIAN_POINT('',(-0.386024505138064,8.8,1.9758467813994));
#3753=CARTESIAN_POINT('',(0.672948888512904,8.8,2.14481451966001));
#3754=CARTESIAN_POINT('Origin',(-0.362389761362395,8.8,1.82772048769481));
#3755=CARTESIAN_POINT('',(-0.466326595367689,8.8,1.71956719584959));
#3756=CARTESIAN_POINT('',(-0.466326595367689,8.8,1.71956719584959));
#3757=CARTESIAN_POINT('Origin',(-0.362389761362395,8.8,1.82772048769481));
#3758=CARTESIAN_POINT('Origin',(0.529904520175561,8.8,0.762175087661933));
#3759=CARTESIAN_POINT('',(0.529904520175562,8.8,0.762175087661933));
#3760=CARTESIAN_POINT('',(0.529904520175562,8.8,0.762175087661933));
#3761=CARTESIAN_POINT('',(1.85690327910236,8.8,-0.513089376125216));
#3762=CARTESIAN_POINT('Origin',(1.73206496247392,11.8,1.37269893998334));
#3763=CARTESIAN_POINT('Origin',(1.09998686606333,12.2,-4.1322080702076));
#3764=CARTESIAN_POINT('',(1.39890527519811,12.2,-4.33157149803239));
#3765=CARTESIAN_POINT('',(2.58650385045343,12.2,-5.73994739351582));
#3766=CARTESIAN_POINT('',(1.17643523576162,12.2,-4.06774376403377));
#3767=CARTESIAN_POINT('',(2.51005548075513,12.3,-5.80441169968965));
#3768=CARTESIAN_POINT('Origin',(2.51005548075513,12.2,-5.80441169968965));
#3769=CARTESIAN_POINT('',(1.28884646094368,12.3,-4.35617710031786));
#3770=CARTESIAN_POINT('',(1.09998686606333,12.3,-4.1322080702076));
#3771=CARTESIAN_POINT('Origin',(1.28884646094368,12.2,-4.35617710031786));
#3772=CARTESIAN_POINT('Origin',(-0.499132230551763,12.2,-3.27879606904676));
#3773=CARTESIAN_POINT('',(-0.101368855313577,12.2,-3.00900674221989));
#3774=CARTESIAN_POINT('',(1.60506435972833,12.2,-2.31474546465289));
#3775=CARTESIAN_POINT('',(-0.536817583577798,12.2,-3.18616878274675));
#3776=CARTESIAN_POINT('',(1.64274971275437,12.3,-2.4073727509529));
#3777=CARTESIAN_POINT('Origin',(1.64274971275437,12.2,-2.4073727509529));
#3778=CARTESIAN_POINT('',(-0.111977580907988,12.3,-3.12128244395532));
#3779=CARTESIAN_POINT('',(-0.499132230551763,12.3,-3.27879606904676));
#3780=CARTESIAN_POINT('Origin',(-0.111977580907988,12.2,-3.12128244395532));
#3781=CARTESIAN_POINT('Origin',(-1.68778573204456,12.2,-4.50758712723606));
#3782=CARTESIAN_POINT('',(-1.82281288710058,12.2,-4.02715724456465));
#3783=CARTESIAN_POINT('',(-1.95577773592824,12.2,-2.1897042824719));
#3784=CARTESIAN_POINT('',(-1.78752493079098,12.2,-4.51480462219082));
#3785=CARTESIAN_POINT('',(-1.85603853718181,12.3,-2.18248678751714));
#3786=CARTESIAN_POINT('Origin',(-1.85603853718181,12.2,-2.18248678751714));
#3787=CARTESIAN_POINT('',(-1.71931062584082,12.3,-4.07194184206243));
#3788=CARTESIAN_POINT('',(-1.68778573204456,12.3,-4.50758712723606));
#3789=CARTESIAN_POINT('Origin',(-1.71931062584082,12.2,-4.07194184206243));
#3790=CARTESIAN_POINT('Ctrl Pts',(-1.95577773592824,12.2,-2.1897042824719));
#3791=CARTESIAN_POINT('Ctrl Pts',(-1.96471676754962,12.2,-2.06617501683679));
#3792=CARTESIAN_POINT('Ctrl Pts',(-1.85811438866987,12.2,-2.00312488938368));
#3793=CARTESIAN_POINT('Ctrl Pts',(-1.75151200979011,12.2,-1.94007476193057));
#3794=CARTESIAN_POINT('Ctrl Pts',(-1.64756360618756,12.2,-2.00741060040577));
#3795=CARTESIAN_POINT('Ctrl Pts',(-1.95577773592824,12.3,-2.1897042824719));
#3796=CARTESIAN_POINT('Ctrl Pts',(-1.96471676754962,12.3,-2.06617501683679));
#3797=CARTESIAN_POINT('Ctrl Pts',(-1.85811438866987,12.3,-2.00312488938368));
#3798=CARTESIAN_POINT('Ctrl Pts',(-1.75151200979011,12.3,-1.94007476193057));
#3799=CARTESIAN_POINT('Ctrl Pts',(-1.64756360618756,12.3,-2.00741060040577));
#3800=CARTESIAN_POINT('Ctrl Pts',(-1.85603853718181,12.3,-2.18248678751714));
#3801=CARTESIAN_POINT('Ctrl Pts',(-1.86050805299251,12.3,-2.12072215469959));
#3802=CARTESIAN_POINT('Ctrl Pts',(-1.80720686355263,12.3,-2.08919709097303));
#3803=CARTESIAN_POINT('Ctrl Pts',(-1.75390567411275,12.3,-2.05767202724647));
#3804=CARTESIAN_POINT('Ctrl Pts',(-1.70193147231148,12.3,-2.09133994648407));
#3805=CARTESIAN_POINT('',(-1.64756360618757,12.2,-2.00741060040577));
#3806=CARTESIAN_POINT('',(-1.70193147231148,12.3,-2.09133994648407));
#3807=CARTESIAN_POINT('Origin',(-1.70193147231148,12.2,-2.09133994648407));
#3808=CARTESIAN_POINT('Origin',(-1.75629933843539,12.3,-2.17526929256238));
#3809=CARTESIAN_POINT('Origin',(-1.75629933843539,12.2,-2.17526929256238));
#3810=CARTESIAN_POINT('Origin',(-0.583659626859489,12.2,-2.8157356057443));
#3811=CARTESIAN_POINT('',(-0.583659626859489,12.3,-2.8157356057443));
#3812=CARTESIAN_POINT('',(-0.529291760735576,12.2,-2.731806259666));
#3813=CARTESIAN_POINT('Origin',(-0.997881489692341,12.2,-5.97185506412342));
#3814=CARTESIAN_POINT('',(-1.38644967796391,12.2,-5.97897361648901));
#3815=CARTESIAN_POINT('',(-3.1750596888903,12.2,-5.5376265107535));
#3816=CARTESIAN_POINT('',(-1.02183835150228,12.2,-6.06894300761909));
#3817=CARTESIAN_POINT('',(-3.15110282708037,12.3,-5.44053856725783));
#3818=CARTESIAN_POINT('Origin',(-3.15110282708037,12.2,-5.44053856725783));
#3819=CARTESIAN_POINT('',(-1.3118730369985,12.3,-5.89437631817968));
#3820=CARTESIAN_POINT('',(-0.997881489692341,12.3,-5.97185506412342));
#3821=CARTESIAN_POINT('Origin',(-1.3118730369985,12.2,-5.89437631817968));
#3822=CARTESIAN_POINT('Ctrl Pts',(-3.1750596888903,12.2,-5.5376265107535));
#3823=CARTESIAN_POINT('Ctrl Pts',(-3.29530531460999,12.2,-5.50795539264249));
#3824=CARTESIAN_POINT('Ctrl Pts',(-3.32232760246287,12.2,-5.38708694467581));
#3825=CARTESIAN_POINT('Ctrl Pts',(-3.34934989031575,12.2,-5.26621849670914));
#3826=CARTESIAN_POINT('Ctrl Pts',(-3.25318787910238,12.2,-5.18816560852378));
#3827=CARTESIAN_POINT('Ctrl Pts',(-3.1750596888903,12.3,-5.5376265107535));
#3828=CARTESIAN_POINT('Ctrl Pts',(-3.29530531460999,12.3,-5.50795539264249));
#3829=CARTESIAN_POINT('Ctrl Pts',(-3.32232760246287,12.3,-5.38708694467581));
#3830=CARTESIAN_POINT('Ctrl Pts',(-3.34934989031575,12.3,-5.26621849670914));
#3831=CARTESIAN_POINT('Ctrl Pts',(-3.25318787910238,12.3,-5.18816560852378));
#3832=CARTESIAN_POINT('Ctrl Pts',(-3.15110282708037,12.3,-5.44053856725783));
#3833=CARTESIAN_POINT('Ctrl Pts',(-3.21122563994021,12.3,-5.42570300820232));
#3834=CARTESIAN_POINT('Ctrl Pts',(-3.22473678386665,12.3,-5.36526878421898));
#3835=CARTESIAN_POINT('Ctrl Pts',(-3.23824792779309,12.3,-5.30483456023565));
#3836=CARTESIAN_POINT('Ctrl Pts',(-3.19016692218641,12.3,-5.26580811614297));
#3837=CARTESIAN_POINT('',(-3.25318787910238,12.2,-5.18816560852378));
#3838=CARTESIAN_POINT('',(-3.19016692218641,12.3,-5.26580811614297));
#3839=CARTESIAN_POINT('Origin',(-3.19016692218641,12.2,-5.26580811614297));
#3840=CARTESIAN_POINT('Origin',(-3.12714596527043,12.3,-5.34345062376215));
#3841=CARTESIAN_POINT('Origin',(-3.12714596527043,12.2,-5.34345062376215));
#3842=CARTESIAN_POINT('Origin',(-2.24380180842114,12.2,-4.49766142832726));
#3843=CARTESIAN_POINT('',(-2.24380180842114,12.3,-4.49766142832726));
#3844=CARTESIAN_POINT('',(-2.30682276533712,12.2,-4.42001892070808));
#3845=CARTESIAN_POINT('Ctrl Pts',(1.60506435972833,12.2,-2.31474546465289));
#3846=CARTESIAN_POINT('Ctrl Pts',(1.71978536007949,12.2,-2.2680712979961));
#3847=CARTESIAN_POINT('Ctrl Pts',(1.81269154136165,12.2,-2.34997262420174));
#3848=CARTESIAN_POINT('Ctrl Pts',(1.90559772264382,12.2,-2.43187395040737));
#3849=CARTESIAN_POINT('Ctrl Pts',(1.87367935793311,12.2,-2.55154267543138));
#3850=CARTESIAN_POINT('Ctrl Pts',(1.60506435972833,12.3,-2.31474546465289));
#3851=CARTESIAN_POINT('Ctrl Pts',(1.71978536007949,12.3,-2.2680712979961));
#3852=CARTESIAN_POINT('Ctrl Pts',(1.81269154136165,12.3,-2.34997262420174));
#3853=CARTESIAN_POINT('Ctrl Pts',(1.90559772264382,12.3,-2.43187395040737));
#3854=CARTESIAN_POINT('Ctrl Pts',(1.87367935793311,12.3,-2.55154267543138));
#3855=CARTESIAN_POINT('Ctrl Pts',(1.64274971275437,12.3,-2.4073727509529));
#3856=CARTESIAN_POINT('Ctrl Pts',(1.70011021292994,12.3,-2.3840356676245));
#3857=CARTESIAN_POINT('Ctrl Pts',(1.74656330357103,12.3,-2.42498633072732));
#3858=CARTESIAN_POINT('Ctrl Pts',(1.79301639421211,12.3,-2.46593699383014));
#3859=CARTESIAN_POINT('Ctrl Pts',(1.77705721185676,12.3,-2.52577135634214));
#3860=CARTESIAN_POINT('',(1.87367935793311,12.2,-2.55154267543138));
#3861=CARTESIAN_POINT('',(1.77705721185676,12.3,-2.52577135634214));
#3862=CARTESIAN_POINT('Origin',(1.77705721185676,12.2,-2.52577135634214));
#3863=CARTESIAN_POINT('Origin',(1.6804350657804,12.3,-2.50000003725291));
#3864=CARTESIAN_POINT('Origin',(1.6804350657804,12.2,-2.50000003725291));
#3865=CARTESIAN_POINT('Origin',(1.4108350710315,12.2,-3.89881590500059));
#3866=CARTESIAN_POINT('',(1.4108350710315,12.3,-3.89881590500059));
#3867=CARTESIAN_POINT('',(1.50745721710785,12.2,-3.92458722408982));
#3868=CARTESIAN_POINT('Origin',(0.67106742983902,12.2,-5.87085347809674));
#3869=CARTESIAN_POINT('',(0.604681648509526,12.2,-6.16711197179199));
#3870=CARTESIAN_POINT('',(-0.367775282033645,12.2,-7.73179742170382));
#3871=CARTESIAN_POINT('',(0.756000473723117,12.2,-5.92363963212014));
#3872=CARTESIAN_POINT('',(-0.452708325917742,12.3,-7.67901126768042));
#3873=CARTESIAN_POINT('Origin',(-0.452708325917742,12.2,-7.67901126768042));
#3874=CARTESIAN_POINT('',(0.547270286133192,12.3,-6.07004336858265));
#3875=CARTESIAN_POINT('',(0.67106742983902,12.3,-5.87085347809674));
#3876=CARTESIAN_POINT('Origin',(0.547270286133192,12.2,-6.07004336858265));
#3877=CARTESIAN_POINT('Ctrl Pts',(-0.367775282033645,12.2,-7.73179742170382));
#3878=CARTESIAN_POINT('Ctrl Pts',(-0.43315213410552,12.2,-7.8369889278621));
#3879=CARTESIAN_POINT('Ctrl Pts',(-0.556455205332139,12.2,-7.82533824630436));
#3880=CARTESIAN_POINT('Ctrl Pts',(-0.679758276558759,12.2,-7.81368756474662));
#3881=CARTESIAN_POINT('Ctrl Pts',(-0.724275288804897,12.2,-7.69811238845277));
#3882=CARTESIAN_POINT('Ctrl Pts',(-0.367775282033645,12.3,-7.73179742170382));
#3883=CARTESIAN_POINT('Ctrl Pts',(-0.43315213410552,12.3,-7.8369889278621));
#3884=CARTESIAN_POINT('Ctrl Pts',(-0.556455205332139,12.3,-7.82533824630436));
#3885=CARTESIAN_POINT('Ctrl Pts',(-0.679758276558759,12.3,-7.81368756474662));
#3886=CARTESIAN_POINT('Ctrl Pts',(-0.724275288804897,12.3,-7.69811238845277));
#3887=CARTESIAN_POINT('Ctrl Pts',(-0.452708325917742,12.3,-7.67901126768042));
#3888=CARTESIAN_POINT('Ctrl Pts',(-0.485396751953679,12.3,-7.73160702075956));
#3889=CARTESIAN_POINT('Ctrl Pts',(-0.54704828756699,12.3,-7.72578167998069));
#3890=CARTESIAN_POINT('Ctrl Pts',(-0.6086998231803,12.3,-7.71995633920182));
#3891=CARTESIAN_POINT('Ctrl Pts',(-0.630958329303369,12.3,-7.6621687510549));
#3892=CARTESIAN_POINT('',(-0.724275288804896,12.2,-7.69811238845277));
#3893=CARTESIAN_POINT('',(-0.630958329303368,12.3,-7.6621687510549));
#3894=CARTESIAN_POINT('Origin',(-0.630958329303368,12.2,-7.6621687510549));
#3895=CARTESIAN_POINT('Origin',(-0.53764136980184,12.3,-7.62622511365702));
#3896=CARTESIAN_POINT('Origin',(-0.53764136980184,12.2,-7.62622511365702));
#3897=CARTESIAN_POINT('Origin',(-1.07571174291946,12.2,-6.50749884864185));
#3898=CARTESIAN_POINT('',(-1.07571174291946,12.3,-6.50749884864185));
#3899=CARTESIAN_POINT('',(-1.16902870242098,12.2,-6.54344248603973));
#3900=CARTESIAN_POINT('Ctrl Pts',(2.58650385045343,12.2,-5.73994739351582));
#3901=CARTESIAN_POINT('Ctrl Pts',(2.66634435951522,12.2,-5.83463043776045));
#3902=CARTESIAN_POINT('Ctrl Pts',(2.6171611584328,12.2,-5.94829836853234));
#3903=CARTESIAN_POINT('Ctrl Pts',(2.56797795735038,12.2,-6.06196629930423));
#3904=CARTESIAN_POINT('Ctrl Pts',(2.4443029194913,12.2,-6.06858980028423));
#3905=CARTESIAN_POINT('Ctrl Pts',(2.58650385045343,12.3,-5.73994739351582));
#3906=CARTESIAN_POINT('Ctrl Pts',(2.66634435951522,12.3,-5.83463043776045));
#3907=CARTESIAN_POINT('Ctrl Pts',(2.6171611584328,12.3,-5.94829836853234));
#3908=CARTESIAN_POINT('Ctrl Pts',(2.56797795735038,12.3,-6.06196629930423));
#3909=CARTESIAN_POINT('Ctrl Pts',(2.4443029194913,12.3,-6.06858980028423));
#3910=CARTESIAN_POINT('Ctrl Pts',(2.51005548075513,12.3,-5.80441169968965));
#3911=CARTESIAN_POINT('Ctrl Pts',(2.54997573528603,12.3,-5.85175322181197));
#3912=CARTESIAN_POINT('Ctrl Pts',(2.52538413474482,12.3,-5.90858718719791));
#3913=CARTESIAN_POINT('Ctrl Pts',(2.50079253420361,12.3,-5.96542115258385));
#3914=CARTESIAN_POINT('Ctrl Pts',(2.43895501527407,12.3,-5.96873290307386));
#3915=CARTESIAN_POINT('',(2.4443029194913,12.2,-6.06858980028423));
#3916=CARTESIAN_POINT('',(2.43895501527407,12.3,-5.96873290307386));
#3917=CARTESIAN_POINT('Origin',(2.43895501527407,12.2,-5.96873290307386));
#3918=CARTESIAN_POINT('Origin',(2.43360711105684,12.3,-5.86887600586348));
#3919=CARTESIAN_POINT('Origin',(2.43360711105684,12.2,-5.86887600586348));
#3920=CARTESIAN_POINT('Origin',(1.07859295078227,12.2,-6.04158802099657));
#3921=CARTESIAN_POINT('',(1.07859295078227,12.3,-6.04158802099657));
#3922=CARTESIAN_POINT('',(1.08394085499951,12.2,-6.14144491820695));
#3923=CARTESIAN_POINT('Origin',(-1.75629933843539,8.8,-2.17526929256238));
#3924=CARTESIAN_POINT('',(-1.95577773592824,8.8,-2.1897042824719));
#3925=CARTESIAN_POINT('',(-1.95577773592824,8.8,-2.1897042824719));
#3926=CARTESIAN_POINT('',(-1.64756360618757,8.8,-2.00741060040577));
#3927=CARTESIAN_POINT('Origin',(-1.75629933843539,8.8,-2.17526929256238));
#3928=CARTESIAN_POINT('',(-1.64756360618757,8.8,-2.00741060040577));
#3929=CARTESIAN_POINT('Origin',(-1.82281288710058,8.8,-4.02715724456465));
#3930=CARTESIAN_POINT('',(-1.82281288710058,8.8,-4.02715724456465));
#3931=CARTESIAN_POINT('',(-1.82281288710058,8.8,-4.02715724456465));
#3932=CARTESIAN_POINT('',(-1.86652115447676,8.8,-3.42314884635703));
#3933=CARTESIAN_POINT('Origin',(-3.25318787910238,8.8,-5.18816560852378));
#3934=CARTESIAN_POINT('',(-3.25318787910238,8.8,-5.18816560852378));
#3935=CARTESIAN_POINT('',(-3.25318787910238,8.8,-5.18816560852378));
#3936=CARTESIAN_POINT('',(-0.861399937420463,8.8,-3.24679651256172));
#3937=CARTESIAN_POINT('Origin',(-3.12714596527043,8.8,-5.34345062376215));
#3938=CARTESIAN_POINT('',(-3.1750596888903,8.8,-5.5376265107535));
#3939=CARTESIAN_POINT('',(-3.1750596888903,8.8,-5.5376265107535));
#3940=CARTESIAN_POINT('Origin',(-3.12714596527043,8.8,-5.34345062376215));
#3941=CARTESIAN_POINT('Origin',(-1.38644967796391,8.8,-5.97897361648901));
#3942=CARTESIAN_POINT('',(-1.38644967796391,8.8,-5.97897361648901));
#3943=CARTESIAN_POINT('',(-1.38644967796391,8.8,-5.97897361648901));
#3944=CARTESIAN_POINT('',(0.0406563000029542,8.8,-6.33111806894418));
#3945=CARTESIAN_POINT('Origin',(-0.724275288804896,8.8,-7.69811238845277));
#3946=CARTESIAN_POINT('',(-0.724275288804896,8.8,-7.69811238845277));
#3947=CARTESIAN_POINT('',(-0.724275288804896,8.8,-7.69811238845277));
#3948=CARTESIAN_POINT('',(-1.38775863376356,8.8,-5.97557530223403));
#3949=CARTESIAN_POINT('Origin',(-0.53764136980184,8.8,-7.62622511365702));
#3950=CARTESIAN_POINT('',(-0.367775282033645,8.8,-7.73179742170382));
#3951=CARTESIAN_POINT('',(-0.367775282033645,8.8,-7.73179742170382));
#3952=CARTESIAN_POINT('Origin',(-0.53764136980184,8.8,-7.62622511365702));
#3953=CARTESIAN_POINT('Origin',(0.604681648509527,8.8,-6.167111971792));
#3954=CARTESIAN_POINT('',(0.604681648509526,8.8,-6.16711197179199));
#3955=CARTESIAN_POINT('',(0.604681648509526,8.8,-6.16711197179199));
#3956=CARTESIAN_POINT('',(1.69077140845564,8.8,-4.41959103661114));
#3957=CARTESIAN_POINT('Origin',(-0.346769427106797,12.3,-4.9007472031097));
#3958=CARTESIAN_POINT('Origin',(5.78293038082398,8.8,-8.82915680749161));
#3959=CARTESIAN_POINT('',(5.78293038082398,8.8,-8.82915680749161));
#3960=CARTESIAN_POINT('',(5.78293038082398,8.8,-8.82915680749161));
#3961=CARTESIAN_POINT('',(3.18016405074085,8.8,-7.20690762238592));
#3962=CARTESIAN_POINT('Origin',(5.84640416071373,8.8,-8.72731831149668));
#3963=CARTESIAN_POINT('',(5.96592181510726,8.8,-8.7165698098212));
#3964=CARTESIAN_POINT('',(5.96592181510726,8.8,-8.7165698098212));
#3965=CARTESIAN_POINT('Origin',(5.84640416071373,8.8,-8.72731831149668));
#3966=CARTESIAN_POINT('Origin',(5.86691427098267,8.8,-7.61565827830733));
#3967=CARTESIAN_POINT('',(5.86691427098267,8.8,-7.61565827830733));
#3968=CARTESIAN_POINT('',(5.86691427098267,8.8,-7.61565827830733));
#3969=CARTESIAN_POINT('',(5.62522198553371,8.8,-4.92816788066786));
#3970=CARTESIAN_POINT('Origin',(6.71285112045314,8.8,-6.90418126481935));
#3971=CARTESIAN_POINT('',(6.71285112045314,8.8,-6.90418126481935));
#3972=CARTESIAN_POINT('',(6.71285112045314,8.8,-6.90418126481935));
#3973=CARTESIAN_POINT('',(6.56387774881287,8.8,-7.02947564064681));
#3974=CARTESIAN_POINT('Origin',(6.63561143191062,8.8,-6.8123442868973));
#3975=CARTESIAN_POINT('',(6.66232198568718,8.8,-6.69535477319223));
#3976=CARTESIAN_POINT('',(6.66232198568718,8.8,-6.69535477319223));
#3977=CARTESIAN_POINT('Origin',(6.63561143191062,8.8,-6.8123442868973));
#3978=CARTESIAN_POINT('Origin',(5.58469788607061,8.8,-6.44931617065317));
#3979=CARTESIAN_POINT('',(5.58469788607061,8.8,-6.44931617065317));
#3980=CARTESIAN_POINT('',(5.58469788607061,8.8,-6.44931617065317));
#3981=CARTESIAN_POINT('',(3.69025694678322,8.8,-6.01678538235611));
#3982=CARTESIAN_POINT('Origin',(5.16945189885302,8.8,-5.42492392931517));
#3983=CARTESIAN_POINT('',(4.47192848221783,8.8,-3.70416659956821));
#3984=CARTESIAN_POINT('Origin',(6.61113227541058,8.8,-1.21889523259758));
#3985=CARTESIAN_POINT('',(6.52713341265473,8.8,-1.1646348321593));
#3986=CARTESIAN_POINT('',(6.52713341265473,8.8,-1.1646348321593));
#3987=CARTESIAN_POINT('',(6.70506232525589,8.8,-1.18458567509449));
#3988=CARTESIAN_POINT('Origin',(6.61113227541058,8.8,-1.21889523259758));
#3989=CARTESIAN_POINT('',(6.70506232525589,8.8,-1.18458567509449));
#3990=CARTESIAN_POINT('Origin',(6.02732523912432,8.8,-1.93837254573154));
#3991=CARTESIAN_POINT('',(6.02732523912432,8.8,-1.93837254573154));
#3992=CARTESIAN_POINT('',(6.02732523912432,8.8,-1.93837254573154));
#3993=CARTESIAN_POINT('',(5.3800796495861,8.8,-2.94035360384755));
#3994=CARTESIAN_POINT('Origin',(5.1067949707583,8.8,-1.97157321972754));
#3995=CARTESIAN_POINT('',(5.1067949707583,8.8,-1.97157321972754));
#3996=CARTESIAN_POINT('',(5.1067949707583,8.8,-1.97157321972754));
#3997=CARTESIAN_POINT('',(3.79557380963807,8.8,-2.01886490344835));
#3998=CARTESIAN_POINT('Origin',(5.11039931730814,8.8,-2.07150824204678));
#3999=CARTESIAN_POINT('',(5.03283753379479,8.8,-2.1346285219751));
#4000=CARTESIAN_POINT('',(5.03283753379479,8.8,-2.1346285219751));
#4001=CARTESIAN_POINT('Origin',(5.11039931730814,8.8,-2.07150824204678));
#4002=CARTESIAN_POINT('Origin',(5.61425660864259,8.8,-2.84907244499141));
#4003=CARTESIAN_POINT('',(5.61425660864259,8.8,-2.84907244499141));
#4004=CARTESIAN_POINT('',(5.61425660864259,8.8,-2.84907244499141));
#4005=CARTESIAN_POINT('',(4.90842220484602,8.8,-1.98174778664526));
#4006=CARTESIAN_POINT('Origin',(5.36137282923024,8.8,-3.7348083276573));
#4007=CARTESIAN_POINT('',(5.41652872300592,8.8,-3.5416225315135));
#4008=CARTESIAN_POINT('Origin',(6.70506232525589,8.8,-1.18458567509449));
#4009=CARTESIAN_POINT('',(6.66952295921419,8.8,-1.08728875065977));
#4010=CARTESIAN_POINT('Origin',(3.93270704659874,8.8,1.76580839770508));
#4011=CARTESIAN_POINT('',(2.95682142559314,8.8,0.787686043849973));
#4012=CARTESIAN_POINT('',(2.5089009817157,8.8,0.338738964935375));
#4013=CARTESIAN_POINT('',(2.95682142559314,8.8,0.787686043849973));
#4014=CARTESIAN_POINT('Origin',(0.315322362749511,8.8,-0.602753695136252));
#4015=CARTESIAN_POINT('',(0.315322362749511,8.8,-0.602753695136252));
#4016=CARTESIAN_POINT('',(0.315322362749511,8.8,-0.602753695136252));
#4017=CARTESIAN_POINT('',(0.196131541765846,8.8,-1.36091077658891));
#4018=CARTESIAN_POINT('Origin',(0.463502377096291,8.8,-0.626049260125929));
#4019=CARTESIAN_POINT('',(0.534244022015292,8.8,-0.758320268567515));
#4020=CARTESIAN_POINT('',(0.534244022015292,8.8,-0.758320268567515));
#4021=CARTESIAN_POINT('Origin',(0.463502377096291,8.8,-0.626049260125929));
#4022=CARTESIAN_POINT('Origin',(1.75263037018469,8.8,-0.106698606104565));
#4023=CARTESIAN_POINT('',(1.75263037018469,8.8,-0.106698606104562));
#4024=CARTESIAN_POINT('',(1.75263037018469,8.8,-0.106698606104562));
#4025=CARTESIAN_POINT('',(1.54555058153218,8.8,-0.217449745385607));
#4026=CARTESIAN_POINT('Origin',(2.98444525000943,8.8,-0.732564555201431));
#4027=CARTESIAN_POINT('',(2.98444525000943,8.8,-0.732564555201431));
#4028=CARTESIAN_POINT('',(2.98444525000943,8.8,-0.732564555201431));
#4029=CARTESIAN_POINT('',(3.14879818584398,8.8,-0.816069721324753));
#4030=CARTESIAN_POINT('Origin',(3.05239079155352,8.8,-0.598835712447592));
#4031=CARTESIAN_POINT('',(3.20004836653883,8.8,-0.572430399545503));
#4032=CARTESIAN_POINT('',(3.20004836653883,8.8,-0.572430399545503));
#4033=CARTESIAN_POINT('Origin',(3.05239079155352,8.8,-0.598835712447592));
#4034=CARTESIAN_POINT('Origin',(2.95682142559314,8.8,0.787686043849973));
#4035=CARTESIAN_POINT('',(3.23459900489785,8.8,-0.765636346136793));
#4036=CARTESIAN_POINT('Origin',(2.43360711105684,8.8,-5.86887600586348));
#4037=CARTESIAN_POINT('',(2.58650385045343,8.8,-5.73994739351582));
#4038=CARTESIAN_POINT('',(2.58650385045343,8.8,-5.73994739351582));
#4039=CARTESIAN_POINT('',(2.4443029194913,8.8,-6.06858980028423));
#4040=CARTESIAN_POINT('Origin',(2.43360711105684,8.8,-5.86887600586348));
#4041=CARTESIAN_POINT('',(2.4443029194913,8.8,-6.06858980028423));
#4042=CARTESIAN_POINT('Origin',(1.39890527519811,8.8,-4.33157149803239));
#4043=CARTESIAN_POINT('',(1.39890527519811,8.8,-4.33157149803239));
#4044=CARTESIAN_POINT('',(1.39890527519811,8.8,-4.33157149803239));
#4045=CARTESIAN_POINT('',(1.17637661021083,8.8,-4.06767423985758));
#4046=CARTESIAN_POINT('Origin',(1.87367935793311,8.8,-2.55154267543138));
#4047=CARTESIAN_POINT('',(1.87367935793311,8.8,-2.55154267543138));
#4048=CARTESIAN_POINT('',(1.87367935793311,8.8,-2.55154267543138));
#4049=CARTESIAN_POINT('',(1.90089550787804,8.8,-2.44950355176415));
#4050=CARTESIAN_POINT('Origin',(1.6804350657804,8.8,-2.50000003725291));
#4051=CARTESIAN_POINT('',(1.60506435972833,8.8,-2.31474546465289));
#4052=CARTESIAN_POINT('',(1.60506435972833,8.8,-2.31474546465289));
#4053=CARTESIAN_POINT('Origin',(1.6804350657804,8.8,-2.50000003725291));
#4054=CARTESIAN_POINT('Origin',(-0.101368855313577,8.8,-3.00900674221989));
#4055=CARTESIAN_POINT('',(-0.101368855313577,8.8,-3.00900674221989));
#4056=CARTESIAN_POINT('',(-0.101368855313577,8.8,-3.00900674221989));
#4057=CARTESIAN_POINT('',(1.10343350987064,8.8,-2.51883365961965));
#4058=CARTESIAN_POINT('Origin',(-1.64756360618757,8.8,-2.00741060040577));
#4059=CARTESIAN_POINT('',(-0.074377923029955,8.8,-3.02649096509929));
#4060=CARTESIAN_POINT('Origin',(2.4443029194913,8.8,-6.06858980028423));
#4061=CARTESIAN_POINT('',(2.56735766039925,8.8,-6.06199951973039));
#4062=CARTESIAN_POINT('Origin',(2.5000000372529,5.8,-2.5000000372529));
#4063=CARTESIAN_POINT('',(12.5000000372529,5.8,-2.5000000372529));
#4064=CARTESIAN_POINT('',(2.5000000372529,5.8,-12.5000000372529));
#4065=CARTESIAN_POINT('Origin',(2.5000000372529,5.8,-2.5000000372529));
#4066=CARTESIAN_POINT('',(2.5000000372529,3.8,-10.5000000372529));
#4067=CARTESIAN_POINT('Origin',(2.5000000372529,5.8,-10.5000000372529));
#4068=CARTESIAN_POINT('Origin',(2.5000000372529,3.8,-2.5000000372529));
#4069=CARTESIAN_POINT('Origin',(2.5000000372529,5.8,-2.5000000372529));
#4070=CARTESIAN_POINT('Origin',(2.5000000372529,3.8,-2.5000000372529));
#4071=CARTESIAN_POINT('',(12.5000000372529,7.8,-2.5000000372529));
#4072=CARTESIAN_POINT('',(2.5000000372529,7.8,-12.5000000372529));
#4073=CARTESIAN_POINT('Origin',(2.5000000372529,7.8,-2.5000000372529));
#4074=CARTESIAN_POINT('',(12.5000000372529,3.8,-2.5000000372529));
#4075=CARTESIAN_POINT('Origin',(2.5000000372529,7.8,-2.5000000372529));
#4076=CARTESIAN_POINT('Origin',(2.5000000372529,3.8,-2.5000000372529));
#4077=CARTESIAN_POINT('',(5.,3.8,0.));
#4078=CARTESIAN_POINT('',(0.,3.8,0.));
#4079=CARTESIAN_POINT('',(5.,3.8,0.));
#4080=CARTESIAN_POINT('Origin',(2.5000000372529,7.8,-2.5000000372529));
#4081=CARTESIAN_POINT('',(2.5000000372529,8.8,-11.5000000372529));
#4082=CARTESIAN_POINT('Origin',(2.5000000372529,8.8,-2.5000000372529));
#4083=CARTESIAN_POINT('Origin',(2.5000000372529,7.8,-11.5000000372529));
#4084=CARTESIAN_POINT('Origin',(2.5000000372529,8.8,-2.5000000372529));
#4085=CARTESIAN_POINT('Origin',(5.,0.,0.));
#4086=CARTESIAN_POINT('',(5.,0.,0.));
#4087=CARTESIAN_POINT('Origin',(0.,0.,0.));
#4088=UNCERTAINTY_MEASURE_WITH_UNIT(LENGTH_MEASURE(0.01),#4092,
'DISTANCE_ACCURACY_VALUE',
'Maximum model space distance between geometric entities at asserted c
onnectivities');
#4089=UNCERTAINTY_MEASURE_WITH_UNIT(LENGTH_MEASURE(0.01),#4092,
'DISTANCE_ACCURACY_VALUE',
'Maximum model space distance between geometric entities at asserted c
onnectivities');
#4090=(
GEOMETRIC_REPRESENTATION_CONTEXT(3)
GLOBAL_UNCERTAINTY_ASSIGNED_CONTEXT((#4088))
GLOBAL_UNIT_ASSIGNED_CONTEXT((#4092,#4094,#4095))
REPRESENTATION_CONTEXT('','3D')
);
#4091=(
GEOMETRIC_REPRESENTATION_CONTEXT(3)
GLOBAL_UNCERTAINTY_ASSIGNED_CONTEXT((#4089))
GLOBAL_UNIT_ASSIGNED_CONTEXT((#4092,#4094,#4095))
REPRESENTATION_CONTEXT('','3D')
);
#4092=(
LENGTH_UNIT()
NAMED_UNIT(*)
SI_UNIT(.MILLI.,.METRE.)
);
#4093=(
LENGTH_UNIT()
NAMED_UNIT(*)
SI_UNIT($,.METRE.)
);
#4094=(
NAMED_UNIT(*)
PLANE_ANGLE_UNIT()
SI_UNIT($,.RADIAN.)
);
#4095=(
NAMED_UNIT(*)
SI_UNIT($,.STERADIAN.)
SOLID_ANGLE_UNIT()
);
#4096=SHAPE_DEFINITION_REPRESENTATION(#4097,#4098);
#4097=PRODUCT_DEFINITION_SHAPE('',$,#4100);
#4098=SHAPE_REPRESENTATION('',(#2280),#4090);
#4099=PRODUCT_DEFINITION_CONTEXT('part definition',#4104,'design');
#4100=PRODUCT_DEFINITION('PIN5','PIN5 v3',#4101,#4099);
#4101=PRODUCT_DEFINITION_FORMATION('',$,#4106);
#4102=PRODUCT_RELATED_PRODUCT_CATEGORY('PIN5 v3','PIN5 v3',(#4106));
#4103=APPLICATION_PROTOCOL_DEFINITION('international standard',
'automotive_design',2009,#4104);
#4104=APPLICATION_CONTEXT(
'Core Data for Automotive Mechanical Design Process');
#4105=PRODUCT_CONTEXT('part definition',#4104,'mechanical');
#4106=PRODUCT('PIN5','PIN5 v3',$,(#4105));
#4107=PRESENTATION_STYLE_ASSIGNMENT((#4108));
#4108=SURFACE_STYLE_USAGE(.BOTH.,#4109);
#4109=SURFACE_SIDE_STYLE('',(#4110));
#4110=SURFACE_STYLE_FILL_AREA(#4111);
#4111=FILL_AREA_STYLE('Steel - Satin',(#4112));
#4112=FILL_AREA_STYLE_COLOUR('Steel - Satin',#4113);
#4113=COLOUR_RGB('Steel - Satin',0.627450980392157,0.627450980392157,0.627450980392157);
ENDSEC;
END-ISO-10303-21;
