ISO-10303-21;
HEADER;
/* Generated by software containing ST-Developer
 * from STEP Tools, Inc. (www.steptools.com) 
 */

FILE_DESCRIPTION(
/* description */ (''),
/* implementation_level */ '2;1');

FILE_NAME(
/* name */ 'PIN6.step',
/* time_stamp */ '2026-01-20T08:58:28+01:00',
/* author */ (''),
/* organization */ (''),
/* preprocessor_version */ 'ST-DEVELOPER v20.1',
/* originating_system */ 'Autodesk Translation Framework v14.21.0.0',
/* authorisation */ '');

FILE_SCHEMA (('AUTOMOTIVE_DESIGN { 1 0 10303 214 3 1 1 }'));
ENDSEC;

DATA;
#10=MECHANICAL_DESIGN_GEOMETRIC_PRESENTATION_REPRESENTATION('',(#13),#2518);
#11=SHAPE_REPRESENTATION_RELATIONSHIP('SRR','None',#2525,#12);
#12=ADVANCED_BREP_SHAPE_REPRESENTATION('',(#14),#2517);
#13=STYLED_ITEM('',(#2534),#14);
#14=MANIFOLD_SOLID_BREP('Body1',#1465);
#15=TOROIDAL_SURFACE('',#1591,9.,1.);
#16=TOROIDAL_SURFACE('',#1599,8.,2.);
#17=FACE_BOUND('',#213,.T.);
#18=FACE_BOUND('',#214,.T.);
#19=FACE_BOUND('',#215,.T.);
#20=FACE_BOUND('',#216,.T.);
#21=FACE_BOUND('',#255,.T.);
#22=FACE_BOUND('',#277,.T.);
#23=B_SPLINE_CURVE_WITH_KNOTS('',3,(#2117,#2118,#2119,#2120,#2121,#2122,
#2123,#2124,#2125,#2126,#2127,#2128,#2129,#2130,#2131,#2132,#2133,#2134,
#2135,#2136,#2137,#2138),.UNSPECIFIED.,.F.,.F.,(4,3,3,3,3,3,3,4),(0.,0.236714701841277,
0.473365769254346,0.709963614314903,0.946724307462138,1.18335484668138,
1.42006347372495,1.57079634218974),.UNSPECIFIED.);
#24=B_SPLINE_CURVE_WITH_KNOTS('',3,(#2160,#2161,#2162,#2163,#2164,#2165,
#2166,#2167,#2168,#2169,#2170,#2171,#2172,#2173,#2174,#2175,#2176,#2177,
#2178,#2179,#2180,#2181),.UNSPECIFIED.,.F.,.F.,(4,3,3,3,3,3,3,4),(0.,0.23671470043751,
0.47336576644719,0.709963610104676,0.946724301847873,1.18335483966384,1.42006346530369,
1.57079633287465),.UNSPECIFIED.);
#25=B_SPLINE_CURVE_WITH_KNOTS('',3,(#2250,#2251,#2252,#2253,#2254,#2255,
#2256,#2257,#2258,#2259,#2260,#2261,#2262,#2263,#2264,#2265,#2266,#2267,
#2268,#2269,#2270,#2271),.UNSPECIFIED.,.F.,.F.,(4,3,3,3,3,3,3,4),(0.,0.236714700305742,
0.473365766183687,0.709963609709461,0.946724301320865,1.18335483900512,
1.42006346451319,1.57079633200019),.UNSPECIFIED.);
#26=B_SPLINE_CURVE_WITH_KNOTS('',3,(#2285,#2286,#2287,#2288,#2289,#2290,
#2291,#2292,#2293,#2294,#2295,#2296,#2297,#2298,#2299,#2300,#2301,#2302,
#2303,#2304,#2305,#2306),.UNSPECIFIED.,.F.,.F.,(4,3,3,3,3,3,3,4),(0.,0.23671470032115,
0.4733657662145,0.70996360975568,0.946724301382496,1.18335483908214,1.42006346460563,
1.57079633210245),.UNSPECIFIED.);
#27=ELLIPSE('',#1488,0.14142135623731,0.1);
#28=ELLIPSE('',#1490,0.141421356237309,0.1);
#29=ELLIPSE('',#1497,0.141341021761654,0.1);
#30=ELLIPSE('',#1498,0.141547698906992,0.1);
#31=ELLIPSE('',#1500,0.141249725089314,0.1);
#32=ELLIPSE('',#1504,0.261297737404267,0.1);
#33=ELLIPSE('',#1506,0.141414091672257,0.1);
#34=ELLIPSE('',#1508,0.261308306406389,0.1);
#35=ELLIPSE('',#1516,0.261235664438279,0.1);
#36=ELLIPSE('',#1518,0.141427720950349,0.1);
#37=ELLIPSE('',#1520,0.261361954422467,0.1);
#38=ELLIPSE('',#1527,0.261312592975275,0.1);
#39=ELLIPSE('',#1528,0.261312592975276,0.1);
#40=ELLIPSE('',#1530,0.261312592975275,0.1);
#41=ELLIPSE('',#1532,0.261312592975275,0.1);
#42=ELLIPSE('',#1534,0.261312592975276,0.1);
#43=ELLIPSE('',#1536,0.261312592975276,0.1);
#44=ELLIPSE('',#1538,0.261302224776462,0.1);
#45=ELLIPSE('',#1540,0.199988290402893,0.1);
#46=ELLIPSE('',#1542,0.200006017143592,0.1);
#47=ELLIPSE('',#1544,0.2,0.1);
#48=ELLIPSE('',#1546,0.261312592975275,0.1);
#49=ELLIPSE('',#1548,0.261312592975276,0.1);
#50=ELLIPSE('',#1550,0.261312592975275,0.1);
#51=ELLIPSE('',#1552,0.261312592975275,0.1);
#52=ELLIPSE('',#1554,0.261312592975276,0.1);
#53=ELLIPSE('',#1565,0.200000000000001,0.1);
#54=ELLIPSE('',#1566,0.2,0.1);
#55=ELLIPSE('',#1568,0.200000000000008,0.1);
#56=CIRCLE('',#1487,0.1);
#57=CIRCLE('',#1492,0.1);
#58=CIRCLE('',#1574,9.);
#59=CIRCLE('',#1592,1.);
#60=CIRCLE('',#1593,10.);
#61=CIRCLE('',#1594,10.);
#62=CIRCLE('',#1596,10.);
#63=CIRCLE('',#1597,10.);
#64=CIRCLE('',#1600,2.);
#65=CIRCLE('',#1601,8.);
#66=CYLINDRICAL_SURFACE('',#1486,0.1);
#67=CYLINDRICAL_SURFACE('',#1489,0.1);
#68=CYLINDRICAL_SURFACE('',#1491,0.1);
#69=CYLINDRICAL_SURFACE('',#1496,0.1);
#70=CYLINDRICAL_SURFACE('',#1499,0.1);
#71=CYLINDRICAL_SURFACE('',#1503,0.1);
#72=CYLINDRICAL_SURFACE('',#1505,0.1);
#73=CYLINDRICAL_SURFACE('',#1507,0.1);
#74=CYLINDRICAL_SURFACE('',#1509,0.1);
#75=CYLINDRICAL_SURFACE('',#1510,0.1);
#76=CYLINDRICAL_SURFACE('',#1515,0.1);
#77=CYLINDRICAL_SURFACE('',#1517,0.1);
#78=CYLINDRICAL_SURFACE('',#1519,0.1);
#79=CYLINDRICAL_SURFACE('',#1521,0.1);
#80=CYLINDRICAL_SURFACE('',#1522,0.1);
#81=CYLINDRICAL_SURFACE('',#1526,0.1);
#82=CYLINDRICAL_SURFACE('',#1529,0.1);
#83=CYLINDRICAL_SURFACE('',#1531,0.1);
#84=CYLINDRICAL_SURFACE('',#1533,0.1);
#85=CYLINDRICAL_SURFACE('',#1535,0.1);
#86=CYLINDRICAL_SURFACE('',#1537,0.1);
#87=CYLINDRICAL_SURFACE('',#1539,0.1);
#88=CYLINDRICAL_SURFACE('',#1541,0.1);
#89=CYLINDRICAL_SURFACE('',#1543,0.1);
#90=CYLINDRICAL_SURFACE('',#1545,0.1);
#91=CYLINDRICAL_SURFACE('',#1547,0.1);
#92=CYLINDRICAL_SURFACE('',#1549,0.1);
#93=CYLINDRICAL_SURFACE('',#1551,0.1);
#94=CYLINDRICAL_SURFACE('',#1553,0.1);
#95=CYLINDRICAL_SURFACE('',#1555,0.1);
#96=CYLINDRICAL_SURFACE('',#1564,0.1);
#97=CYLINDRICAL_SURFACE('',#1567,0.1);
#98=CYLINDRICAL_SURFACE('',#1569,0.1);
#99=CYLINDRICAL_SURFACE('',#1595,10.);
#100=FACE_OUTER_BOUND('',#187,.T.);
#101=FACE_OUTER_BOUND('',#188,.T.);
#102=FACE_OUTER_BOUND('',#189,.T.);
#103=FACE_OUTER_BOUND('',#190,.T.);
#104=FACE_OUTER_BOUND('',#191,.T.);
#105=FACE_OUTER_BOUND('',#192,.T.);
#106=FACE_OUTER_BOUND('',#193,.T.);
#107=FACE_OUTER_BOUND('',#194,.T.);
#108=FACE_OUTER_BOUND('',#195,.T.);
#109=FACE_OUTER_BOUND('',#196,.T.);
#110=FACE_OUTER_BOUND('',#197,.T.);
#111=FACE_OUTER_BOUND('',#198,.T.);
#112=FACE_OUTER_BOUND('',#199,.T.);
#113=FACE_OUTER_BOUND('',#200,.T.);
#114=FACE_OUTER_BOUND('',#201,.T.);
#115=FACE_OUTER_BOUND('',#202,.T.);
#116=FACE_OUTER_BOUND('',#203,.T.);
#117=FACE_OUTER_BOUND('',#204,.T.);
#118=FACE_OUTER_BOUND('',#205,.T.);
#119=FACE_OUTER_BOUND('',#206,.T.);
#120=FACE_OUTER_BOUND('',#207,.T.);
#121=FACE_OUTER_BOUND('',#208,.T.);
#122=FACE_OUTER_BOUND('',#209,.T.);
#123=FACE_OUTER_BOUND('',#210,.T.);
#124=FACE_OUTER_BOUND('',#211,.T.);
#125=FACE_OUTER_BOUND('',#212,.T.);
#126=FACE_OUTER_BOUND('',#217,.T.);
#127=FACE_OUTER_BOUND('',#218,.T.);
#128=FACE_OUTER_BOUND('',#219,.T.);
#129=FACE_OUTER_BOUND('',#220,.T.);
#130=FACE_OUTER_BOUND('',#221,.T.);
#131=FACE_OUTER_BOUND('',#222,.T.);
#132=FACE_OUTER_BOUND('',#223,.T.);
#133=FACE_OUTER_BOUND('',#224,.T.);
#134=FACE_OUTER_BOUND('',#225,.T.);
#135=FACE_OUTER_BOUND('',#226,.T.);
#136=FACE_OUTER_BOUND('',#227,.T.);
#137=FACE_OUTER_BOUND('',#228,.T.);
#138=FACE_OUTER_BOUND('',#229,.T.);
#139=FACE_OUTER_BOUND('',#230,.T.);
#140=FACE_OUTER_BOUND('',#231,.T.);
#141=FACE_OUTER_BOUND('',#232,.T.);
#142=FACE_OUTER_BOUND('',#233,.T.);
#143=FACE_OUTER_BOUND('',#234,.T.);
#144=FACE_OUTER_BOUND('',#235,.T.);
#145=FACE_OUTER_BOUND('',#236,.T.);
#146=FACE_OUTER_BOUND('',#237,.T.);
#147=FACE_OUTER_BOUND('',#238,.T.);
#148=FACE_OUTER_BOUND('',#239,.T.);
#149=FACE_OUTER_BOUND('',#240,.T.);
#150=FACE_OUTER_BOUND('',#241,.T.);
#151=FACE_OUTER_BOUND('',#242,.T.);
#152=FACE_OUTER_BOUND('',#243,.T.);
#153=FACE_OUTER_BOUND('',#244,.T.);
#154=FACE_OUTER_BOUND('',#245,.T.);
#155=FACE_OUTER_BOUND('',#246,.T.);
#156=FACE_OUTER_BOUND('',#247,.T.);
#157=FACE_OUTER_BOUND('',#248,.T.);
#158=FACE_OUTER_BOUND('',#249,.T.);
#159=FACE_OUTER_BOUND('',#250,.T.);
#160=FACE_OUTER_BOUND('',#251,.T.);
#161=FACE_OUTER_BOUND('',#252,.T.);
#162=FACE_OUTER_BOUND('',#253,.T.);
#163=FACE_OUTER_BOUND('',#254,.T.);
#164=FACE_OUTER_BOUND('',#256,.T.);
#165=FACE_OUTER_BOUND('',#257,.T.);
#166=FACE_OUTER_BOUND('',#258,.T.);
#167=FACE_OUTER_BOUND('',#259,.T.);
#168=FACE_OUTER_BOUND('',#260,.T.);
#169=FACE_OUTER_BOUND('',#261,.T.);
#170=FACE_OUTER_BOUND('',#262,.T.);
#171=FACE_OUTER_BOUND('',#263,.T.);
#172=FACE_OUTER_BOUND('',#264,.T.);
#173=FACE_OUTER_BOUND('',#265,.T.);
#174=FACE_OUTER_BOUND('',#266,.T.);
#175=FACE_OUTER_BOUND('',#267,.T.);
#176=FACE_OUTER_BOUND('',#268,.T.);
#177=FACE_OUTER_BOUND('',#269,.T.);
#178=FACE_OUTER_BOUND('',#270,.T.);
#179=FACE_OUTER_BOUND('',#271,.T.);
#180=FACE_OUTER_BOUND('',#272,.T.);
#181=FACE_OUTER_BOUND('',#273,.T.);
#182=FACE_OUTER_BOUND('',#274,.T.);
#183=FACE_OUTER_BOUND('',#275,.T.);
#184=FACE_OUTER_BOUND('',#276,.T.);
#185=FACE_OUTER_BOUND('',#278,.T.);
#186=FACE_OUTER_BOUND('',#279,.T.);
#187=EDGE_LOOP('',(#923,#924,#925,#926));
#188=EDGE_LOOP('',(#927,#928,#929,#930));
#189=EDGE_LOOP('',(#931,#932,#933,#934));
#190=EDGE_LOOP('',(#935,#936,#937,#938));
#191=EDGE_LOOP('',(#939,#940,#941,#942));
#192=EDGE_LOOP('',(#943,#944,#945,#946));
#193=EDGE_LOOP('',(#947,#948,#949,#950));
#194=EDGE_LOOP('',(#951,#952,#953,#954));
#195=EDGE_LOOP('',(#955,#956,#957,#958));
#196=EDGE_LOOP('',(#959,#960,#961,#962));
#197=EDGE_LOOP('',(#963,#964,#965,#966));
#198=EDGE_LOOP('',(#967,#968,#969,#970));
#199=EDGE_LOOP('',(#971,#972,#973,#974));
#200=EDGE_LOOP('',(#975,#976,#977,#978));
#201=EDGE_LOOP('',(#979,#980,#981,#982));
#202=EDGE_LOOP('',(#983,#984,#985,#986));
#203=EDGE_LOOP('',(#987,#988,#989,#990));
#204=EDGE_LOOP('',(#991,#992,#993,#994));
#205=EDGE_LOOP('',(#995,#996,#997,#998));
#206=EDGE_LOOP('',(#999,#1000,#1001,#1002));
#207=EDGE_LOOP('',(#1003,#1004,#1005,#1006));
#208=EDGE_LOOP('',(#1007,#1008,#1009,#1010));
#209=EDGE_LOOP('',(#1011,#1012,#1013,#1014));
#210=EDGE_LOOP('',(#1015,#1016,#1017,#1018));
#211=EDGE_LOOP('',(#1019,#1020,#1021,#1022));
#212=EDGE_LOOP('',(#1023,#1024,#1025,#1026,#1027,#1028,#1029,#1030,#1031,
#1032,#1033,#1034,#1035,#1036,#1037));
#213=EDGE_LOOP('',(#1038,#1039,#1040));
#214=EDGE_LOOP('',(#1041,#1042,#1043,#1044,#1045));
#215=EDGE_LOOP('',(#1046,#1047,#1048));
#216=EDGE_LOOP('',(#1049,#1050,#1051,#1052,#1053));
#217=EDGE_LOOP('',(#1054,#1055,#1056,#1057));
#218=EDGE_LOOP('',(#1058,#1059,#1060,#1061));
#219=EDGE_LOOP('',(#1062,#1063,#1064,#1065));
#220=EDGE_LOOP('',(#1066,#1067,#1068,#1069));
#221=EDGE_LOOP('',(#1070,#1071,#1072,#1073));
#222=EDGE_LOOP('',(#1074,#1075,#1076,#1077));
#223=EDGE_LOOP('',(#1078,#1079,#1080,#1081));
#224=EDGE_LOOP('',(#1082,#1083,#1084,#1085));
#225=EDGE_LOOP('',(#1086,#1087,#1088,#1089));
#226=EDGE_LOOP('',(#1090,#1091,#1092,#1093));
#227=EDGE_LOOP('',(#1094,#1095,#1096,#1097));
#228=EDGE_LOOP('',(#1098,#1099,#1100,#1101));
#229=EDGE_LOOP('',(#1102,#1103,#1104,#1105));
#230=EDGE_LOOP('',(#1106,#1107,#1108,#1109));
#231=EDGE_LOOP('',(#1110,#1111,#1112,#1113));
#232=EDGE_LOOP('',(#1114,#1115,#1116,#1117));
#233=EDGE_LOOP('',(#1118,#1119,#1120,#1121));
#234=EDGE_LOOP('',(#1122,#1123,#1124,#1125));
#235=EDGE_LOOP('',(#1126,#1127,#1128,#1129));
#236=EDGE_LOOP('',(#1130,#1131,#1132,#1133));
#237=EDGE_LOOP('',(#1134,#1135,#1136,#1137));
#238=EDGE_LOOP('',(#1138,#1139,#1140,#1141));
#239=EDGE_LOOP('',(#1142,#1143,#1144,#1145));
#240=EDGE_LOOP('',(#1146,#1147,#1148,#1149));
#241=EDGE_LOOP('',(#1150,#1151,#1152,#1153));
#242=EDGE_LOOP('',(#1154,#1155,#1156,#1157));
#243=EDGE_LOOP('',(#1158,#1159,#1160,#1161));
#244=EDGE_LOOP('',(#1162,#1163,#1164,#1165));
#245=EDGE_LOOP('',(#1166,#1167,#1168,#1169));
#246=EDGE_LOOP('',(#1170,#1171,#1172,#1173));
#247=EDGE_LOOP('',(#1174,#1175,#1176,#1177,#1178,#1179,#1180,#1181,#1182,
#1183));
#248=EDGE_LOOP('',(#1184,#1185,#1186,#1187));
#249=EDGE_LOOP('',(#1188,#1189,#1190,#1191));
#250=EDGE_LOOP('',(#1192,#1193,#1194,#1195));
#251=EDGE_LOOP('',(#1196,#1197,#1198,#1199));
#252=EDGE_LOOP('',(#1200,#1201,#1202,#1203));
#253=EDGE_LOOP('',(#1204,#1205,#1206,#1207));
#254=EDGE_LOOP('',(#1208));
#255=EDGE_LOOP('',(#1209,#1210,#1211,#1212,#1213,#1214,#1215,#1216,#1217,
#1218,#1219,#1220,#1221,#1222,#1223,#1224,#1225,#1226,#1227));
#256=EDGE_LOOP('',(#1228,#1229,#1230,#1231));
#257=EDGE_LOOP('',(#1232,#1233,#1234,#1235));
#258=EDGE_LOOP('',(#1236,#1237,#1238,#1239,#1240,#1241));
#259=EDGE_LOOP('',(#1242,#1243,#1244,#1245));
#260=EDGE_LOOP('',(#1246,#1247,#1248,#1249));
#261=EDGE_LOOP('',(#1250,#1251,#1252,#1253));
#262=EDGE_LOOP('',(#1254,#1255,#1256,#1257));
#263=EDGE_LOOP('',(#1258,#1259,#1260,#1261));
#264=EDGE_LOOP('',(#1262,#1263,#1264,#1265));
#265=EDGE_LOOP('',(#1266,#1267,#1268,#1269));
#266=EDGE_LOOP('',(#1270,#1271,#1272,#1273));
#267=EDGE_LOOP('',(#1274,#1275,#1276,#1277));
#268=EDGE_LOOP('',(#1278,#1279,#1280,#1281));
#269=EDGE_LOOP('',(#1282,#1283,#1284));
#270=EDGE_LOOP('',(#1285,#1286,#1287,#1288,#1289));
#271=EDGE_LOOP('',(#1290,#1291,#1292));
#272=EDGE_LOOP('',(#1293,#1294,#1295,#1296,#1297));
#273=EDGE_LOOP('',(#1298,#1299,#1300,#1301,#1302,#1303));
#274=EDGE_LOOP('',(#1304,#1305,#1306,#1307,#1308));
#275=EDGE_LOOP('',(#1309,#1310,#1311,#1312,#1313));
#276=EDGE_LOOP('',(#1314));
#277=EDGE_LOOP('',(#1315,#1316,#1317,#1318));
#278=EDGE_LOOP('',(#1319,#1320,#1321,#1322));
#279=EDGE_LOOP('',(#1323,#1324,#1325,#1326));
#280=LINE('',#2022,#439);
#281=LINE('',#2024,#440);
#282=LINE('',#2026,#441);
#283=LINE('',#2027,#442);
#284=LINE('',#2031,#443);
#285=LINE('',#2033,#444);
#286=LINE('',#2035,#445);
#287=LINE('',#2036,#446);
#288=LINE('',#2038,#447);
#289=LINE('',#2039,#448);
#290=LINE('',#2041,#449);
#291=LINE('',#2042,#450);
#292=LINE('',#2045,#451);
#293=LINE('',#2047,#452);
#294=LINE('',#2048,#453);
#295=LINE('',#2051,#454);
#296=LINE('',#2052,#455);
#297=LINE('',#2057,#456);
#298=LINE('',#2061,#457);
#299=LINE('',#2065,#458);
#300=LINE('',#2068,#459);
#301=LINE('',#2071,#460);
#302=LINE('',#2074,#461);
#303=LINE('',#2077,#462);
#304=LINE('',#2079,#463);
#305=LINE('',#2080,#464);
#306=LINE('',#2083,#465);
#307=LINE('',#2084,#466);
#308=LINE('',#2087,#467);
#309=LINE('',#2088,#468);
#310=LINE('',#2092,#469);
#311=LINE('',#2096,#470);
#312=LINE('',#2100,#471);
#313=LINE('',#2103,#472);
#314=LINE('',#2106,#473);
#315=LINE('',#2108,#474);
#316=LINE('',#2109,#475);
#317=LINE('',#2112,#476);
#318=LINE('',#2113,#477);
#319=LINE('',#2140,#478);
#320=LINE('',#2143,#479);
#321=LINE('',#2146,#480);
#322=LINE('',#2149,#481);
#323=LINE('',#2152,#482);
#324=LINE('',#2155,#483);
#325=LINE('',#2158,#484);
#326=LINE('',#2182,#485);
#327=LINE('',#2184,#486);
#328=LINE('',#2185,#487);
#329=LINE('',#2188,#488);
#330=LINE('',#2190,#489);
#331=LINE('',#2191,#490);
#332=LINE('',#2194,#491);
#333=LINE('',#2195,#492);
#334=LINE('',#2198,#493);
#335=LINE('',#2199,#494);
#336=LINE('',#2203,#495);
#337=LINE('',#2205,#496);
#338=LINE('',#2207,#497);
#339=LINE('',#2209,#498);
#340=LINE('',#2211,#499);
#341=LINE('',#2213,#500);
#342=LINE('',#2215,#501);
#343=LINE('',#2217,#502);
#344=LINE('',#2219,#503);
#345=LINE('',#2221,#504);
#346=LINE('',#2223,#505);
#347=LINE('',#2225,#506);
#348=LINE('',#2227,#507);
#349=LINE('',#2229,#508);
#350=LINE('',#2230,#509);
#351=LINE('',#2231,#510);
#352=LINE('',#2234,#511);
#353=LINE('',#2236,#512);
#354=LINE('',#2238,#513);
#355=LINE('',#2240,#514);
#356=LINE('',#2241,#515);
#357=LINE('',#2244,#516);
#358=LINE('',#2246,#517);
#359=LINE('',#2247,#518);
#360=LINE('',#2274,#519);
#361=LINE('',#2278,#520);
#362=LINE('',#2281,#521);
#363=LINE('',#2307,#522);
#364=LINE('',#2309,#523);
#365=LINE('',#2312,#524);
#366=LINE('',#2314,#525);
#367=LINE('',#2315,#526);
#368=LINE('',#2318,#527);
#369=LINE('',#2319,#528);
#370=LINE('',#2322,#529);
#371=LINE('',#2323,#530);
#372=LINE('',#2328,#531);
#373=LINE('',#2333,#532);
#374=LINE('',#2337,#533);
#375=LINE('',#2341,#534);
#376=LINE('',#2345,#535);
#377=LINE('',#2349,#536);
#378=LINE('',#2353,#537);
#379=LINE('',#2357,#538);
#380=LINE('',#2360,#539);
#381=LINE('',#2364,#540);
#382=LINE('',#2368,#541);
#383=LINE('',#2372,#542);
#384=LINE('',#2376,#543);
#385=LINE('',#2380,#544);
#386=LINE('',#2383,#545);
#387=LINE('',#2386,#546);
#388=LINE('',#2388,#547);
#389=LINE('',#2389,#548);
#390=LINE('',#2392,#549);
#391=LINE('',#2393,#550);
#392=LINE('',#2396,#551);
#393=LINE('',#2397,#552);
#394=LINE('',#2400,#553);
#395=LINE('',#2401,#554);
#396=LINE('',#2404,#555);
#397=LINE('',#2405,#556);
#398=LINE('',#2408,#557);
#399=LINE('',#2409,#558);
#400=LINE('',#2412,#559);
#401=LINE('',#2413,#560);
#402=LINE('',#2416,#561);
#403=LINE('',#2417,#562);
#404=LINE('',#2418,#563);
#405=LINE('',#2419,#564);
#406=LINE('',#2424,#565);
#407=LINE('',#2429,#566);
#408=LINE('',#2431,#567);
#409=LINE('',#2434,#568);
#410=LINE('',#2436,#569);
#411=LINE('',#2437,#570);
#412=LINE('',#2440,#571);
#413=LINE('',#2441,#572);
#414=LINE('',#2447,#573);
#415=LINE('',#2449,#574);
#416=LINE('',#2451,#575);
#417=LINE('',#2453,#576);
#418=LINE('',#2455,#577);
#419=LINE('',#2457,#578);
#420=LINE('',#2458,#579);
#421=LINE('',#2461,#580);
#422=LINE('',#2462,#581);
#423=LINE('',#2464,#582);
#424=LINE('',#2466,#583);
#425=LINE('',#2469,#584);
#426=LINE('',#2470,#585);
#427=LINE('',#2472,#586);
#428=LINE('',#2474,#587);
#429=LINE('',#2476,#588);
#430=LINE('',#2478,#589);
#431=LINE('',#2480,#590);
#432=LINE('',#2482,#591);
#433=LINE('',#2484,#592);
#434=LINE('',#2486,#593);
#435=LINE('',#2499,#594);
#436=LINE('',#2510,#595);
#437=LINE('',#2511,#596);
#438=LINE('',#2513,#597);
#439=VECTOR('',#1609,10.);
#440=VECTOR('',#1610,10.);
#441=VECTOR('',#1611,10.);
#442=VECTOR('',#1612,10.);
#443=VECTOR('',#1615,10.);
#444=VECTOR('',#1616,10.);
#445=VECTOR('',#1617,10.);
#446=VECTOR('',#1618,10.);
#447=VECTOR('',#1621,10.);
#448=VECTOR('',#1622,10.);
#449=VECTOR('',#1625,10.);
#450=VECTOR('',#1626,10.);
#451=VECTOR('',#1629,10.);
#452=VECTOR('',#1630,10.);
#453=VECTOR('',#1631,10.);
#454=VECTOR('',#1634,10.);
#455=VECTOR('',#1635,10.);
#456=VECTOR('',#1640,10.);
#457=VECTOR('',#1643,10.);
#458=VECTOR('',#1648,10.);
#459=VECTOR('',#1651,10.);
#460=VECTOR('',#1654,10.);
#461=VECTOR('',#1657,10.);
#462=VECTOR('',#1660,10.);
#463=VECTOR('',#1661,10.);
#464=VECTOR('',#1662,10.);
#465=VECTOR('',#1665,10.);
#466=VECTOR('',#1666,10.);
#467=VECTOR('',#1669,10.);
#468=VECTOR('',#1670,10.);
#469=VECTOR('',#1673,10.);
#470=VECTOR('',#1676,10.);
#471=VECTOR('',#1681,10.);
#472=VECTOR('',#1684,10.);
#473=VECTOR('',#1687,10.);
#474=VECTOR('',#1688,10.);
#475=VECTOR('',#1689,10.);
#476=VECTOR('',#1692,10.);
#477=VECTOR('',#1693,10.);
#478=VECTOR('',#1696,10.);
#479=VECTOR('',#1699,10.);
#480=VECTOR('',#1702,10.);
#481=VECTOR('',#1705,10.);
#482=VECTOR('',#1708,10.);
#483=VECTOR('',#1711,10.);
#484=VECTOR('',#1714,10.);
#485=VECTOR('',#1715,10.);
#486=VECTOR('',#1718,10.);
#487=VECTOR('',#1719,10.);
#488=VECTOR('',#1722,10.);
#489=VECTOR('',#1723,10.);
#490=VECTOR('',#1724,10.);
#491=VECTOR('',#1727,10.);
#492=VECTOR('',#1728,10.);
#493=VECTOR('',#1731,10.);
#494=VECTOR('',#1732,10.);
#495=VECTOR('',#1735,10.);
#496=VECTOR('',#1736,10.);
#497=VECTOR('',#1737,10.);
#498=VECTOR('',#1738,10.);
#499=VECTOR('',#1739,10.);
#500=VECTOR('',#1740,10.);
#501=VECTOR('',#1741,10.);
#502=VECTOR('',#1742,10.);
#503=VECTOR('',#1743,10.);
#504=VECTOR('',#1744,10.);
#505=VECTOR('',#1745,10.);
#506=VECTOR('',#1746,10.);
#507=VECTOR('',#1747,10.);
#508=VECTOR('',#1748,10.);
#509=VECTOR('',#1749,10.);
#510=VECTOR('',#1750,10.);
#511=VECTOR('',#1751,10.);
#512=VECTOR('',#1752,10.);
#513=VECTOR('',#1753,10.);
#514=VECTOR('',#1754,10.);
#515=VECTOR('',#1755,10.);
#516=VECTOR('',#1756,10.);
#517=VECTOR('',#1757,10.);
#518=VECTOR('',#1758,10.);
#519=VECTOR('',#1763,10.);
#520=VECTOR('',#1768,10.);
#521=VECTOR('',#1771,10.);
#522=VECTOR('',#1776,10.);
#523=VECTOR('',#1779,10.);
#524=VECTOR('',#1782,10.);
#525=VECTOR('',#1783,10.);
#526=VECTOR('',#1784,10.);
#527=VECTOR('',#1787,10.);
#528=VECTOR('',#1788,10.);
#529=VECTOR('',#1791,10.);
#530=VECTOR('',#1792,10.);
#531=VECTOR('',#1797,10.);
#532=VECTOR('',#1804,10.);
#533=VECTOR('',#1809,10.);
#534=VECTOR('',#1814,10.);
#535=VECTOR('',#1819,10.);
#536=VECTOR('',#1824,10.);
#537=VECTOR('',#1829,10.);
#538=VECTOR('',#1834,10.);
#539=VECTOR('',#1837,10.);
#540=VECTOR('',#1842,10.);
#541=VECTOR('',#1847,10.);
#542=VECTOR('',#1852,10.);
#543=VECTOR('',#1857,10.);
#544=VECTOR('',#1862,10.);
#545=VECTOR('',#1867,10.);
#546=VECTOR('',#1870,10.);
#547=VECTOR('',#1871,10.);
#548=VECTOR('',#1872,10.);
#549=VECTOR('',#1875,10.);
#550=VECTOR('',#1876,10.);
#551=VECTOR('',#1879,10.);
#552=VECTOR('',#1880,10.);
#553=VECTOR('',#1883,10.);
#554=VECTOR('',#1884,10.);
#555=VECTOR('',#1887,10.);
#556=VECTOR('',#1888,10.);
#557=VECTOR('',#1891,10.);
#558=VECTOR('',#1892,10.);
#559=VECTOR('',#1895,10.);
#560=VECTOR('',#1896,10.);
#561=VECTOR('',#1899,10.);
#562=VECTOR('',#1900,10.);
#563=VECTOR('',#1901,10.);
#564=VECTOR('',#1902,10.);
#565=VECTOR('',#1907,10.);
#566=VECTOR('',#1914,10.);
#567=VECTOR('',#1917,10.);
#568=VECTOR('',#1920,10.);
#569=VECTOR('',#1921,10.);
#570=VECTOR('',#1922,10.);
#571=VECTOR('',#1925,10.);
#572=VECTOR('',#1926,10.);
#573=VECTOR('',#1933,10.);
#574=VECTOR('',#1934,10.);
#575=VECTOR('',#1935,10.);
#576=VECTOR('',#1936,10.);
#577=VECTOR('',#1937,10.);
#578=VECTOR('',#1938,10.);
#579=VECTOR('',#1939,10.);
#580=VECTOR('',#1942,10.);
#581=VECTOR('',#1943,10.);
#582=VECTOR('',#1946,10.);
#583=VECTOR('',#1949,10.);
#584=VECTOR('',#1952,10.);
#585=VECTOR('',#1953,10.);
#586=VECTOR('',#1956,10.);
#587=VECTOR('',#1959,10.);
#588=VECTOR('',#1962,10.);
#589=VECTOR('',#1965,10.);
#590=VECTOR('',#1968,10.);
#591=VECTOR('',#1971,10.);
#592=VECTOR('',#1974,10.);
#593=VECTOR('',#1977,10.);
#594=VECTOR('',#1996,10.);
#595=VECTOR('',#2011,10.);
#596=VECTOR('',#2012,10.);
#597=VECTOR('',#2015,10.);
#598=VERTEX_POINT('',#2020);
#599=VERTEX_POINT('',#2021);
#600=VERTEX_POINT('',#2023);
#601=VERTEX_POINT('',#2025);
#602=VERTEX_POINT('',#2029);
#603=VERTEX_POINT('',#2030);
#604=VERTEX_POINT('',#2032);
#605=VERTEX_POINT('',#2034);
#606=VERTEX_POINT('',#2044);
#607=VERTEX_POINT('',#2046);
#608=VERTEX_POINT('',#2050);
#609=VERTEX_POINT('',#2055);
#610=VERTEX_POINT('',#2056);
#611=VERTEX_POINT('',#2058);
#612=VERTEX_POINT('',#2060);
#613=VERTEX_POINT('',#2064);
#614=VERTEX_POINT('',#2066);
#615=VERTEX_POINT('',#2070);
#616=VERTEX_POINT('',#2072);
#617=VERTEX_POINT('',#2076);
#618=VERTEX_POINT('',#2078);
#619=VERTEX_POINT('',#2082);
#620=VERTEX_POINT('',#2086);
#621=VERTEX_POINT('',#2090);
#622=VERTEX_POINT('',#2091);
#623=VERTEX_POINT('',#2093);
#624=VERTEX_POINT('',#2095);
#625=VERTEX_POINT('',#2099);
#626=VERTEX_POINT('',#2101);
#627=VERTEX_POINT('',#2105);
#628=VERTEX_POINT('',#2107);
#629=VERTEX_POINT('',#2111);
#630=VERTEX_POINT('',#2115);
#631=VERTEX_POINT('',#2116);
#632=VERTEX_POINT('',#2139);
#633=VERTEX_POINT('',#2141);
#634=VERTEX_POINT('',#2145);
#635=VERTEX_POINT('',#2147);
#636=VERTEX_POINT('',#2151);
#637=VERTEX_POINT('',#2153);
#638=VERTEX_POINT('',#2157);
#639=VERTEX_POINT('',#2159);
#640=VERTEX_POINT('',#2187);
#641=VERTEX_POINT('',#2189);
#642=VERTEX_POINT('',#2193);
#643=VERTEX_POINT('',#2197);
#644=VERTEX_POINT('',#2201);
#645=VERTEX_POINT('',#2202);
#646=VERTEX_POINT('',#2204);
#647=VERTEX_POINT('',#2206);
#648=VERTEX_POINT('',#2208);
#649=VERTEX_POINT('',#2210);
#650=VERTEX_POINT('',#2212);
#651=VERTEX_POINT('',#2214);
#652=VERTEX_POINT('',#2216);
#653=VERTEX_POINT('',#2218);
#654=VERTEX_POINT('',#2220);
#655=VERTEX_POINT('',#2222);
#656=VERTEX_POINT('',#2224);
#657=VERTEX_POINT('',#2226);
#658=VERTEX_POINT('',#2228);
#659=VERTEX_POINT('',#2232);
#660=VERTEX_POINT('',#2233);
#661=VERTEX_POINT('',#2235);
#662=VERTEX_POINT('',#2237);
#663=VERTEX_POINT('',#2239);
#664=VERTEX_POINT('',#2242);
#665=VERTEX_POINT('',#2243);
#666=VERTEX_POINT('',#2245);
#667=VERTEX_POINT('',#2249);
#668=VERTEX_POINT('',#2272);
#669=VERTEX_POINT('',#2276);
#670=VERTEX_POINT('',#2280);
#671=VERTEX_POINT('',#2284);
#672=VERTEX_POINT('',#2311);
#673=VERTEX_POINT('',#2313);
#674=VERTEX_POINT('',#2317);
#675=VERTEX_POINT('',#2321);
#676=VERTEX_POINT('',#2325);
#677=VERTEX_POINT('',#2327);
#678=VERTEX_POINT('',#2331);
#679=VERTEX_POINT('',#2335);
#680=VERTEX_POINT('',#2339);
#681=VERTEX_POINT('',#2343);
#682=VERTEX_POINT('',#2347);
#683=VERTEX_POINT('',#2351);
#684=VERTEX_POINT('',#2355);
#685=VERTEX_POINT('',#2359);
#686=VERTEX_POINT('',#2363);
#687=VERTEX_POINT('',#2367);
#688=VERTEX_POINT('',#2371);
#689=VERTEX_POINT('',#2375);
#690=VERTEX_POINT('',#2379);
#691=VERTEX_POINT('',#2385);
#692=VERTEX_POINT('',#2387);
#693=VERTEX_POINT('',#2391);
#694=VERTEX_POINT('',#2395);
#695=VERTEX_POINT('',#2399);
#696=VERTEX_POINT('',#2403);
#697=VERTEX_POINT('',#2407);
#698=VERTEX_POINT('',#2411);
#699=VERTEX_POINT('',#2415);
#700=VERTEX_POINT('',#2421);
#701=VERTEX_POINT('',#2423);
#702=VERTEX_POINT('',#2427);
#703=VERTEX_POINT('',#2433);
#704=VERTEX_POINT('',#2435);
#705=VERTEX_POINT('',#2439);
#706=VERTEX_POINT('',#2444);
#707=VERTEX_POINT('',#2446);
#708=VERTEX_POINT('',#2448);
#709=VERTEX_POINT('',#2450);
#710=VERTEX_POINT('',#2452);
#711=VERTEX_POINT('',#2454);
#712=VERTEX_POINT('',#2456);
#713=VERTEX_POINT('',#2460);
#714=VERTEX_POINT('',#2468);
#715=VERTEX_POINT('',#2492);
#716=VERTEX_POINT('',#2494);
#717=VERTEX_POINT('',#2498);
#718=VERTEX_POINT('',#2500);
#719=VERTEX_POINT('',#2505);
#720=VERTEX_POINT('',#2509);
#721=EDGE_CURVE('',#598,#599,#280,.T.);
#722=EDGE_CURVE('',#599,#600,#281,.T.);
#723=EDGE_CURVE('',#600,#601,#282,.T.);
#724=EDGE_CURVE('',#601,#598,#283,.T.);
#725=EDGE_CURVE('',#602,#603,#284,.T.);
#726=EDGE_CURVE('',#603,#604,#285,.T.);
#727=EDGE_CURVE('',#604,#605,#286,.T.);
#728=EDGE_CURVE('',#602,#605,#287,.T.);
#729=EDGE_CURVE('',#599,#604,#288,.T.);
#730=EDGE_CURVE('',#603,#600,#289,.T.);
#731=EDGE_CURVE('',#605,#598,#290,.T.);
#732=EDGE_CURVE('',#601,#602,#291,.T.);
#733=EDGE_CURVE('',#605,#606,#292,.T.);
#734=EDGE_CURVE('',#607,#606,#293,.T.);
#735=EDGE_CURVE('',#598,#607,#294,.T.);
#736=EDGE_CURVE('',#604,#608,#295,.T.);
#737=EDGE_CURVE('',#606,#608,#296,.T.);
#738=EDGE_CURVE('',#609,#610,#297,.T.);
#739=EDGE_CURVE('',#610,#611,#56,.F.);
#740=EDGE_CURVE('',#611,#612,#298,.T.);
#741=EDGE_CURVE('',#612,#609,#27,.T.);
#742=EDGE_CURVE('',#612,#613,#299,.T.);
#743=EDGE_CURVE('',#613,#614,#28,.T.);
#744=EDGE_CURVE('',#614,#609,#300,.T.);
#745=EDGE_CURVE('',#613,#615,#301,.T.);
#746=EDGE_CURVE('',#615,#616,#57,.F.);
#747=EDGE_CURVE('',#616,#614,#302,.T.);
#748=EDGE_CURVE('',#617,#609,#303,.T.);
#749=EDGE_CURVE('',#618,#617,#304,.T.);
#750=EDGE_CURVE('',#610,#618,#305,.T.);
#751=EDGE_CURVE('',#619,#614,#306,.T.);
#752=EDGE_CURVE('',#617,#619,#307,.T.);
#753=EDGE_CURVE('',#620,#616,#308,.T.);
#754=EDGE_CURVE('',#619,#620,#309,.T.);
#755=EDGE_CURVE('',#621,#622,#310,.T.);
#756=EDGE_CURVE('',#622,#623,#29,.F.);
#757=EDGE_CURVE('',#623,#624,#311,.T.);
#758=EDGE_CURVE('',#624,#621,#30,.T.);
#759=EDGE_CURVE('',#624,#625,#312,.T.);
#760=EDGE_CURVE('',#625,#626,#31,.F.);
#761=EDGE_CURVE('',#626,#621,#313,.T.);
#762=EDGE_CURVE('',#627,#621,#314,.T.);
#763=EDGE_CURVE('',#628,#627,#315,.T.);
#764=EDGE_CURVE('',#628,#622,#316,.T.);
#765=EDGE_CURVE('',#629,#626,#317,.T.);
#766=EDGE_CURVE('',#627,#629,#318,.T.);
#767=EDGE_CURVE('',#630,#631,#23,.T.);
#768=EDGE_CURVE('',#631,#632,#319,.T.);
#769=EDGE_CURVE('',#632,#633,#32,.T.);
#770=EDGE_CURVE('',#633,#630,#320,.T.);
#771=EDGE_CURVE('',#632,#634,#321,.T.);
#772=EDGE_CURVE('',#634,#635,#33,.T.);
#773=EDGE_CURVE('',#635,#633,#322,.T.);
#774=EDGE_CURVE('',#634,#636,#323,.T.);
#775=EDGE_CURVE('',#636,#637,#34,.T.);
#776=EDGE_CURVE('',#637,#635,#324,.T.);
#777=EDGE_CURVE('',#630,#638,#325,.T.);
#778=EDGE_CURVE('',#638,#639,#24,.T.);
#779=EDGE_CURVE('',#639,#631,#326,.T.);
#780=EDGE_CURVE('',#636,#639,#327,.T.);
#781=EDGE_CURVE('',#638,#637,#328,.T.);
#782=EDGE_CURVE('',#640,#638,#329,.T.);
#783=EDGE_CURVE('',#641,#640,#330,.T.);
#784=EDGE_CURVE('',#641,#637,#331,.T.);
#785=EDGE_CURVE('',#642,#630,#332,.T.);
#786=EDGE_CURVE('',#640,#642,#333,.T.);
#787=EDGE_CURVE('',#643,#633,#334,.T.);
#788=EDGE_CURVE('',#642,#643,#335,.T.);
#789=EDGE_CURVE('',#644,#645,#336,.T.);
#790=EDGE_CURVE('',#646,#644,#337,.T.);
#791=EDGE_CURVE('',#647,#646,#338,.T.);
#792=EDGE_CURVE('',#648,#647,#339,.T.);
#793=EDGE_CURVE('',#649,#648,#340,.T.);
#794=EDGE_CURVE('',#650,#649,#341,.T.);
#795=EDGE_CURVE('',#651,#650,#342,.T.);
#796=EDGE_CURVE('',#652,#651,#343,.T.);
#797=EDGE_CURVE('',#653,#652,#344,.T.);
#798=EDGE_CURVE('',#654,#653,#345,.T.);
#799=EDGE_CURVE('',#655,#654,#346,.T.);
#800=EDGE_CURVE('',#656,#655,#347,.T.);
#801=EDGE_CURVE('',#657,#656,#348,.T.);
#802=EDGE_CURVE('',#658,#657,#349,.T.);
#803=EDGE_CURVE('',#645,#658,#350,.T.);
#804=EDGE_CURVE('',#623,#625,#351,.T.);
#805=EDGE_CURVE('',#659,#660,#352,.T.);
#806=EDGE_CURVE('',#661,#659,#353,.T.);
#807=EDGE_CURVE('',#662,#661,#354,.T.);
#808=EDGE_CURVE('',#663,#662,#355,.T.);
#809=EDGE_CURVE('',#660,#663,#356,.T.);
#810=EDGE_CURVE('',#664,#665,#357,.T.);
#811=EDGE_CURVE('',#666,#664,#358,.T.);
#812=EDGE_CURVE('',#665,#666,#359,.T.);
#813=EDGE_CURVE('',#667,#659,#25,.T.);
#814=EDGE_CURVE('',#660,#668,#35,.T.);
#815=EDGE_CURVE('',#668,#667,#360,.T.);
#816=EDGE_CURVE('',#663,#669,#36,.T.);
#817=EDGE_CURVE('',#669,#668,#361,.T.);
#818=EDGE_CURVE('',#670,#669,#362,.T.);
#819=EDGE_CURVE('',#662,#670,#37,.T.);
#820=EDGE_CURVE('',#671,#661,#26,.T.);
#821=EDGE_CURVE('',#667,#671,#363,.T.);
#822=EDGE_CURVE('',#671,#670,#364,.T.);
#823=EDGE_CURVE('',#672,#671,#365,.T.);
#824=EDGE_CURVE('',#673,#672,#366,.T.);
#825=EDGE_CURVE('',#673,#670,#367,.T.);
#826=EDGE_CURVE('',#674,#667,#368,.T.);
#827=EDGE_CURVE('',#672,#674,#369,.T.);
#828=EDGE_CURVE('',#675,#668,#370,.T.);
#829=EDGE_CURVE('',#674,#675,#371,.T.);
#830=EDGE_CURVE('',#645,#676,#38,.T.);
#831=EDGE_CURVE('',#676,#677,#372,.T.);
#832=EDGE_CURVE('',#644,#677,#39,.T.);
#833=EDGE_CURVE('',#658,#678,#40,.T.);
#834=EDGE_CURVE('',#678,#676,#373,.T.);
#835=EDGE_CURVE('',#657,#679,#41,.T.);
#836=EDGE_CURVE('',#679,#678,#374,.T.);
#837=EDGE_CURVE('',#656,#680,#42,.T.);
#838=EDGE_CURVE('',#680,#679,#375,.T.);
#839=EDGE_CURVE('',#655,#681,#43,.T.);
#840=EDGE_CURVE('',#681,#680,#376,.T.);
#841=EDGE_CURVE('',#654,#682,#44,.T.);
#842=EDGE_CURVE('',#682,#681,#377,.T.);
#843=EDGE_CURVE('',#653,#683,#45,.T.);
#844=EDGE_CURVE('',#683,#682,#378,.T.);
#845=EDGE_CURVE('',#652,#684,#46,.T.);
#846=EDGE_CURVE('',#684,#683,#379,.T.);
#847=EDGE_CURVE('',#685,#684,#380,.T.);
#848=EDGE_CURVE('',#651,#685,#47,.T.);
#849=EDGE_CURVE('',#686,#685,#381,.T.);
#850=EDGE_CURVE('',#650,#686,#48,.T.);
#851=EDGE_CURVE('',#687,#686,#382,.T.);
#852=EDGE_CURVE('',#649,#687,#49,.T.);
#853=EDGE_CURVE('',#688,#687,#383,.T.);
#854=EDGE_CURVE('',#648,#688,#50,.T.);
#855=EDGE_CURVE('',#689,#688,#384,.T.);
#856=EDGE_CURVE('',#647,#689,#51,.T.);
#857=EDGE_CURVE('',#690,#689,#385,.T.);
#858=EDGE_CURVE('',#646,#690,#52,.T.);
#859=EDGE_CURVE('',#677,#690,#386,.T.);
#860=EDGE_CURVE('',#691,#685,#387,.T.);
#861=EDGE_CURVE('',#692,#691,#388,.T.);
#862=EDGE_CURVE('',#692,#684,#389,.T.);
#863=EDGE_CURVE('',#693,#686,#390,.T.);
#864=EDGE_CURVE('',#691,#693,#391,.T.);
#865=EDGE_CURVE('',#694,#687,#392,.T.);
#866=EDGE_CURVE('',#693,#694,#393,.T.);
#867=EDGE_CURVE('',#695,#688,#394,.T.);
#868=EDGE_CURVE('',#694,#695,#395,.T.);
#869=EDGE_CURVE('',#696,#689,#396,.T.);
#870=EDGE_CURVE('',#695,#696,#397,.T.);
#871=EDGE_CURVE('',#697,#690,#398,.T.);
#872=EDGE_CURVE('',#696,#697,#399,.T.);
#873=EDGE_CURVE('',#698,#677,#400,.T.);
#874=EDGE_CURVE('',#697,#698,#401,.T.);
#875=EDGE_CURVE('',#699,#676,#402,.T.);
#876=EDGE_CURVE('',#620,#699,#403,.T.);
#877=EDGE_CURVE('',#615,#611,#404,.T.);
#878=EDGE_CURVE('',#698,#618,#405,.T.);
#879=EDGE_CURVE('',#665,#700,#53,.T.);
#880=EDGE_CURVE('',#700,#701,#406,.T.);
#881=EDGE_CURVE('',#664,#701,#54,.T.);
#882=EDGE_CURVE('',#666,#702,#55,.T.);
#883=EDGE_CURVE('',#702,#700,#407,.T.);
#884=EDGE_CURVE('',#701,#702,#408,.T.);
#885=EDGE_CURVE('',#703,#701,#409,.T.);
#886=EDGE_CURVE('',#704,#703,#410,.T.);
#887=EDGE_CURVE('',#704,#702,#411,.T.);
#888=EDGE_CURVE('',#705,#700,#412,.T.);
#889=EDGE_CURVE('',#703,#705,#413,.T.);
#890=EDGE_CURVE('',#706,#706,#58,.T.);
#891=EDGE_CURVE('',#699,#707,#414,.T.);
#892=EDGE_CURVE('',#707,#708,#415,.T.);
#893=EDGE_CURVE('',#708,#709,#416,.T.);
#894=EDGE_CURVE('',#709,#710,#417,.T.);
#895=EDGE_CURVE('',#710,#711,#418,.T.);
#896=EDGE_CURVE('',#711,#712,#419,.T.);
#897=EDGE_CURVE('',#712,#692,#420,.T.);
#898=EDGE_CURVE('',#713,#669,#421,.T.);
#899=EDGE_CURVE('',#675,#713,#422,.T.);
#900=EDGE_CURVE('',#713,#673,#423,.T.);
#901=EDGE_CURVE('',#629,#628,#424,.T.);
#902=EDGE_CURVE('',#714,#635,#425,.T.);
#903=EDGE_CURVE('',#643,#714,#426,.T.);
#904=EDGE_CURVE('',#714,#641,#427,.T.);
#905=EDGE_CURVE('',#705,#704,#428,.T.);
#906=EDGE_CURVE('',#707,#678,#429,.T.);
#907=EDGE_CURVE('',#708,#679,#430,.T.);
#908=EDGE_CURVE('',#709,#680,#431,.T.);
#909=EDGE_CURVE('',#710,#681,#432,.T.);
#910=EDGE_CURVE('',#711,#682,#433,.T.);
#911=EDGE_CURVE('',#712,#683,#434,.T.);
#912=EDGE_CURVE('',#706,#715,#59,.T.);
#913=EDGE_CURVE('',#715,#716,#60,.T.);
#914=EDGE_CURVE('',#716,#715,#61,.T.);
#915=EDGE_CURVE('',#716,#717,#435,.T.);
#916=EDGE_CURVE('',#718,#717,#62,.T.);
#917=EDGE_CURVE('',#717,#718,#63,.T.);
#918=EDGE_CURVE('',#718,#719,#64,.T.);
#919=EDGE_CURVE('',#719,#719,#65,.T.);
#920=EDGE_CURVE('',#608,#720,#436,.T.);
#921=EDGE_CURVE('',#720,#607,#437,.T.);
#922=EDGE_CURVE('',#599,#720,#438,.T.);
#923=ORIENTED_EDGE('',*,*,#721,.T.);
#924=ORIENTED_EDGE('',*,*,#722,.T.);
#925=ORIENTED_EDGE('',*,*,#723,.T.);
#926=ORIENTED_EDGE('',*,*,#724,.T.);
#927=ORIENTED_EDGE('',*,*,#725,.T.);
#928=ORIENTED_EDGE('',*,*,#726,.T.);
#929=ORIENTED_EDGE('',*,*,#727,.T.);
#930=ORIENTED_EDGE('',*,*,#728,.F.);
#931=ORIENTED_EDGE('',*,*,#729,.T.);
#932=ORIENTED_EDGE('',*,*,#726,.F.);
#933=ORIENTED_EDGE('',*,*,#730,.T.);
#934=ORIENTED_EDGE('',*,*,#722,.F.);
#935=ORIENTED_EDGE('',*,*,#731,.T.);
#936=ORIENTED_EDGE('',*,*,#724,.F.);
#937=ORIENTED_EDGE('',*,*,#732,.T.);
#938=ORIENTED_EDGE('',*,*,#728,.T.);
#939=ORIENTED_EDGE('',*,*,#731,.F.);
#940=ORIENTED_EDGE('',*,*,#733,.T.);
#941=ORIENTED_EDGE('',*,*,#734,.F.);
#942=ORIENTED_EDGE('',*,*,#735,.F.);
#943=ORIENTED_EDGE('',*,*,#727,.F.);
#944=ORIENTED_EDGE('',*,*,#736,.T.);
#945=ORIENTED_EDGE('',*,*,#737,.F.);
#946=ORIENTED_EDGE('',*,*,#733,.F.);
#947=ORIENTED_EDGE('',*,*,#725,.F.);
#948=ORIENTED_EDGE('',*,*,#732,.F.);
#949=ORIENTED_EDGE('',*,*,#723,.F.);
#950=ORIENTED_EDGE('',*,*,#730,.F.);
#951=ORIENTED_EDGE('',*,*,#738,.T.);
#952=ORIENTED_EDGE('',*,*,#739,.T.);
#953=ORIENTED_EDGE('',*,*,#740,.T.);
#954=ORIENTED_EDGE('',*,*,#741,.T.);
#955=ORIENTED_EDGE('',*,*,#742,.T.);
#956=ORIENTED_EDGE('',*,*,#743,.T.);
#957=ORIENTED_EDGE('',*,*,#744,.T.);
#958=ORIENTED_EDGE('',*,*,#741,.F.);
#959=ORIENTED_EDGE('',*,*,#745,.T.);
#960=ORIENTED_EDGE('',*,*,#746,.T.);
#961=ORIENTED_EDGE('',*,*,#747,.T.);
#962=ORIENTED_EDGE('',*,*,#743,.F.);
#963=ORIENTED_EDGE('',*,*,#738,.F.);
#964=ORIENTED_EDGE('',*,*,#748,.F.);
#965=ORIENTED_EDGE('',*,*,#749,.F.);
#966=ORIENTED_EDGE('',*,*,#750,.F.);
#967=ORIENTED_EDGE('',*,*,#744,.F.);
#968=ORIENTED_EDGE('',*,*,#751,.F.);
#969=ORIENTED_EDGE('',*,*,#752,.F.);
#970=ORIENTED_EDGE('',*,*,#748,.T.);
#971=ORIENTED_EDGE('',*,*,#747,.F.);
#972=ORIENTED_EDGE('',*,*,#753,.F.);
#973=ORIENTED_EDGE('',*,*,#754,.F.);
#974=ORIENTED_EDGE('',*,*,#751,.T.);
#975=ORIENTED_EDGE('',*,*,#755,.T.);
#976=ORIENTED_EDGE('',*,*,#756,.T.);
#977=ORIENTED_EDGE('',*,*,#757,.T.);
#978=ORIENTED_EDGE('',*,*,#758,.T.);
#979=ORIENTED_EDGE('',*,*,#759,.T.);
#980=ORIENTED_EDGE('',*,*,#760,.T.);
#981=ORIENTED_EDGE('',*,*,#761,.T.);
#982=ORIENTED_EDGE('',*,*,#758,.F.);
#983=ORIENTED_EDGE('',*,*,#755,.F.);
#984=ORIENTED_EDGE('',*,*,#762,.F.);
#985=ORIENTED_EDGE('',*,*,#763,.F.);
#986=ORIENTED_EDGE('',*,*,#764,.T.);
#987=ORIENTED_EDGE('',*,*,#761,.F.);
#988=ORIENTED_EDGE('',*,*,#765,.F.);
#989=ORIENTED_EDGE('',*,*,#766,.F.);
#990=ORIENTED_EDGE('',*,*,#762,.T.);
#991=ORIENTED_EDGE('',*,*,#767,.T.);
#992=ORIENTED_EDGE('',*,*,#768,.T.);
#993=ORIENTED_EDGE('',*,*,#769,.T.);
#994=ORIENTED_EDGE('',*,*,#770,.T.);
#995=ORIENTED_EDGE('',*,*,#771,.T.);
#996=ORIENTED_EDGE('',*,*,#772,.T.);
#997=ORIENTED_EDGE('',*,*,#773,.T.);
#998=ORIENTED_EDGE('',*,*,#769,.F.);
#999=ORIENTED_EDGE('',*,*,#774,.T.);
#1000=ORIENTED_EDGE('',*,*,#775,.T.);
#1001=ORIENTED_EDGE('',*,*,#776,.T.);
#1002=ORIENTED_EDGE('',*,*,#772,.F.);
#1003=ORIENTED_EDGE('',*,*,#767,.F.);
#1004=ORIENTED_EDGE('',*,*,#777,.T.);
#1005=ORIENTED_EDGE('',*,*,#778,.T.);
#1006=ORIENTED_EDGE('',*,*,#779,.T.);
#1007=ORIENTED_EDGE('',*,*,#780,.T.);
#1008=ORIENTED_EDGE('',*,*,#778,.F.);
#1009=ORIENTED_EDGE('',*,*,#781,.T.);
#1010=ORIENTED_EDGE('',*,*,#775,.F.);
#1011=ORIENTED_EDGE('',*,*,#781,.F.);
#1012=ORIENTED_EDGE('',*,*,#782,.F.);
#1013=ORIENTED_EDGE('',*,*,#783,.F.);
#1014=ORIENTED_EDGE('',*,*,#784,.T.);
#1015=ORIENTED_EDGE('',*,*,#777,.F.);
#1016=ORIENTED_EDGE('',*,*,#785,.F.);
#1017=ORIENTED_EDGE('',*,*,#786,.F.);
#1018=ORIENTED_EDGE('',*,*,#782,.T.);
#1019=ORIENTED_EDGE('',*,*,#770,.F.);
#1020=ORIENTED_EDGE('',*,*,#787,.F.);
#1021=ORIENTED_EDGE('',*,*,#788,.F.);
#1022=ORIENTED_EDGE('',*,*,#785,.T.);
#1023=ORIENTED_EDGE('',*,*,#789,.F.);
#1024=ORIENTED_EDGE('',*,*,#790,.F.);
#1025=ORIENTED_EDGE('',*,*,#791,.F.);
#1026=ORIENTED_EDGE('',*,*,#792,.F.);
#1027=ORIENTED_EDGE('',*,*,#793,.F.);
#1028=ORIENTED_EDGE('',*,*,#794,.F.);
#1029=ORIENTED_EDGE('',*,*,#795,.F.);
#1030=ORIENTED_EDGE('',*,*,#796,.F.);
#1031=ORIENTED_EDGE('',*,*,#797,.F.);
#1032=ORIENTED_EDGE('',*,*,#798,.F.);
#1033=ORIENTED_EDGE('',*,*,#799,.F.);
#1034=ORIENTED_EDGE('',*,*,#800,.F.);
#1035=ORIENTED_EDGE('',*,*,#801,.F.);
#1036=ORIENTED_EDGE('',*,*,#802,.F.);
#1037=ORIENTED_EDGE('',*,*,#803,.F.);
#1038=ORIENTED_EDGE('',*,*,#804,.T.);
#1039=ORIENTED_EDGE('',*,*,#759,.F.);
#1040=ORIENTED_EDGE('',*,*,#757,.F.);
#1041=ORIENTED_EDGE('',*,*,#805,.F.);
#1042=ORIENTED_EDGE('',*,*,#806,.F.);
#1043=ORIENTED_EDGE('',*,*,#807,.F.);
#1044=ORIENTED_EDGE('',*,*,#808,.F.);
#1045=ORIENTED_EDGE('',*,*,#809,.F.);
#1046=ORIENTED_EDGE('',*,*,#810,.F.);
#1047=ORIENTED_EDGE('',*,*,#811,.F.);
#1048=ORIENTED_EDGE('',*,*,#812,.F.);
#1049=ORIENTED_EDGE('',*,*,#768,.F.);
#1050=ORIENTED_EDGE('',*,*,#779,.F.);
#1051=ORIENTED_EDGE('',*,*,#780,.F.);
#1052=ORIENTED_EDGE('',*,*,#774,.F.);
#1053=ORIENTED_EDGE('',*,*,#771,.F.);
#1054=ORIENTED_EDGE('',*,*,#813,.T.);
#1055=ORIENTED_EDGE('',*,*,#805,.T.);
#1056=ORIENTED_EDGE('',*,*,#814,.T.);
#1057=ORIENTED_EDGE('',*,*,#815,.T.);
#1058=ORIENTED_EDGE('',*,*,#809,.T.);
#1059=ORIENTED_EDGE('',*,*,#816,.T.);
#1060=ORIENTED_EDGE('',*,*,#817,.T.);
#1061=ORIENTED_EDGE('',*,*,#814,.F.);
#1062=ORIENTED_EDGE('',*,*,#818,.T.);
#1063=ORIENTED_EDGE('',*,*,#816,.F.);
#1064=ORIENTED_EDGE('',*,*,#808,.T.);
#1065=ORIENTED_EDGE('',*,*,#819,.T.);
#1066=ORIENTED_EDGE('',*,*,#820,.T.);
#1067=ORIENTED_EDGE('',*,*,#806,.T.);
#1068=ORIENTED_EDGE('',*,*,#813,.F.);
#1069=ORIENTED_EDGE('',*,*,#821,.T.);
#1070=ORIENTED_EDGE('',*,*,#807,.T.);
#1071=ORIENTED_EDGE('',*,*,#820,.F.);
#1072=ORIENTED_EDGE('',*,*,#822,.T.);
#1073=ORIENTED_EDGE('',*,*,#819,.F.);
#1074=ORIENTED_EDGE('',*,*,#822,.F.);
#1075=ORIENTED_EDGE('',*,*,#823,.F.);
#1076=ORIENTED_EDGE('',*,*,#824,.F.);
#1077=ORIENTED_EDGE('',*,*,#825,.T.);
#1078=ORIENTED_EDGE('',*,*,#821,.F.);
#1079=ORIENTED_EDGE('',*,*,#826,.F.);
#1080=ORIENTED_EDGE('',*,*,#827,.F.);
#1081=ORIENTED_EDGE('',*,*,#823,.T.);
#1082=ORIENTED_EDGE('',*,*,#815,.F.);
#1083=ORIENTED_EDGE('',*,*,#828,.F.);
#1084=ORIENTED_EDGE('',*,*,#829,.F.);
#1085=ORIENTED_EDGE('',*,*,#826,.T.);
#1086=ORIENTED_EDGE('',*,*,#789,.T.);
#1087=ORIENTED_EDGE('',*,*,#830,.T.);
#1088=ORIENTED_EDGE('',*,*,#831,.T.);
#1089=ORIENTED_EDGE('',*,*,#832,.F.);
#1090=ORIENTED_EDGE('',*,*,#803,.T.);
#1091=ORIENTED_EDGE('',*,*,#833,.T.);
#1092=ORIENTED_EDGE('',*,*,#834,.T.);
#1093=ORIENTED_EDGE('',*,*,#830,.F.);
#1094=ORIENTED_EDGE('',*,*,#802,.T.);
#1095=ORIENTED_EDGE('',*,*,#835,.T.);
#1096=ORIENTED_EDGE('',*,*,#836,.T.);
#1097=ORIENTED_EDGE('',*,*,#833,.F.);
#1098=ORIENTED_EDGE('',*,*,#801,.T.);
#1099=ORIENTED_EDGE('',*,*,#837,.T.);
#1100=ORIENTED_EDGE('',*,*,#838,.T.);
#1101=ORIENTED_EDGE('',*,*,#835,.F.);
#1102=ORIENTED_EDGE('',*,*,#800,.T.);
#1103=ORIENTED_EDGE('',*,*,#839,.T.);
#1104=ORIENTED_EDGE('',*,*,#840,.T.);
#1105=ORIENTED_EDGE('',*,*,#837,.F.);
#1106=ORIENTED_EDGE('',*,*,#799,.T.);
#1107=ORIENTED_EDGE('',*,*,#841,.T.);
#1108=ORIENTED_EDGE('',*,*,#842,.T.);
#1109=ORIENTED_EDGE('',*,*,#839,.F.);
#1110=ORIENTED_EDGE('',*,*,#798,.T.);
#1111=ORIENTED_EDGE('',*,*,#843,.T.);
#1112=ORIENTED_EDGE('',*,*,#844,.T.);
#1113=ORIENTED_EDGE('',*,*,#841,.F.);
#1114=ORIENTED_EDGE('',*,*,#797,.T.);
#1115=ORIENTED_EDGE('',*,*,#845,.T.);
#1116=ORIENTED_EDGE('',*,*,#846,.T.);
#1117=ORIENTED_EDGE('',*,*,#843,.F.);
#1118=ORIENTED_EDGE('',*,*,#847,.T.);
#1119=ORIENTED_EDGE('',*,*,#845,.F.);
#1120=ORIENTED_EDGE('',*,*,#796,.T.);
#1121=ORIENTED_EDGE('',*,*,#848,.T.);
#1122=ORIENTED_EDGE('',*,*,#849,.T.);
#1123=ORIENTED_EDGE('',*,*,#848,.F.);
#1124=ORIENTED_EDGE('',*,*,#795,.T.);
#1125=ORIENTED_EDGE('',*,*,#850,.T.);
#1126=ORIENTED_EDGE('',*,*,#851,.T.);
#1127=ORIENTED_EDGE('',*,*,#850,.F.);
#1128=ORIENTED_EDGE('',*,*,#794,.T.);
#1129=ORIENTED_EDGE('',*,*,#852,.T.);
#1130=ORIENTED_EDGE('',*,*,#853,.T.);
#1131=ORIENTED_EDGE('',*,*,#852,.F.);
#1132=ORIENTED_EDGE('',*,*,#793,.T.);
#1133=ORIENTED_EDGE('',*,*,#854,.T.);
#1134=ORIENTED_EDGE('',*,*,#855,.T.);
#1135=ORIENTED_EDGE('',*,*,#854,.F.);
#1136=ORIENTED_EDGE('',*,*,#792,.T.);
#1137=ORIENTED_EDGE('',*,*,#856,.T.);
#1138=ORIENTED_EDGE('',*,*,#857,.T.);
#1139=ORIENTED_EDGE('',*,*,#856,.F.);
#1140=ORIENTED_EDGE('',*,*,#791,.T.);
#1141=ORIENTED_EDGE('',*,*,#858,.T.);
#1142=ORIENTED_EDGE('',*,*,#859,.T.);
#1143=ORIENTED_EDGE('',*,*,#858,.F.);
#1144=ORIENTED_EDGE('',*,*,#790,.T.);
#1145=ORIENTED_EDGE('',*,*,#832,.T.);
#1146=ORIENTED_EDGE('',*,*,#847,.F.);
#1147=ORIENTED_EDGE('',*,*,#860,.F.);
#1148=ORIENTED_EDGE('',*,*,#861,.F.);
#1149=ORIENTED_EDGE('',*,*,#862,.T.);
#1150=ORIENTED_EDGE('',*,*,#849,.F.);
#1151=ORIENTED_EDGE('',*,*,#863,.F.);
#1152=ORIENTED_EDGE('',*,*,#864,.F.);
#1153=ORIENTED_EDGE('',*,*,#860,.T.);
#1154=ORIENTED_EDGE('',*,*,#851,.F.);
#1155=ORIENTED_EDGE('',*,*,#865,.F.);
#1156=ORIENTED_EDGE('',*,*,#866,.F.);
#1157=ORIENTED_EDGE('',*,*,#863,.T.);
#1158=ORIENTED_EDGE('',*,*,#853,.F.);
#1159=ORIENTED_EDGE('',*,*,#867,.F.);
#1160=ORIENTED_EDGE('',*,*,#868,.F.);
#1161=ORIENTED_EDGE('',*,*,#865,.T.);
#1162=ORIENTED_EDGE('',*,*,#855,.F.);
#1163=ORIENTED_EDGE('',*,*,#869,.F.);
#1164=ORIENTED_EDGE('',*,*,#870,.F.);
#1165=ORIENTED_EDGE('',*,*,#867,.T.);
#1166=ORIENTED_EDGE('',*,*,#857,.F.);
#1167=ORIENTED_EDGE('',*,*,#871,.F.);
#1168=ORIENTED_EDGE('',*,*,#872,.F.);
#1169=ORIENTED_EDGE('',*,*,#869,.T.);
#1170=ORIENTED_EDGE('',*,*,#859,.F.);
#1171=ORIENTED_EDGE('',*,*,#873,.F.);
#1172=ORIENTED_EDGE('',*,*,#874,.F.);
#1173=ORIENTED_EDGE('',*,*,#871,.T.);
#1174=ORIENTED_EDGE('',*,*,#831,.F.);
#1175=ORIENTED_EDGE('',*,*,#875,.F.);
#1176=ORIENTED_EDGE('',*,*,#876,.F.);
#1177=ORIENTED_EDGE('',*,*,#753,.T.);
#1178=ORIENTED_EDGE('',*,*,#746,.F.);
#1179=ORIENTED_EDGE('',*,*,#877,.T.);
#1180=ORIENTED_EDGE('',*,*,#739,.F.);
#1181=ORIENTED_EDGE('',*,*,#750,.T.);
#1182=ORIENTED_EDGE('',*,*,#878,.F.);
#1183=ORIENTED_EDGE('',*,*,#873,.T.);
#1184=ORIENTED_EDGE('',*,*,#810,.T.);
#1185=ORIENTED_EDGE('',*,*,#879,.T.);
#1186=ORIENTED_EDGE('',*,*,#880,.T.);
#1187=ORIENTED_EDGE('',*,*,#881,.F.);
#1188=ORIENTED_EDGE('',*,*,#812,.T.);
#1189=ORIENTED_EDGE('',*,*,#882,.T.);
#1190=ORIENTED_EDGE('',*,*,#883,.T.);
#1191=ORIENTED_EDGE('',*,*,#879,.F.);
#1192=ORIENTED_EDGE('',*,*,#884,.T.);
#1193=ORIENTED_EDGE('',*,*,#882,.F.);
#1194=ORIENTED_EDGE('',*,*,#811,.T.);
#1195=ORIENTED_EDGE('',*,*,#881,.T.);
#1196=ORIENTED_EDGE('',*,*,#884,.F.);
#1197=ORIENTED_EDGE('',*,*,#885,.F.);
#1198=ORIENTED_EDGE('',*,*,#886,.F.);
#1199=ORIENTED_EDGE('',*,*,#887,.T.);
#1200=ORIENTED_EDGE('',*,*,#880,.F.);
#1201=ORIENTED_EDGE('',*,*,#888,.F.);
#1202=ORIENTED_EDGE('',*,*,#889,.F.);
#1203=ORIENTED_EDGE('',*,*,#885,.T.);
#1204=ORIENTED_EDGE('',*,*,#740,.F.);
#1205=ORIENTED_EDGE('',*,*,#877,.F.);
#1206=ORIENTED_EDGE('',*,*,#745,.F.);
#1207=ORIENTED_EDGE('',*,*,#742,.F.);
#1208=ORIENTED_EDGE('',*,*,#890,.F.);
#1209=ORIENTED_EDGE('',*,*,#749,.T.);
#1210=ORIENTED_EDGE('',*,*,#752,.T.);
#1211=ORIENTED_EDGE('',*,*,#754,.T.);
#1212=ORIENTED_EDGE('',*,*,#876,.T.);
#1213=ORIENTED_EDGE('',*,*,#891,.T.);
#1214=ORIENTED_EDGE('',*,*,#892,.T.);
#1215=ORIENTED_EDGE('',*,*,#893,.T.);
#1216=ORIENTED_EDGE('',*,*,#894,.T.);
#1217=ORIENTED_EDGE('',*,*,#895,.T.);
#1218=ORIENTED_EDGE('',*,*,#896,.T.);
#1219=ORIENTED_EDGE('',*,*,#897,.T.);
#1220=ORIENTED_EDGE('',*,*,#861,.T.);
#1221=ORIENTED_EDGE('',*,*,#864,.T.);
#1222=ORIENTED_EDGE('',*,*,#866,.T.);
#1223=ORIENTED_EDGE('',*,*,#868,.T.);
#1224=ORIENTED_EDGE('',*,*,#870,.T.);
#1225=ORIENTED_EDGE('',*,*,#872,.T.);
#1226=ORIENTED_EDGE('',*,*,#874,.T.);
#1227=ORIENTED_EDGE('',*,*,#878,.T.);
#1228=ORIENTED_EDGE('',*,*,#817,.F.);
#1229=ORIENTED_EDGE('',*,*,#898,.F.);
#1230=ORIENTED_EDGE('',*,*,#899,.F.);
#1231=ORIENTED_EDGE('',*,*,#828,.T.);
#1232=ORIENTED_EDGE('',*,*,#818,.F.);
#1233=ORIENTED_EDGE('',*,*,#825,.F.);
#1234=ORIENTED_EDGE('',*,*,#900,.F.);
#1235=ORIENTED_EDGE('',*,*,#898,.T.);
#1236=ORIENTED_EDGE('',*,*,#901,.F.);
#1237=ORIENTED_EDGE('',*,*,#765,.T.);
#1238=ORIENTED_EDGE('',*,*,#760,.F.);
#1239=ORIENTED_EDGE('',*,*,#804,.F.);
#1240=ORIENTED_EDGE('',*,*,#756,.F.);
#1241=ORIENTED_EDGE('',*,*,#764,.F.);
#1242=ORIENTED_EDGE('',*,*,#773,.F.);
#1243=ORIENTED_EDGE('',*,*,#902,.F.);
#1244=ORIENTED_EDGE('',*,*,#903,.F.);
#1245=ORIENTED_EDGE('',*,*,#787,.T.);
#1246=ORIENTED_EDGE('',*,*,#776,.F.);
#1247=ORIENTED_EDGE('',*,*,#784,.F.);
#1248=ORIENTED_EDGE('',*,*,#904,.F.);
#1249=ORIENTED_EDGE('',*,*,#902,.T.);
#1250=ORIENTED_EDGE('',*,*,#883,.F.);
#1251=ORIENTED_EDGE('',*,*,#887,.F.);
#1252=ORIENTED_EDGE('',*,*,#905,.F.);
#1253=ORIENTED_EDGE('',*,*,#888,.T.);
#1254=ORIENTED_EDGE('',*,*,#834,.F.);
#1255=ORIENTED_EDGE('',*,*,#906,.F.);
#1256=ORIENTED_EDGE('',*,*,#891,.F.);
#1257=ORIENTED_EDGE('',*,*,#875,.T.);
#1258=ORIENTED_EDGE('',*,*,#836,.F.);
#1259=ORIENTED_EDGE('',*,*,#907,.F.);
#1260=ORIENTED_EDGE('',*,*,#892,.F.);
#1261=ORIENTED_EDGE('',*,*,#906,.T.);
#1262=ORIENTED_EDGE('',*,*,#838,.F.);
#1263=ORIENTED_EDGE('',*,*,#908,.F.);
#1264=ORIENTED_EDGE('',*,*,#893,.F.);
#1265=ORIENTED_EDGE('',*,*,#907,.T.);
#1266=ORIENTED_EDGE('',*,*,#840,.F.);
#1267=ORIENTED_EDGE('',*,*,#909,.F.);
#1268=ORIENTED_EDGE('',*,*,#894,.F.);
#1269=ORIENTED_EDGE('',*,*,#908,.T.);
#1270=ORIENTED_EDGE('',*,*,#842,.F.);
#1271=ORIENTED_EDGE('',*,*,#910,.F.);
#1272=ORIENTED_EDGE('',*,*,#895,.F.);
#1273=ORIENTED_EDGE('',*,*,#909,.T.);
#1274=ORIENTED_EDGE('',*,*,#844,.F.);
#1275=ORIENTED_EDGE('',*,*,#911,.F.);
#1276=ORIENTED_EDGE('',*,*,#896,.F.);
#1277=ORIENTED_EDGE('',*,*,#910,.T.);
#1278=ORIENTED_EDGE('',*,*,#846,.F.);
#1279=ORIENTED_EDGE('',*,*,#862,.F.);
#1280=ORIENTED_EDGE('',*,*,#897,.F.);
#1281=ORIENTED_EDGE('',*,*,#911,.T.);
#1282=ORIENTED_EDGE('',*,*,#886,.T.);
#1283=ORIENTED_EDGE('',*,*,#889,.T.);
#1284=ORIENTED_EDGE('',*,*,#905,.T.);
#1285=ORIENTED_EDGE('',*,*,#788,.T.);
#1286=ORIENTED_EDGE('',*,*,#903,.T.);
#1287=ORIENTED_EDGE('',*,*,#904,.T.);
#1288=ORIENTED_EDGE('',*,*,#783,.T.);
#1289=ORIENTED_EDGE('',*,*,#786,.T.);
#1290=ORIENTED_EDGE('',*,*,#763,.T.);
#1291=ORIENTED_EDGE('',*,*,#766,.T.);
#1292=ORIENTED_EDGE('',*,*,#901,.T.);
#1293=ORIENTED_EDGE('',*,*,#890,.T.);
#1294=ORIENTED_EDGE('',*,*,#912,.T.);
#1295=ORIENTED_EDGE('',*,*,#913,.T.);
#1296=ORIENTED_EDGE('',*,*,#914,.T.);
#1297=ORIENTED_EDGE('',*,*,#912,.F.);
#1298=ORIENTED_EDGE('',*,*,#914,.F.);
#1299=ORIENTED_EDGE('',*,*,#915,.T.);
#1300=ORIENTED_EDGE('',*,*,#916,.F.);
#1301=ORIENTED_EDGE('',*,*,#917,.F.);
#1302=ORIENTED_EDGE('',*,*,#915,.F.);
#1303=ORIENTED_EDGE('',*,*,#913,.F.);
#1304=ORIENTED_EDGE('',*,*,#829,.T.);
#1305=ORIENTED_EDGE('',*,*,#899,.T.);
#1306=ORIENTED_EDGE('',*,*,#900,.T.);
#1307=ORIENTED_EDGE('',*,*,#824,.T.);
#1308=ORIENTED_EDGE('',*,*,#827,.T.);
#1309=ORIENTED_EDGE('',*,*,#917,.T.);
#1310=ORIENTED_EDGE('',*,*,#918,.T.);
#1311=ORIENTED_EDGE('',*,*,#919,.T.);
#1312=ORIENTED_EDGE('',*,*,#918,.F.);
#1313=ORIENTED_EDGE('',*,*,#916,.T.);
#1314=ORIENTED_EDGE('',*,*,#919,.F.);
#1315=ORIENTED_EDGE('',*,*,#920,.T.);
#1316=ORIENTED_EDGE('',*,*,#921,.T.);
#1317=ORIENTED_EDGE('',*,*,#734,.T.);
#1318=ORIENTED_EDGE('',*,*,#737,.T.);
#1319=ORIENTED_EDGE('',*,*,#729,.F.);
#1320=ORIENTED_EDGE('',*,*,#922,.T.);
#1321=ORIENTED_EDGE('',*,*,#920,.F.);
#1322=ORIENTED_EDGE('',*,*,#736,.F.);
#1323=ORIENTED_EDGE('',*,*,#721,.F.);
#1324=ORIENTED_EDGE('',*,*,#735,.T.);
#1325=ORIENTED_EDGE('',*,*,#921,.F.);
#1326=ORIENTED_EDGE('',*,*,#922,.F.);
#1327=PLANE('',#1479);
#1328=PLANE('',#1480);
#1329=PLANE('',#1481);
#1330=PLANE('',#1482);
#1331=PLANE('',#1483);
#1332=PLANE('',#1484);
#1333=PLANE('',#1485);
#1334=PLANE('',#1493);
#1335=PLANE('',#1494);
#1336=PLANE('',#1495);
#1337=PLANE('',#1501);
#1338=PLANE('',#1502);
#1339=PLANE('',#1511);
#1340=PLANE('',#1512);
#1341=PLANE('',#1513);
#1342=PLANE('',#1514);
#1343=PLANE('',#1523);
#1344=PLANE('',#1524);
#1345=PLANE('',#1525);
#1346=PLANE('',#1556);
#1347=PLANE('',#1557);
#1348=PLANE('',#1558);
#1349=PLANE('',#1559);
#1350=PLANE('',#1560);
#1351=PLANE('',#1561);
#1352=PLANE('',#1562);
#1353=PLANE('',#1563);
#1354=PLANE('',#1570);
#1355=PLANE('',#1571);
#1356=PLANE('',#1572);
#1357=PLANE('',#1573);
#1358=PLANE('',#1575);
#1359=PLANE('',#1576);
#1360=PLANE('',#1577);
#1361=PLANE('',#1578);
#1362=PLANE('',#1579);
#1363=PLANE('',#1580);
#1364=PLANE('',#1581);
#1365=PLANE('',#1582);
#1366=PLANE('',#1583);
#1367=PLANE('',#1584);
#1368=PLANE('',#1585);
#1369=PLANE('',#1586);
#1370=PLANE('',#1587);
#1371=PLANE('',#1588);
#1372=PLANE('',#1589);
#1373=PLANE('',#1590);
#1374=PLANE('',#1598);
#1375=PLANE('',#1602);
#1376=PLANE('',#1603);
#1377=PLANE('',#1604);
#1378=ADVANCED_FACE('',(#100),#1327,.T.);
#1379=ADVANCED_FACE('',(#101),#1328,.T.);
#1380=ADVANCED_FACE('',(#102),#1329,.T.);
#1381=ADVANCED_FACE('',(#103),#1330,.T.);
#1382=ADVANCED_FACE('',(#104),#1331,.T.);
#1383=ADVANCED_FACE('',(#105),#1332,.T.);
#1384=ADVANCED_FACE('',(#106),#1333,.F.);
#1385=ADVANCED_FACE('',(#107),#66,.T.);
#1386=ADVANCED_FACE('',(#108),#67,.T.);
#1387=ADVANCED_FACE('',(#109),#68,.T.);
#1388=ADVANCED_FACE('',(#110),#1334,.T.);
#1389=ADVANCED_FACE('',(#111),#1335,.T.);
#1390=ADVANCED_FACE('',(#112),#1336,.T.);
#1391=ADVANCED_FACE('',(#113),#69,.T.);
#1392=ADVANCED_FACE('',(#114),#70,.T.);
#1393=ADVANCED_FACE('',(#115),#1337,.T.);
#1394=ADVANCED_FACE('',(#116),#1338,.T.);
#1395=ADVANCED_FACE('',(#117),#71,.T.);
#1396=ADVANCED_FACE('',(#118),#72,.T.);
#1397=ADVANCED_FACE('',(#119),#73,.T.);
#1398=ADVANCED_FACE('',(#120),#74,.T.);
#1399=ADVANCED_FACE('',(#121),#75,.T.);
#1400=ADVANCED_FACE('',(#122),#1339,.T.);
#1401=ADVANCED_FACE('',(#123),#1340,.T.);
#1402=ADVANCED_FACE('',(#124),#1341,.T.);
#1403=ADVANCED_FACE('',(#125,#17,#18,#19,#20),#1342,.T.);
#1404=ADVANCED_FACE('',(#126),#76,.T.);
#1405=ADVANCED_FACE('',(#127),#77,.T.);
#1406=ADVANCED_FACE('',(#128),#78,.T.);
#1407=ADVANCED_FACE('',(#129),#79,.T.);
#1408=ADVANCED_FACE('',(#130),#80,.T.);
#1409=ADVANCED_FACE('',(#131),#1343,.T.);
#1410=ADVANCED_FACE('',(#132),#1344,.T.);
#1411=ADVANCED_FACE('',(#133),#1345,.T.);
#1412=ADVANCED_FACE('',(#134),#81,.T.);
#1413=ADVANCED_FACE('',(#135),#82,.T.);
#1414=ADVANCED_FACE('',(#136),#83,.T.);
#1415=ADVANCED_FACE('',(#137),#84,.T.);
#1416=ADVANCED_FACE('',(#138),#85,.T.);
#1417=ADVANCED_FACE('',(#139),#86,.T.);
#1418=ADVANCED_FACE('',(#140),#87,.T.);
#1419=ADVANCED_FACE('',(#141),#88,.T.);
#1420=ADVANCED_FACE('',(#142),#89,.T.);
#1421=ADVANCED_FACE('',(#143),#90,.T.);
#1422=ADVANCED_FACE('',(#144),#91,.T.);
#1423=ADVANCED_FACE('',(#145),#92,.T.);
#1424=ADVANCED_FACE('',(#146),#93,.T.);
#1425=ADVANCED_FACE('',(#147),#94,.T.);
#1426=ADVANCED_FACE('',(#148),#95,.T.);
#1427=ADVANCED_FACE('',(#149),#1346,.T.);
#1428=ADVANCED_FACE('',(#150),#1347,.T.);
#1429=ADVANCED_FACE('',(#151),#1348,.T.);
#1430=ADVANCED_FACE('',(#152),#1349,.T.);
#1431=ADVANCED_FACE('',(#153),#1350,.T.);
#1432=ADVANCED_FACE('',(#154),#1351,.T.);
#1433=ADVANCED_FACE('',(#155),#1352,.T.);
#1434=ADVANCED_FACE('',(#156),#1353,.T.);
#1435=ADVANCED_FACE('',(#157),#96,.T.);
#1436=ADVANCED_FACE('',(#158),#97,.T.);
#1437=ADVANCED_FACE('',(#159),#98,.T.);
#1438=ADVANCED_FACE('',(#160),#1354,.T.);
#1439=ADVANCED_FACE('',(#161),#1355,.T.);
#1440=ADVANCED_FACE('',(#162),#1356,.T.);
#1441=ADVANCED_FACE('',(#163,#21),#1357,.T.);
#1442=ADVANCED_FACE('',(#164),#1358,.T.);
#1443=ADVANCED_FACE('',(#165),#1359,.T.);
#1444=ADVANCED_FACE('',(#166),#1360,.T.);
#1445=ADVANCED_FACE('',(#167),#1361,.T.);
#1446=ADVANCED_FACE('',(#168),#1362,.T.);
#1447=ADVANCED_FACE('',(#169),#1363,.T.);
#1448=ADVANCED_FACE('',(#170),#1364,.T.);
#1449=ADVANCED_FACE('',(#171),#1365,.T.);
#1450=ADVANCED_FACE('',(#172),#1366,.T.);
#1451=ADVANCED_FACE('',(#173),#1367,.T.);
#1452=ADVANCED_FACE('',(#174),#1368,.T.);
#1453=ADVANCED_FACE('',(#175),#1369,.T.);
#1454=ADVANCED_FACE('',(#176),#1370,.T.);
#1455=ADVANCED_FACE('',(#177),#1371,.T.);
#1456=ADVANCED_FACE('',(#178),#1372,.T.);
#1457=ADVANCED_FACE('',(#179),#1373,.T.);
#1458=ADVANCED_FACE('',(#180),#15,.T.);
#1459=ADVANCED_FACE('',(#181),#99,.T.);
#1460=ADVANCED_FACE('',(#182),#1374,.T.);
#1461=ADVANCED_FACE('',(#183),#16,.T.);
#1462=ADVANCED_FACE('',(#184,#22),#1375,.F.);
#1463=ADVANCED_FACE('',(#185),#1376,.T.);
#1464=ADVANCED_FACE('',(#186),#1377,.T.);
#1465=CLOSED_SHELL('',(#1378,#1379,#1380,#1381,#1382,#1383,#1384,#1385,
#1386,#1387,#1388,#1389,#1390,#1391,#1392,#1393,#1394,#1395,#1396,#1397,
#1398,#1399,#1400,#1401,#1402,#1403,#1404,#1405,#1406,#1407,#1408,#1409,
#1410,#1411,#1412,#1413,#1414,#1415,#1416,#1417,#1418,#1419,#1420,#1421,
#1422,#1423,#1424,#1425,#1426,#1427,#1428,#1429,#1430,#1431,#1432,#1433,
#1434,#1435,#1436,#1437,#1438,#1439,#1440,#1441,#1442,#1443,#1444,#1445,
#1446,#1447,#1448,#1449,#1450,#1451,#1452,#1453,#1454,#1455,#1456,#1457,
#1458,#1459,#1460,#1461,#1462,#1463,#1464));
#1466=DERIVED_UNIT_ELEMENT(#1468,1.);
#1467=DERIVED_UNIT_ELEMENT(#2520,-3.);
#1468=(
MASS_UNIT()
NAMED_UNIT(*)
SI_UNIT(.KILO.,.GRAM.)
);
#1469=DERIVED_UNIT((#1466,#1467));
#1470=MEASURE_REPRESENTATION_ITEM('density measure',
POSITIVE_RATIO_MEASURE(7850.),#1469);
#1471=PROPERTY_DEFINITION_REPRESENTATION(#1476,#1473);
#1472=PROPERTY_DEFINITION_REPRESENTATION(#1477,#1474);
#1473=REPRESENTATION('material name',(#1475),#2517);
#1474=REPRESENTATION('density',(#1470),#2517);
#1475=DESCRIPTIVE_REPRESENTATION_ITEM('Steel','Steel');
#1476=PROPERTY_DEFINITION('material property','material name',#2527);
#1477=PROPERTY_DEFINITION('material property','density of part',#2527);
#1478=AXIS2_PLACEMENT_3D('',#2018,#1605,#1606);
#1479=AXIS2_PLACEMENT_3D('',#2019,#1607,#1608);
#1480=AXIS2_PLACEMENT_3D('',#2028,#1613,#1614);
#1481=AXIS2_PLACEMENT_3D('',#2037,#1619,#1620);
#1482=AXIS2_PLACEMENT_3D('',#2040,#1623,#1624);
#1483=AXIS2_PLACEMENT_3D('',#2043,#1627,#1628);
#1484=AXIS2_PLACEMENT_3D('',#2049,#1632,#1633);
#1485=AXIS2_PLACEMENT_3D('',#2053,#1636,#1637);
#1486=AXIS2_PLACEMENT_3D('',#2054,#1638,#1639);
#1487=AXIS2_PLACEMENT_3D('',#2059,#1641,#1642);
#1488=AXIS2_PLACEMENT_3D('',#2062,#1644,#1645);
#1489=AXIS2_PLACEMENT_3D('',#2063,#1646,#1647);
#1490=AXIS2_PLACEMENT_3D('',#2067,#1649,#1650);
#1491=AXIS2_PLACEMENT_3D('',#2069,#1652,#1653);
#1492=AXIS2_PLACEMENT_3D('',#2073,#1655,#1656);
#1493=AXIS2_PLACEMENT_3D('',#2075,#1658,#1659);
#1494=AXIS2_PLACEMENT_3D('',#2081,#1663,#1664);
#1495=AXIS2_PLACEMENT_3D('',#2085,#1667,#1668);
#1496=AXIS2_PLACEMENT_3D('',#2089,#1671,#1672);
#1497=AXIS2_PLACEMENT_3D('',#2094,#1674,#1675);
#1498=AXIS2_PLACEMENT_3D('',#2097,#1677,#1678);
#1499=AXIS2_PLACEMENT_3D('',#2098,#1679,#1680);
#1500=AXIS2_PLACEMENT_3D('',#2102,#1682,#1683);
#1501=AXIS2_PLACEMENT_3D('',#2104,#1685,#1686);
#1502=AXIS2_PLACEMENT_3D('',#2110,#1690,#1691);
#1503=AXIS2_PLACEMENT_3D('',#2114,#1694,#1695);
#1504=AXIS2_PLACEMENT_3D('',#2142,#1697,#1698);
#1505=AXIS2_PLACEMENT_3D('',#2144,#1700,#1701);
#1506=AXIS2_PLACEMENT_3D('',#2148,#1703,#1704);
#1507=AXIS2_PLACEMENT_3D('',#2150,#1706,#1707);
#1508=AXIS2_PLACEMENT_3D('',#2154,#1709,#1710);
#1509=AXIS2_PLACEMENT_3D('',#2156,#1712,#1713);
#1510=AXIS2_PLACEMENT_3D('',#2183,#1716,#1717);
#1511=AXIS2_PLACEMENT_3D('',#2186,#1720,#1721);
#1512=AXIS2_PLACEMENT_3D('',#2192,#1725,#1726);
#1513=AXIS2_PLACEMENT_3D('',#2196,#1729,#1730);
#1514=AXIS2_PLACEMENT_3D('',#2200,#1733,#1734);
#1515=AXIS2_PLACEMENT_3D('',#2248,#1759,#1760);
#1516=AXIS2_PLACEMENT_3D('',#2273,#1761,#1762);
#1517=AXIS2_PLACEMENT_3D('',#2275,#1764,#1765);
#1518=AXIS2_PLACEMENT_3D('',#2277,#1766,#1767);
#1519=AXIS2_PLACEMENT_3D('',#2279,#1769,#1770);
#1520=AXIS2_PLACEMENT_3D('',#2282,#1772,#1773);
#1521=AXIS2_PLACEMENT_3D('',#2283,#1774,#1775);
#1522=AXIS2_PLACEMENT_3D('',#2308,#1777,#1778);
#1523=AXIS2_PLACEMENT_3D('',#2310,#1780,#1781);
#1524=AXIS2_PLACEMENT_3D('',#2316,#1785,#1786);
#1525=AXIS2_PLACEMENT_3D('',#2320,#1789,#1790);
#1526=AXIS2_PLACEMENT_3D('',#2324,#1793,#1794);
#1527=AXIS2_PLACEMENT_3D('',#2326,#1795,#1796);
#1528=AXIS2_PLACEMENT_3D('',#2329,#1798,#1799);
#1529=AXIS2_PLACEMENT_3D('',#2330,#1800,#1801);
#1530=AXIS2_PLACEMENT_3D('',#2332,#1802,#1803);
#1531=AXIS2_PLACEMENT_3D('',#2334,#1805,#1806);
#1532=AXIS2_PLACEMENT_3D('',#2336,#1807,#1808);
#1533=AXIS2_PLACEMENT_3D('',#2338,#1810,#1811);
#1534=AXIS2_PLACEMENT_3D('',#2340,#1812,#1813);
#1535=AXIS2_PLACEMENT_3D('',#2342,#1815,#1816);
#1536=AXIS2_PLACEMENT_3D('',#2344,#1817,#1818);
#1537=AXIS2_PLACEMENT_3D('',#2346,#1820,#1821);
#1538=AXIS2_PLACEMENT_3D('',#2348,#1822,#1823);
#1539=AXIS2_PLACEMENT_3D('',#2350,#1825,#1826);
#1540=AXIS2_PLACEMENT_3D('',#2352,#1827,#1828);
#1541=AXIS2_PLACEMENT_3D('',#2354,#1830,#1831);
#1542=AXIS2_PLACEMENT_3D('',#2356,#1832,#1833);
#1543=AXIS2_PLACEMENT_3D('',#2358,#1835,#1836);
#1544=AXIS2_PLACEMENT_3D('',#2361,#1838,#1839);
#1545=AXIS2_PLACEMENT_3D('',#2362,#1840,#1841);
#1546=AXIS2_PLACEMENT_3D('',#2365,#1843,#1844);
#1547=AXIS2_PLACEMENT_3D('',#2366,#1845,#1846);
#1548=AXIS2_PLACEMENT_3D('',#2369,#1848,#1849);
#1549=AXIS2_PLACEMENT_3D('',#2370,#1850,#1851);
#1550=AXIS2_PLACEMENT_3D('',#2373,#1853,#1854);
#1551=AXIS2_PLACEMENT_3D('',#2374,#1855,#1856);
#1552=AXIS2_PLACEMENT_3D('',#2377,#1858,#1859);
#1553=AXIS2_PLACEMENT_3D('',#2378,#1860,#1861);
#1554=AXIS2_PLACEMENT_3D('',#2381,#1863,#1864);
#1555=AXIS2_PLACEMENT_3D('',#2382,#1865,#1866);
#1556=AXIS2_PLACEMENT_3D('',#2384,#1868,#1869);
#1557=AXIS2_PLACEMENT_3D('',#2390,#1873,#1874);
#1558=AXIS2_PLACEMENT_3D('',#2394,#1877,#1878);
#1559=AXIS2_PLACEMENT_3D('',#2398,#1881,#1882);
#1560=AXIS2_PLACEMENT_3D('',#2402,#1885,#1886);
#1561=AXIS2_PLACEMENT_3D('',#2406,#1889,#1890);
#1562=AXIS2_PLACEMENT_3D('',#2410,#1893,#1894);
#1563=AXIS2_PLACEMENT_3D('',#2414,#1897,#1898);
#1564=AXIS2_PLACEMENT_3D('',#2420,#1903,#1904);
#1565=AXIS2_PLACEMENT_3D('',#2422,#1905,#1906);
#1566=AXIS2_PLACEMENT_3D('',#2425,#1908,#1909);
#1567=AXIS2_PLACEMENT_3D('',#2426,#1910,#1911);
#1568=AXIS2_PLACEMENT_3D('',#2428,#1912,#1913);
#1569=AXIS2_PLACEMENT_3D('',#2430,#1915,#1916);
#1570=AXIS2_PLACEMENT_3D('',#2432,#1918,#1919);
#1571=AXIS2_PLACEMENT_3D('',#2438,#1923,#1924);
#1572=AXIS2_PLACEMENT_3D('',#2442,#1927,#1928);
#1573=AXIS2_PLACEMENT_3D('',#2443,#1929,#1930);
#1574=AXIS2_PLACEMENT_3D('',#2445,#1931,#1932);
#1575=AXIS2_PLACEMENT_3D('',#2459,#1940,#1941);
#1576=AXIS2_PLACEMENT_3D('',#2463,#1944,#1945);
#1577=AXIS2_PLACEMENT_3D('',#2465,#1947,#1948);
#1578=AXIS2_PLACEMENT_3D('',#2467,#1950,#1951);
#1579=AXIS2_PLACEMENT_3D('',#2471,#1954,#1955);
#1580=AXIS2_PLACEMENT_3D('',#2473,#1957,#1958);
#1581=AXIS2_PLACEMENT_3D('',#2475,#1960,#1961);
#1582=AXIS2_PLACEMENT_3D('',#2477,#1963,#1964);
#1583=AXIS2_PLACEMENT_3D('',#2479,#1966,#1967);
#1584=AXIS2_PLACEMENT_3D('',#2481,#1969,#1970);
#1585=AXIS2_PLACEMENT_3D('',#2483,#1972,#1973);
#1586=AXIS2_PLACEMENT_3D('',#2485,#1975,#1976);
#1587=AXIS2_PLACEMENT_3D('',#2487,#1978,#1979);
#1588=AXIS2_PLACEMENT_3D('',#2488,#1980,#1981);
#1589=AXIS2_PLACEMENT_3D('',#2489,#1982,#1983);
#1590=AXIS2_PLACEMENT_3D('',#2490,#1984,#1985);
#1591=AXIS2_PLACEMENT_3D('',#2491,#1986,#1987);
#1592=AXIS2_PLACEMENT_3D('',#2493,#1988,#1989);
#1593=AXIS2_PLACEMENT_3D('',#2495,#1990,#1991);
#1594=AXIS2_PLACEMENT_3D('',#2496,#1992,#1993);
#1595=AXIS2_PLACEMENT_3D('',#2497,#1994,#1995);
#1596=AXIS2_PLACEMENT_3D('',#2501,#1997,#1998);
#1597=AXIS2_PLACEMENT_3D('',#2502,#1999,#2000);
#1598=AXIS2_PLACEMENT_3D('',#2503,#2001,#2002);
#1599=AXIS2_PLACEMENT_3D('',#2504,#2003,#2004);
#1600=AXIS2_PLACEMENT_3D('',#2506,#2005,#2006);
#1601=AXIS2_PLACEMENT_3D('',#2507,#2007,#2008);
#1602=AXIS2_PLACEMENT_3D('',#2508,#2009,#2010);
#1603=AXIS2_PLACEMENT_3D('',#2512,#2013,#2014);
#1604=AXIS2_PLACEMENT_3D('',#2514,#2016,#2017);
#1605=DIRECTION('axis',(0.,0.,1.));
#1606=DIRECTION('refdir',(1.,0.,0.));
#1607=DIRECTION('center_axis',(-0.707106781186548,-0.707106781186547,0.));
#1608=DIRECTION('ref_axis',(0.,0.,1.));
#1609=DIRECTION('',(0.,0.,-1.));
#1610=DIRECTION('',(0.577350269189626,-0.577350269189626,0.577350269189626));
#1611=DIRECTION('',(0.,0.,1.));
#1612=DIRECTION('',(-0.577350269189626,0.577350269189626,0.577350269189626));
#1613=DIRECTION('center_axis',(0.707106781186548,-0.707106781186547,0.));
#1614=DIRECTION('ref_axis',(0.,0.,-1.));
#1615=DIRECTION('',(0.,0.,-1.));
#1616=DIRECTION('',(0.577350269189626,0.577350269189626,-0.577350269189626));
#1617=DIRECTION('',(0.,0.,1.));
#1618=DIRECTION('',(0.577350269189626,0.577350269189626,0.577350269189626));
#1619=DIRECTION('center_axis',(0.,-0.707106781186547,-0.707106781186548));
#1620=DIRECTION('ref_axis',(-1.,0.,0.));
#1621=DIRECTION('',(1.,0.,0.));
#1622=DIRECTION('',(-1.,0.,0.));
#1623=DIRECTION('center_axis',(0.,-0.707106781186547,0.707106781186548));
#1624=DIRECTION('ref_axis',(1.,0.,0.));
#1625=DIRECTION('',(-1.,0.,0.));
#1626=DIRECTION('',(1.,0.,0.));
#1627=DIRECTION('center_axis',(0.,0.,1.));
#1628=DIRECTION('ref_axis',(1.,0.,0.));
#1629=DIRECTION('',(0.,1.,0.));
#1630=DIRECTION('',(1.,0.,0.));
#1631=DIRECTION('',(0.,1.,0.));
#1632=DIRECTION('center_axis',(1.,0.,0.));
#1633=DIRECTION('ref_axis',(0.,0.,-1.));
#1634=DIRECTION('',(0.,1.,0.));
#1635=DIRECTION('',(0.,0.,-1.));
#1636=DIRECTION('center_axis',(0.,1.,0.));
#1637=DIRECTION('ref_axis',(1.,0.,0.));
#1638=DIRECTION('center_axis',(0.,0.,-1.));
#1639=DIRECTION('ref_axis',(0.70710678118654,0.707106781186555,0.));
#1640=DIRECTION('',(0.,0.,-1.));
#1641=DIRECTION('center_axis',(0.,0.,-1.));
#1642=DIRECTION('ref_axis',(0.70710678118654,0.707106781186555,0.));
#1643=DIRECTION('',(0.,0.,1.));
#1644=DIRECTION('center_axis',(0.707106781186548,0.,-0.707106781186548));
#1645=DIRECTION('ref_axis',(0.707106781186547,0.,0.707106781186547));
#1646=DIRECTION('center_axis',(1.,0.,9.65411311375256E-16));
#1647=DIRECTION('ref_axis',(0.,0.707106781186555,0.70710678118654));
#1648=DIRECTION('',(-1.,0.,-9.65411311375256E-16));
#1649=DIRECTION('center_axis',(0.707106781186551,0.,0.707106781186544));
#1650=DIRECTION('ref_axis',(-0.707106781186544,0.,0.707106781186551));
#1651=DIRECTION('',(1.,0.,9.65411311375256E-16));
#1652=DIRECTION('center_axis',(0.,0.,1.));
#1653=DIRECTION('ref_axis',(-0.70710678118654,0.707106781186555,0.));
#1654=DIRECTION('',(0.,0.,-1.));
#1655=DIRECTION('center_axis',(0.,0.,-1.));
#1656=DIRECTION('ref_axis',(-0.70710678118654,0.707106781186555,0.));
#1657=DIRECTION('',(0.,0.,1.));
#1658=DIRECTION('center_axis',(1.,0.,0.));
#1659=DIRECTION('ref_axis',(0.,0.,-1.));
#1660=DIRECTION('',(0.,1.,0.));
#1661=DIRECTION('',(0.,0.,1.));
#1662=DIRECTION('',(0.,-1.,0.));
#1663=DIRECTION('center_axis',(-9.65411311375256E-16,0.,1.));
#1664=DIRECTION('ref_axis',(1.,0.,9.65411311375256E-16));
#1665=DIRECTION('',(0.,1.,0.));
#1666=DIRECTION('',(-1.,0.,-9.65411311375256E-16));
#1667=DIRECTION('center_axis',(-1.,0.,0.));
#1668=DIRECTION('ref_axis',(0.,0.,1.));
#1669=DIRECTION('',(0.,1.,0.));
#1670=DIRECTION('',(0.,0.,-1.));
#1671=DIRECTION('center_axis',(0.706227870932245,0.,0.707984600339943));
#1672=DIRECTION('ref_axis',(-0.500620711876015,0.707106781186553,0.499378516599126));
#1673=DIRECTION('',(0.706227870932245,0.,0.707984600339943));
#1674=DIRECTION('center_axis',(-0.000673660508937156,0.,0.999999773090734));
#1675=DIRECTION('ref_axis',(-0.999999773090734,0.,-0.000673660508937137));
#1676=DIRECTION('',(-0.706227870932245,0.,-0.707984600339943));
#1677=DIRECTION('center_axis',(0.999999938745346,-9.71482038452516E-19,
0.000350013291709751));
#1678=DIRECTION('ref_axis',(0.000350013291709751,-9.69750105039224E-19,
-0.999999938745346));
#1679=DIRECTION('center_axis',(0.706723305903808,0.,-0.707490048617217));
#1680=DIRECTION('ref_axis',(0.500271010999228,0.707106781186557,0.499728842027151));
#1681=DIRECTION('',(-0.706723305903808,0.,0.707490048617217));
#1682=DIRECTION('center_axis',(-0.000673660508937156,0.,0.999999773090734));
#1683=DIRECTION('ref_axis',(0.999999773090734,-1.2281252051145E-16,0.000673660508937149));
#1684=DIRECTION('',(0.706723305903808,0.,-0.707490048617217));
#1685=DIRECTION('center_axis',(-0.707984600339943,0.,0.706227870932245));
#1686=DIRECTION('ref_axis',(0.706227870932245,0.,0.707984600339943));
#1687=DIRECTION('',(0.,1.,0.));
#1688=DIRECTION('',(-0.706227870932245,0.,-0.707984600339943));
#1689=DIRECTION('',(0.,1.,0.));
#1690=DIRECTION('center_axis',(0.707490048617217,0.,0.706723305903808));
#1691=DIRECTION('ref_axis',(0.706723305903808,0.,-0.707490048617217));
#1692=DIRECTION('',(0.,1.,0.));
#1693=DIRECTION('',(-0.706723305903808,0.,0.707490048617217));
#1694=DIRECTION('center_axis',(-0.999999986644833,0.,0.000163432962854523));
#1695=DIRECTION('ref_axis',(-0.000115564556302006,0.707106781186557,-0.707106771743009));
#1696=DIRECTION('',(0.999999986644833,0.,-0.000163432962854523));
#1697=DIRECTION('center_axis',(-0.38255419307449,0.,0.92393305458844));
#1698=DIRECTION('ref_axis',(0.92393305458844,0.,0.38255419307449));
#1699=DIRECTION('',(-0.999999986644833,0.,0.000163432962854523));
#1700=DIRECTION('center_axis',(0.707189037055458,0.,0.707024515747915));
#1701=DIRECTION('ref_axis',(-0.499941829550477,0.707106781186554,0.500058163682698));
#1702=DIRECTION('',(-0.707189037055458,0.,-0.707024515747915));
#1703=DIRECTION('center_axis',(0.999999997889973,2.77555755570639E-15,-6.49619419141365E-5));
#1704=DIRECTION('ref_axis',(-6.49619419141365E-5,2.77584274330043E-15,-0.999999997889973));
#1705=DIRECTION('',(0.707189037055458,0.,0.707024515747915));
#1706=DIRECTION('center_axis',(0.70709717171585,0.,-0.707116390526656));
#1707=DIRECTION('ref_axis',(0.500006794829547,0.707106781186558,0.499993205078097));
#1708=DIRECTION('',(-0.70709717171585,0.,0.707116390526656));
#1709=DIRECTION('center_axis',(-0.382689710002863,5.31088659165377E-16,
-0.923876932203594));
#1710=DIRECTION('ref_axis',(-0.923876932203594,2.19988353294028E-16,0.382689710002863));
#1711=DIRECTION('',(0.70709717171585,0.,-0.707116390526656));
#1712=DIRECTION('center_axis',(-0.999999961800197,0.,-0.000276404785541201));
#1713=DIRECTION('ref_axis',(0.00019544769821381,0.707106781186554,-0.707106754175201));
#1714=DIRECTION('',(-0.999999961800196,0.,-0.000276404785541201));
#1715=DIRECTION('',(0.999999961800196,0.,0.000276404785541201));
#1716=DIRECTION('center_axis',(-1.,0.,0.));
#1717=DIRECTION('ref_axis',(0.,0.707106781186555,-0.70710678118654));
#1718=DIRECTION('',(1.,0.,0.));
#1719=DIRECTION('',(-1.,0.,0.));
#1720=DIRECTION('center_axis',(0.,0.,-1.));
#1721=DIRECTION('ref_axis',(-1.,0.,0.));
#1722=DIRECTION('',(0.,1.,0.));
#1723=DIRECTION('',(1.,0.,0.));
#1724=DIRECTION('',(0.,1.,0.));
#1725=DIRECTION('center_axis',(0.000276404785541201,0.,-0.999999961800197));
#1726=DIRECTION('ref_axis',(-0.999999961800196,0.,-0.000276404785541201));
#1727=DIRECTION('',(0.,1.,0.));
#1728=DIRECTION('',(0.999999961800196,0.,0.000276404785541201));
#1729=DIRECTION('center_axis',(-0.000163432962854523,0.,-0.999999986644833));
#1730=DIRECTION('ref_axis',(-0.999999986644833,0.,0.000163432962854523));
#1731=DIRECTION('',(0.,1.,0.));
#1732=DIRECTION('',(0.999999986644833,0.,-0.000163432962854523));
#1733=DIRECTION('center_axis',(0.,1.,0.));
#1734=DIRECTION('ref_axis',(0.,0.,1.));
#1735=DIRECTION('',(-1.,0.,0.));
#1736=DIRECTION('',(0.707106781186548,0.,0.707106781186548));
#1737=DIRECTION('',(-1.,0.,0.));
#1738=DIRECTION('',(0.707106781186548,0.,0.707106781186548));
#1739=DIRECTION('',(-1.,0.,0.));
#1740=DIRECTION('',(0.707106781186548,0.,0.707106781186547));
#1741=DIRECTION('',(-1.,0.,0.));
#1742=DIRECTION('',(0.5,0.,0.866025403784438));
#1743=DIRECTION('',(0.49996991503632,0.,-0.866042772649582));
#1744=DIRECTION('',(-0.999999999459741,0.,-3.28712332078277E-5));
#1745=DIRECTION('',(0.707106781186548,0.,-0.707106781186548));
#1746=DIRECTION('',(-1.,0.,0.));
#1747=DIRECTION('',(0.707106781186548,0.,-0.707106781186548));
#1748=DIRECTION('',(-1.,0.,0.));
#1749=DIRECTION('',(0.707106781186547,0.,-0.707106781186548));
#1750=DIRECTION('',(-0.999999773090734,0.,-0.000673660508937156));
#1751=DIRECTION('',(0.999999967294109,0.,-0.000255757267959583));
#1752=DIRECTION('',(1.,0.,0.));
#1753=DIRECTION('',(0.999999966651636,0.,-0.000258257096230021));
#1754=DIRECTION('',(-0.707034793419509,0.,0.70717876162554));
#1755=DIRECTION('',(-0.707115122406448,0.,-0.707098439868251));
#1756=DIRECTION('',(-0.5,0.,0.866025403784438));
#1757=DIRECTION('',(-0.5,0.,-0.866025403784439));
#1758=DIRECTION('',(1.,0.,-4.44672080078276E-15));
#1759=DIRECTION('center_axis',(-0.999999967294109,0.,0.000255757267959583));
#1760=DIRECTION('ref_axis',(-0.000180847698507243,0.70710678118656,-0.707106758059978));
#1761=DIRECTION('center_axis',(-0.382559835290654,0.,0.923930718410416));
#1762=DIRECTION('ref_axis',(0.923930718410416,0.,0.382559835290654));
#1763=DIRECTION('',(-0.999999967294109,0.,0.000255757267959583));
#1764=DIRECTION('center_axis',(0.707115122406448,0.,0.707098439868251));
#1765=DIRECTION('ref_axis',(-0.499994101797262,0.707106781186558,0.500005898133147));
#1766=DIRECTION('center_axis',(0.999999998386959,2.7755575570858E-15,-5.67986153829842E-5));
#1767=DIRECTION('ref_axis',(-5.67986153829842E-5,2.77530775549322E-15,-0.999999998386959));
#1768=DIRECTION('',(0.707115122406448,0.,0.707098439868251));
#1769=DIRECTION('center_axis',(0.707034793419509,0.,-0.70717876162554));
#1770=DIRECTION('ref_axis',(0.500050897856519,0.707106781186554,0.499949096961761));
#1771=DIRECTION('',(0.707034793419509,0.,-0.70717876162554));
#1772=DIRECTION('center_axis',(-0.382849751268326,0.,-0.923810623425484));
#1773=DIRECTION('ref_axis',(-0.923810623425484,0.,0.382849751268326));
#1774=DIRECTION('center_axis',(-1.,0.,0.));
#1775=DIRECTION('ref_axis',(0.,0.707106781186555,-0.70710678118654));
#1776=DIRECTION('',(-1.,0.,0.));
#1777=DIRECTION('center_axis',(-0.999999966651636,0.,0.000258257096230021));
#1778=DIRECTION('ref_axis',(-0.000182615344034215,0.707106781186557,-0.707106757605684));
#1779=DIRECTION('',(-0.999999966651636,0.,0.000258257096230021));
#1780=DIRECTION('center_axis',(-0.000258257096230021,0.,-0.999999966651636));
#1781=DIRECTION('ref_axis',(-0.999999966651636,0.,0.000258257096230021));
#1782=DIRECTION('',(0.,1.,0.));
#1783=DIRECTION('',(0.999999966651636,0.,-0.000258257096230021));
#1784=DIRECTION('',(0.,1.,0.));
#1785=DIRECTION('center_axis',(0.,0.,-1.));
#1786=DIRECTION('ref_axis',(-1.,0.,0.));
#1787=DIRECTION('',(0.,1.,0.));
#1788=DIRECTION('',(1.,0.,0.));
#1789=DIRECTION('center_axis',(-0.000255757267959583,0.,-0.999999967294109));
#1790=DIRECTION('ref_axis',(-0.999999967294109,0.,0.000255757267959583));
#1791=DIRECTION('',(0.,1.,0.));
#1792=DIRECTION('',(0.999999967294109,0.,-0.000255757267959583));
#1793=DIRECTION('center_axis',(1.,0.,0.));
#1794=DIRECTION('ref_axis',(0.,0.707106781186553,0.707106781186542));
#1795=DIRECTION('center_axis',(0.382683432365091,2.56428082243489E-15,0.923879532511286));
#1796=DIRECTION('ref_axis',(-0.923879532511286,1.06215989438577E-15,0.382683432365091));
#1797=DIRECTION('',(1.,0.,0.));
#1798=DIRECTION('center_axis',(0.38268343236509,0.,-0.923879532511287));
#1799=DIRECTION('ref_axis',(0.923879532511287,0.,0.38268343236509));
#1800=DIRECTION('center_axis',(-0.707106781186547,0.,0.707106781186548));
#1801=DIRECTION('ref_axis',(-0.499999999999992,0.707106781186556,-0.499999999999996));
#1802=DIRECTION('center_axis',(0.38268343236509,0.,0.923879532511287));
#1803=DIRECTION('ref_axis',(0.923879532511287,0.,-0.38268343236509));
#1804=DIRECTION('',(-0.707106781186547,0.,0.707106781186548));
#1805=DIRECTION('center_axis',(1.,0.,0.));
#1806=DIRECTION('ref_axis',(0.,0.707106781186555,0.70710678118654));
#1807=DIRECTION('center_axis',(0.38268343236509,-2.12431978877153E-15,0.923879532511287));
#1808=DIRECTION('ref_axis',(-0.923879532511287,-8.79922067326719E-16,0.38268343236509));
#1809=DIRECTION('',(1.,0.,0.));
#1810=DIRECTION('center_axis',(-0.707106781186548,0.,0.707106781186548));
#1811=DIRECTION('ref_axis',(-0.499999999999996,0.707106781186558,-0.49999999999999));
#1812=DIRECTION('center_axis',(0.382683432365091,0.,0.923879532511286));
#1813=DIRECTION('ref_axis',(0.923879532511286,0.,-0.382683432365091));
#1814=DIRECTION('',(-0.707106781186548,0.,0.707106781186548));
#1815=DIRECTION('center_axis',(1.,0.,0.));
#1816=DIRECTION('ref_axis',(0.,0.707106781186555,0.70710678118654));
#1817=DIRECTION('center_axis',(0.382683432365089,-5.31079947192882E-16,
0.923879532511287));
#1818=DIRECTION('ref_axis',(-0.923879532511287,-2.19980516831678E-16,0.382683432365089));
#1819=DIRECTION('',(1.,0.,0.));
#1820=DIRECTION('center_axis',(-0.707106781186548,0.,0.707106781186548));
#1821=DIRECTION('ref_axis',(-0.499999999999995,0.707106781186554,-0.499999999999995));
#1822=DIRECTION('center_axis',(0.382668247783616,0.,0.923885822024679));
#1823=DIRECTION('ref_axis',(0.923885822024679,0.,-0.382668247783616));
#1824=DIRECTION('',(-0.707106781186548,0.,0.707106781186548));
#1825=DIRECTION('center_axis',(0.999999999459741,0.,3.28712332078277E-5));
#1826=DIRECTION('ref_axis',(-2.3243471907065E-5,0.707106781186554,0.70710678080452));
#1827=DIRECTION('center_axis',(0.500000808669267,6.93890512644772E-16,0.866024936898516));
#1828=DIRECTION('ref_axis',(-0.866024936898516,4.00649150836389E-16,0.500000808669267));
#1829=DIRECTION('',(0.999999999459741,0.,3.28712332078277E-5));
#1830=DIRECTION('center_axis',(-0.499969915036319,0.,0.866042772649582));
#1831=DIRECTION('ref_axis',(-0.612384717338113,0.707106781186556,-0.353532117311436));
#1832=DIRECTION('center_axis',(-0.999999999849152,-5.5511151222884E-15,
1.73693876979616E-5));
#1833=DIRECTION('ref_axis',(-1.73693876979616E-5,-3.20480925215071E-15,
-0.999999999849152));
#1834=DIRECTION('',(-0.49996991503632,0.,0.866042772649582));
#1835=DIRECTION('center_axis',(-0.5,0.,-0.866025403784439));
#1836=DIRECTION('ref_axis',(0.612372435695787,0.707106781186552,-0.353553390593276));
#1837=DIRECTION('',(-0.5,0.,-0.866025403784438));
#1838=DIRECTION('center_axis',(0.5,0.,-0.866025403784439));
#1839=DIRECTION('ref_axis',(0.866025403784439,0.,0.5));
#1840=DIRECTION('center_axis',(1.,0.,0.));
#1841=DIRECTION('ref_axis',(0.,0.707106781186555,0.70710678118654));
#1842=DIRECTION('',(1.,0.,0.));
#1843=DIRECTION('center_axis',(0.382683432365091,2.12431978877154E-15,-0.923879532511286));
#1844=DIRECTION('ref_axis',(-0.923879532511287,8.79922067326721E-16,-0.382683432365091));
#1845=DIRECTION('center_axis',(-0.707106781186548,0.,-0.707106781186547));
#1846=DIRECTION('ref_axis',(0.499999999999995,0.707106781186554,-0.499999999999995));
#1847=DIRECTION('',(-0.707106781186548,0.,-0.707106781186547));
#1848=DIRECTION('center_axis',(0.382683432365091,0.,-0.923879532511286));
#1849=DIRECTION('ref_axis',(0.923879532511286,0.,0.382683432365091));
#1850=DIRECTION('center_axis',(1.,0.,0.));
#1851=DIRECTION('ref_axis',(0.,0.707106781186555,0.70710678118654));
#1852=DIRECTION('',(1.,0.,0.));
#1853=DIRECTION('center_axis',(0.38268343236509,0.,-0.923879532511287));
#1854=DIRECTION('ref_axis',(-0.923879532511287,0.,-0.38268343236509));
#1855=DIRECTION('center_axis',(-0.707106781186548,0.,-0.707106781186548));
#1856=DIRECTION('ref_axis',(0.499999999999995,0.707106781186554,-0.499999999999995));
#1857=DIRECTION('',(-0.707106781186548,0.,-0.707106781186548));
#1858=DIRECTION('center_axis',(0.382683432365089,0.,-0.923879532511287));
#1859=DIRECTION('ref_axis',(0.923879532511287,0.,0.382683432365089));
#1860=DIRECTION('center_axis',(1.,0.,0.));
#1861=DIRECTION('ref_axis',(0.,0.707106781186555,0.70710678118654));
#1862=DIRECTION('',(1.,0.,0.));
#1863=DIRECTION('center_axis',(0.382683432365089,0.,-0.923879532511287));
#1864=DIRECTION('ref_axis',(-0.923879532511287,0.,-0.382683432365089));
#1865=DIRECTION('center_axis',(-0.707106781186548,0.,-0.707106781186548));
#1866=DIRECTION('ref_axis',(0.499999999999995,0.707106781186554,-0.499999999999995));
#1867=DIRECTION('',(-0.707106781186548,0.,-0.707106781186548));
#1868=DIRECTION('center_axis',(0.866025403784439,0.,-0.5));
#1869=DIRECTION('ref_axis',(-0.5,0.,-0.866025403784438));
#1870=DIRECTION('',(0.,1.,0.));
#1871=DIRECTION('',(0.5,0.,0.866025403784438));
#1872=DIRECTION('',(0.,1.,0.));
#1873=DIRECTION('center_axis',(0.,0.,1.));
#1874=DIRECTION('ref_axis',(1.,0.,0.));
#1875=DIRECTION('',(0.,1.,0.));
#1876=DIRECTION('',(-1.,0.,0.));
#1877=DIRECTION('center_axis',(0.707106781186547,0.,-0.707106781186548));
#1878=DIRECTION('ref_axis',(-0.707106781186548,0.,-0.707106781186547));
#1879=DIRECTION('',(0.,1.,0.));
#1880=DIRECTION('',(0.707106781186548,0.,0.707106781186547));
#1881=DIRECTION('center_axis',(0.,0.,1.));
#1882=DIRECTION('ref_axis',(1.,0.,0.));
#1883=DIRECTION('',(0.,1.,0.));
#1884=DIRECTION('',(-1.,0.,0.));
#1885=DIRECTION('center_axis',(0.707106781186548,0.,-0.707106781186548));
#1886=DIRECTION('ref_axis',(-0.707106781186548,0.,-0.707106781186548));
#1887=DIRECTION('',(0.,1.,0.));
#1888=DIRECTION('',(0.707106781186548,0.,0.707106781186548));
#1889=DIRECTION('center_axis',(0.,0.,1.));
#1890=DIRECTION('ref_axis',(1.,0.,0.));
#1891=DIRECTION('',(0.,1.,0.));
#1892=DIRECTION('',(-1.,0.,0.));
#1893=DIRECTION('center_axis',(0.707106781186548,0.,-0.707106781186548));
#1894=DIRECTION('ref_axis',(-0.707106781186548,0.,-0.707106781186548));
#1895=DIRECTION('',(0.,1.,0.));
#1896=DIRECTION('',(0.707106781186548,0.,0.707106781186548));
#1897=DIRECTION('center_axis',(0.,0.,1.));
#1898=DIRECTION('ref_axis',(1.,0.,0.));
#1899=DIRECTION('',(0.,1.,0.));
#1900=DIRECTION('',(-1.,0.,0.));
#1901=DIRECTION('',(1.,0.,0.));
#1902=DIRECTION('',(-1.,0.,0.));
#1903=DIRECTION('center_axis',(0.5,0.,-0.866025403784438));
#1904=DIRECTION('ref_axis',(0.612372435695788,0.707106781186558,0.353553390593263));
#1905=DIRECTION('center_axis',(-0.500000000000002,0.,-0.866025403784437));
#1906=DIRECTION('ref_axis',(-0.866025403784437,0.,0.500000000000002));
#1907=DIRECTION('',(0.5,0.,-0.866025403784438));
#1908=DIRECTION('center_axis',(1.,0.,0.));
#1909=DIRECTION('ref_axis',(0.,0.,-1.));
#1910=DIRECTION('center_axis',(-1.,0.,4.44672080078276E-15));
#1911=DIRECTION('ref_axis',(0.,0.707106781186555,-0.70710678118654));
#1912=DIRECTION('center_axis',(-0.499999999999977,0.,0.866025403784452));
#1913=DIRECTION('ref_axis',(0.866025403784452,0.,0.499999999999977));
#1914=DIRECTION('',(-1.,0.,4.44672080078276E-15));
#1915=DIRECTION('center_axis',(0.5,0.,0.866025403784439));
#1916=DIRECTION('ref_axis',(-0.612372435695782,0.707106781186556,0.353553390593278));
#1917=DIRECTION('',(0.5,0.,0.866025403784439));
#1918=DIRECTION('center_axis',(-0.866025403784439,0.,0.5));
#1919=DIRECTION('ref_axis',(0.5,0.,0.866025403784439));
#1920=DIRECTION('',(0.,1.,0.));
#1921=DIRECTION('',(-0.5,0.,-0.866025403784439));
#1922=DIRECTION('',(0.,1.,0.));
#1923=DIRECTION('center_axis',(0.866025403784438,0.,0.5));
#1924=DIRECTION('ref_axis',(0.5,0.,-0.866025403784438));
#1925=DIRECTION('',(0.,1.,0.));
#1926=DIRECTION('',(-0.5,0.,0.866025403784438));
#1927=DIRECTION('center_axis',(0.,1.,0.));
#1928=DIRECTION('ref_axis',(0.,0.,1.));
#1929=DIRECTION('center_axis',(0.,1.,0.));
#1930=DIRECTION('ref_axis',(-1.,0.,0.));
#1931=DIRECTION('center_axis',(0.,-1.,0.));
#1932=DIRECTION('ref_axis',(-1.,0.,0.));
#1933=DIRECTION('',(0.707106781186547,0.,-0.707106781186548));
#1934=DIRECTION('',(-1.,0.,0.));
#1935=DIRECTION('',(0.707106781186548,0.,-0.707106781186548));
#1936=DIRECTION('',(-1.,0.,0.));
#1937=DIRECTION('',(0.707106781186548,0.,-0.707106781186548));
#1938=DIRECTION('',(-0.999999999459741,0.,-3.28712332078277E-5));
#1939=DIRECTION('',(0.49996991503632,0.,-0.866042772649582));
#1940=DIRECTION('center_axis',(-0.707098439868251,0.,0.707115122406448));
#1941=DIRECTION('ref_axis',(0.707115122406448,0.,0.707098439868251));
#1942=DIRECTION('',(0.,1.,0.));
#1943=DIRECTION('',(-0.707115122406448,0.,-0.707098439868251));
#1944=DIRECTION('center_axis',(0.70717876162554,0.,0.707034793419509));
#1945=DIRECTION('ref_axis',(0.707034793419509,0.,-0.70717876162554));
#1946=DIRECTION('',(-0.707034793419509,0.,0.70717876162554));
#1947=DIRECTION('center_axis',(0.000673660508937156,0.,-0.999999773090734));
#1948=DIRECTION('ref_axis',(-0.999999773090734,0.,-0.000673660508937156));
#1949=DIRECTION('',(0.999999773090734,0.,0.000673660508937156));
#1950=DIRECTION('center_axis',(-0.707024515747915,0.,0.707189037055458));
#1951=DIRECTION('ref_axis',(0.707189037055458,0.,0.707024515747915));
#1952=DIRECTION('',(0.,1.,0.));
#1953=DIRECTION('',(-0.707189037055458,0.,-0.707024515747915));
#1954=DIRECTION('center_axis',(0.707116390526656,0.,0.70709717171585));
#1955=DIRECTION('ref_axis',(0.70709717171585,0.,-0.707116390526656));
#1956=DIRECTION('',(-0.70709717171585,0.,0.707116390526656));
#1957=DIRECTION('center_axis',(-4.44672080078276E-15,0.,-1.));
#1958=DIRECTION('ref_axis',(-1.,0.,4.44672080078276E-15));
#1959=DIRECTION('',(1.,0.,-4.44672080078276E-15));
#1960=DIRECTION('center_axis',(-0.707106781186548,0.,-0.707106781186547));
#1961=DIRECTION('ref_axis',(-0.707106781186547,0.,0.707106781186548));
#1962=DIRECTION('',(0.,1.,0.));
#1963=DIRECTION('center_axis',(0.,0.,1.));
#1964=DIRECTION('ref_axis',(1.,0.,0.));
#1965=DIRECTION('',(0.,1.,0.));
#1966=DIRECTION('center_axis',(-0.707106781186548,0.,-0.707106781186548));
#1967=DIRECTION('ref_axis',(-0.707106781186548,0.,0.707106781186548));
#1968=DIRECTION('',(0.,1.,0.));
#1969=DIRECTION('center_axis',(0.,0.,1.));
#1970=DIRECTION('ref_axis',(1.,0.,0.));
#1971=DIRECTION('',(0.,1.,0.));
#1972=DIRECTION('center_axis',(-0.707106781186548,0.,-0.707106781186548));
#1973=DIRECTION('ref_axis',(-0.707106781186548,0.,0.707106781186548));
#1974=DIRECTION('',(0.,1.,0.));
#1975=DIRECTION('center_axis',(-3.28712332078277E-5,0.,0.999999999459741));
#1976=DIRECTION('ref_axis',(0.999999999459741,0.,3.28712332078277E-5));
#1977=DIRECTION('',(0.,1.,0.));
#1978=DIRECTION('center_axis',(-0.866042772649582,0.,-0.499969915036319));
#1979=DIRECTION('ref_axis',(-0.49996991503632,0.,0.866042772649582));
#1980=DIRECTION('center_axis',(0.,1.,0.));
#1981=DIRECTION('ref_axis',(-1.,0.,0.));
#1982=DIRECTION('center_axis',(0.,1.,0.));
#1983=DIRECTION('ref_axis',(-1.,0.,0.));
#1984=DIRECTION('center_axis',(0.,1.,0.));
#1985=DIRECTION('ref_axis',(-1.,0.,0.));
#1986=DIRECTION('center_axis',(0.,1.,0.));
#1987=DIRECTION('ref_axis',(0.,0.,1.));
#1988=DIRECTION('center_axis',(-1.,0.,1.11022302462516E-16));
#1989=DIRECTION('ref_axis',(-1.11022302462516E-16,0.,-1.));
#1990=DIRECTION('center_axis',(0.,1.,0.));
#1991=DIRECTION('ref_axis',(-1.,0.,0.));
#1992=DIRECTION('center_axis',(0.,1.,0.));
#1993=DIRECTION('ref_axis',(-1.,0.,0.));
#1994=DIRECTION('center_axis',(0.,1.,0.));
#1995=DIRECTION('ref_axis',(-1.,0.,0.));
#1996=DIRECTION('',(0.,-1.,0.));
#1997=DIRECTION('center_axis',(0.,-1.,0.));
#1998=DIRECTION('ref_axis',(-1.,0.,0.));
#1999=DIRECTION('center_axis',(0.,-1.,0.));
#2000=DIRECTION('ref_axis',(-1.,0.,0.));
#2001=DIRECTION('center_axis',(0.,1.,0.));
#2002=DIRECTION('ref_axis',(-1.,0.,0.));
#2003=DIRECTION('center_axis',(0.,1.,0.));
#2004=DIRECTION('ref_axis',(0.,0.,1.));
#2005=DIRECTION('center_axis',(-1.,0.,1.11022302462516E-16));
#2006=DIRECTION('ref_axis',(-1.11022302462516E-16,0.,-1.));
#2007=DIRECTION('center_axis',(0.,1.,0.));
#2008=DIRECTION('ref_axis',(-1.,0.,0.));
#2009=DIRECTION('center_axis',(0.,1.,0.));
#2010=DIRECTION('ref_axis',(-1.,0.,0.));
#2011=DIRECTION('',(-1.,0.,0.));
#2012=DIRECTION('',(0.,0.,1.));
#2013=DIRECTION('center_axis',(0.,0.,-1.));
#2014=DIRECTION('ref_axis',(-1.,0.,0.));
#2015=DIRECTION('',(0.,1.,0.));
#2016=DIRECTION('center_axis',(-1.,0.,0.));
#2017=DIRECTION('ref_axis',(0.,0.,1.));
#2018=CARTESIAN_POINT('',(0.,0.,0.));
#2019=CARTESIAN_POINT('Origin',(0.5,0.5,-3.75));
#2020=CARTESIAN_POINT('',(0.,1.,0.));
#2021=CARTESIAN_POINT('',(0.,1.,-5.));
#2022=CARTESIAN_POINT('',(0.,1.,-3.75));
#2023=CARTESIAN_POINT('',(1.,0.,-4.));
#2024=CARTESIAN_POINT('',(0.,1.,-5.));
#2025=CARTESIAN_POINT('',(1.,0.,-1.));
#2026=CARTESIAN_POINT('',(1.,0.,-3.75));
#2027=CARTESIAN_POINT('',(1.,0.,-1.));
#2028=CARTESIAN_POINT('Origin',(4.5,0.5,-1.25));
#2029=CARTESIAN_POINT('',(4.,0.,-1.));
#2030=CARTESIAN_POINT('',(4.,0.,-4.));
#2031=CARTESIAN_POINT('',(4.,0.,-1.25));
#2032=CARTESIAN_POINT('',(5.,1.,-5.));
#2033=CARTESIAN_POINT('',(4.,0.,-4.));
#2034=CARTESIAN_POINT('',(5.,1.,0.));
#2035=CARTESIAN_POINT('',(5.,1.,-1.25));
#2036=CARTESIAN_POINT('',(4.,0.,-1.));
#2037=CARTESIAN_POINT('Origin',(3.75,0.5,-4.5));
#2038=CARTESIAN_POINT('',(3.75,1.,-5.));
#2039=CARTESIAN_POINT('',(3.75,0.,-4.));
#2040=CARTESIAN_POINT('Origin',(1.25,0.5,-0.5));
#2041=CARTESIAN_POINT('',(1.25,1.,0.));
#2042=CARTESIAN_POINT('',(1.25,0.,-1.));
#2043=CARTESIAN_POINT('Origin',(0.,0.,0.));
#2044=CARTESIAN_POINT('',(5.,3.8,0.));
#2045=CARTESIAN_POINT('',(5.,0.,0.));
#2046=CARTESIAN_POINT('',(0.,3.8,0.));
#2047=CARTESIAN_POINT('',(0.,3.8,0.));
#2048=CARTESIAN_POINT('',(0.,0.,0.));
#2049=CARTESIAN_POINT('Origin',(5.,0.,0.));
#2050=CARTESIAN_POINT('',(5.,3.8,-5.));
#2051=CARTESIAN_POINT('',(5.,0.,-5.));
#2052=CARTESIAN_POINT('',(5.,3.8,0.));
#2053=CARTESIAN_POINT('Origin',(2.5,0.,-2.5));
#2054=CARTESIAN_POINT('Origin',(3.55000005438924,11.2,3.7999999627471));
#2055=CARTESIAN_POINT('',(3.65000005438924,11.2,4.4999999627471));
#2056=CARTESIAN_POINT('',(3.65000005438924,11.2,1.6999999627471));
#2057=CARTESIAN_POINT('',(3.65000005438924,11.2,3.7999999627471));
#2058=CARTESIAN_POINT('',(3.55000005438924,11.3,1.6999999627471));
#2059=CARTESIAN_POINT('Origin',(3.55000005438924,11.2,1.6999999627471));
#2060=CARTESIAN_POINT('',(3.55000005438924,11.3,4.3999999627471));
#2061=CARTESIAN_POINT('',(3.55000005438924,11.3,3.7999999627471));
#2062=CARTESIAN_POINT('Origin',(3.55000005438924,11.2,4.3999999627471));
#2063=CARTESIAN_POINT('Origin',(1.92500002868473,11.2,4.3999999627471));
#2064=CARTESIAN_POINT('',(1.45000002011657,11.3,4.3999999627471));
#2065=CARTESIAN_POINT('',(1.92500002868473,11.3,4.3999999627471));
#2066=CARTESIAN_POINT('',(1.35000002011657,11.2,4.4999999627471));
#2067=CARTESIAN_POINT('Origin',(1.45000002011657,11.2,4.3999999627471));
#2068=CARTESIAN_POINT('',(1.92500002868473,11.2,4.4999999627471));
#2069=CARTESIAN_POINT('Origin',(1.45000002011657,11.2,2.3999999627471));
#2070=CARTESIAN_POINT('',(1.45000002011657,11.3,1.6999999627471));
#2071=CARTESIAN_POINT('',(1.45000002011657,11.3,2.3999999627471));
#2072=CARTESIAN_POINT('',(1.35000002011657,11.2,1.6999999627471));
#2073=CARTESIAN_POINT('Origin',(1.45000002011657,11.2,1.6999999627471));
#2074=CARTESIAN_POINT('',(1.35000002011657,11.2,2.3999999627471));
#2075=CARTESIAN_POINT('Origin',(3.65000005438924,8.8,4.4999999627471));
#2076=CARTESIAN_POINT('',(3.65000005438924,8.8,4.4999999627471));
#2077=CARTESIAN_POINT('',(3.65000005438924,8.8,4.4999999627471));
#2078=CARTESIAN_POINT('',(3.65000005438924,8.8,1.6999999627471));
#2079=CARTESIAN_POINT('',(3.65000005438924,8.8,0.999999962747098));
#2080=CARTESIAN_POINT('',(3.65000005438924,8.8,1.6999999627471));
#2081=CARTESIAN_POINT('Origin',(1.35000002011657,8.8,4.4999999627471));
#2082=CARTESIAN_POINT('',(1.35000002011657,8.8,4.4999999627471));
#2083=CARTESIAN_POINT('',(1.35000002011657,8.8,4.4999999627471));
#2084=CARTESIAN_POINT('',(1.92500002868473,8.8,4.4999999627471));
#2085=CARTESIAN_POINT('Origin',(1.35000002011657,8.8,1.6999999627471));
#2086=CARTESIAN_POINT('',(1.35000002011657,8.8,1.6999999627471));
#2087=CARTESIAN_POINT('',(1.35000002011657,8.8,1.6999999627471));
#2088=CARTESIAN_POINT('',(1.35000002011657,8.8,-0.400000037252903));
#2089=CARTESIAN_POINT('Origin',(2.0273362888498,11.7,-2.87165459937913));
#2090=CARTESIAN_POINT('',(2.49967132897964,11.7,-2.25654727709313));
#2091=CARTESIAN_POINT('',(4.73975150821283,11.7,-0.0108949378129728));
#2092=CARTESIAN_POINT('',(1.9565378288158,11.7,-2.8010318122859));
#2093=CARTESIAN_POINT('',(4.8810924979029,11.8,-0.0107997219483186));
#2094=CARTESIAN_POINT('Origin',(4.8810924979029,11.7,-0.0107997219483197));
#2095=CARTESIAN_POINT('',(2.49972087255567,11.8,-2.39809496732967));
#2096=CARTESIAN_POINT('',(2.0273362888498,11.8,-2.87165459937913));
#2097=CARTESIAN_POINT('Origin',(2.49972087255567,11.7,-2.39809496732967));
#2098=CARTESIAN_POINT('Origin',(1.77485743702189,11.7,-1.67244510837845));
#2099=CARTESIAN_POINT('',(0.118217943600253,11.8,-0.0140082831726268));
#2100=CARTESIAN_POINT('',(1.77485743702189,11.8,-1.67244510837845));
#2101=CARTESIAN_POINT('',(0.259467636638695,11.7,-0.0139131288109359));
#2102=CARTESIAN_POINT('Origin',(0.118217943600253,11.7,-0.0140082831726268));
#2103=CARTESIAN_POINT('',(1.84560644188361,11.7,-1.60177277778807));
#2104=CARTESIAN_POINT('Origin',(2.49967132897964,8.8,-2.25654727709313));
#2105=CARTESIAN_POINT('',(2.49967132897964,8.8,-2.25654727709313));
#2106=CARTESIAN_POINT('',(2.49967132897964,8.8,-2.25654727709313));
#2107=CARTESIAN_POINT('',(4.73975150821283,8.8,-0.0108949378129728));
#2108=CARTESIAN_POINT('',(2.43889029967802,8.8,-2.31747949813611));
#2109=CARTESIAN_POINT('',(4.73975150821283,8.8,-0.0108949378129728));
#2110=CARTESIAN_POINT('Origin',(0.259467636638695,8.8,-0.0139131288109359));
#2111=CARTESIAN_POINT('',(0.259467636638695,8.8,-0.0139131288109359));
#2112=CARTESIAN_POINT('',(0.259467636638695,8.8,-0.0139131288109359));
#2113=CARTESIAN_POINT('',(1.4405147250286,8.8,-1.19624156626864));
#2114=CARTESIAN_POINT('Origin',(3.23876206877177,11.7,-2.85707968945107));
#2115=CARTESIAN_POINT('',(3.16265722448944,11.7,-2.95706725274623));
#2116=CARTESIAN_POINT('',(3.1626515758991,11.8,-2.85706725048755));
#2117=CARTESIAN_POINT('Ctrl Pts',(3.16265722448944,11.7,-2.95706725274623));
#2118=CARTESIAN_POINT('Ctrl Pts',(3.16265611978377,11.707890489984,-2.95706725256568));
#2119=CARTESIAN_POINT('Ctrl Pts',(3.16265516841645,11.7157805681602,-2.95612901848696));
#2120=CARTESIAN_POINT('Ctrl Pts',(3.16265436612721,11.7234510212269,-2.95427861785006));
#2121=CARTESIAN_POINT('Ctrl Pts',(3.16265356405364,11.731119412297,-2.95242871464397));
#2122=CARTESIAN_POINT('Ctrl Pts',(3.16265291094612,11.7385674969701,-2.94966733045405));
#2123=CARTESIAN_POINT('Ctrl Pts',(3.16265239427263,11.745588452348,-2.94607114505353));
#2124=CARTESIAN_POINT('Ctrl Pts',(3.16265187771534,11.752607828727,-2.94247576842794));
#2125=CARTESIAN_POINT('Ctrl Pts',(3.16265149746921,11.7591995373023,-2.9380463424382));
#2126=CARTESIAN_POINT('Ctrl Pts',(3.16265123344112,11.7651806171797,-2.93290581118863));
#2127=CARTESIAN_POINT('Ctrl Pts',(3.16265096923131,11.7711658137785,-2.92776174175943));
#2128=CARTESIAN_POINT('Ctrl Pts',(3.16265082131257,11.7765389123607,-2.92190612014462));
#2129=CARTESIAN_POINT('Ctrl Pts',(3.16265076308591,11.7811505723784,-2.91550169819047));
#2130=CARTESIAN_POINT('Ctrl Pts',(3.16265070489125,11.7857596972384,-2.90910079692493));
#2131=CARTESIAN_POINT('Ctrl Pts',(3.16265073618049,11.7896077434995,-2.90215236903702));
#2132=CARTESIAN_POINT('Ctrl Pts',(3.16265082542498,11.7925878746798,-2.89484932945543));
#2133=CARTESIAN_POINT('Ctrl Pts',(3.16265091469891,11.7955689893002,-2.88754387987861));
#2134=CARTESIAN_POINT('Ctrl Pts',(3.16265106184197,11.7976813023043,-2.87988434554592));
#2135=CARTESIAN_POINT('Ctrl Pts',(3.16265123207607,11.798866129414,-2.87208352362778));
#2136=CARTESIAN_POINT('Ctrl Pts',(3.16265134047886,11.7996206113741,-2.86711606520098));
#2137=CARTESIAN_POINT('Ctrl Pts',(3.16265145818545,11.8,-2.86209167943499));
#2138=CARTESIAN_POINT('Ctrl Pts',(3.1626515758991,11.8,-2.85706725048755));
#2139=CARTESIAN_POINT('',(4.37349755937985,11.8,-2.85726514263683));
#2140=CARTESIAN_POINT('',(3.23876206877177,11.8,-2.85707968945107));
#2141=CARTESIAN_POINT('',(4.13207594270288,11.7,-2.95722568772171));
#2142=CARTESIAN_POINT('Origin',(4.37349755937985,11.7,-2.85726514263683));
#2143=CARTESIAN_POINT('',(3.23874572547548,11.7,-2.95707968811555));
#2144=CARTESIAN_POINT('Origin',(2.6103737576501,11.7,-4.61997876912627));
#2145=CARTESIAN_POINT('',(2.49979043946816,11.8,-4.73053636107216));
#2146=CARTESIAN_POINT('',(2.6103737576501,11.8,-4.61997876912627));
#2147=CARTESIAN_POINT('',(2.49979962600217,11.7,-4.58912226969829));
#2148=CARTESIAN_POINT('Origin',(2.49979043946816,11.7,-4.73053636107216));
#2149=CARTESIAN_POINT('',(2.5396713060753,11.7,-4.54925986542072));
#2150=CARTESIAN_POINT('Origin',(1.49608642313154,11.7,-3.72680506418858));
#2151=CARTESIAN_POINT('',(0.626738563702417,11.8,-2.85743357599569));
#2152=CARTESIAN_POINT('',(1.49608642313154,11.8,-3.72680506418858));
#2153=CARTESIAN_POINT('',(0.868155280184468,11.7,-2.95743357599569));
#2154=CARTESIAN_POINT('Origin',(0.626738563702417,11.7,-2.85743357599569));
#2155=CARTESIAN_POINT('',(1.5667980621842,11.7,-3.656095347017));
#2156=CARTESIAN_POINT('Origin',(2.7537189079138,11.7,-2.85718028143826));
#2157=CARTESIAN_POINT('',(1.837342849958,11.7,-2.95743357599569));
#2158=CARTESIAN_POINT('',(2.75374654839235,11.7,-2.95718027761828));
#2159=CARTESIAN_POINT('',(1.83732902971819,11.8,-2.85743357599569));
#2160=CARTESIAN_POINT('Ctrl Pts',(1.837342849958,11.7,-2.95743357599569));
#2161=CARTESIAN_POINT('Ctrl Pts',(1.83734354418203,11.707890489984,-2.9574335758038));
#2162=CARTESIAN_POINT('Ctrl Pts',(1.83734397907371,11.7157805681602,-2.95649534173704));
#2163=CARTESIAN_POINT('Ctrl Pts',(1.83734416183819,11.7234510212269,-2.95464494113478));
#2164=CARTESIAN_POINT('Ctrl Pts',(1.83734434455354,11.731119412297,-2.95279503796331));
#2165=CARTESIAN_POINT('Ctrl Pts',(1.83734427533118,11.7385674969701,-2.95003365383065));
#2166=CARTESIAN_POINT('Ctrl Pts',(1.83734397536577,11.745588452348,-2.94643746850815));
#2167=CARTESIAN_POINT('Ctrl Pts',(1.83734367546782,11.752607828727,-2.94284209196054));
#2168=CARTESIAN_POINT('Ctrl Pts',(1.83734314503463,11.7591995373023,-2.93841266606952));
#2169=CARTESIAN_POINT('Ctrl Pts',(1.83734241804854,11.7651806171797,-2.93327213493633));
#2170=CARTESIAN_POINT('Ctrl Pts',(1.83734169056207,11.7711658137785,-2.92812806562358));
#2171=CARTESIAN_POINT('Ctrl Pts',(1.83734076639917,11.7765389123607,-2.92227244414291));
#2172=CARTESIAN_POINT('Ctrl Pts',(1.83733969054523,11.7811505723784,-2.91586802233653));
#2173=CARTESIAN_POINT('Ctrl Pts',(1.83733861528272,11.7857596972384,-2.90946712121868));
#2174=CARTESIAN_POINT('Ctrl Pts',(1.83733738868122,11.7896077434995,-2.90251869349207));
#2175=CARTESIAN_POINT('Ctrl Pts',(1.83733606406336,11.7925878746798,-2.89521565408059));
#2176=CARTESIAN_POINT('Ctrl Pts',(1.83733473900837,11.7955689893002,-2.88791020467392));
#2177=CARTESIAN_POINT('Ctrl Pts',(1.83733331608266,11.7976813023043,-2.88025067052019));
#2178=CARTESIAN_POINT('Ctrl Pts',(1.83733185410439,11.798866129414,-2.87244984878452));
#2179=CARTESIAN_POINT('Ctrl Pts',(1.83733092313629,11.7996206113741,-2.8674823904739));
#2180=CARTESIAN_POINT('Ctrl Pts',(1.83732997643321,11.8,-2.86245800482553));
#2181=CARTESIAN_POINT('Ctrl Pts',(1.83732902971819,11.8,-2.85743357599569));
#2182=CARTESIAN_POINT('',(2.7537189079138,11.8,-2.85718028143826));
#2183=CARTESIAN_POINT('Origin',(2.0912714713573,11.7,-2.85743357599569));
#2184=CARTESIAN_POINT('',(2.0912714713573,11.8,-2.85743357599569));
#2185=CARTESIAN_POINT('',(2.0912714713573,11.7,-2.95743357599569));
#2186=CARTESIAN_POINT('Origin',(1.837342849958,8.8,-2.95743357599569));
#2187=CARTESIAN_POINT('',(1.837342849958,8.8,-2.95743357599569));
#2188=CARTESIAN_POINT('',(1.837342849958,8.8,-2.95743357599569));
#2189=CARTESIAN_POINT('',(0.868155280184468,8.8,-2.95743357599569));
#2190=CARTESIAN_POINT('',(2.16867144360545,8.8,-2.95743357599569));
#2191=CARTESIAN_POINT('',(0.868155280184468,8.8,-2.95743357599569));
#2192=CARTESIAN_POINT('Origin',(3.16265722448944,8.8,-2.95706725274623));
#2193=CARTESIAN_POINT('',(3.16265722448944,8.8,-2.95706725274623));
#2194=CARTESIAN_POINT('',(3.16265722448944,8.8,-2.95706725274623));
#2195=CARTESIAN_POINT('',(2.83139182396497,8.8,-2.95715881609172));
#2196=CARTESIAN_POINT('Origin',(4.13207594270288,8.8,-2.95722568772171));
#2197=CARTESIAN_POINT('',(4.13207594270288,8.8,-2.95722568772171));
#2198=CARTESIAN_POINT('',(4.13207594270288,8.8,-2.95722568772171));
#2199=CARTESIAN_POINT('',(3.31600064890366,8.8,-2.95709231411675));
#2200=CARTESIAN_POINT('Origin',(2.3452000927566,11.8,-4.2750000372529));
#2201=CARTESIAN_POINT('',(7.33141235647028,11.8,1.5999999627471));
#2202=CARTESIAN_POINT('',(-2.64101217095708,11.8,1.5999999627471));
#2203=CARTESIAN_POINT('',(-0.268616717218894,11.8,1.5999999627471));
#2204=CARTESIAN_POINT('',(3.73589879552601,11.8,-1.99551359819717));
#2205=CARTESIAN_POINT('',(4.70146462960119,11.8,-1.02994776412199));
#2206=CARTESIAN_POINT('',(6.34549871879129,11.8,-1.99551359819717));
#2207=CARTESIAN_POINT('',(3.16126012225996,11.8,-1.99551359819717));
#2208=CARTESIAN_POINT('',(3.9835787067201,11.8,-4.35743361026836));
#2209=CARTESIAN_POINT('',(4.86090779157801,11.8,-3.48010452541045));
#2210=CARTESIAN_POINT('',(5.7085787324246,11.8,-4.35743361026836));
#2211=CARTESIAN_POINT('',(3.285100077857,11.8,-4.35743361026836));
#2212=CARTESIAN_POINT('',(3.9835787067201,11.8,-6.08243363597286));
#2213=CARTESIAN_POINT('',(4.97369780482079,11.8,-5.09231453787217));
#2214=CARTESIAN_POINT('',(4.79067556705965,11.8,-6.08243363597286));
#2215=CARTESIAN_POINT('',(3.285100077857,11.8,-6.08243363597286));
#2216=CARTESIAN_POINT('',(2.50000351123496,11.8,-10.0499940201395));
#2217=CARTESIAN_POINT('',(4.91961325599724,11.8,-5.85910700772244));
#2218=CARTESIAN_POINT('',(0.178626026022723,11.8,-6.02892768555118));
#2219=CARTESIAN_POINT('',(1.27368309722607,11.8,-7.92577434298574));
#2220=CARTESIAN_POINT('',(0.962889637651938,11.8,-6.02890190583909));
#2221=CARTESIAN_POINT('',(1.17534610537487,11.8,-6.02889492213299));
#2222=CARTESIAN_POINT('',(-0.708578657918793,11.8,-4.35743361026836));
#2223=CARTESIAN_POINT('',(0.784640412973643,11.8,-5.8506526811608));
#2224=CARTESIAN_POINT('',(1.01642136778571,11.8,-4.35743361026836));
#2225=CARTESIAN_POINT('',(0.697600039300249,11.8,-4.35743361026836));
#2226=CARTESIAN_POINT('',(-1.28357866648696,11.8,-2.05743357599569));
#2227=CARTESIAN_POINT('',(1.24265231671524,11.8,-4.58366455919789));
#2228=CARTESIAN_POINT('',(1.01642136778571,11.8,-2.05743357599569));
#2229=CARTESIAN_POINT('',(0.410100035016165,11.8,-2.05743357599569));
#2230=CARTESIAN_POINT('',(1.81765232528341,11.8,-2.85866453349339));
#2231=CARTESIAN_POINT('',(0.259467636638695,11.8,-0.0139131288109359));
#2232=CARTESIAN_POINT('',(3.16267001203012,11.8,-5.15743361026836));
#2233=CARTESIAN_POINT('',(3.79815734755941,11.8,-5.15759614077844));
#2234=CARTESIAN_POINT('',(2.95089686280184,11.8,-5.15737944774452));
#2235=CARTESIAN_POINT('',(1.83735576293699,11.8,-5.15743361026836));
#2236=CARTESIAN_POINT('',(2.75392865846145,11.8,-5.15743361026836));
#2237=CARTESIAN_POINT('',(1.2015405982289,11.8,-5.15726940648471));
#2238=CARTESIAN_POINT('',(2.09117041997613,11.8,-5.15749915970686));
#2239=CARTESIAN_POINT('',(2.49986484110044,11.8,-6.45585801740975));
#2240=CARTESIAN_POINT('',(1.352195458291,11.8,-5.307954943269));
#2241=CARTESIAN_POINT('',(3.04177117510607,11.8,-5.91396446827158));
#2242=CARTESIAN_POINT('',(2.5000000372529,11.8,-9.18407978193589));
#2243=CARTESIAN_POINT('',(1.1647931623408,11.8,-6.87143363597286));
#2244=CARTESIAN_POINT('',(0.79350093489926,11.8,-6.2283366335887));
#2245=CARTESIAN_POINT('',(3.835206912165,11.8,-6.87143363597287));
#2246=CARTESIAN_POINT('',(3.58679825640486,11.8,-7.30169004878933));
#2247=CARTESIAN_POINT('',(3.00360096208236,11.8,-6.87143363597287));
#2248=CARTESIAN_POINT('Origin',(2.95089686280184,11.7,-5.15737944774452));
#2249=CARTESIAN_POINT('',(3.1626572241663,11.7,-5.25743361026836));
#2250=CARTESIAN_POINT('Ctrl Pts',(3.1626572241663,11.7,-5.25743361026836));
#2251=CARTESIAN_POINT('Ctrl Pts',(3.16265658180101,11.707890489984,-5.25743361010407));
#2252=CARTESIAN_POINT('Ctrl Pts',(3.16265617939585,11.7157805681602,-5.25649537605975));
#2253=CARTESIAN_POINT('Ctrl Pts',(3.16265601028393,11.7234510212269,-5.25464497547492));
#2254=CARTESIAN_POINT('Ctrl Pts',(3.16265584121747,11.731119412297,-5.25279507232088));
#2255=CARTESIAN_POINT('Ctrl Pts',(3.16265590526889,11.7385674969701,-5.25003368820064));
#2256=CARTESIAN_POINT('Ctrl Pts',(3.1626561828268,11.745588452348,-5.24643750288597));
#2257=CARTESIAN_POINT('Ctrl Pts',(3.16265646032228,11.752607828727,-5.24284212634619));
#2258=CARTESIAN_POINT('Ctrl Pts',(3.16265695113196,11.7591995373023,-5.23841270045841));
#2259=CARTESIAN_POINT('Ctrl Pts',(3.16265762381197,11.7651806171797,-5.23327216932457));
#2260=CARTESIAN_POINT('Ctrl Pts',(3.16265829695498,11.7711658137785,-5.22812810001116));
#2261=CARTESIAN_POINT('Ctrl Pts',(3.16265915208264,11.7765389123607,-5.22227247852592));
#2262=CARTESIAN_POINT('Ctrl Pts',(3.16266014756998,11.7811505723784,-5.21586805671197));
#2263=CARTESIAN_POINT('Ctrl Pts',(3.16266114251007,11.7857596972384,-5.20946715558654));
#2264=CARTESIAN_POINT('Ctrl Pts',(3.16266227748407,11.7896077434995,-5.20251872784934));
#2265=CARTESIAN_POINT('Ctrl Pts',(3.16266350315259,11.7925878746798,-5.19521568842532));
#2266=CARTESIAN_POINT('Ctrl Pts',(3.16266472922559,11.7955689893002,-5.18791023900612));
#2267=CARTESIAN_POINT('Ctrl Pts',(3.16266604585833,11.7976813023043,-5.1802507048379));
#2268=CARTESIAN_POINT('Ctrl Pts',(3.1626673986264,11.798866129414,-5.17244988308696));
#2269=CARTESIAN_POINT('Ctrl Pts',(3.16266826005091,11.7996206113741,-5.16748242476664));
#2270=CARTESIAN_POINT('Ctrl Pts',(3.16266913603499,11.8,-5.16245803910823));
#2271=CARTESIAN_POINT('Ctrl Pts',(3.16267001203012,11.8,-5.15743361026836));
#2272=CARTESIAN_POINT('',(3.55679369244053,11.7,-5.25753441353799));
#2273=CARTESIAN_POINT('Origin',(3.79815734755941,11.7,-5.15759614077844));
#2274=CARTESIAN_POINT('',(2.95087128707504,11.7,-5.25737944447393));
#2275=CARTESIAN_POINT('Origin',(3.04177117510607,11.7,-5.91396446827158));
#2276=CARTESIAN_POINT('',(2.49987287399917,11.7,-6.31443029668753));
#2277=CARTESIAN_POINT('Origin',(2.49986484110044,11.7,-6.45585801740975));
#2278=CARTESIAN_POINT('',(2.97106133111925,11.7,-5.84325295603093));
#2279=CARTESIAN_POINT('Origin',(1.352195458291,11.7,-5.307954943269));
#2280=CARTESIAN_POINT('',(1.44298954828362,11.7,-5.25733176572635));
#2281=CARTESIAN_POINT('',(1.42291333445355,11.7,-5.23725146392705));
#2282=CARTESIAN_POINT('Origin',(1.2015405982289,11.7,-5.15726940648471));
#2283=CARTESIAN_POINT('Origin',(2.75392865846145,11.7,-5.15743361026836));
#2284=CARTESIAN_POINT('',(1.83734285008218,11.7,-5.25743361026836));
#2285=CARTESIAN_POINT('Ctrl Pts',(1.83734285008218,11.7,-5.25743361026836));
#2286=CARTESIAN_POINT('Ctrl Pts',(1.83734349872612,11.707890489984,-5.25743361026836));
#2287=CARTESIAN_POINT('Ctrl Pts',(1.83734414737006,11.7157805681602,-5.25649537635765));
#2288=CARTESIAN_POINT('Ctrl Pts',(1.837344796014,11.7234510212269,-5.25464497587658));
#2289=CARTESIAN_POINT('Ctrl Pts',(1.83734544448356,11.731119412297,-5.25279507282629));
#2290=CARTESIAN_POINT('Ctrl Pts',(1.83734609295313,11.7385674969701,-5.25003368877998));
#2291=CARTESIAN_POINT('Ctrl Pts',(1.8373467414227,11.745588452348,-5.24643750351194));
#2292=CARTESIAN_POINT('Ctrl Pts',(1.83734738974643,11.752607828727,-5.24284212701878));
#2293=CARTESIAN_POINT('Ctrl Pts',(1.83734803807016,11.7591995373023,-5.23841270115034));
#2294=CARTESIAN_POINT('Ctrl Pts',(1.83734868639388,11.7651806171797,-5.23327217001258));
#2295=CARTESIAN_POINT('Ctrl Pts',(1.83734933516385,11.7711658137785,-5.22812810069525));
#2296=CARTESIAN_POINT('Ctrl Pts',(1.83734998393381,11.7765389123607,-5.22227247918282));
#2297=CARTESIAN_POINT('Ctrl Pts',(1.83735063270377,11.7811505723784,-5.21586805732372));
#2298=CARTESIAN_POINT('Ctrl Pts',(1.83735128111709,11.7857596972384,-5.20946715615318));
#2299=CARTESIAN_POINT('Ctrl Pts',(1.83735192953041,11.7896077434995,-5.20251872835296));
#2300=CARTESIAN_POINT('Ctrl Pts',(1.83735257794372,11.7925878746798,-5.19521568885432));
#2301=CARTESIAN_POINT('Ctrl Pts',(1.83735322657102,11.7955689893002,-5.18791023936047));
#2302=CARTESIAN_POINT('Ctrl Pts',(1.83735387519831,11.7976813023043,-5.18025070510602));
#2303=CARTESIAN_POINT('Ctrl Pts',(1.8373545238256,11.798866129414,-5.17244988326424));
#2304=CARTESIAN_POINT('Ctrl Pts',(1.83735493686273,11.7996206113741,-5.16748242488606));
#2305=CARTESIAN_POINT('Ctrl Pts',(1.83735534989986,11.8,-5.16245803916795));
#2306=CARTESIAN_POINT('Ctrl Pts',(1.83735576293699,11.8,-5.15743361026836));
#2307=CARTESIAN_POINT('',(2.75392865846145,11.7,-5.25743361026836));
#2308=CARTESIAN_POINT('Origin',(2.09117041997613,11.7,-5.15749915970686));
#2309=CARTESIAN_POINT('',(2.09114459426651,11.7,-5.25749915637202));
#2310=CARTESIAN_POINT('Origin',(1.83734285008218,8.8,-5.25743361026836));
#2311=CARTESIAN_POINT('',(1.83734285008218,8.8,-5.25743361026836));
#2312=CARTESIAN_POINT('',(1.83734285008218,8.8,-5.25743361026836));
#2313=CARTESIAN_POINT('',(1.44298954828362,8.8,-5.25733176572635));
#2314=CARTESIAN_POINT('',(2.16831535818708,8.8,-5.25751908627009));
#2315=CARTESIAN_POINT('',(1.44298954828362,8.8,-5.25733176572635));
#2316=CARTESIAN_POINT('Origin',(3.1626572241663,8.8,-5.25743361026836));
#2317=CARTESIAN_POINT('',(3.1626572241663,8.8,-5.25743361026836));
#2318=CARTESIAN_POINT('',(3.1626572241663,8.8,-5.25743361026836));
#2319=CARTESIAN_POINT('',(2.8313286307096,8.8,-5.25743361026836));
#2320=CARTESIAN_POINT('Origin',(3.55679369244053,8.8,-5.25753441353799));
#2321=CARTESIAN_POINT('',(3.55679369244053,8.8,-5.25753441353799));
#2322=CARTESIAN_POINT('',(3.55679369244053,8.8,-5.25753441353799));
#2323=CARTESIAN_POINT('',(3.02804426969243,8.8,-5.25739918202577));
#2324=CARTESIAN_POINT('Origin',(-0.268616717218894,11.7,1.5999999627471));
#2325=CARTESIAN_POINT('',(-2.88243352719439,11.7,1.6999999627471));
#2326=CARTESIAN_POINT('Origin',(-2.64101217095708,11.7,1.5999999627471));
#2327=CARTESIAN_POINT('',(7.57283371270759,11.7,1.6999999627471));
#2328=CARTESIAN_POINT('',(-0.268616717218894,11.7,1.6999999627471));
#2329=CARTESIAN_POINT('Origin',(7.33141235647028,11.7,1.5999999627471));
#2330=CARTESIAN_POINT('Origin',(1.81765232528341,11.7,-2.85866453349339));
#2331=CARTESIAN_POINT('',(0.7750000115484,11.7,-1.95743357599569));
#2332=CARTESIAN_POINT('Origin',(1.01642136778571,11.7,-2.05743357599569));
#2333=CARTESIAN_POINT('',(1.74694164716475,11.7,-2.92937521161204));
#2334=CARTESIAN_POINT('Origin',(0.410100035016165,11.7,-2.05743357599569));
#2335=CARTESIAN_POINT('',(-1.52500002272427,11.7,-1.95743357599569));
#2336=CARTESIAN_POINT('Origin',(-1.28357866648696,11.7,-2.05743357599569));
#2337=CARTESIAN_POINT('',(0.410100035016165,11.7,-1.95743357599569));
#2338=CARTESIAN_POINT('Origin',(1.24265231671524,11.7,-4.58366455919789));
#2339=CARTESIAN_POINT('',(0.7750000115484,11.7,-4.25743361026836));
#2340=CARTESIAN_POINT('Origin',(1.01642136778571,11.7,-4.35743361026836));
#2341=CARTESIAN_POINT('',(1.17194163859659,11.7,-4.65437523731655));
#2342=CARTESIAN_POINT('Origin',(0.697600039300249,11.7,-4.35743361026836));
#2343=CARTESIAN_POINT('',(-0.950000014156103,11.7,-4.25743361026836));
#2344=CARTESIAN_POINT('Origin',(-0.708578657918793,11.7,-4.35743361026836));
#2345=CARTESIAN_POINT('',(0.697600039300249,11.7,-4.25743361026836));
#2346=CARTESIAN_POINT('Origin',(0.784640412973643,11.7,-5.8506526811608));
#2347=CARTESIAN_POINT('',(0.721476216917458,11.7,-5.92890984134192));
#2348=CARTESIAN_POINT('Origin',(0.962889637651938,11.7,-6.02890190583909));
#2349=CARTESIAN_POINT('',(0.713929734854988,11.7,-5.92136335927945));
#2350=CARTESIAN_POINT('Origin',(1.17534610537487,11.7,-6.02889492213299));
#2351=CARTESIAN_POINT('',(0.00543117944611621,11.7,-5.92893337862535));
#2352=CARTESIAN_POINT('Origin',(0.178626026022723,11.7,-6.02892768555118));
#2353=CARTESIAN_POINT('',(1.17534281825155,11.7,-5.92889492218702));
#2354=CARTESIAN_POINT('Origin',(1.27368309722607,11.7,-7.92577434298574));
#2355=CARTESIAN_POINT('',(2.5000000372529,11.7,-10.2500000372529));
#2356=CARTESIAN_POINT('Origin',(2.50000351123496,11.7,-10.0499940201395));
#2357=CARTESIAN_POINT('',(1.18707881996112,11.7,-7.97577133448937));
#2358=CARTESIAN_POINT('Origin',(4.91961325599724,11.7,-5.85910700772244));
#2359=CARTESIAN_POINT('',(4.96388064781654,11.7,-5.98243363597286));
#2360=CARTESIAN_POINT('',(5.00621579637569,11.7,-5.90910700772244));
#2361=CARTESIAN_POINT('Origin',(4.79067556705965,11.7,-6.08243363597286));
#2362=CARTESIAN_POINT('Origin',(3.285100077857,11.7,-6.08243363597286));
#2363=CARTESIAN_POINT('',(4.22500006295741,11.7,-5.98243363597286));
#2364=CARTESIAN_POINT('',(3.285100077857,11.7,-5.98243363597286));
#2365=CARTESIAN_POINT('Origin',(3.9835787067201,11.7,-6.08243363597286));
#2366=CARTESIAN_POINT('Origin',(4.97369780482079,11.7,-5.09231453787217));
#2367=CARTESIAN_POINT('',(5.95000008866191,11.7,-4.25743361026836));
#2368=CARTESIAN_POINT('',(5.04440848293945,11.7,-5.16302521599082));
#2369=CARTESIAN_POINT('Origin',(5.7085787324246,11.7,-4.35743361026836));
#2370=CARTESIAN_POINT('Origin',(3.285100077857,11.7,-4.35743361026836));
#2371=CARTESIAN_POINT('',(4.22500006295741,11.7,-4.25743361026836));
#2372=CARTESIAN_POINT('',(3.285100077857,11.7,-4.25743361026836));
#2373=CARTESIAN_POINT('Origin',(3.9835787067201,11.7,-4.35743361026836));
#2374=CARTESIAN_POINT('Origin',(4.86090779157801,11.7,-3.48010452541045));
#2375=CARTESIAN_POINT('',(6.5869200750286,11.7,-1.89551359819717));
#2376=CARTESIAN_POINT('',(4.93161846969666,11.7,-3.5508152035291));
#2377=CARTESIAN_POINT('Origin',(6.34549871879129,11.7,-1.99551359819717));
#2378=CARTESIAN_POINT('Origin',(3.16126012225996,11.7,-1.99551359819717));
#2379=CARTESIAN_POINT('',(3.97732015176332,11.7,-1.89551359819717));
#2380=CARTESIAN_POINT('',(3.16126012225996,11.7,-1.89551359819717));
#2381=CARTESIAN_POINT('Origin',(3.73589879552601,11.7,-1.99551359819717));
#2382=CARTESIAN_POINT('Origin',(4.70146462960119,11.7,-1.02994776412199));
#2383=CARTESIAN_POINT('',(4.77217530771984,11.7,-1.10065844224065));
#2384=CARTESIAN_POINT('Origin',(4.96388064781654,8.8,-5.98243363597286));
#2385=CARTESIAN_POINT('',(4.96388064781654,8.8,-5.98243363597286));
#2386=CARTESIAN_POINT('',(4.96388064781654,8.8,-5.98243363597286));
#2387=CARTESIAN_POINT('',(2.5000000372529,8.8,-10.2500000372529));
#2388=CARTESIAN_POINT('',(5.40986456236707,8.8,-5.20996683661289));
#2389=CARTESIAN_POINT('',(2.5000000372529,8.8,-10.2500000372529));
#2390=CARTESIAN_POINT('Origin',(4.22500006295741,8.8,-5.98243363597286));
#2391=CARTESIAN_POINT('',(4.22500006295741,8.8,-5.98243363597286));
#2392=CARTESIAN_POINT('',(4.22500006295741,8.8,-5.98243363597286));
#2393=CARTESIAN_POINT('',(3.36250005010515,8.8,-5.98243363597286));
#2394=CARTESIAN_POINT('Origin',(5.95000008866191,8.8,-4.25743361026836));
#2395=CARTESIAN_POINT('',(5.95000008866191,8.8,-4.25743361026836));
#2396=CARTESIAN_POINT('',(5.95000008866191,8.8,-4.25743361026836));
#2397=CARTESIAN_POINT('',(5.52685846906352,8.8,-4.68057522986675));
#2398=CARTESIAN_POINT('Origin',(4.22500006295741,8.8,-4.25743361026836));
#2399=CARTESIAN_POINT('',(4.22500006295741,8.8,-4.25743361026836));
#2400=CARTESIAN_POINT('',(4.22500006295741,8.8,-4.25743361026836));
#2401=CARTESIAN_POINT('',(3.36250005010515,8.8,-4.25743361026836));
#2402=CARTESIAN_POINT('Origin',(6.5869200750286,8.8,-1.89551359819717));
#2403=CARTESIAN_POINT('',(6.5869200750286,8.8,-1.89551359819717));
#2404=CARTESIAN_POINT('',(6.5869200750286,8.8,-1.89551359819717));
#2405=CARTESIAN_POINT('',(5.41406845582074,8.8,-3.06836521740503));
#2406=CARTESIAN_POINT('Origin',(3.97732015176332,8.8,-1.89551359819717));
#2407=CARTESIAN_POINT('',(3.97732015176332,8.8,-1.89551359819717));
#2408=CARTESIAN_POINT('',(3.97732015176332,8.8,-1.89551359819717));
#2409=CARTESIAN_POINT('',(3.23866009450811,8.8,-1.89551359819717));
#2410=CARTESIAN_POINT('Origin',(7.57283371270759,8.8,1.6999999627471));
#2411=CARTESIAN_POINT('',(7.57283371270759,8.8,1.6999999627471));
#2412=CARTESIAN_POINT('',(7.57283371270759,8.8,1.6999999627471));
#2413=CARTESIAN_POINT('',(5.25462529384392,8.8,-0.618208456116574));
#2414=CARTESIAN_POINT('Origin',(-2.88243352719439,8.8,1.6999999627471));
#2415=CARTESIAN_POINT('',(-2.88243352719439,8.8,1.6999999627471));
#2416=CARTESIAN_POINT('',(-2.88243352719439,8.8,1.6999999627471));
#2417=CARTESIAN_POINT('',(-0.191216744970743,8.8,1.6999999627471));
#2418=CARTESIAN_POINT('',(-0.191216744970743,11.3,1.6999999627471));
#2419=CARTESIAN_POINT('',(-0.191216744970743,8.8,1.6999999627471));
#2420=CARTESIAN_POINT('Origin',(0.79350093489926,11.7,-6.2283366335887));
#2421=CARTESIAN_POINT('',(1.33799824309768,11.7,-6.97143363597286));
#2422=CARTESIAN_POINT('Origin',(1.1647931623408,11.7,-6.87143363597286));
#2423=CARTESIAN_POINT('',(2.5000000372529,11.7,-8.98407978193589));
#2424=CARTESIAN_POINT('',(0.880103475277704,11.7,-6.1783366335887));
#2425=CARTESIAN_POINT('Origin',(2.5000000372529,11.7,-9.18407978193589));
#2426=CARTESIAN_POINT('Origin',(3.00360096208236,11.7,-6.87143363597287));
#2427=CARTESIAN_POINT('',(3.66200183140812,11.7,-6.97143363597286));
#2428=CARTESIAN_POINT('Origin',(3.835206912165,11.7,-6.87143363597287));
#2429=CARTESIAN_POINT('',(3.00360096208236,11.7,-6.97143363597287));
#2430=CARTESIAN_POINT('Origin',(3.58679825640486,11.7,-7.30169004878933));
#2431=CARTESIAN_POINT('',(3.50019571602642,11.7,-7.25169004878933));
#2432=CARTESIAN_POINT('Origin',(2.5000000372529,8.8,-8.98407978193589));
#2433=CARTESIAN_POINT('',(2.5000000372529,8.8,-8.98407978193589));
#2434=CARTESIAN_POINT('',(2.5000000372529,8.8,-8.98407978193589));
#2435=CARTESIAN_POINT('',(3.66200183140812,8.8,-6.97143363597286));
#2436=CARTESIAN_POINT('',(3.9038444820178,8.8,-6.55254987767977));
#2437=CARTESIAN_POINT('',(3.66200183140812,8.8,-6.97143363597286));
#2438=CARTESIAN_POINT('Origin',(1.33799824309768,8.8,-6.97143363597286));
#2439=CARTESIAN_POINT('',(1.33799824309768,8.8,-6.97143363597286));
#2440=CARTESIAN_POINT('',(1.33799824309768,8.8,-6.97143363597286));
#2441=CARTESIAN_POINT('',(0.515154695410397,8.8,-5.54622680469826));
#2442=CARTESIAN_POINT('Origin',(2.5000000372529,11.3,3.0999999627471));
#2443=CARTESIAN_POINT('Origin',(2.5000000372529,8.8,-2.5000000372529));
#2444=CARTESIAN_POINT('',(2.5000000372529,8.8,-11.5000000372529));
#2445=CARTESIAN_POINT('Origin',(2.5000000372529,8.8,-2.5000000372529));
#2446=CARTESIAN_POINT('',(0.7750000115484,8.8,-1.95743357599569));
#2447=CARTESIAN_POINT('',(1.34189163328883,8.8,-2.52432519773612));
#2448=CARTESIAN_POINT('',(-1.52500002272427,8.8,-1.95743357599569));
#2449=CARTESIAN_POINT('',(0.487500007264316,8.8,-1.95743357599569));
#2450=CARTESIAN_POINT('',(0.7750000115484,8.8,-4.25743361026836));
#2451=CARTESIAN_POINT('',(0.766891624720661,8.8,-4.24932522344062));
#2452=CARTESIAN_POINT('',(-0.950000014156103,8.8,-4.25743361026836));
#2453=CARTESIAN_POINT('',(0.7750000115484,8.8,-4.25743361026836));
#2454=CARTESIAN_POINT('',(0.721476216917458,8.8,-5.92890984134192));
#2455=CARTESIAN_POINT('',(0.308879720979064,8.8,-5.51631334540353));
#2456=CARTESIAN_POINT('',(0.00543117944611621,8.8,-5.92893337862535));
#2457=CARTESIAN_POINT('',(1.25277196363553,8.8,-5.92889237699552));
#2458=CARTESIAN_POINT('',(0.822143127847612,8.8,-7.34363346152592));
#2459=CARTESIAN_POINT('Origin',(2.49987287399917,8.8,-6.31443029668753));
#2460=CARTESIAN_POINT('',(2.49987287399917,8.8,-6.31443029668753));
#2461=CARTESIAN_POINT('',(2.49987287399917,8.8,-6.31443029668753));
#2462=CARTESIAN_POINT('',(3.45351223015589,8.8,-5.36081343916573));
#2463=CARTESIAN_POINT('Origin',(1.44298954828362,8.8,-5.25733176572635));
#2464=CARTESIAN_POINT('',(1.01785545038878,8.8,-4.83211110095536));
#2465=CARTESIAN_POINT('Origin',(4.73975150821283,8.8,-0.0108949378129728));
#2466=CARTESIAN_POINT('',(3.61903787523937,8.8,-0.0116499185006468));
#2467=CARTESIAN_POINT('Origin',(2.49979962600217,8.8,-4.58912226969829));
#2468=CARTESIAN_POINT('',(2.49979962600217,8.8,-4.58912226969829));
#2469=CARTESIAN_POINT('',(2.49979962600217,8.8,-4.58912226969829));
#2470=CARTESIAN_POINT('',(3.02213028444683,8.8,-4.06691312688579));
#2471=CARTESIAN_POINT('Origin',(0.868155280184468,8.8,-2.95743357599569));
#2472=CARTESIAN_POINT('',(1.1617469966258,8.8,-3.25103327222237));
#2473=CARTESIAN_POINT('Origin',(3.66200183140812,8.8,-6.97143363597287));
#2474=CARTESIAN_POINT('',(3.0810009343305,8.8,-6.97143363597287));
#2475=CARTESIAN_POINT('Origin',(0.7750000115484,8.8,-1.95743357599569));
#2476=CARTESIAN_POINT('',(0.7750000115484,8.8,-1.95743357599569));
#2477=CARTESIAN_POINT('Origin',(-1.52500002272427,8.8,-1.95743357599569));
#2478=CARTESIAN_POINT('',(-1.52500002272427,8.8,-1.95743357599569));
#2479=CARTESIAN_POINT('Origin',(0.7750000115484,8.8,-4.25743361026836));
#2480=CARTESIAN_POINT('',(0.7750000115484,8.8,-4.25743361026836));
#2481=CARTESIAN_POINT('Origin',(-0.950000014156103,8.8,-4.25743361026836));
#2482=CARTESIAN_POINT('',(-0.950000014156103,8.8,-4.25743361026836));
#2483=CARTESIAN_POINT('Origin',(0.721476216917458,8.8,-5.92890984134192));
#2484=CARTESIAN_POINT('',(0.721476216917458,8.8,-5.92890984134192));
#2485=CARTESIAN_POINT('Origin',(0.00543117944611621,8.8,-5.92893337862535));
#2486=CARTESIAN_POINT('',(0.00543117944611621,8.8,-5.92893337862535));
#2487=CARTESIAN_POINT('Origin',(2.5000000372529,8.8,-10.2500000372529));
#2488=CARTESIAN_POINT('Origin',(2.5000000372529,8.8,-2.5000000372529));
#2489=CARTESIAN_POINT('Origin',(2.5000000372529,8.8,-2.5000000372529));
#2490=CARTESIAN_POINT('Origin',(2.5000000372529,8.8,-2.5000000372529));
#2491=CARTESIAN_POINT('Origin',(2.5000000372529,7.8,-2.5000000372529));
#2492=CARTESIAN_POINT('',(2.5000000372529,7.8,-12.5000000372529));
#2493=CARTESIAN_POINT('Origin',(2.5000000372529,7.8,-11.5000000372529));
#2494=CARTESIAN_POINT('',(12.5000000372529,7.8,-2.5000000372529));
#2495=CARTESIAN_POINT('Origin',(2.5000000372529,7.8,-2.5000000372529));
#2496=CARTESIAN_POINT('Origin',(2.5000000372529,7.8,-2.5000000372529));
#2497=CARTESIAN_POINT('Origin',(2.5000000372529,3.8,-2.5000000372529));
#2498=CARTESIAN_POINT('',(12.5000000372529,5.8,-2.5000000372529));
#2499=CARTESIAN_POINT('',(12.5000000372529,3.8,-2.5000000372529));
#2500=CARTESIAN_POINT('',(2.5000000372529,5.8,-12.5000000372529));
#2501=CARTESIAN_POINT('Origin',(2.5000000372529,5.8,-2.5000000372529));
#2502=CARTESIAN_POINT('Origin',(2.5000000372529,5.8,-2.5000000372529));
#2503=CARTESIAN_POINT('Origin',(2.5000000372529,8.8,-2.5000000372529));
#2504=CARTESIAN_POINT('Origin',(2.5000000372529,5.8,-2.5000000372529));
#2505=CARTESIAN_POINT('',(2.5000000372529,3.8,-10.5000000372529));
#2506=CARTESIAN_POINT('Origin',(2.5000000372529,5.8,-10.5000000372529));
#2507=CARTESIAN_POINT('Origin',(2.5000000372529,3.8,-2.5000000372529));
#2508=CARTESIAN_POINT('Origin',(2.5000000372529,3.8,-2.5000000372529));
#2509=CARTESIAN_POINT('',(0.,3.8,-5.));
#2510=CARTESIAN_POINT('',(5.,3.8,-5.));
#2511=CARTESIAN_POINT('',(0.,3.8,-5.));
#2512=CARTESIAN_POINT('Origin',(5.,0.,-5.));
#2513=CARTESIAN_POINT('',(0.,0.,-5.));
#2514=CARTESIAN_POINT('Origin',(0.,0.,-5.));
#2515=UNCERTAINTY_MEASURE_WITH_UNIT(LENGTH_MEASURE(0.01),#2519,
'DISTANCE_ACCURACY_VALUE',
'Maximum model space distance between geometric entities at asserted c
onnectivities');
#2516=UNCERTAINTY_MEASURE_WITH_UNIT(LENGTH_MEASURE(0.01),#2519,
'DISTANCE_ACCURACY_VALUE',
'Maximum model space distance between geometric entities at asserted c
onnectivities');
#2517=(
GEOMETRIC_REPRESENTATION_CONTEXT(3)
GLOBAL_UNCERTAINTY_ASSIGNED_CONTEXT((#2515))
GLOBAL_UNIT_ASSIGNED_CONTEXT((#2519,#2521,#2522))
REPRESENTATION_CONTEXT('','3D')
);
#2518=(
GEOMETRIC_REPRESENTATION_CONTEXT(3)
GLOBAL_UNCERTAINTY_ASSIGNED_CONTEXT((#2516))
GLOBAL_UNIT_ASSIGNED_CONTEXT((#2519,#2521,#2522))
REPRESENTATION_CONTEXT('','3D')
);
#2519=(
LENGTH_UNIT()
NAMED_UNIT(*)
SI_UNIT(.MILLI.,.METRE.)
);
#2520=(
LENGTH_UNIT()
NAMED_UNIT(*)
SI_UNIT($,.METRE.)
);
#2521=(
NAMED_UNIT(*)
PLANE_ANGLE_UNIT()
SI_UNIT($,.RADIAN.)
);
#2522=(
NAMED_UNIT(*)
SI_UNIT($,.STERADIAN.)
SOLID_ANGLE_UNIT()
);
#2523=SHAPE_DEFINITION_REPRESENTATION(#2524,#2525);
#2524=PRODUCT_DEFINITION_SHAPE('',$,#2527);
#2525=SHAPE_REPRESENTATION('',(#1478),#2517);
#2526=PRODUCT_DEFINITION_CONTEXT('part definition',#2531,'design');
#2527=PRODUCT_DEFINITION('PIN6','PIN6 v2',#2528,#2526);
#2528=PRODUCT_DEFINITION_FORMATION('',$,#2533);
#2529=PRODUCT_RELATED_PRODUCT_CATEGORY('PIN6 v2','PIN6 v2',(#2533));
#2530=APPLICATION_PROTOCOL_DEFINITION('international standard',
'automotive_design',2009,#2531);
#2531=APPLICATION_CONTEXT(
'Core Data for Automotive Mechanical Design Process');
#2532=PRODUCT_CONTEXT('part definition',#2531,'mechanical');
#2533=PRODUCT('PIN6','PIN6 v2',$,(#2532));
#2534=PRESENTATION_STYLE_ASSIGNMENT((#2535));
#2535=SURFACE_STYLE_USAGE(.BOTH.,#2536);
#2536=SURFACE_SIDE_STYLE('',(#2537));
#2537=SURFACE_STYLE_FILL_AREA(#2538);
#2538=FILL_AREA_STYLE('Steel - Satin',(#2539));
#2539=FILL_AREA_STYLE_COLOUR('Steel - Satin',#2540);
#2540=COLOUR_RGB('Steel - Satin',0.627450980392157,0.627450980392157,0.627450980392157);
ENDSEC;
END-ISO-10303-21;
