ISO-10303-21;
HEADER;
/* Generated by software containing ST-Developer
 * from STEP Tools, Inc. (www.steptools.com) 
 */

FILE_DESCRIPTION(
/* description */ (''),
/* implementation_level */ '2;1');

FILE_NAME(
/* name */ 'Ramecek Foto 10x15.step',
/* time_stamp */ '2026-01-16T09:44:21+01:00',
/* author */ (''),
/* organization */ (''),
/* preprocessor_version */ 'ST-DEVELOPER v20.1',
/* originating_system */ 'Autodesk Translation Framework v14.21.0.0',
/* authorisation */ '');

FILE_SCHEMA (('AUTOMOTIVE_DESIGN { 1 0 10303 214 3 1 1 }'));
ENDSEC;

DATA;
#10=MECHANICAL_DESIGN_GEOMETRIC_PRESENTATION_REPRESENTATION('',(#41,#42,
#43,#44,#45),#3283);
#11=ITEM_DEFINED_TRANSFORMATION($,$,#2089,#2201);
#12=ITEM_DEFINED_TRANSFORMATION($,$,#2148,#2202);
#13=ITEM_DEFINED_TRANSFORMATION($,$,#2187,#2203);
#14=ITEM_DEFINED_TRANSFORMATION($,$,#2180,#2204);
#15=ITEM_DEFINED_TRANSFORMATION($,$,#2187,#2205);
#16=(
REPRESENTATION_RELATIONSHIP($,$,#3304,#3303)
REPRESENTATION_RELATIONSHIP_WITH_TRANSFORMATION(#11)
SHAPE_REPRESENTATION_RELATIONSHIP()
);
#17=(
REPRESENTATION_RELATIONSHIP($,$,#3305,#3303)
REPRESENTATION_RELATIONSHIP_WITH_TRANSFORMATION(#12)
SHAPE_REPRESENTATION_RELATIONSHIP()
);
#18=(
REPRESENTATION_RELATIONSHIP($,$,#3307,#3303)
REPRESENTATION_RELATIONSHIP_WITH_TRANSFORMATION(#13)
SHAPE_REPRESENTATION_RELATIONSHIP()
);
#19=(
REPRESENTATION_RELATIONSHIP($,$,#3306,#3303)
REPRESENTATION_RELATIONSHIP_WITH_TRANSFORMATION(#14)
SHAPE_REPRESENTATION_RELATIONSHIP()
);
#20=(
REPRESENTATION_RELATIONSHIP($,$,#3307,#3303)
REPRESENTATION_RELATIONSHIP_WITH_TRANSFORMATION(#15)
SHAPE_REPRESENTATION_RELATIONSHIP()
);
#21=CONTEXT_DEPENDENT_SHAPE_REPRESENTATION(#16,#3298);
#22=CONTEXT_DEPENDENT_SHAPE_REPRESENTATION(#17,#3299);
#23=CONTEXT_DEPENDENT_SHAPE_REPRESENTATION(#18,#3300);
#24=CONTEXT_DEPENDENT_SHAPE_REPRESENTATION(#19,#3301);
#25=CONTEXT_DEPENDENT_SHAPE_REPRESENTATION(#20,#3302);
#26=NEXT_ASSEMBLY_USAGE_OCCURRENCE('Spodn\X\ED \X2\010D00E1\X0\st r\X\E1
me\X2\010D\X0\ku:1','Spodn\X\ED \X2\010D00E1\X0\st r\X\E1me\X2\010D\X0\k
u:1','Spodn\X\ED \X2\010D00E1\X0\st r\X\E1me\X2\010D\X0\ku:1',#3309,#3310,
'Spodn\X\ED \X2\010D00E1\X0\st r\X\E1me\X2\010D\X0\ku:1');
#27=NEXT_ASSEMBLY_USAGE_OCCURRENCE('Horn\X\ED \X2\010D00E1\X0\st r\X\E1
me\X2\010D\X0\ku:1','Horn\X\ED \X2\010D00E1\X0\st r\X\E1me\X2\010D\X0\k
u:1','Horn\X\ED \X2\010D00E1\X0\st r\X\E1me\X2\010D\X0\ku:1',#3309,#3311,
'Horn\X\ED \X2\010D00E1\X0\st r\X\E1me\X2\010D\X0\ku:1');
#28=NEXT_ASSEMBLY_USAGE_OCCURRENCE('Noha r\X\E1me\X2\010D\X0\ku:1',
'Noha r\X\E1me\X2\010D\X0\ku:1','Noha r\X\E1me\X2\010D\X0\ku:1',#3309,#3313,
'Noha r\X\E1me\X2\010D\X0\ku:1');
#29=NEXT_ASSEMBLY_USAGE_OCCURRENCE('Deska horizont\X\E1ln\X2\011B\X0\:
1','Deska horizont\X\E1ln\X2\011B\X0\:1','Deska horizont\X\E1ln\X2\011B\X0\:
1',#3309,#3312,'Deska horizont\X\E1ln\X2\011B\X0\:1');
#30=NEXT_ASSEMBLY_USAGE_OCCURRENCE('Noha r\X\E1me\X2\010D\X0\ku:2',
'Noha r\X\E1me\X2\010D\X0\ku:2','Noha r\X\E1me\X2\010D\X0\ku:2',#3309,#3313,
'Noha r\X\E1me\X2\010D\X0\ku:2');
#31=SHAPE_REPRESENTATION_RELATIONSHIP('SRR','None',#3304,#36);
#32=SHAPE_REPRESENTATION_RELATIONSHIP('SRR','None',#3305,#37);
#33=SHAPE_REPRESENTATION_RELATIONSHIP('SRR','None',#3306,#38);
#34=SHAPE_REPRESENTATION_RELATIONSHIP('SRR','None',#3307,#39);
#35=SHAPE_REPRESENTATION_RELATIONSHIP('SRR','None',#3303,#40);
#36=ADVANCED_BREP_SHAPE_REPRESENTATION('',(#46),#3279);
#37=ADVANCED_BREP_SHAPE_REPRESENTATION('',(#47),#3280);
#38=ADVANCED_BREP_SHAPE_REPRESENTATION('',(#48),#3281);
#39=ADVANCED_BREP_SHAPE_REPRESENTATION('',(#49),#3282);
#40=ADVANCED_BREP_SHAPE_REPRESENTATION('',(#50),#3278);
#41=STYLED_ITEM('',(#3332),#46);
#42=STYLED_ITEM('',(#3332),#47);
#43=STYLED_ITEM('',(#3332),#48);
#44=STYLED_ITEM('',(#3332),#49);
#45=STYLED_ITEM('',(#3332),#50);
#46=MANIFOLD_SOLID_BREP('Body1',#2038);
#47=MANIFOLD_SOLID_BREP('Body1',#2039);
#48=MANIFOLD_SOLID_BREP('Deska horizont\X\E1ln\X2\011B\X0\',#2040);
#49=MANIFOLD_SOLID_BREP('Noha r\X\E1me\X2\010D\X0\ku',#2041);
#50=MANIFOLD_SOLID_BREP('Deska vertik\X\E1ln\X2\011B\X0\',#2042);
#51=FACE_BOUND('',#228,.T.);
#52=FACE_BOUND('',#238,.T.);
#53=FACE_BOUND('',#239,.T.);
#54=FACE_BOUND('',#240,.T.);
#55=FACE_BOUND('',#241,.T.);
#56=FACE_BOUND('',#242,.T.);
#57=FACE_BOUND('',#244,.T.);
#58=FACE_BOUND('',#245,.T.);
#59=FACE_BOUND('',#246,.T.);
#60=FACE_BOUND('',#247,.T.);
#61=FACE_BOUND('',#269,.T.);
#62=FACE_BOUND('',#270,.T.);
#63=FACE_BOUND('',#271,.T.);
#64=FACE_BOUND('',#272,.T.);
#65=FACE_BOUND('',#273,.T.);
#66=FACE_BOUND('',#283,.T.);
#67=FACE_BOUND('',#285,.T.);
#68=FACE_BOUND('',#286,.T.);
#69=FACE_BOUND('',#287,.T.);
#70=FACE_BOUND('',#288,.T.);
#71=FACE_BOUND('',#289,.T.);
#72=FACE_OUTER_BOUND('',#180,.T.);
#73=FACE_OUTER_BOUND('',#181,.T.);
#74=FACE_OUTER_BOUND('',#182,.T.);
#75=FACE_OUTER_BOUND('',#183,.T.);
#76=FACE_OUTER_BOUND('',#184,.T.);
#77=FACE_OUTER_BOUND('',#185,.T.);
#78=FACE_OUTER_BOUND('',#186,.T.);
#79=FACE_OUTER_BOUND('',#187,.T.);
#80=FACE_OUTER_BOUND('',#188,.T.);
#81=FACE_OUTER_BOUND('',#189,.T.);
#82=FACE_OUTER_BOUND('',#190,.T.);
#83=FACE_OUTER_BOUND('',#191,.T.);
#84=FACE_OUTER_BOUND('',#192,.T.);
#85=FACE_OUTER_BOUND('',#193,.T.);
#86=FACE_OUTER_BOUND('',#194,.T.);
#87=FACE_OUTER_BOUND('',#195,.T.);
#88=FACE_OUTER_BOUND('',#196,.T.);
#89=FACE_OUTER_BOUND('',#197,.T.);
#90=FACE_OUTER_BOUND('',#198,.T.);
#91=FACE_OUTER_BOUND('',#199,.T.);
#92=FACE_OUTER_BOUND('',#200,.T.);
#93=FACE_OUTER_BOUND('',#201,.T.);
#94=FACE_OUTER_BOUND('',#202,.T.);
#95=FACE_OUTER_BOUND('',#203,.T.);
#96=FACE_OUTER_BOUND('',#204,.T.);
#97=FACE_OUTER_BOUND('',#205,.T.);
#98=FACE_OUTER_BOUND('',#206,.T.);
#99=FACE_OUTER_BOUND('',#207,.T.);
#100=FACE_OUTER_BOUND('',#208,.T.);
#101=FACE_OUTER_BOUND('',#209,.T.);
#102=FACE_OUTER_BOUND('',#210,.T.);
#103=FACE_OUTER_BOUND('',#211,.T.);
#104=FACE_OUTER_BOUND('',#212,.T.);
#105=FACE_OUTER_BOUND('',#213,.T.);
#106=FACE_OUTER_BOUND('',#214,.T.);
#107=FACE_OUTER_BOUND('',#215,.T.);
#108=FACE_OUTER_BOUND('',#216,.T.);
#109=FACE_OUTER_BOUND('',#217,.T.);
#110=FACE_OUTER_BOUND('',#218,.T.);
#111=FACE_OUTER_BOUND('',#219,.T.);
#112=FACE_OUTER_BOUND('',#220,.T.);
#113=FACE_OUTER_BOUND('',#221,.T.);
#114=FACE_OUTER_BOUND('',#222,.T.);
#115=FACE_OUTER_BOUND('',#223,.T.);
#116=FACE_OUTER_BOUND('',#224,.T.);
#117=FACE_OUTER_BOUND('',#225,.T.);
#118=FACE_OUTER_BOUND('',#226,.T.);
#119=FACE_OUTER_BOUND('',#227,.T.);
#120=FACE_OUTER_BOUND('',#229,.T.);
#121=FACE_OUTER_BOUND('',#230,.T.);
#122=FACE_OUTER_BOUND('',#231,.T.);
#123=FACE_OUTER_BOUND('',#232,.T.);
#124=FACE_OUTER_BOUND('',#233,.T.);
#125=FACE_OUTER_BOUND('',#234,.T.);
#126=FACE_OUTER_BOUND('',#235,.T.);
#127=FACE_OUTER_BOUND('',#236,.T.);
#128=FACE_OUTER_BOUND('',#237,.T.);
#129=FACE_OUTER_BOUND('',#243,.T.);
#130=FACE_OUTER_BOUND('',#248,.T.);
#131=FACE_OUTER_BOUND('',#249,.T.);
#132=FACE_OUTER_BOUND('',#250,.T.);
#133=FACE_OUTER_BOUND('',#251,.T.);
#134=FACE_OUTER_BOUND('',#252,.T.);
#135=FACE_OUTER_BOUND('',#253,.T.);
#136=FACE_OUTER_BOUND('',#254,.T.);
#137=FACE_OUTER_BOUND('',#255,.T.);
#138=FACE_OUTER_BOUND('',#256,.T.);
#139=FACE_OUTER_BOUND('',#257,.T.);
#140=FACE_OUTER_BOUND('',#258,.T.);
#141=FACE_OUTER_BOUND('',#259,.T.);
#142=FACE_OUTER_BOUND('',#260,.T.);
#143=FACE_OUTER_BOUND('',#261,.T.);
#144=FACE_OUTER_BOUND('',#262,.T.);
#145=FACE_OUTER_BOUND('',#263,.T.);
#146=FACE_OUTER_BOUND('',#264,.T.);
#147=FACE_OUTER_BOUND('',#265,.T.);
#148=FACE_OUTER_BOUND('',#266,.T.);
#149=FACE_OUTER_BOUND('',#267,.T.);
#150=FACE_OUTER_BOUND('',#268,.T.);
#151=FACE_OUTER_BOUND('',#274,.T.);
#152=FACE_OUTER_BOUND('',#275,.T.);
#153=FACE_OUTER_BOUND('',#276,.T.);
#154=FACE_OUTER_BOUND('',#277,.T.);
#155=FACE_OUTER_BOUND('',#278,.T.);
#156=FACE_OUTER_BOUND('',#279,.T.);
#157=FACE_OUTER_BOUND('',#280,.T.);
#158=FACE_OUTER_BOUND('',#281,.T.);
#159=FACE_OUTER_BOUND('',#282,.T.);
#160=FACE_OUTER_BOUND('',#284,.T.);
#161=FACE_OUTER_BOUND('',#290,.T.);
#162=FACE_OUTER_BOUND('',#291,.T.);
#163=FACE_OUTER_BOUND('',#292,.T.);
#164=FACE_OUTER_BOUND('',#293,.T.);
#165=FACE_OUTER_BOUND('',#294,.T.);
#166=FACE_OUTER_BOUND('',#295,.T.);
#167=FACE_OUTER_BOUND('',#296,.T.);
#168=FACE_OUTER_BOUND('',#297,.T.);
#169=FACE_OUTER_BOUND('',#298,.T.);
#170=FACE_OUTER_BOUND('',#299,.T.);
#171=FACE_OUTER_BOUND('',#300,.T.);
#172=FACE_OUTER_BOUND('',#301,.T.);
#173=FACE_OUTER_BOUND('',#302,.T.);
#174=FACE_OUTER_BOUND('',#303,.T.);
#175=FACE_OUTER_BOUND('',#304,.T.);
#176=FACE_OUTER_BOUND('',#305,.T.);
#177=FACE_OUTER_BOUND('',#306,.T.);
#178=FACE_OUTER_BOUND('',#307,.T.);
#179=FACE_OUTER_BOUND('',#308,.T.);
#180=EDGE_LOOP('',(#1288,#1289,#1290,#1291));
#181=EDGE_LOOP('',(#1292,#1293,#1294,#1295));
#182=EDGE_LOOP('',(#1296,#1297,#1298,#1299));
#183=EDGE_LOOP('',(#1300,#1301,#1302,#1303));
#184=EDGE_LOOP('',(#1304,#1305,#1306,#1307));
#185=EDGE_LOOP('',(#1308,#1309,#1310,#1311));
#186=EDGE_LOOP('',(#1312,#1313,#1314,#1315));
#187=EDGE_LOOP('',(#1316,#1317,#1318,#1319));
#188=EDGE_LOOP('',(#1320,#1321,#1322,#1323));
#189=EDGE_LOOP('',(#1324,#1325,#1326,#1327));
#190=EDGE_LOOP('',(#1328,#1329,#1330,#1331));
#191=EDGE_LOOP('',(#1332,#1333,#1334,#1335));
#192=EDGE_LOOP('',(#1336,#1337,#1338,#1339,#1340,#1341,#1342,#1343,#1344,
#1345,#1346,#1347));
#193=EDGE_LOOP('',(#1348,#1349,#1350,#1351));
#194=EDGE_LOOP('',(#1352,#1353,#1354,#1355));
#195=EDGE_LOOP('',(#1356,#1357,#1358,#1359));
#196=EDGE_LOOP('',(#1360,#1361,#1362,#1363));
#197=EDGE_LOOP('',(#1364,#1365,#1366,#1367));
#198=EDGE_LOOP('',(#1368,#1369,#1370,#1371));
#199=EDGE_LOOP('',(#1372,#1373,#1374,#1375));
#200=EDGE_LOOP('',(#1376,#1377,#1378,#1379));
#201=EDGE_LOOP('',(#1380,#1381,#1382,#1383));
#202=EDGE_LOOP('',(#1384,#1385,#1386,#1387));
#203=EDGE_LOOP('',(#1388,#1389,#1390,#1391));
#204=EDGE_LOOP('',(#1392,#1393,#1394,#1395));
#205=EDGE_LOOP('',(#1396,#1397,#1398,#1399));
#206=EDGE_LOOP('',(#1400,#1401,#1402,#1403));
#207=EDGE_LOOP('',(#1404,#1405,#1406,#1407));
#208=EDGE_LOOP('',(#1408,#1409,#1410,#1411));
#209=EDGE_LOOP('',(#1412,#1413,#1414,#1415));
#210=EDGE_LOOP('',(#1416,#1417,#1418,#1419));
#211=EDGE_LOOP('',(#1420,#1421,#1422,#1423));
#212=EDGE_LOOP('',(#1424,#1425,#1426,#1427));
#213=EDGE_LOOP('',(#1428,#1429,#1430,#1431));
#214=EDGE_LOOP('',(#1432,#1433,#1434,#1435));
#215=EDGE_LOOP('',(#1436,#1437,#1438,#1439));
#216=EDGE_LOOP('',(#1440,#1441,#1442,#1443));
#217=EDGE_LOOP('',(#1444,#1445,#1446,#1447));
#218=EDGE_LOOP('',(#1448,#1449,#1450,#1451));
#219=EDGE_LOOP('',(#1452,#1453,#1454,#1455));
#220=EDGE_LOOP('',(#1456,#1457,#1458,#1459));
#221=EDGE_LOOP('',(#1460,#1461,#1462,#1463));
#222=EDGE_LOOP('',(#1464,#1465,#1466,#1467));
#223=EDGE_LOOP('',(#1468,#1469,#1470,#1471));
#224=EDGE_LOOP('',(#1472,#1473,#1474,#1475));
#225=EDGE_LOOP('',(#1476,#1477,#1478,#1479));
#226=EDGE_LOOP('',(#1480,#1481,#1482,#1483));
#227=EDGE_LOOP('',(#1484,#1485,#1486,#1487));
#228=EDGE_LOOP('',(#1488,#1489,#1490,#1491));
#229=EDGE_LOOP('',(#1492,#1493,#1494,#1495));
#230=EDGE_LOOP('',(#1496,#1497,#1498,#1499));
#231=EDGE_LOOP('',(#1500,#1501,#1502,#1503));
#232=EDGE_LOOP('',(#1504,#1505,#1506,#1507));
#233=EDGE_LOOP('',(#1508,#1509,#1510,#1511));
#234=EDGE_LOOP('',(#1512,#1513,#1514,#1515));
#235=EDGE_LOOP('',(#1516,#1517,#1518,#1519));
#236=EDGE_LOOP('',(#1520,#1521,#1522,#1523));
#237=EDGE_LOOP('',(#1524,#1525,#1526,#1527));
#238=EDGE_LOOP('',(#1528,#1529,#1530,#1531));
#239=EDGE_LOOP('',(#1532,#1533,#1534,#1535));
#240=EDGE_LOOP('',(#1536,#1537,#1538,#1539));
#241=EDGE_LOOP('',(#1540,#1541,#1542,#1543));
#242=EDGE_LOOP('',(#1544,#1545,#1546,#1547));
#243=EDGE_LOOP('',(#1548,#1549,#1550,#1551));
#244=EDGE_LOOP('',(#1552,#1553,#1554,#1555,#1556,#1557,#1558,#1559,#1560,
#1561,#1562,#1563));
#245=EDGE_LOOP('',(#1564,#1565,#1566,#1567));
#246=EDGE_LOOP('',(#1568,#1569,#1570,#1571));
#247=EDGE_LOOP('',(#1572,#1573,#1574,#1575));
#248=EDGE_LOOP('',(#1576,#1577,#1578,#1579));
#249=EDGE_LOOP('',(#1580,#1581,#1582,#1583));
#250=EDGE_LOOP('',(#1584,#1585,#1586,#1587));
#251=EDGE_LOOP('',(#1588,#1589,#1590,#1591));
#252=EDGE_LOOP('',(#1592,#1593,#1594,#1595));
#253=EDGE_LOOP('',(#1596,#1597,#1598,#1599));
#254=EDGE_LOOP('',(#1600,#1601,#1602,#1603));
#255=EDGE_LOOP('',(#1604,#1605,#1606,#1607));
#256=EDGE_LOOP('',(#1608,#1609,#1610,#1611));
#257=EDGE_LOOP('',(#1612,#1613,#1614,#1615));
#258=EDGE_LOOP('',(#1616,#1617,#1618,#1619));
#259=EDGE_LOOP('',(#1620,#1621,#1622,#1623));
#260=EDGE_LOOP('',(#1624,#1625,#1626,#1627));
#261=EDGE_LOOP('',(#1628,#1629,#1630,#1631));
#262=EDGE_LOOP('',(#1632,#1633,#1634,#1635));
#263=EDGE_LOOP('',(#1636,#1637,#1638,#1639));
#264=EDGE_LOOP('',(#1640,#1641,#1642,#1643));
#265=EDGE_LOOP('',(#1644,#1645,#1646,#1647));
#266=EDGE_LOOP('',(#1648,#1649,#1650,#1651));
#267=EDGE_LOOP('',(#1652,#1653,#1654,#1655));
#268=EDGE_LOOP('',(#1656,#1657,#1658,#1659));
#269=EDGE_LOOP('',(#1660,#1661,#1662,#1663));
#270=EDGE_LOOP('',(#1664,#1665,#1666,#1667));
#271=EDGE_LOOP('',(#1668,#1669,#1670,#1671));
#272=EDGE_LOOP('',(#1672,#1673,#1674,#1675));
#273=EDGE_LOOP('',(#1676,#1677,#1678,#1679));
#274=EDGE_LOOP('',(#1680,#1681,#1682,#1683));
#275=EDGE_LOOP('',(#1684,#1685,#1686,#1687));
#276=EDGE_LOOP('',(#1688,#1689,#1690,#1691));
#277=EDGE_LOOP('',(#1692,#1693,#1694,#1695));
#278=EDGE_LOOP('',(#1696,#1697,#1698,#1699));
#279=EDGE_LOOP('',(#1700,#1701,#1702,#1703));
#280=EDGE_LOOP('',(#1704,#1705,#1706,#1707));
#281=EDGE_LOOP('',(#1708,#1709,#1710,#1711));
#282=EDGE_LOOP('',(#1712,#1713,#1714,#1715));
#283=EDGE_LOOP('',(#1716,#1717,#1718,#1719));
#284=EDGE_LOOP('',(#1720,#1721,#1722,#1723));
#285=EDGE_LOOP('',(#1724,#1725,#1726,#1727));
#286=EDGE_LOOP('',(#1728,#1729,#1730,#1731));
#287=EDGE_LOOP('',(#1732,#1733,#1734,#1735));
#288=EDGE_LOOP('',(#1736,#1737,#1738,#1739));
#289=EDGE_LOOP('',(#1740,#1741,#1742,#1743));
#290=EDGE_LOOP('',(#1744,#1745,#1746,#1747));
#291=EDGE_LOOP('',(#1748,#1749,#1750,#1751));
#292=EDGE_LOOP('',(#1752,#1753,#1754,#1755));
#293=EDGE_LOOP('',(#1756,#1757,#1758,#1759));
#294=EDGE_LOOP('',(#1760,#1761,#1762,#1763));
#295=EDGE_LOOP('',(#1764,#1765,#1766,#1767));
#296=EDGE_LOOP('',(#1768,#1769,#1770,#1771));
#297=EDGE_LOOP('',(#1772,#1773,#1774,#1775));
#298=EDGE_LOOP('',(#1776,#1777,#1778,#1779));
#299=EDGE_LOOP('',(#1780,#1781,#1782,#1783));
#300=EDGE_LOOP('',(#1784,#1785,#1786,#1787));
#301=EDGE_LOOP('',(#1788,#1789,#1790,#1791,#1792));
#302=EDGE_LOOP('',(#1793,#1794,#1795,#1796,#1797));
#303=EDGE_LOOP('',(#1798,#1799,#1800,#1801));
#304=EDGE_LOOP('',(#1802,#1803,#1804,#1805));
#305=EDGE_LOOP('',(#1806,#1807,#1808,#1809));
#306=EDGE_LOOP('',(#1810,#1811,#1812,#1813));
#307=EDGE_LOOP('',(#1814,#1815,#1816,#1817));
#308=EDGE_LOOP('',(#1818,#1819,#1820,#1821));
#309=LINE('',#2714,#576);
#310=LINE('',#2716,#577);
#311=LINE('',#2718,#578);
#312=LINE('',#2719,#579);
#313=LINE('',#2722,#580);
#314=LINE('',#2724,#581);
#315=LINE('',#2725,#582);
#316=LINE('',#2728,#583);
#317=LINE('',#2730,#584);
#318=LINE('',#2731,#585);
#319=LINE('',#2734,#586);
#320=LINE('',#2736,#587);
#321=LINE('',#2737,#588);
#322=LINE('',#2740,#589);
#323=LINE('',#2742,#590);
#324=LINE('',#2743,#591);
#325=LINE('',#2746,#592);
#326=LINE('',#2748,#593);
#327=LINE('',#2749,#594);
#328=LINE('',#2752,#595);
#329=LINE('',#2754,#596);
#330=LINE('',#2755,#597);
#331=LINE('',#2758,#598);
#332=LINE('',#2760,#599);
#333=LINE('',#2761,#600);
#334=LINE('',#2764,#601);
#335=LINE('',#2766,#602);
#336=LINE('',#2767,#603);
#337=LINE('',#2770,#604);
#338=LINE('',#2772,#605);
#339=LINE('',#2773,#606);
#340=LINE('',#2776,#607);
#341=LINE('',#2778,#608);
#342=LINE('',#2779,#609);
#343=LINE('',#2781,#610);
#344=LINE('',#2782,#611);
#345=LINE('',#2787,#612);
#346=LINE('',#2789,#613);
#347=LINE('',#2791,#614);
#348=LINE('',#2792,#615);
#349=LINE('',#2795,#616);
#350=LINE('',#2797,#617);
#351=LINE('',#2798,#618);
#352=LINE('',#2801,#619);
#353=LINE('',#2803,#620);
#354=LINE('',#2804,#621);
#355=LINE('',#2806,#622);
#356=LINE('',#2807,#623);
#357=LINE('',#2812,#624);
#358=LINE('',#2814,#625);
#359=LINE('',#2816,#626);
#360=LINE('',#2817,#627);
#361=LINE('',#2820,#628);
#362=LINE('',#2822,#629);
#363=LINE('',#2823,#630);
#364=LINE('',#2826,#631);
#365=LINE('',#2828,#632);
#366=LINE('',#2829,#633);
#367=LINE('',#2831,#634);
#368=LINE('',#2832,#635);
#369=LINE('',#2837,#636);
#370=LINE('',#2839,#637);
#371=LINE('',#2841,#638);
#372=LINE('',#2842,#639);
#373=LINE('',#2845,#640);
#374=LINE('',#2847,#641);
#375=LINE('',#2848,#642);
#376=LINE('',#2851,#643);
#377=LINE('',#2853,#644);
#378=LINE('',#2854,#645);
#379=LINE('',#2856,#646);
#380=LINE('',#2857,#647);
#381=LINE('',#2862,#648);
#382=LINE('',#2864,#649);
#383=LINE('',#2866,#650);
#384=LINE('',#2867,#651);
#385=LINE('',#2870,#652);
#386=LINE('',#2872,#653);
#387=LINE('',#2873,#654);
#388=LINE('',#2876,#655);
#389=LINE('',#2878,#656);
#390=LINE('',#2879,#657);
#391=LINE('',#2881,#658);
#392=LINE('',#2882,#659);
#393=LINE('',#2887,#660);
#394=LINE('',#2889,#661);
#395=LINE('',#2891,#662);
#396=LINE('',#2892,#663);
#397=LINE('',#2895,#664);
#398=LINE('',#2897,#665);
#399=LINE('',#2898,#666);
#400=LINE('',#2901,#667);
#401=LINE('',#2903,#668);
#402=LINE('',#2904,#669);
#403=LINE('',#2906,#670);
#404=LINE('',#2907,#671);
#405=LINE('',#2912,#672);
#406=LINE('',#2914,#673);
#407=LINE('',#2916,#674);
#408=LINE('',#2917,#675);
#409=LINE('',#2920,#676);
#410=LINE('',#2922,#677);
#411=LINE('',#2923,#678);
#412=LINE('',#2926,#679);
#413=LINE('',#2928,#680);
#414=LINE('',#2929,#681);
#415=LINE('',#2931,#682);
#416=LINE('',#2932,#683);
#417=LINE('',#2937,#684);
#418=LINE('',#2939,#685);
#419=LINE('',#2941,#686);
#420=LINE('',#2942,#687);
#421=LINE('',#2945,#688);
#422=LINE('',#2947,#689);
#423=LINE('',#2948,#690);
#424=LINE('',#2951,#691);
#425=LINE('',#2953,#692);
#426=LINE('',#2954,#693);
#427=LINE('',#2956,#694);
#428=LINE('',#2957,#695);
#429=LINE('',#2961,#696);
#430=LINE('',#2963,#697);
#431=LINE('',#2965,#698);
#432=LINE('',#2966,#699);
#433=LINE('',#2969,#700);
#434=LINE('',#2971,#701);
#435=LINE('',#2972,#702);
#436=LINE('',#2975,#703);
#437=LINE('',#2976,#704);
#438=LINE('',#2979,#705);
#439=LINE('',#2980,#706);
#440=LINE('',#2982,#707);
#441=LINE('',#2986,#708);
#442=LINE('',#2988,#709);
#443=LINE('',#2990,#710);
#444=LINE('',#2991,#711);
#445=LINE('',#2994,#712);
#446=LINE('',#2996,#713);
#447=LINE('',#2997,#714);
#448=LINE('',#3000,#715);
#449=LINE('',#3002,#716);
#450=LINE('',#3003,#717);
#451=LINE('',#3005,#718);
#452=LINE('',#3006,#719);
#453=LINE('',#3013,#720);
#454=LINE('',#3015,#721);
#455=LINE('',#3017,#722);
#456=LINE('',#3018,#723);
#457=LINE('',#3021,#724);
#458=LINE('',#3023,#725);
#459=LINE('',#3024,#726);
#460=LINE('',#3027,#727);
#461=LINE('',#3029,#728);
#462=LINE('',#3030,#729);
#463=LINE('',#3032,#730);
#464=LINE('',#3033,#731);
#465=LINE('',#3037,#732);
#466=LINE('',#3039,#733);
#467=LINE('',#3041,#734);
#468=LINE('',#3042,#735);
#469=LINE('',#3045,#736);
#470=LINE('',#3047,#737);
#471=LINE('',#3048,#738);
#472=LINE('',#3051,#739);
#473=LINE('',#3053,#740);
#474=LINE('',#3054,#741);
#475=LINE('',#3056,#742);
#476=LINE('',#3057,#743);
#477=LINE('',#3061,#744);
#478=LINE('',#3063,#745);
#479=LINE('',#3065,#746);
#480=LINE('',#3066,#747);
#481=LINE('',#3069,#748);
#482=LINE('',#3071,#749);
#483=LINE('',#3072,#750);
#484=LINE('',#3075,#751);
#485=LINE('',#3077,#752);
#486=LINE('',#3078,#753);
#487=LINE('',#3080,#754);
#488=LINE('',#3081,#755);
#489=LINE('',#3085,#756);
#490=LINE('',#3087,#757);
#491=LINE('',#3089,#758);
#492=LINE('',#3090,#759);
#493=LINE('',#3093,#760);
#494=LINE('',#3095,#761);
#495=LINE('',#3096,#762);
#496=LINE('',#3099,#763);
#497=LINE('',#3101,#764);
#498=LINE('',#3102,#765);
#499=LINE('',#3104,#766);
#500=LINE('',#3105,#767);
#501=LINE('',#3109,#768);
#502=LINE('',#3111,#769);
#503=LINE('',#3113,#770);
#504=LINE('',#3114,#771);
#505=LINE('',#3117,#772);
#506=LINE('',#3119,#773);
#507=LINE('',#3120,#774);
#508=LINE('',#3123,#775);
#509=LINE('',#3125,#776);
#510=LINE('',#3126,#777);
#511=LINE('',#3128,#778);
#512=LINE('',#3129,#779);
#513=LINE('',#3133,#780);
#514=LINE('',#3135,#781);
#515=LINE('',#3137,#782);
#516=LINE('',#3138,#783);
#517=LINE('',#3141,#784);
#518=LINE('',#3143,#785);
#519=LINE('',#3144,#786);
#520=LINE('',#3147,#787);
#521=LINE('',#3148,#788);
#522=LINE('',#3151,#789);
#523=LINE('',#3152,#790);
#524=LINE('',#3154,#791);
#525=LINE('',#3158,#792);
#526=LINE('',#3160,#793);
#527=LINE('',#3162,#794);
#528=LINE('',#3163,#795);
#529=LINE('',#3166,#796);
#530=LINE('',#3168,#797);
#531=LINE('',#3169,#798);
#532=LINE('',#3172,#799);
#533=LINE('',#3174,#800);
#534=LINE('',#3175,#801);
#535=LINE('',#3177,#802);
#536=LINE('',#3178,#803);
#537=LINE('',#3185,#804);
#538=LINE('',#3187,#805);
#539=LINE('',#3189,#806);
#540=LINE('',#3190,#807);
#541=LINE('',#3193,#808);
#542=LINE('',#3195,#809);
#543=LINE('',#3196,#810);
#544=LINE('',#3199,#811);
#545=LINE('',#3201,#812);
#546=LINE('',#3202,#813);
#547=LINE('',#3204,#814);
#548=LINE('',#3205,#815);
#549=LINE('',#3212,#816);
#550=LINE('',#3214,#817);
#551=LINE('',#3216,#818);
#552=LINE('',#3217,#819);
#553=LINE('',#3220,#820);
#554=LINE('',#3222,#821);
#555=LINE('',#3223,#822);
#556=LINE('',#3226,#823);
#557=LINE('',#3228,#824);
#558=LINE('',#3229,#825);
#559=LINE('',#3232,#826);
#560=LINE('',#3234,#827);
#561=LINE('',#3235,#828);
#562=LINE('',#3237,#829);
#563=LINE('',#3238,#830);
#564=LINE('',#3244,#831);
#565=LINE('',#3246,#832);
#566=LINE('',#3248,#833);
#567=LINE('',#3249,#834);
#568=LINE('',#3252,#835);
#569=LINE('',#3254,#836);
#570=LINE('',#3255,#837);
#571=LINE('',#3258,#838);
#572=LINE('',#3260,#839);
#573=LINE('',#3261,#840);
#574=LINE('',#3263,#841);
#575=LINE('',#3264,#842);
#576=VECTOR('',#2212,10.);
#577=VECTOR('',#2213,10.);
#578=VECTOR('',#2214,10.);
#579=VECTOR('',#2215,10.);
#580=VECTOR('',#2218,10.);
#581=VECTOR('',#2219,10.);
#582=VECTOR('',#2220,10.);
#583=VECTOR('',#2223,10.);
#584=VECTOR('',#2224,10.);
#585=VECTOR('',#2225,10.);
#586=VECTOR('',#2228,10.);
#587=VECTOR('',#2229,10.);
#588=VECTOR('',#2230,10.);
#589=VECTOR('',#2233,10.);
#590=VECTOR('',#2234,10.);
#591=VECTOR('',#2235,10.);
#592=VECTOR('',#2238,10.);
#593=VECTOR('',#2239,10.);
#594=VECTOR('',#2240,10.);
#595=VECTOR('',#2243,10.);
#596=VECTOR('',#2244,10.);
#597=VECTOR('',#2245,10.);
#598=VECTOR('',#2248,10.);
#599=VECTOR('',#2249,10.);
#600=VECTOR('',#2250,10.);
#601=VECTOR('',#2253,10.);
#602=VECTOR('',#2254,10.);
#603=VECTOR('',#2255,10.);
#604=VECTOR('',#2258,10.);
#605=VECTOR('',#2259,10.);
#606=VECTOR('',#2260,10.);
#607=VECTOR('',#2263,10.);
#608=VECTOR('',#2264,10.);
#609=VECTOR('',#2265,10.);
#610=VECTOR('',#2268,10.);
#611=VECTOR('',#2269,10.);
#612=VECTOR('',#2274,10.);
#613=VECTOR('',#2275,10.);
#614=VECTOR('',#2276,10.);
#615=VECTOR('',#2277,10.);
#616=VECTOR('',#2280,10.);
#617=VECTOR('',#2281,10.);
#618=VECTOR('',#2282,10.);
#619=VECTOR('',#2285,10.);
#620=VECTOR('',#2286,10.);
#621=VECTOR('',#2287,10.);
#622=VECTOR('',#2290,10.);
#623=VECTOR('',#2291,10.);
#624=VECTOR('',#2296,10.);
#625=VECTOR('',#2297,10.);
#626=VECTOR('',#2298,10.);
#627=VECTOR('',#2299,10.);
#628=VECTOR('',#2302,10.);
#629=VECTOR('',#2303,10.);
#630=VECTOR('',#2304,10.);
#631=VECTOR('',#2307,10.);
#632=VECTOR('',#2308,10.);
#633=VECTOR('',#2309,10.);
#634=VECTOR('',#2312,10.);
#635=VECTOR('',#2313,10.);
#636=VECTOR('',#2318,10.);
#637=VECTOR('',#2319,10.);
#638=VECTOR('',#2320,10.);
#639=VECTOR('',#2321,10.);
#640=VECTOR('',#2324,10.);
#641=VECTOR('',#2325,10.);
#642=VECTOR('',#2326,10.);
#643=VECTOR('',#2329,10.);
#644=VECTOR('',#2330,10.);
#645=VECTOR('',#2331,10.);
#646=VECTOR('',#2334,10.);
#647=VECTOR('',#2335,10.);
#648=VECTOR('',#2340,10.);
#649=VECTOR('',#2341,10.);
#650=VECTOR('',#2342,10.);
#651=VECTOR('',#2343,10.);
#652=VECTOR('',#2346,10.);
#653=VECTOR('',#2347,10.);
#654=VECTOR('',#2348,10.);
#655=VECTOR('',#2351,10.);
#656=VECTOR('',#2352,10.);
#657=VECTOR('',#2353,10.);
#658=VECTOR('',#2356,10.);
#659=VECTOR('',#2357,10.);
#660=VECTOR('',#2362,10.);
#661=VECTOR('',#2363,10.);
#662=VECTOR('',#2364,10.);
#663=VECTOR('',#2365,10.);
#664=VECTOR('',#2368,10.);
#665=VECTOR('',#2369,10.);
#666=VECTOR('',#2370,10.);
#667=VECTOR('',#2373,10.);
#668=VECTOR('',#2374,10.);
#669=VECTOR('',#2375,10.);
#670=VECTOR('',#2378,10.);
#671=VECTOR('',#2379,10.);
#672=VECTOR('',#2384,10.);
#673=VECTOR('',#2385,10.);
#674=VECTOR('',#2386,10.);
#675=VECTOR('',#2387,10.);
#676=VECTOR('',#2390,10.);
#677=VECTOR('',#2391,10.);
#678=VECTOR('',#2392,10.);
#679=VECTOR('',#2395,10.);
#680=VECTOR('',#2396,10.);
#681=VECTOR('',#2397,10.);
#682=VECTOR('',#2400,10.);
#683=VECTOR('',#2401,10.);
#684=VECTOR('',#2406,10.);
#685=VECTOR('',#2407,10.);
#686=VECTOR('',#2408,10.);
#687=VECTOR('',#2409,10.);
#688=VECTOR('',#2412,10.);
#689=VECTOR('',#2413,10.);
#690=VECTOR('',#2414,10.);
#691=VECTOR('',#2417,10.);
#692=VECTOR('',#2418,10.);
#693=VECTOR('',#2419,10.);
#694=VECTOR('',#2422,10.);
#695=VECTOR('',#2423,10.);
#696=VECTOR('',#2426,10.);
#697=VECTOR('',#2427,10.);
#698=VECTOR('',#2428,10.);
#699=VECTOR('',#2429,10.);
#700=VECTOR('',#2432,10.);
#701=VECTOR('',#2433,10.);
#702=VECTOR('',#2434,10.);
#703=VECTOR('',#2437,10.);
#704=VECTOR('',#2438,10.);
#705=VECTOR('',#2441,10.);
#706=VECTOR('',#2442,10.);
#707=VECTOR('',#2445,10.);
#708=VECTOR('',#2448,10.);
#709=VECTOR('',#2449,10.);
#710=VECTOR('',#2450,10.);
#711=VECTOR('',#2451,10.);
#712=VECTOR('',#2454,10.);
#713=VECTOR('',#2455,10.);
#714=VECTOR('',#2456,10.);
#715=VECTOR('',#2459,10.);
#716=VECTOR('',#2460,10.);
#717=VECTOR('',#2461,10.);
#718=VECTOR('',#2464,10.);
#719=VECTOR('',#2465,10.);
#720=VECTOR('',#2474,10.);
#721=VECTOR('',#2475,10.);
#722=VECTOR('',#2476,10.);
#723=VECTOR('',#2477,10.);
#724=VECTOR('',#2480,10.);
#725=VECTOR('',#2481,10.);
#726=VECTOR('',#2482,10.);
#727=VECTOR('',#2485,10.);
#728=VECTOR('',#2486,10.);
#729=VECTOR('',#2487,10.);
#730=VECTOR('',#2490,10.);
#731=VECTOR('',#2491,10.);
#732=VECTOR('',#2494,10.);
#733=VECTOR('',#2495,10.);
#734=VECTOR('',#2496,10.);
#735=VECTOR('',#2497,10.);
#736=VECTOR('',#2500,10.);
#737=VECTOR('',#2501,10.);
#738=VECTOR('',#2502,10.);
#739=VECTOR('',#2505,10.);
#740=VECTOR('',#2506,10.);
#741=VECTOR('',#2507,10.);
#742=VECTOR('',#2510,10.);
#743=VECTOR('',#2511,10.);
#744=VECTOR('',#2514,10.);
#745=VECTOR('',#2515,10.);
#746=VECTOR('',#2516,10.);
#747=VECTOR('',#2517,10.);
#748=VECTOR('',#2520,10.);
#749=VECTOR('',#2521,10.);
#750=VECTOR('',#2522,10.);
#751=VECTOR('',#2525,10.);
#752=VECTOR('',#2526,10.);
#753=VECTOR('',#2527,10.);
#754=VECTOR('',#2530,10.);
#755=VECTOR('',#2531,10.);
#756=VECTOR('',#2534,10.);
#757=VECTOR('',#2535,10.);
#758=VECTOR('',#2536,10.);
#759=VECTOR('',#2537,10.);
#760=VECTOR('',#2540,10.);
#761=VECTOR('',#2541,10.);
#762=VECTOR('',#2542,10.);
#763=VECTOR('',#2545,10.);
#764=VECTOR('',#2546,10.);
#765=VECTOR('',#2547,10.);
#766=VECTOR('',#2550,10.);
#767=VECTOR('',#2551,10.);
#768=VECTOR('',#2554,10.);
#769=VECTOR('',#2555,10.);
#770=VECTOR('',#2556,10.);
#771=VECTOR('',#2557,10.);
#772=VECTOR('',#2560,10.);
#773=VECTOR('',#2561,10.);
#774=VECTOR('',#2562,10.);
#775=VECTOR('',#2565,10.);
#776=VECTOR('',#2566,10.);
#777=VECTOR('',#2567,10.);
#778=VECTOR('',#2570,10.);
#779=VECTOR('',#2571,10.);
#780=VECTOR('',#2574,10.);
#781=VECTOR('',#2575,10.);
#782=VECTOR('',#2576,10.);
#783=VECTOR('',#2577,10.);
#784=VECTOR('',#2580,10.);
#785=VECTOR('',#2581,10.);
#786=VECTOR('',#2582,10.);
#787=VECTOR('',#2585,10.);
#788=VECTOR('',#2586,10.);
#789=VECTOR('',#2589,10.);
#790=VECTOR('',#2590,10.);
#791=VECTOR('',#2593,10.);
#792=VECTOR('',#2596,10.);
#793=VECTOR('',#2597,10.);
#794=VECTOR('',#2598,10.);
#795=VECTOR('',#2599,10.);
#796=VECTOR('',#2602,10.);
#797=VECTOR('',#2603,10.);
#798=VECTOR('',#2604,10.);
#799=VECTOR('',#2607,10.);
#800=VECTOR('',#2608,10.);
#801=VECTOR('',#2609,10.);
#802=VECTOR('',#2612,10.);
#803=VECTOR('',#2613,10.);
#804=VECTOR('',#2622,10.);
#805=VECTOR('',#2623,10.);
#806=VECTOR('',#2624,10.);
#807=VECTOR('',#2625,10.);
#808=VECTOR('',#2628,10.);
#809=VECTOR('',#2629,10.);
#810=VECTOR('',#2630,10.);
#811=VECTOR('',#2633,10.);
#812=VECTOR('',#2634,10.);
#813=VECTOR('',#2635,10.);
#814=VECTOR('',#2638,10.);
#815=VECTOR('',#2639,10.);
#816=VECTOR('',#2648,10.);
#817=VECTOR('',#2649,10.);
#818=VECTOR('',#2650,10.);
#819=VECTOR('',#2651,10.);
#820=VECTOR('',#2654,10.);
#821=VECTOR('',#2655,10.);
#822=VECTOR('',#2656,10.);
#823=VECTOR('',#2659,10.);
#824=VECTOR('',#2660,10.);
#825=VECTOR('',#2661,10.);
#826=VECTOR('',#2664,10.);
#827=VECTOR('',#2665,10.);
#828=VECTOR('',#2666,10.);
#829=VECTOR('',#2669,10.);
#830=VECTOR('',#2670,10.);
#831=VECTOR('',#2677,10.);
#832=VECTOR('',#2678,10.);
#833=VECTOR('',#2679,10.);
#834=VECTOR('',#2680,10.);
#835=VECTOR('',#2683,10.);
#836=VECTOR('',#2684,10.);
#837=VECTOR('',#2685,10.);
#838=VECTOR('',#2688,10.);
#839=VECTOR('',#2689,10.);
#840=VECTOR('',#2690,10.);
#841=VECTOR('',#2693,10.);
#842=VECTOR('',#2694,10.);
#843=VERTEX_POINT('',#2712);
#844=VERTEX_POINT('',#2713);
#845=VERTEX_POINT('',#2715);
#846=VERTEX_POINT('',#2717);
#847=VERTEX_POINT('',#2721);
#848=VERTEX_POINT('',#2723);
#849=VERTEX_POINT('',#2727);
#850=VERTEX_POINT('',#2729);
#851=VERTEX_POINT('',#2733);
#852=VERTEX_POINT('',#2735);
#853=VERTEX_POINT('',#2739);
#854=VERTEX_POINT('',#2741);
#855=VERTEX_POINT('',#2745);
#856=VERTEX_POINT('',#2747);
#857=VERTEX_POINT('',#2751);
#858=VERTEX_POINT('',#2753);
#859=VERTEX_POINT('',#2757);
#860=VERTEX_POINT('',#2759);
#861=VERTEX_POINT('',#2763);
#862=VERTEX_POINT('',#2765);
#863=VERTEX_POINT('',#2769);
#864=VERTEX_POINT('',#2771);
#865=VERTEX_POINT('',#2775);
#866=VERTEX_POINT('',#2777);
#867=VERTEX_POINT('',#2785);
#868=VERTEX_POINT('',#2786);
#869=VERTEX_POINT('',#2788);
#870=VERTEX_POINT('',#2790);
#871=VERTEX_POINT('',#2794);
#872=VERTEX_POINT('',#2796);
#873=VERTEX_POINT('',#2800);
#874=VERTEX_POINT('',#2802);
#875=VERTEX_POINT('',#2810);
#876=VERTEX_POINT('',#2811);
#877=VERTEX_POINT('',#2813);
#878=VERTEX_POINT('',#2815);
#879=VERTEX_POINT('',#2819);
#880=VERTEX_POINT('',#2821);
#881=VERTEX_POINT('',#2825);
#882=VERTEX_POINT('',#2827);
#883=VERTEX_POINT('',#2835);
#884=VERTEX_POINT('',#2836);
#885=VERTEX_POINT('',#2838);
#886=VERTEX_POINT('',#2840);
#887=VERTEX_POINT('',#2844);
#888=VERTEX_POINT('',#2846);
#889=VERTEX_POINT('',#2850);
#890=VERTEX_POINT('',#2852);
#891=VERTEX_POINT('',#2860);
#892=VERTEX_POINT('',#2861);
#893=VERTEX_POINT('',#2863);
#894=VERTEX_POINT('',#2865);
#895=VERTEX_POINT('',#2869);
#896=VERTEX_POINT('',#2871);
#897=VERTEX_POINT('',#2875);
#898=VERTEX_POINT('',#2877);
#899=VERTEX_POINT('',#2885);
#900=VERTEX_POINT('',#2886);
#901=VERTEX_POINT('',#2888);
#902=VERTEX_POINT('',#2890);
#903=VERTEX_POINT('',#2894);
#904=VERTEX_POINT('',#2896);
#905=VERTEX_POINT('',#2900);
#906=VERTEX_POINT('',#2902);
#907=VERTEX_POINT('',#2910);
#908=VERTEX_POINT('',#2911);
#909=VERTEX_POINT('',#2913);
#910=VERTEX_POINT('',#2915);
#911=VERTEX_POINT('',#2919);
#912=VERTEX_POINT('',#2921);
#913=VERTEX_POINT('',#2925);
#914=VERTEX_POINT('',#2927);
#915=VERTEX_POINT('',#2935);
#916=VERTEX_POINT('',#2936);
#917=VERTEX_POINT('',#2938);
#918=VERTEX_POINT('',#2940);
#919=VERTEX_POINT('',#2944);
#920=VERTEX_POINT('',#2946);
#921=VERTEX_POINT('',#2950);
#922=VERTEX_POINT('',#2952);
#923=VERTEX_POINT('',#2959);
#924=VERTEX_POINT('',#2960);
#925=VERTEX_POINT('',#2962);
#926=VERTEX_POINT('',#2964);
#927=VERTEX_POINT('',#2968);
#928=VERTEX_POINT('',#2970);
#929=VERTEX_POINT('',#2974);
#930=VERTEX_POINT('',#2978);
#931=VERTEX_POINT('',#2984);
#932=VERTEX_POINT('',#2985);
#933=VERTEX_POINT('',#2987);
#934=VERTEX_POINT('',#2989);
#935=VERTEX_POINT('',#2993);
#936=VERTEX_POINT('',#2995);
#937=VERTEX_POINT('',#2999);
#938=VERTEX_POINT('',#3001);
#939=VERTEX_POINT('',#3011);
#940=VERTEX_POINT('',#3012);
#941=VERTEX_POINT('',#3014);
#942=VERTEX_POINT('',#3016);
#943=VERTEX_POINT('',#3020);
#944=VERTEX_POINT('',#3022);
#945=VERTEX_POINT('',#3026);
#946=VERTEX_POINT('',#3028);
#947=VERTEX_POINT('',#3035);
#948=VERTEX_POINT('',#3036);
#949=VERTEX_POINT('',#3038);
#950=VERTEX_POINT('',#3040);
#951=VERTEX_POINT('',#3044);
#952=VERTEX_POINT('',#3046);
#953=VERTEX_POINT('',#3050);
#954=VERTEX_POINT('',#3052);
#955=VERTEX_POINT('',#3059);
#956=VERTEX_POINT('',#3060);
#957=VERTEX_POINT('',#3062);
#958=VERTEX_POINT('',#3064);
#959=VERTEX_POINT('',#3068);
#960=VERTEX_POINT('',#3070);
#961=VERTEX_POINT('',#3074);
#962=VERTEX_POINT('',#3076);
#963=VERTEX_POINT('',#3083);
#964=VERTEX_POINT('',#3084);
#965=VERTEX_POINT('',#3086);
#966=VERTEX_POINT('',#3088);
#967=VERTEX_POINT('',#3092);
#968=VERTEX_POINT('',#3094);
#969=VERTEX_POINT('',#3098);
#970=VERTEX_POINT('',#3100);
#971=VERTEX_POINT('',#3107);
#972=VERTEX_POINT('',#3108);
#973=VERTEX_POINT('',#3110);
#974=VERTEX_POINT('',#3112);
#975=VERTEX_POINT('',#3116);
#976=VERTEX_POINT('',#3118);
#977=VERTEX_POINT('',#3122);
#978=VERTEX_POINT('',#3124);
#979=VERTEX_POINT('',#3131);
#980=VERTEX_POINT('',#3132);
#981=VERTEX_POINT('',#3134);
#982=VERTEX_POINT('',#3136);
#983=VERTEX_POINT('',#3140);
#984=VERTEX_POINT('',#3142);
#985=VERTEX_POINT('',#3146);
#986=VERTEX_POINT('',#3150);
#987=VERTEX_POINT('',#3156);
#988=VERTEX_POINT('',#3157);
#989=VERTEX_POINT('',#3159);
#990=VERTEX_POINT('',#3161);
#991=VERTEX_POINT('',#3165);
#992=VERTEX_POINT('',#3167);
#993=VERTEX_POINT('',#3171);
#994=VERTEX_POINT('',#3173);
#995=VERTEX_POINT('',#3183);
#996=VERTEX_POINT('',#3184);
#997=VERTEX_POINT('',#3186);
#998=VERTEX_POINT('',#3188);
#999=VERTEX_POINT('',#3192);
#1000=VERTEX_POINT('',#3194);
#1001=VERTEX_POINT('',#3198);
#1002=VERTEX_POINT('',#3200);
#1003=VERTEX_POINT('',#3210);
#1004=VERTEX_POINT('',#3211);
#1005=VERTEX_POINT('',#3213);
#1006=VERTEX_POINT('',#3215);
#1007=VERTEX_POINT('',#3219);
#1008=VERTEX_POINT('',#3221);
#1009=VERTEX_POINT('',#3225);
#1010=VERTEX_POINT('',#3227);
#1011=VERTEX_POINT('',#3231);
#1012=VERTEX_POINT('',#3233);
#1013=VERTEX_POINT('',#3242);
#1014=VERTEX_POINT('',#3243);
#1015=VERTEX_POINT('',#3245);
#1016=VERTEX_POINT('',#3247);
#1017=VERTEX_POINT('',#3251);
#1018=VERTEX_POINT('',#3253);
#1019=VERTEX_POINT('',#3257);
#1020=VERTEX_POINT('',#3259);
#1021=EDGE_CURVE('',#843,#844,#309,.T.);
#1022=EDGE_CURVE('',#843,#845,#310,.T.);
#1023=EDGE_CURVE('',#845,#846,#311,.T.);
#1024=EDGE_CURVE('',#844,#846,#312,.T.);
#1025=EDGE_CURVE('',#847,#843,#313,.T.);
#1026=EDGE_CURVE('',#847,#848,#314,.T.);
#1027=EDGE_CURVE('',#848,#845,#315,.T.);
#1028=EDGE_CURVE('',#849,#847,#316,.T.);
#1029=EDGE_CURVE('',#849,#850,#317,.T.);
#1030=EDGE_CURVE('',#850,#848,#318,.T.);
#1031=EDGE_CURVE('',#851,#849,#319,.T.);
#1032=EDGE_CURVE('',#851,#852,#320,.T.);
#1033=EDGE_CURVE('',#852,#850,#321,.T.);
#1034=EDGE_CURVE('',#853,#851,#322,.T.);
#1035=EDGE_CURVE('',#853,#854,#323,.T.);
#1036=EDGE_CURVE('',#854,#852,#324,.T.);
#1037=EDGE_CURVE('',#855,#853,#325,.T.);
#1038=EDGE_CURVE('',#855,#856,#326,.T.);
#1039=EDGE_CURVE('',#856,#854,#327,.T.);
#1040=EDGE_CURVE('',#857,#855,#328,.T.);
#1041=EDGE_CURVE('',#857,#858,#329,.T.);
#1042=EDGE_CURVE('',#858,#856,#330,.T.);
#1043=EDGE_CURVE('',#859,#857,#331,.T.);
#1044=EDGE_CURVE('',#859,#860,#332,.T.);
#1045=EDGE_CURVE('',#860,#858,#333,.T.);
#1046=EDGE_CURVE('',#861,#859,#334,.T.);
#1047=EDGE_CURVE('',#861,#862,#335,.T.);
#1048=EDGE_CURVE('',#862,#860,#336,.T.);
#1049=EDGE_CURVE('',#863,#861,#337,.T.);
#1050=EDGE_CURVE('',#863,#864,#338,.T.);
#1051=EDGE_CURVE('',#864,#862,#339,.T.);
#1052=EDGE_CURVE('',#865,#863,#340,.T.);
#1053=EDGE_CURVE('',#865,#866,#341,.T.);
#1054=EDGE_CURVE('',#866,#864,#342,.T.);
#1055=EDGE_CURVE('',#844,#865,#343,.T.);
#1056=EDGE_CURVE('',#846,#866,#344,.T.);
#1057=EDGE_CURVE('',#867,#868,#345,.T.);
#1058=EDGE_CURVE('',#867,#869,#346,.T.);
#1059=EDGE_CURVE('',#869,#870,#347,.T.);
#1060=EDGE_CURVE('',#868,#870,#348,.T.);
#1061=EDGE_CURVE('',#871,#867,#349,.T.);
#1062=EDGE_CURVE('',#871,#872,#350,.T.);
#1063=EDGE_CURVE('',#872,#869,#351,.T.);
#1064=EDGE_CURVE('',#873,#871,#352,.T.);
#1065=EDGE_CURVE('',#873,#874,#353,.T.);
#1066=EDGE_CURVE('',#874,#872,#354,.T.);
#1067=EDGE_CURVE('',#868,#873,#355,.T.);
#1068=EDGE_CURVE('',#870,#874,#356,.T.);
#1069=EDGE_CURVE('',#875,#876,#357,.T.);
#1070=EDGE_CURVE('',#875,#877,#358,.T.);
#1071=EDGE_CURVE('',#877,#878,#359,.T.);
#1072=EDGE_CURVE('',#876,#878,#360,.T.);
#1073=EDGE_CURVE('',#879,#875,#361,.T.);
#1074=EDGE_CURVE('',#879,#880,#362,.T.);
#1075=EDGE_CURVE('',#880,#877,#363,.T.);
#1076=EDGE_CURVE('',#881,#879,#364,.T.);
#1077=EDGE_CURVE('',#881,#882,#365,.T.);
#1078=EDGE_CURVE('',#882,#880,#366,.T.);
#1079=EDGE_CURVE('',#876,#881,#367,.T.);
#1080=EDGE_CURVE('',#878,#882,#368,.T.);
#1081=EDGE_CURVE('',#883,#884,#369,.T.);
#1082=EDGE_CURVE('',#883,#885,#370,.T.);
#1083=EDGE_CURVE('',#885,#886,#371,.T.);
#1084=EDGE_CURVE('',#884,#886,#372,.T.);
#1085=EDGE_CURVE('',#887,#883,#373,.T.);
#1086=EDGE_CURVE('',#887,#888,#374,.T.);
#1087=EDGE_CURVE('',#888,#885,#375,.T.);
#1088=EDGE_CURVE('',#889,#887,#376,.T.);
#1089=EDGE_CURVE('',#889,#890,#377,.T.);
#1090=EDGE_CURVE('',#890,#888,#378,.T.);
#1091=EDGE_CURVE('',#884,#889,#379,.T.);
#1092=EDGE_CURVE('',#886,#890,#380,.T.);
#1093=EDGE_CURVE('',#891,#892,#381,.T.);
#1094=EDGE_CURVE('',#891,#893,#382,.T.);
#1095=EDGE_CURVE('',#893,#894,#383,.T.);
#1096=EDGE_CURVE('',#892,#894,#384,.T.);
#1097=EDGE_CURVE('',#895,#891,#385,.T.);
#1098=EDGE_CURVE('',#895,#896,#386,.T.);
#1099=EDGE_CURVE('',#896,#893,#387,.T.);
#1100=EDGE_CURVE('',#897,#895,#388,.T.);
#1101=EDGE_CURVE('',#897,#898,#389,.T.);
#1102=EDGE_CURVE('',#898,#896,#390,.T.);
#1103=EDGE_CURVE('',#892,#897,#391,.T.);
#1104=EDGE_CURVE('',#894,#898,#392,.T.);
#1105=EDGE_CURVE('',#899,#900,#393,.T.);
#1106=EDGE_CURVE('',#899,#901,#394,.T.);
#1107=EDGE_CURVE('',#901,#902,#395,.T.);
#1108=EDGE_CURVE('',#900,#902,#396,.T.);
#1109=EDGE_CURVE('',#903,#899,#397,.T.);
#1110=EDGE_CURVE('',#903,#904,#398,.T.);
#1111=EDGE_CURVE('',#904,#901,#399,.T.);
#1112=EDGE_CURVE('',#905,#903,#400,.T.);
#1113=EDGE_CURVE('',#905,#906,#401,.T.);
#1114=EDGE_CURVE('',#906,#904,#402,.T.);
#1115=EDGE_CURVE('',#900,#905,#403,.T.);
#1116=EDGE_CURVE('',#902,#906,#404,.T.);
#1117=EDGE_CURVE('',#907,#908,#405,.T.);
#1118=EDGE_CURVE('',#907,#909,#406,.T.);
#1119=EDGE_CURVE('',#909,#910,#407,.T.);
#1120=EDGE_CURVE('',#908,#910,#408,.T.);
#1121=EDGE_CURVE('',#911,#907,#409,.T.);
#1122=EDGE_CURVE('',#911,#912,#410,.T.);
#1123=EDGE_CURVE('',#912,#909,#411,.T.);
#1124=EDGE_CURVE('',#913,#911,#412,.T.);
#1125=EDGE_CURVE('',#913,#914,#413,.T.);
#1126=EDGE_CURVE('',#914,#912,#414,.T.);
#1127=EDGE_CURVE('',#908,#913,#415,.T.);
#1128=EDGE_CURVE('',#910,#914,#416,.T.);
#1129=EDGE_CURVE('',#915,#916,#417,.T.);
#1130=EDGE_CURVE('',#916,#917,#418,.T.);
#1131=EDGE_CURVE('',#918,#917,#419,.T.);
#1132=EDGE_CURVE('',#915,#918,#420,.T.);
#1133=EDGE_CURVE('',#919,#915,#421,.T.);
#1134=EDGE_CURVE('',#920,#918,#422,.T.);
#1135=EDGE_CURVE('',#919,#920,#423,.T.);
#1136=EDGE_CURVE('',#921,#919,#424,.T.);
#1137=EDGE_CURVE('',#922,#920,#425,.T.);
#1138=EDGE_CURVE('',#921,#922,#426,.T.);
#1139=EDGE_CURVE('',#916,#921,#427,.T.);
#1140=EDGE_CURVE('',#917,#922,#428,.T.);
#1141=EDGE_CURVE('',#923,#924,#429,.T.);
#1142=EDGE_CURVE('',#925,#923,#430,.T.);
#1143=EDGE_CURVE('',#926,#925,#431,.T.);
#1144=EDGE_CURVE('',#924,#926,#432,.T.);
#1145=EDGE_CURVE('',#925,#927,#433,.T.);
#1146=EDGE_CURVE('',#928,#927,#434,.T.);
#1147=EDGE_CURVE('',#926,#928,#435,.T.);
#1148=EDGE_CURVE('',#923,#929,#436,.T.);
#1149=EDGE_CURVE('',#927,#929,#437,.T.);
#1150=EDGE_CURVE('',#930,#928,#438,.T.);
#1151=EDGE_CURVE('',#924,#930,#439,.T.);
#1152=EDGE_CURVE('',#929,#930,#440,.T.);
#1153=EDGE_CURVE('',#931,#932,#441,.T.);
#1154=EDGE_CURVE('',#932,#933,#442,.T.);
#1155=EDGE_CURVE('',#934,#933,#443,.T.);
#1156=EDGE_CURVE('',#931,#934,#444,.T.);
#1157=EDGE_CURVE('',#935,#931,#445,.T.);
#1158=EDGE_CURVE('',#936,#934,#446,.T.);
#1159=EDGE_CURVE('',#935,#936,#447,.T.);
#1160=EDGE_CURVE('',#937,#935,#448,.T.);
#1161=EDGE_CURVE('',#938,#936,#449,.T.);
#1162=EDGE_CURVE('',#937,#938,#450,.T.);
#1163=EDGE_CURVE('',#932,#937,#451,.T.);
#1164=EDGE_CURVE('',#933,#938,#452,.T.);
#1165=EDGE_CURVE('',#939,#940,#453,.T.);
#1166=EDGE_CURVE('',#941,#939,#454,.T.);
#1167=EDGE_CURVE('',#942,#941,#455,.T.);
#1168=EDGE_CURVE('',#942,#940,#456,.T.);
#1169=EDGE_CURVE('',#940,#943,#457,.T.);
#1170=EDGE_CURVE('',#944,#942,#458,.T.);
#1171=EDGE_CURVE('',#944,#943,#459,.T.);
#1172=EDGE_CURVE('',#943,#945,#460,.T.);
#1173=EDGE_CURVE('',#946,#944,#461,.T.);
#1174=EDGE_CURVE('',#946,#945,#462,.T.);
#1175=EDGE_CURVE('',#945,#939,#463,.T.);
#1176=EDGE_CURVE('',#941,#946,#464,.T.);
#1177=EDGE_CURVE('',#947,#948,#465,.T.);
#1178=EDGE_CURVE('',#949,#947,#466,.T.);
#1179=EDGE_CURVE('',#950,#949,#467,.T.);
#1180=EDGE_CURVE('',#950,#948,#468,.T.);
#1181=EDGE_CURVE('',#948,#951,#469,.T.);
#1182=EDGE_CURVE('',#952,#950,#470,.T.);
#1183=EDGE_CURVE('',#952,#951,#471,.T.);
#1184=EDGE_CURVE('',#951,#953,#472,.T.);
#1185=EDGE_CURVE('',#954,#952,#473,.T.);
#1186=EDGE_CURVE('',#954,#953,#474,.T.);
#1187=EDGE_CURVE('',#953,#947,#475,.T.);
#1188=EDGE_CURVE('',#949,#954,#476,.T.);
#1189=EDGE_CURVE('',#955,#956,#477,.T.);
#1190=EDGE_CURVE('',#957,#955,#478,.T.);
#1191=EDGE_CURVE('',#958,#957,#479,.T.);
#1192=EDGE_CURVE('',#958,#956,#480,.T.);
#1193=EDGE_CURVE('',#956,#959,#481,.T.);
#1194=EDGE_CURVE('',#960,#958,#482,.T.);
#1195=EDGE_CURVE('',#960,#959,#483,.T.);
#1196=EDGE_CURVE('',#959,#961,#484,.T.);
#1197=EDGE_CURVE('',#962,#960,#485,.T.);
#1198=EDGE_CURVE('',#962,#961,#486,.T.);
#1199=EDGE_CURVE('',#961,#955,#487,.T.);
#1200=EDGE_CURVE('',#957,#962,#488,.T.);
#1201=EDGE_CURVE('',#963,#964,#489,.T.);
#1202=EDGE_CURVE('',#965,#963,#490,.T.);
#1203=EDGE_CURVE('',#966,#965,#491,.T.);
#1204=EDGE_CURVE('',#966,#964,#492,.T.);
#1205=EDGE_CURVE('',#964,#967,#493,.T.);
#1206=EDGE_CURVE('',#968,#966,#494,.T.);
#1207=EDGE_CURVE('',#968,#967,#495,.T.);
#1208=EDGE_CURVE('',#967,#969,#496,.T.);
#1209=EDGE_CURVE('',#970,#968,#497,.T.);
#1210=EDGE_CURVE('',#970,#969,#498,.T.);
#1211=EDGE_CURVE('',#969,#963,#499,.T.);
#1212=EDGE_CURVE('',#965,#970,#500,.T.);
#1213=EDGE_CURVE('',#971,#972,#501,.T.);
#1214=EDGE_CURVE('',#972,#973,#502,.T.);
#1215=EDGE_CURVE('',#974,#973,#503,.T.);
#1216=EDGE_CURVE('',#971,#974,#504,.T.);
#1217=EDGE_CURVE('',#975,#971,#505,.T.);
#1218=EDGE_CURVE('',#976,#974,#506,.T.);
#1219=EDGE_CURVE('',#975,#976,#507,.T.);
#1220=EDGE_CURVE('',#977,#975,#508,.T.);
#1221=EDGE_CURVE('',#978,#976,#509,.T.);
#1222=EDGE_CURVE('',#977,#978,#510,.T.);
#1223=EDGE_CURVE('',#972,#977,#511,.T.);
#1224=EDGE_CURVE('',#973,#978,#512,.T.);
#1225=EDGE_CURVE('',#979,#980,#513,.T.);
#1226=EDGE_CURVE('',#981,#979,#514,.T.);
#1227=EDGE_CURVE('',#982,#981,#515,.T.);
#1228=EDGE_CURVE('',#980,#982,#516,.T.);
#1229=EDGE_CURVE('',#981,#983,#517,.T.);
#1230=EDGE_CURVE('',#984,#983,#518,.T.);
#1231=EDGE_CURVE('',#982,#984,#519,.T.);
#1232=EDGE_CURVE('',#979,#985,#520,.T.);
#1233=EDGE_CURVE('',#983,#985,#521,.T.);
#1234=EDGE_CURVE('',#986,#984,#522,.T.);
#1235=EDGE_CURVE('',#980,#986,#523,.T.);
#1236=EDGE_CURVE('',#985,#986,#524,.T.);
#1237=EDGE_CURVE('',#987,#988,#525,.T.);
#1238=EDGE_CURVE('',#987,#989,#526,.T.);
#1239=EDGE_CURVE('',#990,#989,#527,.T.);
#1240=EDGE_CURVE('',#988,#990,#528,.T.);
#1241=EDGE_CURVE('',#988,#991,#529,.T.);
#1242=EDGE_CURVE('',#992,#990,#530,.T.);
#1243=EDGE_CURVE('',#991,#992,#531,.T.);
#1244=EDGE_CURVE('',#991,#993,#532,.T.);
#1245=EDGE_CURVE('',#994,#992,#533,.T.);
#1246=EDGE_CURVE('',#993,#994,#534,.T.);
#1247=EDGE_CURVE('',#993,#987,#535,.T.);
#1248=EDGE_CURVE('',#989,#994,#536,.T.);
#1249=EDGE_CURVE('',#995,#996,#537,.T.);
#1250=EDGE_CURVE('',#995,#997,#538,.T.);
#1251=EDGE_CURVE('',#998,#997,#539,.T.);
#1252=EDGE_CURVE('',#996,#998,#540,.T.);
#1253=EDGE_CURVE('',#996,#999,#541,.T.);
#1254=EDGE_CURVE('',#1000,#998,#542,.T.);
#1255=EDGE_CURVE('',#999,#1000,#543,.T.);
#1256=EDGE_CURVE('',#999,#1001,#544,.T.);
#1257=EDGE_CURVE('',#1002,#1000,#545,.T.);
#1258=EDGE_CURVE('',#1001,#1002,#546,.T.);
#1259=EDGE_CURVE('',#1001,#995,#547,.T.);
#1260=EDGE_CURVE('',#997,#1002,#548,.T.);
#1261=EDGE_CURVE('',#1003,#1004,#549,.T.);
#1262=EDGE_CURVE('',#1004,#1005,#550,.T.);
#1263=EDGE_CURVE('',#1006,#1005,#551,.T.);
#1264=EDGE_CURVE('',#1003,#1006,#552,.T.);
#1265=EDGE_CURVE('',#1007,#1003,#553,.T.);
#1266=EDGE_CURVE('',#1008,#1006,#554,.T.);
#1267=EDGE_CURVE('',#1007,#1008,#555,.T.);
#1268=EDGE_CURVE('',#1009,#1007,#556,.T.);
#1269=EDGE_CURVE('',#1010,#1008,#557,.T.);
#1270=EDGE_CURVE('',#1009,#1010,#558,.T.);
#1271=EDGE_CURVE('',#1009,#1011,#559,.T.);
#1272=EDGE_CURVE('',#1012,#1010,#560,.T.);
#1273=EDGE_CURVE('',#1011,#1012,#561,.T.);
#1274=EDGE_CURVE('',#1004,#1011,#562,.T.);
#1275=EDGE_CURVE('',#1005,#1012,#563,.T.);
#1276=EDGE_CURVE('',#1013,#1014,#564,.T.);
#1277=EDGE_CURVE('',#1013,#1015,#565,.T.);
#1278=EDGE_CURVE('',#1016,#1015,#566,.T.);
#1279=EDGE_CURVE('',#1014,#1016,#567,.T.);
#1280=EDGE_CURVE('',#1014,#1017,#568,.T.);
#1281=EDGE_CURVE('',#1018,#1016,#569,.T.);
#1282=EDGE_CURVE('',#1017,#1018,#570,.T.);
#1283=EDGE_CURVE('',#1017,#1019,#571,.T.);
#1284=EDGE_CURVE('',#1020,#1018,#572,.T.);
#1285=EDGE_CURVE('',#1019,#1020,#573,.T.);
#1286=EDGE_CURVE('',#1019,#1013,#574,.T.);
#1287=EDGE_CURVE('',#1015,#1020,#575,.T.);
#1288=ORIENTED_EDGE('',*,*,#1021,.F.);
#1289=ORIENTED_EDGE('',*,*,#1022,.T.);
#1290=ORIENTED_EDGE('',*,*,#1023,.T.);
#1291=ORIENTED_EDGE('',*,*,#1024,.F.);
#1292=ORIENTED_EDGE('',*,*,#1025,.F.);
#1293=ORIENTED_EDGE('',*,*,#1026,.T.);
#1294=ORIENTED_EDGE('',*,*,#1027,.T.);
#1295=ORIENTED_EDGE('',*,*,#1022,.F.);
#1296=ORIENTED_EDGE('',*,*,#1028,.F.);
#1297=ORIENTED_EDGE('',*,*,#1029,.T.);
#1298=ORIENTED_EDGE('',*,*,#1030,.T.);
#1299=ORIENTED_EDGE('',*,*,#1026,.F.);
#1300=ORIENTED_EDGE('',*,*,#1031,.F.);
#1301=ORIENTED_EDGE('',*,*,#1032,.T.);
#1302=ORIENTED_EDGE('',*,*,#1033,.T.);
#1303=ORIENTED_EDGE('',*,*,#1029,.F.);
#1304=ORIENTED_EDGE('',*,*,#1034,.F.);
#1305=ORIENTED_EDGE('',*,*,#1035,.T.);
#1306=ORIENTED_EDGE('',*,*,#1036,.T.);
#1307=ORIENTED_EDGE('',*,*,#1032,.F.);
#1308=ORIENTED_EDGE('',*,*,#1037,.F.);
#1309=ORIENTED_EDGE('',*,*,#1038,.T.);
#1310=ORIENTED_EDGE('',*,*,#1039,.T.);
#1311=ORIENTED_EDGE('',*,*,#1035,.F.);
#1312=ORIENTED_EDGE('',*,*,#1040,.F.);
#1313=ORIENTED_EDGE('',*,*,#1041,.T.);
#1314=ORIENTED_EDGE('',*,*,#1042,.T.);
#1315=ORIENTED_EDGE('',*,*,#1038,.F.);
#1316=ORIENTED_EDGE('',*,*,#1043,.F.);
#1317=ORIENTED_EDGE('',*,*,#1044,.T.);
#1318=ORIENTED_EDGE('',*,*,#1045,.T.);
#1319=ORIENTED_EDGE('',*,*,#1041,.F.);
#1320=ORIENTED_EDGE('',*,*,#1046,.F.);
#1321=ORIENTED_EDGE('',*,*,#1047,.T.);
#1322=ORIENTED_EDGE('',*,*,#1048,.T.);
#1323=ORIENTED_EDGE('',*,*,#1044,.F.);
#1324=ORIENTED_EDGE('',*,*,#1049,.F.);
#1325=ORIENTED_EDGE('',*,*,#1050,.T.);
#1326=ORIENTED_EDGE('',*,*,#1051,.T.);
#1327=ORIENTED_EDGE('',*,*,#1047,.F.);
#1328=ORIENTED_EDGE('',*,*,#1052,.F.);
#1329=ORIENTED_EDGE('',*,*,#1053,.T.);
#1330=ORIENTED_EDGE('',*,*,#1054,.T.);
#1331=ORIENTED_EDGE('',*,*,#1050,.F.);
#1332=ORIENTED_EDGE('',*,*,#1055,.F.);
#1333=ORIENTED_EDGE('',*,*,#1024,.T.);
#1334=ORIENTED_EDGE('',*,*,#1056,.T.);
#1335=ORIENTED_EDGE('',*,*,#1053,.F.);
#1336=ORIENTED_EDGE('',*,*,#1056,.F.);
#1337=ORIENTED_EDGE('',*,*,#1023,.F.);
#1338=ORIENTED_EDGE('',*,*,#1027,.F.);
#1339=ORIENTED_EDGE('',*,*,#1030,.F.);
#1340=ORIENTED_EDGE('',*,*,#1033,.F.);
#1341=ORIENTED_EDGE('',*,*,#1036,.F.);
#1342=ORIENTED_EDGE('',*,*,#1039,.F.);
#1343=ORIENTED_EDGE('',*,*,#1042,.F.);
#1344=ORIENTED_EDGE('',*,*,#1045,.F.);
#1345=ORIENTED_EDGE('',*,*,#1048,.F.);
#1346=ORIENTED_EDGE('',*,*,#1051,.F.);
#1347=ORIENTED_EDGE('',*,*,#1054,.F.);
#1348=ORIENTED_EDGE('',*,*,#1057,.F.);
#1349=ORIENTED_EDGE('',*,*,#1058,.T.);
#1350=ORIENTED_EDGE('',*,*,#1059,.T.);
#1351=ORIENTED_EDGE('',*,*,#1060,.F.);
#1352=ORIENTED_EDGE('',*,*,#1061,.F.);
#1353=ORIENTED_EDGE('',*,*,#1062,.T.);
#1354=ORIENTED_EDGE('',*,*,#1063,.T.);
#1355=ORIENTED_EDGE('',*,*,#1058,.F.);
#1356=ORIENTED_EDGE('',*,*,#1064,.F.);
#1357=ORIENTED_EDGE('',*,*,#1065,.T.);
#1358=ORIENTED_EDGE('',*,*,#1066,.T.);
#1359=ORIENTED_EDGE('',*,*,#1062,.F.);
#1360=ORIENTED_EDGE('',*,*,#1067,.F.);
#1361=ORIENTED_EDGE('',*,*,#1060,.T.);
#1362=ORIENTED_EDGE('',*,*,#1068,.T.);
#1363=ORIENTED_EDGE('',*,*,#1065,.F.);
#1364=ORIENTED_EDGE('',*,*,#1068,.F.);
#1365=ORIENTED_EDGE('',*,*,#1059,.F.);
#1366=ORIENTED_EDGE('',*,*,#1063,.F.);
#1367=ORIENTED_EDGE('',*,*,#1066,.F.);
#1368=ORIENTED_EDGE('',*,*,#1069,.F.);
#1369=ORIENTED_EDGE('',*,*,#1070,.T.);
#1370=ORIENTED_EDGE('',*,*,#1071,.T.);
#1371=ORIENTED_EDGE('',*,*,#1072,.F.);
#1372=ORIENTED_EDGE('',*,*,#1073,.F.);
#1373=ORIENTED_EDGE('',*,*,#1074,.T.);
#1374=ORIENTED_EDGE('',*,*,#1075,.T.);
#1375=ORIENTED_EDGE('',*,*,#1070,.F.);
#1376=ORIENTED_EDGE('',*,*,#1076,.F.);
#1377=ORIENTED_EDGE('',*,*,#1077,.T.);
#1378=ORIENTED_EDGE('',*,*,#1078,.T.);
#1379=ORIENTED_EDGE('',*,*,#1074,.F.);
#1380=ORIENTED_EDGE('',*,*,#1079,.F.);
#1381=ORIENTED_EDGE('',*,*,#1072,.T.);
#1382=ORIENTED_EDGE('',*,*,#1080,.T.);
#1383=ORIENTED_EDGE('',*,*,#1077,.F.);
#1384=ORIENTED_EDGE('',*,*,#1080,.F.);
#1385=ORIENTED_EDGE('',*,*,#1071,.F.);
#1386=ORIENTED_EDGE('',*,*,#1075,.F.);
#1387=ORIENTED_EDGE('',*,*,#1078,.F.);
#1388=ORIENTED_EDGE('',*,*,#1081,.F.);
#1389=ORIENTED_EDGE('',*,*,#1082,.T.);
#1390=ORIENTED_EDGE('',*,*,#1083,.T.);
#1391=ORIENTED_EDGE('',*,*,#1084,.F.);
#1392=ORIENTED_EDGE('',*,*,#1085,.F.);
#1393=ORIENTED_EDGE('',*,*,#1086,.T.);
#1394=ORIENTED_EDGE('',*,*,#1087,.T.);
#1395=ORIENTED_EDGE('',*,*,#1082,.F.);
#1396=ORIENTED_EDGE('',*,*,#1088,.F.);
#1397=ORIENTED_EDGE('',*,*,#1089,.T.);
#1398=ORIENTED_EDGE('',*,*,#1090,.T.);
#1399=ORIENTED_EDGE('',*,*,#1086,.F.);
#1400=ORIENTED_EDGE('',*,*,#1091,.F.);
#1401=ORIENTED_EDGE('',*,*,#1084,.T.);
#1402=ORIENTED_EDGE('',*,*,#1092,.T.);
#1403=ORIENTED_EDGE('',*,*,#1089,.F.);
#1404=ORIENTED_EDGE('',*,*,#1092,.F.);
#1405=ORIENTED_EDGE('',*,*,#1083,.F.);
#1406=ORIENTED_EDGE('',*,*,#1087,.F.);
#1407=ORIENTED_EDGE('',*,*,#1090,.F.);
#1408=ORIENTED_EDGE('',*,*,#1093,.F.);
#1409=ORIENTED_EDGE('',*,*,#1094,.T.);
#1410=ORIENTED_EDGE('',*,*,#1095,.T.);
#1411=ORIENTED_EDGE('',*,*,#1096,.F.);
#1412=ORIENTED_EDGE('',*,*,#1097,.F.);
#1413=ORIENTED_EDGE('',*,*,#1098,.T.);
#1414=ORIENTED_EDGE('',*,*,#1099,.T.);
#1415=ORIENTED_EDGE('',*,*,#1094,.F.);
#1416=ORIENTED_EDGE('',*,*,#1100,.F.);
#1417=ORIENTED_EDGE('',*,*,#1101,.T.);
#1418=ORIENTED_EDGE('',*,*,#1102,.T.);
#1419=ORIENTED_EDGE('',*,*,#1098,.F.);
#1420=ORIENTED_EDGE('',*,*,#1103,.F.);
#1421=ORIENTED_EDGE('',*,*,#1096,.T.);
#1422=ORIENTED_EDGE('',*,*,#1104,.T.);
#1423=ORIENTED_EDGE('',*,*,#1101,.F.);
#1424=ORIENTED_EDGE('',*,*,#1104,.F.);
#1425=ORIENTED_EDGE('',*,*,#1095,.F.);
#1426=ORIENTED_EDGE('',*,*,#1099,.F.);
#1427=ORIENTED_EDGE('',*,*,#1102,.F.);
#1428=ORIENTED_EDGE('',*,*,#1105,.F.);
#1429=ORIENTED_EDGE('',*,*,#1106,.T.);
#1430=ORIENTED_EDGE('',*,*,#1107,.T.);
#1431=ORIENTED_EDGE('',*,*,#1108,.F.);
#1432=ORIENTED_EDGE('',*,*,#1109,.F.);
#1433=ORIENTED_EDGE('',*,*,#1110,.T.);
#1434=ORIENTED_EDGE('',*,*,#1111,.T.);
#1435=ORIENTED_EDGE('',*,*,#1106,.F.);
#1436=ORIENTED_EDGE('',*,*,#1112,.F.);
#1437=ORIENTED_EDGE('',*,*,#1113,.T.);
#1438=ORIENTED_EDGE('',*,*,#1114,.T.);
#1439=ORIENTED_EDGE('',*,*,#1110,.F.);
#1440=ORIENTED_EDGE('',*,*,#1115,.F.);
#1441=ORIENTED_EDGE('',*,*,#1108,.T.);
#1442=ORIENTED_EDGE('',*,*,#1116,.T.);
#1443=ORIENTED_EDGE('',*,*,#1113,.F.);
#1444=ORIENTED_EDGE('',*,*,#1116,.F.);
#1445=ORIENTED_EDGE('',*,*,#1107,.F.);
#1446=ORIENTED_EDGE('',*,*,#1111,.F.);
#1447=ORIENTED_EDGE('',*,*,#1114,.F.);
#1448=ORIENTED_EDGE('',*,*,#1117,.F.);
#1449=ORIENTED_EDGE('',*,*,#1118,.T.);
#1450=ORIENTED_EDGE('',*,*,#1119,.T.);
#1451=ORIENTED_EDGE('',*,*,#1120,.F.);
#1452=ORIENTED_EDGE('',*,*,#1121,.F.);
#1453=ORIENTED_EDGE('',*,*,#1122,.T.);
#1454=ORIENTED_EDGE('',*,*,#1123,.T.);
#1455=ORIENTED_EDGE('',*,*,#1118,.F.);
#1456=ORIENTED_EDGE('',*,*,#1124,.F.);
#1457=ORIENTED_EDGE('',*,*,#1125,.T.);
#1458=ORIENTED_EDGE('',*,*,#1126,.T.);
#1459=ORIENTED_EDGE('',*,*,#1122,.F.);
#1460=ORIENTED_EDGE('',*,*,#1127,.F.);
#1461=ORIENTED_EDGE('',*,*,#1120,.T.);
#1462=ORIENTED_EDGE('',*,*,#1128,.T.);
#1463=ORIENTED_EDGE('',*,*,#1125,.F.);
#1464=ORIENTED_EDGE('',*,*,#1128,.F.);
#1465=ORIENTED_EDGE('',*,*,#1119,.F.);
#1466=ORIENTED_EDGE('',*,*,#1123,.F.);
#1467=ORIENTED_EDGE('',*,*,#1126,.F.);
#1468=ORIENTED_EDGE('',*,*,#1129,.T.);
#1469=ORIENTED_EDGE('',*,*,#1130,.T.);
#1470=ORIENTED_EDGE('',*,*,#1131,.F.);
#1471=ORIENTED_EDGE('',*,*,#1132,.F.);
#1472=ORIENTED_EDGE('',*,*,#1133,.T.);
#1473=ORIENTED_EDGE('',*,*,#1132,.T.);
#1474=ORIENTED_EDGE('',*,*,#1134,.F.);
#1475=ORIENTED_EDGE('',*,*,#1135,.F.);
#1476=ORIENTED_EDGE('',*,*,#1136,.T.);
#1477=ORIENTED_EDGE('',*,*,#1135,.T.);
#1478=ORIENTED_EDGE('',*,*,#1137,.F.);
#1479=ORIENTED_EDGE('',*,*,#1138,.F.);
#1480=ORIENTED_EDGE('',*,*,#1139,.T.);
#1481=ORIENTED_EDGE('',*,*,#1138,.T.);
#1482=ORIENTED_EDGE('',*,*,#1140,.F.);
#1483=ORIENTED_EDGE('',*,*,#1130,.F.);
#1484=ORIENTED_EDGE('',*,*,#1141,.F.);
#1485=ORIENTED_EDGE('',*,*,#1142,.F.);
#1486=ORIENTED_EDGE('',*,*,#1143,.F.);
#1487=ORIENTED_EDGE('',*,*,#1144,.F.);
#1488=ORIENTED_EDGE('',*,*,#1140,.T.);
#1489=ORIENTED_EDGE('',*,*,#1137,.T.);
#1490=ORIENTED_EDGE('',*,*,#1134,.T.);
#1491=ORIENTED_EDGE('',*,*,#1131,.T.);
#1492=ORIENTED_EDGE('',*,*,#1143,.T.);
#1493=ORIENTED_EDGE('',*,*,#1145,.T.);
#1494=ORIENTED_EDGE('',*,*,#1146,.F.);
#1495=ORIENTED_EDGE('',*,*,#1147,.F.);
#1496=ORIENTED_EDGE('',*,*,#1142,.T.);
#1497=ORIENTED_EDGE('',*,*,#1148,.T.);
#1498=ORIENTED_EDGE('',*,*,#1149,.F.);
#1499=ORIENTED_EDGE('',*,*,#1145,.F.);
#1500=ORIENTED_EDGE('',*,*,#1144,.T.);
#1501=ORIENTED_EDGE('',*,*,#1147,.T.);
#1502=ORIENTED_EDGE('',*,*,#1150,.F.);
#1503=ORIENTED_EDGE('',*,*,#1151,.F.);
#1504=ORIENTED_EDGE('',*,*,#1141,.T.);
#1505=ORIENTED_EDGE('',*,*,#1151,.T.);
#1506=ORIENTED_EDGE('',*,*,#1152,.F.);
#1507=ORIENTED_EDGE('',*,*,#1148,.F.);
#1508=ORIENTED_EDGE('',*,*,#1153,.T.);
#1509=ORIENTED_EDGE('',*,*,#1154,.T.);
#1510=ORIENTED_EDGE('',*,*,#1155,.F.);
#1511=ORIENTED_EDGE('',*,*,#1156,.F.);
#1512=ORIENTED_EDGE('',*,*,#1157,.T.);
#1513=ORIENTED_EDGE('',*,*,#1156,.T.);
#1514=ORIENTED_EDGE('',*,*,#1158,.F.);
#1515=ORIENTED_EDGE('',*,*,#1159,.F.);
#1516=ORIENTED_EDGE('',*,*,#1160,.T.);
#1517=ORIENTED_EDGE('',*,*,#1159,.T.);
#1518=ORIENTED_EDGE('',*,*,#1161,.F.);
#1519=ORIENTED_EDGE('',*,*,#1162,.F.);
#1520=ORIENTED_EDGE('',*,*,#1163,.T.);
#1521=ORIENTED_EDGE('',*,*,#1162,.T.);
#1522=ORIENTED_EDGE('',*,*,#1164,.F.);
#1523=ORIENTED_EDGE('',*,*,#1154,.F.);
#1524=ORIENTED_EDGE('',*,*,#1164,.T.);
#1525=ORIENTED_EDGE('',*,*,#1161,.T.);
#1526=ORIENTED_EDGE('',*,*,#1158,.T.);
#1527=ORIENTED_EDGE('',*,*,#1155,.T.);
#1528=ORIENTED_EDGE('',*,*,#1081,.T.);
#1529=ORIENTED_EDGE('',*,*,#1091,.T.);
#1530=ORIENTED_EDGE('',*,*,#1088,.T.);
#1531=ORIENTED_EDGE('',*,*,#1085,.T.);
#1532=ORIENTED_EDGE('',*,*,#1093,.T.);
#1533=ORIENTED_EDGE('',*,*,#1103,.T.);
#1534=ORIENTED_EDGE('',*,*,#1100,.T.);
#1535=ORIENTED_EDGE('',*,*,#1097,.T.);
#1536=ORIENTED_EDGE('',*,*,#1105,.T.);
#1537=ORIENTED_EDGE('',*,*,#1115,.T.);
#1538=ORIENTED_EDGE('',*,*,#1112,.T.);
#1539=ORIENTED_EDGE('',*,*,#1109,.T.);
#1540=ORIENTED_EDGE('',*,*,#1117,.T.);
#1541=ORIENTED_EDGE('',*,*,#1127,.T.);
#1542=ORIENTED_EDGE('',*,*,#1124,.T.);
#1543=ORIENTED_EDGE('',*,*,#1121,.T.);
#1544=ORIENTED_EDGE('',*,*,#1152,.T.);
#1545=ORIENTED_EDGE('',*,*,#1150,.T.);
#1546=ORIENTED_EDGE('',*,*,#1146,.T.);
#1547=ORIENTED_EDGE('',*,*,#1149,.T.);
#1548=ORIENTED_EDGE('',*,*,#1163,.F.);
#1549=ORIENTED_EDGE('',*,*,#1153,.F.);
#1550=ORIENTED_EDGE('',*,*,#1157,.F.);
#1551=ORIENTED_EDGE('',*,*,#1160,.F.);
#1552=ORIENTED_EDGE('',*,*,#1021,.T.);
#1553=ORIENTED_EDGE('',*,*,#1055,.T.);
#1554=ORIENTED_EDGE('',*,*,#1052,.T.);
#1555=ORIENTED_EDGE('',*,*,#1049,.T.);
#1556=ORIENTED_EDGE('',*,*,#1046,.T.);
#1557=ORIENTED_EDGE('',*,*,#1043,.T.);
#1558=ORIENTED_EDGE('',*,*,#1040,.T.);
#1559=ORIENTED_EDGE('',*,*,#1037,.T.);
#1560=ORIENTED_EDGE('',*,*,#1034,.T.);
#1561=ORIENTED_EDGE('',*,*,#1031,.T.);
#1562=ORIENTED_EDGE('',*,*,#1028,.T.);
#1563=ORIENTED_EDGE('',*,*,#1025,.T.);
#1564=ORIENTED_EDGE('',*,*,#1057,.T.);
#1565=ORIENTED_EDGE('',*,*,#1067,.T.);
#1566=ORIENTED_EDGE('',*,*,#1064,.T.);
#1567=ORIENTED_EDGE('',*,*,#1061,.T.);
#1568=ORIENTED_EDGE('',*,*,#1069,.T.);
#1569=ORIENTED_EDGE('',*,*,#1079,.T.);
#1570=ORIENTED_EDGE('',*,*,#1076,.T.);
#1571=ORIENTED_EDGE('',*,*,#1073,.T.);
#1572=ORIENTED_EDGE('',*,*,#1139,.F.);
#1573=ORIENTED_EDGE('',*,*,#1129,.F.);
#1574=ORIENTED_EDGE('',*,*,#1133,.F.);
#1575=ORIENTED_EDGE('',*,*,#1136,.F.);
#1576=ORIENTED_EDGE('',*,*,#1165,.F.);
#1577=ORIENTED_EDGE('',*,*,#1166,.F.);
#1578=ORIENTED_EDGE('',*,*,#1167,.F.);
#1579=ORIENTED_EDGE('',*,*,#1168,.T.);
#1580=ORIENTED_EDGE('',*,*,#1169,.F.);
#1581=ORIENTED_EDGE('',*,*,#1168,.F.);
#1582=ORIENTED_EDGE('',*,*,#1170,.F.);
#1583=ORIENTED_EDGE('',*,*,#1171,.T.);
#1584=ORIENTED_EDGE('',*,*,#1172,.F.);
#1585=ORIENTED_EDGE('',*,*,#1171,.F.);
#1586=ORIENTED_EDGE('',*,*,#1173,.F.);
#1587=ORIENTED_EDGE('',*,*,#1174,.T.);
#1588=ORIENTED_EDGE('',*,*,#1175,.F.);
#1589=ORIENTED_EDGE('',*,*,#1174,.F.);
#1590=ORIENTED_EDGE('',*,*,#1176,.F.);
#1591=ORIENTED_EDGE('',*,*,#1166,.T.);
#1592=ORIENTED_EDGE('',*,*,#1177,.F.);
#1593=ORIENTED_EDGE('',*,*,#1178,.F.);
#1594=ORIENTED_EDGE('',*,*,#1179,.F.);
#1595=ORIENTED_EDGE('',*,*,#1180,.T.);
#1596=ORIENTED_EDGE('',*,*,#1181,.F.);
#1597=ORIENTED_EDGE('',*,*,#1180,.F.);
#1598=ORIENTED_EDGE('',*,*,#1182,.F.);
#1599=ORIENTED_EDGE('',*,*,#1183,.T.);
#1600=ORIENTED_EDGE('',*,*,#1184,.F.);
#1601=ORIENTED_EDGE('',*,*,#1183,.F.);
#1602=ORIENTED_EDGE('',*,*,#1185,.F.);
#1603=ORIENTED_EDGE('',*,*,#1186,.T.);
#1604=ORIENTED_EDGE('',*,*,#1187,.F.);
#1605=ORIENTED_EDGE('',*,*,#1186,.F.);
#1606=ORIENTED_EDGE('',*,*,#1188,.F.);
#1607=ORIENTED_EDGE('',*,*,#1178,.T.);
#1608=ORIENTED_EDGE('',*,*,#1189,.F.);
#1609=ORIENTED_EDGE('',*,*,#1190,.F.);
#1610=ORIENTED_EDGE('',*,*,#1191,.F.);
#1611=ORIENTED_EDGE('',*,*,#1192,.T.);
#1612=ORIENTED_EDGE('',*,*,#1193,.F.);
#1613=ORIENTED_EDGE('',*,*,#1192,.F.);
#1614=ORIENTED_EDGE('',*,*,#1194,.F.);
#1615=ORIENTED_EDGE('',*,*,#1195,.T.);
#1616=ORIENTED_EDGE('',*,*,#1196,.F.);
#1617=ORIENTED_EDGE('',*,*,#1195,.F.);
#1618=ORIENTED_EDGE('',*,*,#1197,.F.);
#1619=ORIENTED_EDGE('',*,*,#1198,.T.);
#1620=ORIENTED_EDGE('',*,*,#1199,.F.);
#1621=ORIENTED_EDGE('',*,*,#1198,.F.);
#1622=ORIENTED_EDGE('',*,*,#1200,.F.);
#1623=ORIENTED_EDGE('',*,*,#1190,.T.);
#1624=ORIENTED_EDGE('',*,*,#1201,.F.);
#1625=ORIENTED_EDGE('',*,*,#1202,.F.);
#1626=ORIENTED_EDGE('',*,*,#1203,.F.);
#1627=ORIENTED_EDGE('',*,*,#1204,.T.);
#1628=ORIENTED_EDGE('',*,*,#1205,.F.);
#1629=ORIENTED_EDGE('',*,*,#1204,.F.);
#1630=ORIENTED_EDGE('',*,*,#1206,.F.);
#1631=ORIENTED_EDGE('',*,*,#1207,.T.);
#1632=ORIENTED_EDGE('',*,*,#1208,.F.);
#1633=ORIENTED_EDGE('',*,*,#1207,.F.);
#1634=ORIENTED_EDGE('',*,*,#1209,.F.);
#1635=ORIENTED_EDGE('',*,*,#1210,.T.);
#1636=ORIENTED_EDGE('',*,*,#1211,.F.);
#1637=ORIENTED_EDGE('',*,*,#1210,.F.);
#1638=ORIENTED_EDGE('',*,*,#1212,.F.);
#1639=ORIENTED_EDGE('',*,*,#1202,.T.);
#1640=ORIENTED_EDGE('',*,*,#1213,.T.);
#1641=ORIENTED_EDGE('',*,*,#1214,.T.);
#1642=ORIENTED_EDGE('',*,*,#1215,.F.);
#1643=ORIENTED_EDGE('',*,*,#1216,.F.);
#1644=ORIENTED_EDGE('',*,*,#1217,.T.);
#1645=ORIENTED_EDGE('',*,*,#1216,.T.);
#1646=ORIENTED_EDGE('',*,*,#1218,.F.);
#1647=ORIENTED_EDGE('',*,*,#1219,.F.);
#1648=ORIENTED_EDGE('',*,*,#1220,.T.);
#1649=ORIENTED_EDGE('',*,*,#1219,.T.);
#1650=ORIENTED_EDGE('',*,*,#1221,.F.);
#1651=ORIENTED_EDGE('',*,*,#1222,.F.);
#1652=ORIENTED_EDGE('',*,*,#1223,.T.);
#1653=ORIENTED_EDGE('',*,*,#1222,.T.);
#1654=ORIENTED_EDGE('',*,*,#1224,.F.);
#1655=ORIENTED_EDGE('',*,*,#1214,.F.);
#1656=ORIENTED_EDGE('',*,*,#1225,.F.);
#1657=ORIENTED_EDGE('',*,*,#1226,.F.);
#1658=ORIENTED_EDGE('',*,*,#1227,.F.);
#1659=ORIENTED_EDGE('',*,*,#1228,.F.);
#1660=ORIENTED_EDGE('',*,*,#1173,.T.);
#1661=ORIENTED_EDGE('',*,*,#1170,.T.);
#1662=ORIENTED_EDGE('',*,*,#1167,.T.);
#1663=ORIENTED_EDGE('',*,*,#1176,.T.);
#1664=ORIENTED_EDGE('',*,*,#1185,.T.);
#1665=ORIENTED_EDGE('',*,*,#1182,.T.);
#1666=ORIENTED_EDGE('',*,*,#1179,.T.);
#1667=ORIENTED_EDGE('',*,*,#1188,.T.);
#1668=ORIENTED_EDGE('',*,*,#1197,.T.);
#1669=ORIENTED_EDGE('',*,*,#1194,.T.);
#1670=ORIENTED_EDGE('',*,*,#1191,.T.);
#1671=ORIENTED_EDGE('',*,*,#1200,.T.);
#1672=ORIENTED_EDGE('',*,*,#1209,.T.);
#1673=ORIENTED_EDGE('',*,*,#1206,.T.);
#1674=ORIENTED_EDGE('',*,*,#1203,.T.);
#1675=ORIENTED_EDGE('',*,*,#1212,.T.);
#1676=ORIENTED_EDGE('',*,*,#1224,.T.);
#1677=ORIENTED_EDGE('',*,*,#1221,.T.);
#1678=ORIENTED_EDGE('',*,*,#1218,.T.);
#1679=ORIENTED_EDGE('',*,*,#1215,.T.);
#1680=ORIENTED_EDGE('',*,*,#1227,.T.);
#1681=ORIENTED_EDGE('',*,*,#1229,.T.);
#1682=ORIENTED_EDGE('',*,*,#1230,.F.);
#1683=ORIENTED_EDGE('',*,*,#1231,.F.);
#1684=ORIENTED_EDGE('',*,*,#1226,.T.);
#1685=ORIENTED_EDGE('',*,*,#1232,.T.);
#1686=ORIENTED_EDGE('',*,*,#1233,.F.);
#1687=ORIENTED_EDGE('',*,*,#1229,.F.);
#1688=ORIENTED_EDGE('',*,*,#1228,.T.);
#1689=ORIENTED_EDGE('',*,*,#1231,.T.);
#1690=ORIENTED_EDGE('',*,*,#1234,.F.);
#1691=ORIENTED_EDGE('',*,*,#1235,.F.);
#1692=ORIENTED_EDGE('',*,*,#1225,.T.);
#1693=ORIENTED_EDGE('',*,*,#1235,.T.);
#1694=ORIENTED_EDGE('',*,*,#1236,.F.);
#1695=ORIENTED_EDGE('',*,*,#1232,.F.);
#1696=ORIENTED_EDGE('',*,*,#1237,.F.);
#1697=ORIENTED_EDGE('',*,*,#1238,.T.);
#1698=ORIENTED_EDGE('',*,*,#1239,.F.);
#1699=ORIENTED_EDGE('',*,*,#1240,.F.);
#1700=ORIENTED_EDGE('',*,*,#1241,.F.);
#1701=ORIENTED_EDGE('',*,*,#1240,.T.);
#1702=ORIENTED_EDGE('',*,*,#1242,.F.);
#1703=ORIENTED_EDGE('',*,*,#1243,.F.);
#1704=ORIENTED_EDGE('',*,*,#1244,.F.);
#1705=ORIENTED_EDGE('',*,*,#1243,.T.);
#1706=ORIENTED_EDGE('',*,*,#1245,.F.);
#1707=ORIENTED_EDGE('',*,*,#1246,.F.);
#1708=ORIENTED_EDGE('',*,*,#1247,.F.);
#1709=ORIENTED_EDGE('',*,*,#1246,.T.);
#1710=ORIENTED_EDGE('',*,*,#1248,.F.);
#1711=ORIENTED_EDGE('',*,*,#1238,.F.);
#1712=ORIENTED_EDGE('',*,*,#1248,.T.);
#1713=ORIENTED_EDGE('',*,*,#1245,.T.);
#1714=ORIENTED_EDGE('',*,*,#1242,.T.);
#1715=ORIENTED_EDGE('',*,*,#1239,.T.);
#1716=ORIENTED_EDGE('',*,*,#1236,.T.);
#1717=ORIENTED_EDGE('',*,*,#1234,.T.);
#1718=ORIENTED_EDGE('',*,*,#1230,.T.);
#1719=ORIENTED_EDGE('',*,*,#1233,.T.);
#1720=ORIENTED_EDGE('',*,*,#1247,.T.);
#1721=ORIENTED_EDGE('',*,*,#1237,.T.);
#1722=ORIENTED_EDGE('',*,*,#1241,.T.);
#1723=ORIENTED_EDGE('',*,*,#1244,.T.);
#1724=ORIENTED_EDGE('',*,*,#1172,.T.);
#1725=ORIENTED_EDGE('',*,*,#1175,.T.);
#1726=ORIENTED_EDGE('',*,*,#1165,.T.);
#1727=ORIENTED_EDGE('',*,*,#1169,.T.);
#1728=ORIENTED_EDGE('',*,*,#1184,.T.);
#1729=ORIENTED_EDGE('',*,*,#1187,.T.);
#1730=ORIENTED_EDGE('',*,*,#1177,.T.);
#1731=ORIENTED_EDGE('',*,*,#1181,.T.);
#1732=ORIENTED_EDGE('',*,*,#1196,.T.);
#1733=ORIENTED_EDGE('',*,*,#1199,.T.);
#1734=ORIENTED_EDGE('',*,*,#1189,.T.);
#1735=ORIENTED_EDGE('',*,*,#1193,.T.);
#1736=ORIENTED_EDGE('',*,*,#1208,.T.);
#1737=ORIENTED_EDGE('',*,*,#1211,.T.);
#1738=ORIENTED_EDGE('',*,*,#1201,.T.);
#1739=ORIENTED_EDGE('',*,*,#1205,.T.);
#1740=ORIENTED_EDGE('',*,*,#1223,.F.);
#1741=ORIENTED_EDGE('',*,*,#1213,.F.);
#1742=ORIENTED_EDGE('',*,*,#1217,.F.);
#1743=ORIENTED_EDGE('',*,*,#1220,.F.);
#1744=ORIENTED_EDGE('',*,*,#1249,.F.);
#1745=ORIENTED_EDGE('',*,*,#1250,.T.);
#1746=ORIENTED_EDGE('',*,*,#1251,.F.);
#1747=ORIENTED_EDGE('',*,*,#1252,.F.);
#1748=ORIENTED_EDGE('',*,*,#1253,.F.);
#1749=ORIENTED_EDGE('',*,*,#1252,.T.);
#1750=ORIENTED_EDGE('',*,*,#1254,.F.);
#1751=ORIENTED_EDGE('',*,*,#1255,.F.);
#1752=ORIENTED_EDGE('',*,*,#1256,.F.);
#1753=ORIENTED_EDGE('',*,*,#1255,.T.);
#1754=ORIENTED_EDGE('',*,*,#1257,.F.);
#1755=ORIENTED_EDGE('',*,*,#1258,.F.);
#1756=ORIENTED_EDGE('',*,*,#1259,.F.);
#1757=ORIENTED_EDGE('',*,*,#1258,.T.);
#1758=ORIENTED_EDGE('',*,*,#1260,.F.);
#1759=ORIENTED_EDGE('',*,*,#1250,.F.);
#1760=ORIENTED_EDGE('',*,*,#1260,.T.);
#1761=ORIENTED_EDGE('',*,*,#1257,.T.);
#1762=ORIENTED_EDGE('',*,*,#1254,.T.);
#1763=ORIENTED_EDGE('',*,*,#1251,.T.);
#1764=ORIENTED_EDGE('',*,*,#1259,.T.);
#1765=ORIENTED_EDGE('',*,*,#1249,.T.);
#1766=ORIENTED_EDGE('',*,*,#1253,.T.);
#1767=ORIENTED_EDGE('',*,*,#1256,.T.);
#1768=ORIENTED_EDGE('',*,*,#1261,.T.);
#1769=ORIENTED_EDGE('',*,*,#1262,.T.);
#1770=ORIENTED_EDGE('',*,*,#1263,.F.);
#1771=ORIENTED_EDGE('',*,*,#1264,.F.);
#1772=ORIENTED_EDGE('',*,*,#1265,.T.);
#1773=ORIENTED_EDGE('',*,*,#1264,.T.);
#1774=ORIENTED_EDGE('',*,*,#1266,.F.);
#1775=ORIENTED_EDGE('',*,*,#1267,.F.);
#1776=ORIENTED_EDGE('',*,*,#1268,.T.);
#1777=ORIENTED_EDGE('',*,*,#1267,.T.);
#1778=ORIENTED_EDGE('',*,*,#1269,.F.);
#1779=ORIENTED_EDGE('',*,*,#1270,.F.);
#1780=ORIENTED_EDGE('',*,*,#1271,.F.);
#1781=ORIENTED_EDGE('',*,*,#1270,.T.);
#1782=ORIENTED_EDGE('',*,*,#1272,.F.);
#1783=ORIENTED_EDGE('',*,*,#1273,.F.);
#1784=ORIENTED_EDGE('',*,*,#1274,.T.);
#1785=ORIENTED_EDGE('',*,*,#1273,.T.);
#1786=ORIENTED_EDGE('',*,*,#1275,.F.);
#1787=ORIENTED_EDGE('',*,*,#1262,.F.);
#1788=ORIENTED_EDGE('',*,*,#1275,.T.);
#1789=ORIENTED_EDGE('',*,*,#1272,.T.);
#1790=ORIENTED_EDGE('',*,*,#1269,.T.);
#1791=ORIENTED_EDGE('',*,*,#1266,.T.);
#1792=ORIENTED_EDGE('',*,*,#1263,.T.);
#1793=ORIENTED_EDGE('',*,*,#1274,.F.);
#1794=ORIENTED_EDGE('',*,*,#1261,.F.);
#1795=ORIENTED_EDGE('',*,*,#1265,.F.);
#1796=ORIENTED_EDGE('',*,*,#1268,.F.);
#1797=ORIENTED_EDGE('',*,*,#1271,.T.);
#1798=ORIENTED_EDGE('',*,*,#1276,.F.);
#1799=ORIENTED_EDGE('',*,*,#1277,.T.);
#1800=ORIENTED_EDGE('',*,*,#1278,.F.);
#1801=ORIENTED_EDGE('',*,*,#1279,.F.);
#1802=ORIENTED_EDGE('',*,*,#1280,.F.);
#1803=ORIENTED_EDGE('',*,*,#1279,.T.);
#1804=ORIENTED_EDGE('',*,*,#1281,.F.);
#1805=ORIENTED_EDGE('',*,*,#1282,.F.);
#1806=ORIENTED_EDGE('',*,*,#1283,.F.);
#1807=ORIENTED_EDGE('',*,*,#1282,.T.);
#1808=ORIENTED_EDGE('',*,*,#1284,.F.);
#1809=ORIENTED_EDGE('',*,*,#1285,.F.);
#1810=ORIENTED_EDGE('',*,*,#1286,.F.);
#1811=ORIENTED_EDGE('',*,*,#1285,.T.);
#1812=ORIENTED_EDGE('',*,*,#1287,.F.);
#1813=ORIENTED_EDGE('',*,*,#1277,.F.);
#1814=ORIENTED_EDGE('',*,*,#1287,.T.);
#1815=ORIENTED_EDGE('',*,*,#1284,.T.);
#1816=ORIENTED_EDGE('',*,*,#1281,.T.);
#1817=ORIENTED_EDGE('',*,*,#1278,.T.);
#1818=ORIENTED_EDGE('',*,*,#1286,.T.);
#1819=ORIENTED_EDGE('',*,*,#1276,.T.);
#1820=ORIENTED_EDGE('',*,*,#1280,.T.);
#1821=ORIENTED_EDGE('',*,*,#1283,.T.);
#1822=PLANE('',#2090);
#1823=PLANE('',#2091);
#1824=PLANE('',#2092);
#1825=PLANE('',#2093);
#1826=PLANE('',#2094);
#1827=PLANE('',#2095);
#1828=PLANE('',#2096);
#1829=PLANE('',#2097);
#1830=PLANE('',#2098);
#1831=PLANE('',#2099);
#1832=PLANE('',#2100);
#1833=PLANE('',#2101);
#1834=PLANE('',#2102);
#1835=PLANE('',#2103);
#1836=PLANE('',#2104);
#1837=PLANE('',#2105);
#1838=PLANE('',#2106);
#1839=PLANE('',#2107);
#1840=PLANE('',#2108);
#1841=PLANE('',#2109);
#1842=PLANE('',#2110);
#1843=PLANE('',#2111);
#1844=PLANE('',#2112);
#1845=PLANE('',#2113);
#1846=PLANE('',#2114);
#1847=PLANE('',#2115);
#1848=PLANE('',#2116);
#1849=PLANE('',#2117);
#1850=PLANE('',#2118);
#1851=PLANE('',#2119);
#1852=PLANE('',#2120);
#1853=PLANE('',#2121);
#1854=PLANE('',#2122);
#1855=PLANE('',#2123);
#1856=PLANE('',#2124);
#1857=PLANE('',#2125);
#1858=PLANE('',#2126);
#1859=PLANE('',#2127);
#1860=PLANE('',#2128);
#1861=PLANE('',#2129);
#1862=PLANE('',#2130);
#1863=PLANE('',#2131);
#1864=PLANE('',#2132);
#1865=PLANE('',#2133);
#1866=PLANE('',#2134);
#1867=PLANE('',#2135);
#1868=PLANE('',#2136);
#1869=PLANE('',#2137);
#1870=PLANE('',#2138);
#1871=PLANE('',#2139);
#1872=PLANE('',#2140);
#1873=PLANE('',#2141);
#1874=PLANE('',#2142);
#1875=PLANE('',#2143);
#1876=PLANE('',#2144);
#1877=PLANE('',#2145);
#1878=PLANE('',#2146);
#1879=PLANE('',#2147);
#1880=PLANE('',#2149);
#1881=PLANE('',#2150);
#1882=PLANE('',#2151);
#1883=PLANE('',#2152);
#1884=PLANE('',#2153);
#1885=PLANE('',#2154);
#1886=PLANE('',#2155);
#1887=PLANE('',#2156);
#1888=PLANE('',#2157);
#1889=PLANE('',#2158);
#1890=PLANE('',#2159);
#1891=PLANE('',#2160);
#1892=PLANE('',#2161);
#1893=PLANE('',#2162);
#1894=PLANE('',#2163);
#1895=PLANE('',#2164);
#1896=PLANE('',#2165);
#1897=PLANE('',#2166);
#1898=PLANE('',#2167);
#1899=PLANE('',#2168);
#1900=PLANE('',#2169);
#1901=PLANE('',#2170);
#1902=PLANE('',#2171);
#1903=PLANE('',#2172);
#1904=PLANE('',#2173);
#1905=PLANE('',#2174);
#1906=PLANE('',#2175);
#1907=PLANE('',#2176);
#1908=PLANE('',#2177);
#1909=PLANE('',#2178);
#1910=PLANE('',#2179);
#1911=PLANE('',#2181);
#1912=PLANE('',#2182);
#1913=PLANE('',#2183);
#1914=PLANE('',#2184);
#1915=PLANE('',#2185);
#1916=PLANE('',#2186);
#1917=PLANE('',#2188);
#1918=PLANE('',#2189);
#1919=PLANE('',#2190);
#1920=PLANE('',#2191);
#1921=PLANE('',#2192);
#1922=PLANE('',#2193);
#1923=PLANE('',#2194);
#1924=PLANE('',#2195);
#1925=PLANE('',#2196);
#1926=PLANE('',#2197);
#1927=PLANE('',#2198);
#1928=PLANE('',#2199);
#1929=PLANE('',#2200);
#1930=ADVANCED_FACE('',(#72),#1822,.F.);
#1931=ADVANCED_FACE('',(#73),#1823,.F.);
#1932=ADVANCED_FACE('',(#74),#1824,.F.);
#1933=ADVANCED_FACE('',(#75),#1825,.F.);
#1934=ADVANCED_FACE('',(#76),#1826,.F.);
#1935=ADVANCED_FACE('',(#77),#1827,.F.);
#1936=ADVANCED_FACE('',(#78),#1828,.F.);
#1937=ADVANCED_FACE('',(#79),#1829,.F.);
#1938=ADVANCED_FACE('',(#80),#1830,.F.);
#1939=ADVANCED_FACE('',(#81),#1831,.F.);
#1940=ADVANCED_FACE('',(#82),#1832,.F.);
#1941=ADVANCED_FACE('',(#83),#1833,.F.);
#1942=ADVANCED_FACE('',(#84),#1834,.F.);
#1943=ADVANCED_FACE('',(#85),#1835,.F.);
#1944=ADVANCED_FACE('',(#86),#1836,.F.);
#1945=ADVANCED_FACE('',(#87),#1837,.F.);
#1946=ADVANCED_FACE('',(#88),#1838,.F.);
#1947=ADVANCED_FACE('',(#89),#1839,.F.);
#1948=ADVANCED_FACE('',(#90),#1840,.F.);
#1949=ADVANCED_FACE('',(#91),#1841,.F.);
#1950=ADVANCED_FACE('',(#92),#1842,.F.);
#1951=ADVANCED_FACE('',(#93),#1843,.F.);
#1952=ADVANCED_FACE('',(#94),#1844,.F.);
#1953=ADVANCED_FACE('',(#95),#1845,.F.);
#1954=ADVANCED_FACE('',(#96),#1846,.F.);
#1955=ADVANCED_FACE('',(#97),#1847,.F.);
#1956=ADVANCED_FACE('',(#98),#1848,.F.);
#1957=ADVANCED_FACE('',(#99),#1849,.F.);
#1958=ADVANCED_FACE('',(#100),#1850,.F.);
#1959=ADVANCED_FACE('',(#101),#1851,.F.);
#1960=ADVANCED_FACE('',(#102),#1852,.F.);
#1961=ADVANCED_FACE('',(#103),#1853,.F.);
#1962=ADVANCED_FACE('',(#104),#1854,.F.);
#1963=ADVANCED_FACE('',(#105),#1855,.F.);
#1964=ADVANCED_FACE('',(#106),#1856,.F.);
#1965=ADVANCED_FACE('',(#107),#1857,.F.);
#1966=ADVANCED_FACE('',(#108),#1858,.F.);
#1967=ADVANCED_FACE('',(#109),#1859,.F.);
#1968=ADVANCED_FACE('',(#110),#1860,.F.);
#1969=ADVANCED_FACE('',(#111),#1861,.F.);
#1970=ADVANCED_FACE('',(#112),#1862,.F.);
#1971=ADVANCED_FACE('',(#113),#1863,.F.);
#1972=ADVANCED_FACE('',(#114),#1864,.F.);
#1973=ADVANCED_FACE('',(#115),#1865,.T.);
#1974=ADVANCED_FACE('',(#116),#1866,.T.);
#1975=ADVANCED_FACE('',(#117),#1867,.T.);
#1976=ADVANCED_FACE('',(#118),#1868,.T.);
#1977=ADVANCED_FACE('',(#119,#51),#1869,.T.);
#1978=ADVANCED_FACE('',(#120),#1870,.T.);
#1979=ADVANCED_FACE('',(#121),#1871,.T.);
#1980=ADVANCED_FACE('',(#122),#1872,.T.);
#1981=ADVANCED_FACE('',(#123),#1873,.T.);
#1982=ADVANCED_FACE('',(#124),#1874,.T.);
#1983=ADVANCED_FACE('',(#125),#1875,.T.);
#1984=ADVANCED_FACE('',(#126),#1876,.T.);
#1985=ADVANCED_FACE('',(#127),#1877,.T.);
#1986=ADVANCED_FACE('',(#128,#52,#53,#54,#55,#56),#1878,.T.);
#1987=ADVANCED_FACE('',(#129,#57,#58,#59,#60),#1879,.F.);
#1988=ADVANCED_FACE('',(#130),#1880,.F.);
#1989=ADVANCED_FACE('',(#131),#1881,.F.);
#1990=ADVANCED_FACE('',(#132),#1882,.F.);
#1991=ADVANCED_FACE('',(#133),#1883,.F.);
#1992=ADVANCED_FACE('',(#134),#1884,.F.);
#1993=ADVANCED_FACE('',(#135),#1885,.F.);
#1994=ADVANCED_FACE('',(#136),#1886,.F.);
#1995=ADVANCED_FACE('',(#137),#1887,.F.);
#1996=ADVANCED_FACE('',(#138),#1888,.F.);
#1997=ADVANCED_FACE('',(#139),#1889,.F.);
#1998=ADVANCED_FACE('',(#140),#1890,.F.);
#1999=ADVANCED_FACE('',(#141),#1891,.F.);
#2000=ADVANCED_FACE('',(#142),#1892,.F.);
#2001=ADVANCED_FACE('',(#143),#1893,.F.);
#2002=ADVANCED_FACE('',(#144),#1894,.F.);
#2003=ADVANCED_FACE('',(#145),#1895,.F.);
#2004=ADVANCED_FACE('',(#146),#1896,.T.);
#2005=ADVANCED_FACE('',(#147),#1897,.T.);
#2006=ADVANCED_FACE('',(#148),#1898,.T.);
#2007=ADVANCED_FACE('',(#149),#1899,.T.);
#2008=ADVANCED_FACE('',(#150,#61,#62,#63,#64,#65),#1900,.T.);
#2009=ADVANCED_FACE('',(#151),#1901,.T.);
#2010=ADVANCED_FACE('',(#152),#1902,.T.);
#2011=ADVANCED_FACE('',(#153),#1903,.T.);
#2012=ADVANCED_FACE('',(#154),#1904,.T.);
#2013=ADVANCED_FACE('',(#155),#1905,.T.);
#2014=ADVANCED_FACE('',(#156),#1906,.T.);
#2015=ADVANCED_FACE('',(#157),#1907,.T.);
#2016=ADVANCED_FACE('',(#158),#1908,.T.);
#2017=ADVANCED_FACE('',(#159,#66),#1909,.T.);
#2018=ADVANCED_FACE('',(#160,#67,#68,#69,#70,#71),#1910,.F.);
#2019=ADVANCED_FACE('',(#161),#1911,.T.);
#2020=ADVANCED_FACE('',(#162),#1912,.T.);
#2021=ADVANCED_FACE('',(#163),#1913,.T.);
#2022=ADVANCED_FACE('',(#164),#1914,.T.);
#2023=ADVANCED_FACE('',(#165),#1915,.T.);
#2024=ADVANCED_FACE('',(#166),#1916,.F.);
#2025=ADVANCED_FACE('',(#167),#1917,.T.);
#2026=ADVANCED_FACE('',(#168),#1918,.T.);
#2027=ADVANCED_FACE('',(#169),#1919,.T.);
#2028=ADVANCED_FACE('',(#170),#1920,.T.);
#2029=ADVANCED_FACE('',(#171),#1921,.T.);
#2030=ADVANCED_FACE('',(#172),#1922,.T.);
#2031=ADVANCED_FACE('',(#173),#1923,.F.);
#2032=ADVANCED_FACE('',(#174),#1924,.T.);
#2033=ADVANCED_FACE('',(#175),#1925,.T.);
#2034=ADVANCED_FACE('',(#176),#1926,.T.);
#2035=ADVANCED_FACE('',(#177),#1927,.T.);
#2036=ADVANCED_FACE('',(#178),#1928,.T.);
#2037=ADVANCED_FACE('',(#179),#1929,.F.);
#2038=CLOSED_SHELL('',(#1930,#1931,#1932,#1933,#1934,#1935,#1936,#1937,
#1938,#1939,#1940,#1941,#1942,#1943,#1944,#1945,#1946,#1947,#1948,#1949,
#1950,#1951,#1952,#1953,#1954,#1955,#1956,#1957,#1958,#1959,#1960,#1961,
#1962,#1963,#1964,#1965,#1966,#1967,#1968,#1969,#1970,#1971,#1972,#1973,
#1974,#1975,#1976,#1977,#1978,#1979,#1980,#1981,#1982,#1983,#1984,#1985,
#1986,#1987));
#2039=CLOSED_SHELL('',(#1988,#1989,#1990,#1991,#1992,#1993,#1994,#1995,
#1996,#1997,#1998,#1999,#2000,#2001,#2002,#2003,#2004,#2005,#2006,#2007,
#2008,#2009,#2010,#2011,#2012,#2013,#2014,#2015,#2016,#2017,#2018));
#2040=CLOSED_SHELL('',(#2019,#2020,#2021,#2022,#2023,#2024));
#2041=CLOSED_SHELL('',(#2025,#2026,#2027,#2028,#2029,#2030,#2031));
#2042=CLOSED_SHELL('',(#2032,#2033,#2034,#2035,#2036,#2037));
#2043=DERIVED_UNIT_ELEMENT(#2051,1.);
#2044=DERIVED_UNIT_ELEMENT(#3285,-3.);
#2045=DERIVED_UNIT_ELEMENT(#2051,1.);
#2046=DERIVED_UNIT_ELEMENT(#3285,-3.);
#2047=DERIVED_UNIT_ELEMENT(#2051,1.);
#2048=DERIVED_UNIT_ELEMENT(#3285,-3.);
#2049=DERIVED_UNIT_ELEMENT(#2051,1.);
#2050=DERIVED_UNIT_ELEMENT(#3285,-3.);
#2051=(
MASS_UNIT()
NAMED_UNIT(*)
SI_UNIT(.KILO.,.GRAM.)
);
#2052=DERIVED_UNIT((#2043,#2044));
#2053=DERIVED_UNIT((#2045,#2046));
#2054=DERIVED_UNIT((#2047,#2048));
#2055=DERIVED_UNIT((#2049,#2050));
#2056=MEASURE_REPRESENTATION_ITEM('density measure',
POSITIVE_RATIO_MEASURE(7850.),#2052);
#2057=MEASURE_REPRESENTATION_ITEM('density measure',
POSITIVE_RATIO_MEASURE(7850.),#2053);
#2058=MEASURE_REPRESENTATION_ITEM('density measure',
POSITIVE_RATIO_MEASURE(7850.),#2054);
#2059=MEASURE_REPRESENTATION_ITEM('density measure',
POSITIVE_RATIO_MEASURE(7850.),#2055);
#2060=PROPERTY_DEFINITION_REPRESENTATION(#2080,#2068);
#2061=PROPERTY_DEFINITION_REPRESENTATION(#2081,#2069);
#2062=PROPERTY_DEFINITION_REPRESENTATION(#2082,#2070);
#2063=PROPERTY_DEFINITION_REPRESENTATION(#2083,#2071);
#2064=PROPERTY_DEFINITION_REPRESENTATION(#2084,#2072);
#2065=PROPERTY_DEFINITION_REPRESENTATION(#2085,#2073);
#2066=PROPERTY_DEFINITION_REPRESENTATION(#2086,#2074);
#2067=PROPERTY_DEFINITION_REPRESENTATION(#2087,#2075);
#2068=REPRESENTATION('material name',(#2076),#3279);
#2069=REPRESENTATION('density',(#2056),#3279);
#2070=REPRESENTATION('material name',(#2077),#3280);
#2071=REPRESENTATION('density',(#2057),#3280);
#2072=REPRESENTATION('material name',(#2078),#3281);
#2073=REPRESENTATION('density',(#2058),#3281);
#2074=REPRESENTATION('material name',(#2079),#3282);
#2075=REPRESENTATION('density',(#2059),#3282);
#2076=DESCRIPTIVE_REPRESENTATION_ITEM('Steel','Steel');
#2077=DESCRIPTIVE_REPRESENTATION_ITEM('Steel','Steel');
#2078=DESCRIPTIVE_REPRESENTATION_ITEM('Steel','Steel');
#2079=DESCRIPTIVE_REPRESENTATION_ITEM('Steel','Steel');
#2080=PROPERTY_DEFINITION('material property','material name',#3310);
#2081=PROPERTY_DEFINITION('material property','density of part',#3310);
#2082=PROPERTY_DEFINITION('material property','material name',#3311);
#2083=PROPERTY_DEFINITION('material property','density of part',#3311);
#2084=PROPERTY_DEFINITION('material property','material name',#3312);
#2085=PROPERTY_DEFINITION('material property','density of part',#3312);
#2086=PROPERTY_DEFINITION('material property','material name',#3313);
#2087=PROPERTY_DEFINITION('material property','density of part',#3313);
#2088=AXIS2_PLACEMENT_3D('',#2709,#2206,#2207);
#2089=AXIS2_PLACEMENT_3D('',#2710,#2208,#2209);
#2090=AXIS2_PLACEMENT_3D('',#2711,#2210,#2211);
#2091=AXIS2_PLACEMENT_3D('',#2720,#2216,#2217);
#2092=AXIS2_PLACEMENT_3D('',#2726,#2221,#2222);
#2093=AXIS2_PLACEMENT_3D('',#2732,#2226,#2227);
#2094=AXIS2_PLACEMENT_3D('',#2738,#2231,#2232);
#2095=AXIS2_PLACEMENT_3D('',#2744,#2236,#2237);
#2096=AXIS2_PLACEMENT_3D('',#2750,#2241,#2242);
#2097=AXIS2_PLACEMENT_3D('',#2756,#2246,#2247);
#2098=AXIS2_PLACEMENT_3D('',#2762,#2251,#2252);
#2099=AXIS2_PLACEMENT_3D('',#2768,#2256,#2257);
#2100=AXIS2_PLACEMENT_3D('',#2774,#2261,#2262);
#2101=AXIS2_PLACEMENT_3D('',#2780,#2266,#2267);
#2102=AXIS2_PLACEMENT_3D('',#2783,#2270,#2271);
#2103=AXIS2_PLACEMENT_3D('',#2784,#2272,#2273);
#2104=AXIS2_PLACEMENT_3D('',#2793,#2278,#2279);
#2105=AXIS2_PLACEMENT_3D('',#2799,#2283,#2284);
#2106=AXIS2_PLACEMENT_3D('',#2805,#2288,#2289);
#2107=AXIS2_PLACEMENT_3D('',#2808,#2292,#2293);
#2108=AXIS2_PLACEMENT_3D('',#2809,#2294,#2295);
#2109=AXIS2_PLACEMENT_3D('',#2818,#2300,#2301);
#2110=AXIS2_PLACEMENT_3D('',#2824,#2305,#2306);
#2111=AXIS2_PLACEMENT_3D('',#2830,#2310,#2311);
#2112=AXIS2_PLACEMENT_3D('',#2833,#2314,#2315);
#2113=AXIS2_PLACEMENT_3D('',#2834,#2316,#2317);
#2114=AXIS2_PLACEMENT_3D('',#2843,#2322,#2323);
#2115=AXIS2_PLACEMENT_3D('',#2849,#2327,#2328);
#2116=AXIS2_PLACEMENT_3D('',#2855,#2332,#2333);
#2117=AXIS2_PLACEMENT_3D('',#2858,#2336,#2337);
#2118=AXIS2_PLACEMENT_3D('',#2859,#2338,#2339);
#2119=AXIS2_PLACEMENT_3D('',#2868,#2344,#2345);
#2120=AXIS2_PLACEMENT_3D('',#2874,#2349,#2350);
#2121=AXIS2_PLACEMENT_3D('',#2880,#2354,#2355);
#2122=AXIS2_PLACEMENT_3D('',#2883,#2358,#2359);
#2123=AXIS2_PLACEMENT_3D('',#2884,#2360,#2361);
#2124=AXIS2_PLACEMENT_3D('',#2893,#2366,#2367);
#2125=AXIS2_PLACEMENT_3D('',#2899,#2371,#2372);
#2126=AXIS2_PLACEMENT_3D('',#2905,#2376,#2377);
#2127=AXIS2_PLACEMENT_3D('',#2908,#2380,#2381);
#2128=AXIS2_PLACEMENT_3D('',#2909,#2382,#2383);
#2129=AXIS2_PLACEMENT_3D('',#2918,#2388,#2389);
#2130=AXIS2_PLACEMENT_3D('',#2924,#2393,#2394);
#2131=AXIS2_PLACEMENT_3D('',#2930,#2398,#2399);
#2132=AXIS2_PLACEMENT_3D('',#2933,#2402,#2403);
#2133=AXIS2_PLACEMENT_3D('',#2934,#2404,#2405);
#2134=AXIS2_PLACEMENT_3D('',#2943,#2410,#2411);
#2135=AXIS2_PLACEMENT_3D('',#2949,#2415,#2416);
#2136=AXIS2_PLACEMENT_3D('',#2955,#2420,#2421);
#2137=AXIS2_PLACEMENT_3D('',#2958,#2424,#2425);
#2138=AXIS2_PLACEMENT_3D('',#2967,#2430,#2431);
#2139=AXIS2_PLACEMENT_3D('',#2973,#2435,#2436);
#2140=AXIS2_PLACEMENT_3D('',#2977,#2439,#2440);
#2141=AXIS2_PLACEMENT_3D('',#2981,#2443,#2444);
#2142=AXIS2_PLACEMENT_3D('',#2983,#2446,#2447);
#2143=AXIS2_PLACEMENT_3D('',#2992,#2452,#2453);
#2144=AXIS2_PLACEMENT_3D('',#2998,#2457,#2458);
#2145=AXIS2_PLACEMENT_3D('',#3004,#2462,#2463);
#2146=AXIS2_PLACEMENT_3D('',#3007,#2466,#2467);
#2147=AXIS2_PLACEMENT_3D('',#3008,#2468,#2469);
#2148=AXIS2_PLACEMENT_3D('',#3009,#2470,#2471);
#2149=AXIS2_PLACEMENT_3D('',#3010,#2472,#2473);
#2150=AXIS2_PLACEMENT_3D('',#3019,#2478,#2479);
#2151=AXIS2_PLACEMENT_3D('',#3025,#2483,#2484);
#2152=AXIS2_PLACEMENT_3D('',#3031,#2488,#2489);
#2153=AXIS2_PLACEMENT_3D('',#3034,#2492,#2493);
#2154=AXIS2_PLACEMENT_3D('',#3043,#2498,#2499);
#2155=AXIS2_PLACEMENT_3D('',#3049,#2503,#2504);
#2156=AXIS2_PLACEMENT_3D('',#3055,#2508,#2509);
#2157=AXIS2_PLACEMENT_3D('',#3058,#2512,#2513);
#2158=AXIS2_PLACEMENT_3D('',#3067,#2518,#2519);
#2159=AXIS2_PLACEMENT_3D('',#3073,#2523,#2524);
#2160=AXIS2_PLACEMENT_3D('',#3079,#2528,#2529);
#2161=AXIS2_PLACEMENT_3D('',#3082,#2532,#2533);
#2162=AXIS2_PLACEMENT_3D('',#3091,#2538,#2539);
#2163=AXIS2_PLACEMENT_3D('',#3097,#2543,#2544);
#2164=AXIS2_PLACEMENT_3D('',#3103,#2548,#2549);
#2165=AXIS2_PLACEMENT_3D('',#3106,#2552,#2553);
#2166=AXIS2_PLACEMENT_3D('',#3115,#2558,#2559);
#2167=AXIS2_PLACEMENT_3D('',#3121,#2563,#2564);
#2168=AXIS2_PLACEMENT_3D('',#3127,#2568,#2569);
#2169=AXIS2_PLACEMENT_3D('',#3130,#2572,#2573);
#2170=AXIS2_PLACEMENT_3D('',#3139,#2578,#2579);
#2171=AXIS2_PLACEMENT_3D('',#3145,#2583,#2584);
#2172=AXIS2_PLACEMENT_3D('',#3149,#2587,#2588);
#2173=AXIS2_PLACEMENT_3D('',#3153,#2591,#2592);
#2174=AXIS2_PLACEMENT_3D('',#3155,#2594,#2595);
#2175=AXIS2_PLACEMENT_3D('',#3164,#2600,#2601);
#2176=AXIS2_PLACEMENT_3D('',#3170,#2605,#2606);
#2177=AXIS2_PLACEMENT_3D('',#3176,#2610,#2611);
#2178=AXIS2_PLACEMENT_3D('',#3179,#2614,#2615);
#2179=AXIS2_PLACEMENT_3D('',#3180,#2616,#2617);
#2180=AXIS2_PLACEMENT_3D('',#3181,#2618,#2619);
#2181=AXIS2_PLACEMENT_3D('',#3182,#2620,#2621);
#2182=AXIS2_PLACEMENT_3D('',#3191,#2626,#2627);
#2183=AXIS2_PLACEMENT_3D('',#3197,#2631,#2632);
#2184=AXIS2_PLACEMENT_3D('',#3203,#2636,#2637);
#2185=AXIS2_PLACEMENT_3D('',#3206,#2640,#2641);
#2186=AXIS2_PLACEMENT_3D('',#3207,#2642,#2643);
#2187=AXIS2_PLACEMENT_3D('',#3208,#2644,#2645);
#2188=AXIS2_PLACEMENT_3D('',#3209,#2646,#2647);
#2189=AXIS2_PLACEMENT_3D('',#3218,#2652,#2653);
#2190=AXIS2_PLACEMENT_3D('',#3224,#2657,#2658);
#2191=AXIS2_PLACEMENT_3D('',#3230,#2662,#2663);
#2192=AXIS2_PLACEMENT_3D('',#3236,#2667,#2668);
#2193=AXIS2_PLACEMENT_3D('',#3239,#2671,#2672);
#2194=AXIS2_PLACEMENT_3D('',#3240,#2673,#2674);
#2195=AXIS2_PLACEMENT_3D('',#3241,#2675,#2676);
#2196=AXIS2_PLACEMENT_3D('',#3250,#2681,#2682);
#2197=AXIS2_PLACEMENT_3D('',#3256,#2686,#2687);
#2198=AXIS2_PLACEMENT_3D('',#3262,#2691,#2692);
#2199=AXIS2_PLACEMENT_3D('',#3265,#2695,#2696);
#2200=AXIS2_PLACEMENT_3D('',#3266,#2697,#2698);
#2201=AXIS2_PLACEMENT_3D('',#3267,#2699,#2700);
#2202=AXIS2_PLACEMENT_3D('',#3268,#2701,#2702);
#2203=AXIS2_PLACEMENT_3D('',#3269,#2703,#2704);
#2204=AXIS2_PLACEMENT_3D('',#3270,#2705,#2706);
#2205=AXIS2_PLACEMENT_3D('',#3271,#2707,#2708);
#2206=DIRECTION('axis',(0.,0.,1.));
#2207=DIRECTION('refdir',(1.,0.,0.));
#2208=DIRECTION('axis',(0.,0.,1.));
#2209=DIRECTION('refdir',(1.,0.,0.));
#2210=DIRECTION('center_axis',(-1.,1.22464679914735E-16,-4.17966315153E-15));
#2211=DIRECTION('ref_axis',(-4.17966315153E-15,2.55930555001768E-31,1.));
#2212=DIRECTION('',(-4.17966315153E-15,5.11861110003535E-31,1.));
#2213=DIRECTION('',(1.22464679914735E-16,1.,2.55930555001768E-31));
#2214=DIRECTION('',(-4.17966315153E-15,2.55930555001768E-31,1.));
#2215=DIRECTION('',(1.22464679914735E-16,1.,2.55930555001768E-31));
#2216=DIRECTION('center_axis',(4.17966315153E-15,-2.55930555001768E-31,
-1.));
#2217=DIRECTION('ref_axis',(-1.,1.22464679914735E-16,-4.17966315153E-15));
#2218=DIRECTION('',(-1.,2.44929359829471E-16,-4.17966315153E-15));
#2219=DIRECTION('',(1.22464679914735E-16,1.,2.55930555001768E-31));
#2220=DIRECTION('',(-1.,1.22464679914735E-16,-4.17966315153E-15));
#2221=DIRECTION('center_axis',(-1.,1.22464679914735E-16,-9.76754062646456E-15));
#2222=DIRECTION('ref_axis',(-9.76754062646456E-15,9.40248181372388E-31,
1.));
#2223=DIRECTION('',(-9.76754062646456E-15,1.88049636274478E-30,1.));
#2224=DIRECTION('',(1.22464679914735E-16,1.,2.55930555001768E-31));
#2225=DIRECTION('',(-9.76754062646456E-15,9.40248181372388E-31,1.));
#2226=DIRECTION('center_axis',(1.1011804841531E-14,-1.09262660019986E-30,
-1.));
#2227=DIRECTION('ref_axis',(-1.,1.22464679914735E-16,-1.1011804841531E-14));
#2228=DIRECTION('',(-1.,2.44929359829471E-16,-1.1011804841531E-14));
#2229=DIRECTION('',(1.22464679914735E-16,1.,2.55930555001768E-31));
#2230=DIRECTION('',(-1.,1.22464679914735E-16,-1.1011804841531E-14));
#2231=DIRECTION('center_axis',(1.,-1.22464679914735E-16,9.76754062646457E-15));
#2232=DIRECTION('ref_axis',(9.76754062646457E-15,-9.40248181372389E-31,
-1.));
#2233=DIRECTION('',(9.76754062646457E-15,-1.88049636274478E-30,-1.));
#2234=DIRECTION('',(1.22464679914735E-16,1.,2.55930555001768E-31));
#2235=DIRECTION('',(9.76754062646457E-15,-9.40248181372389E-31,-1.));
#2236=DIRECTION('center_axis',(4.17966315153E-15,-2.55930555001768E-31,
-1.));
#2237=DIRECTION('ref_axis',(-1.,1.22464679914735E-16,-4.17966315153E-15));
#2238=DIRECTION('',(-1.,2.44929359829471E-16,-4.17966315153E-15));
#2239=DIRECTION('',(1.22464679914735E-16,1.,2.55930555001768E-31));
#2240=DIRECTION('',(-1.,1.22464679914735E-16,-4.17966315153E-15));
#2241=DIRECTION('center_axis',(1.,-1.22464679914735E-16,4.17966315153E-15));
#2242=DIRECTION('ref_axis',(4.17966315153E-15,-2.55930555001768E-31,-1.));
#2243=DIRECTION('',(4.17966315153E-15,-5.11861110003535E-31,-1.));
#2244=DIRECTION('',(1.22464679914735E-16,1.,2.55930555001768E-31));
#2245=DIRECTION('',(4.17966315153E-15,-2.55930555001768E-31,-1.));
#2246=DIRECTION('center_axis',(-3.59146552258952E-15,1.83897120646965E-31,
1.));
#2247=DIRECTION('ref_axis',(1.,-1.22464679914735E-16,3.59146552258952E-15));
#2248=DIRECTION('',(1.,-2.44929359829471E-16,3.59146552258952E-15));
#2249=DIRECTION('',(1.22464679914735E-16,1.,2.55930555001768E-31));
#2250=DIRECTION('',(1.,-1.22464679914735E-16,3.59146552258952E-15));
#2251=DIRECTION('center_axis',(1.,-1.22464679914735E-16,9.76754062646457E-15));
#2252=DIRECTION('ref_axis',(9.76754062646457E-15,-9.40248181372389E-31,
-1.));
#2253=DIRECTION('',(9.76754062646457E-15,-1.88049636274478E-30,-1.));
#2254=DIRECTION('',(1.22464679914735E-16,1.,2.55930555001768E-31));
#2255=DIRECTION('',(9.76754062646457E-15,-9.40248181372389E-31,-1.));
#2256=DIRECTION('center_axis',(-4.17966315153E-15,2.55930555001768E-31,
1.));
#2257=DIRECTION('ref_axis',(1.,-1.22464679914735E-16,4.17966315153E-15));
#2258=DIRECTION('',(1.,-2.44929359829471E-16,4.17966315153E-15));
#2259=DIRECTION('',(1.22464679914735E-16,1.,2.55930555001768E-31));
#2260=DIRECTION('',(1.,-1.22464679914735E-16,4.17966315153E-15));
#2261=DIRECTION('center_axis',(-1.,1.22464679914735E-16,-9.76754062646456E-15));
#2262=DIRECTION('ref_axis',(-9.76754062646456E-15,9.40248181372388E-31,
1.));
#2263=DIRECTION('',(-9.76754062646456E-15,1.88049636274478E-30,1.));
#2264=DIRECTION('',(1.22464679914735E-16,1.,2.55930555001768E-31));
#2265=DIRECTION('',(-9.76754062646456E-15,9.40248181372388E-31,1.));
#2266=DIRECTION('center_axis',(-3.59146552258952E-15,1.83897120646965E-31,
1.));
#2267=DIRECTION('ref_axis',(1.,-1.22464679914735E-16,3.59146552258952E-15));
#2268=DIRECTION('',(1.,-2.44929359829471E-16,3.59146552258952E-15));
#2269=DIRECTION('',(1.,-1.22464679914735E-16,3.59146552258952E-15));
#2270=DIRECTION('center_axis',(1.22464679914735E-16,1.,2.55930555001768E-31));
#2271=DIRECTION('ref_axis',(4.17966315153E-15,-2.55930555001768E-31,-1.));
#2272=DIRECTION('center_axis',(1.,-1.22464679914735E-16,1.82687263576808E-15));
#2273=DIRECTION('ref_axis',(1.82687263576808E-15,3.22031824174411E-32,-1.));
#2274=DIRECTION('',(1.82687263576808E-15,6.44063648348822E-32,-1.));
#2275=DIRECTION('',(1.22464679914735E-16,1.,2.55930555001768E-31));
#2276=DIRECTION('',(1.82687263576808E-15,3.22031824174411E-32,-1.));
#2277=DIRECTION('',(1.22464679914735E-16,1.,2.55930555001768E-31));
#2278=DIRECTION('center_axis',(-7.59573399653046E-15,6.74278577600809E-31,
1.));
#2279=DIRECTION('ref_axis',(1.,-1.22464679914735E-16,7.59573399653046E-15));
#2280=DIRECTION('',(1.,-2.44929359829471E-16,7.59573399653046E-15));
#2281=DIRECTION('',(1.22464679914735E-16,1.,2.55930555001768E-31));
#2282=DIRECTION('',(1.,-1.22464679914735E-16,7.59573399653046E-15));
#2283=DIRECTION('center_axis',(-1.,1.22464679914735E-16,-1.82687263576808E-15));
#2284=DIRECTION('ref_axis',(-1.82687263576808E-15,-3.22031824174414E-32,
1.));
#2285=DIRECTION('',(-1.82687263576808E-15,-6.44063648348827E-32,1.));
#2286=DIRECTION('',(1.22464679914735E-16,1.,2.55930555001768E-31));
#2287=DIRECTION('',(-1.82687263576808E-15,-3.22031824174414E-32,1.));
#2288=DIRECTION('center_axis',(-2.65247853847092E-15,5.80765490196314E-31,
-1.));
#2289=DIRECTION('ref_axis',(-1.,1.22464679914735E-16,2.65247853847092E-15));
#2290=DIRECTION('',(-1.,2.44929359829471E-16,2.65247853847092E-15));
#2291=DIRECTION('',(-1.,1.22464679914735E-16,2.65247853847092E-15));
#2292=DIRECTION('center_axis',(1.22464679914735E-16,1.,2.55930555001768E-31));
#2293=DIRECTION('ref_axis',(4.17966315153E-15,-2.55930555001768E-31,-1.));
#2294=DIRECTION('center_axis',(1.,-1.22464679914735E-16,4.17966315153E-15));
#2295=DIRECTION('ref_axis',(4.17966315153E-15,-2.55930555001768E-31,-1.));
#2296=DIRECTION('',(4.17966315153E-15,-5.11861110003535E-31,-1.));
#2297=DIRECTION('',(1.22464679914735E-16,1.,2.55930555001768E-31));
#2298=DIRECTION('',(4.17966315153E-15,-2.55930555001768E-31,-1.));
#2299=DIRECTION('',(1.22464679914735E-16,1.,2.55930555001768E-31));
#2300=DIRECTION('center_axis',(-4.17966315153E-15,2.55930555001768E-31,
1.));
#2301=DIRECTION('ref_axis',(1.,-1.22464679914735E-16,4.17966315153E-15));
#2302=DIRECTION('',(1.,-2.44929359829471E-16,4.17966315153E-15));
#2303=DIRECTION('',(1.22464679914735E-16,1.,2.55930555001768E-31));
#2304=DIRECTION('',(1.,-1.22464679914735E-16,4.17966315153E-15));
#2305=DIRECTION('center_axis',(-1.,1.22464679914735E-16,-4.17966315153E-15));
#2306=DIRECTION('ref_axis',(-4.17966315153E-15,2.55930555001768E-31,1.));
#2307=DIRECTION('',(-4.17966315153E-15,5.11861110003535E-31,1.));
#2308=DIRECTION('',(1.22464679914735E-16,1.,2.55930555001768E-31));
#2309=DIRECTION('',(-4.17966315153E-15,2.55930555001768E-31,1.));
#2310=DIRECTION('center_axis',(4.76786078047048E-15,-3.2796398935657E-31,
-1.));
#2311=DIRECTION('ref_axis',(-1.,1.22464679914735E-16,-4.76786078047048E-15));
#2312=DIRECTION('',(-1.,2.44929359829471E-16,-4.76786078047048E-15));
#2313=DIRECTION('',(-1.,1.22464679914735E-16,-4.76786078047048E-15));
#2314=DIRECTION('center_axis',(1.22464679914735E-16,1.,2.55930555001768E-31));
#2315=DIRECTION('ref_axis',(4.17966315153E-15,-2.55930555001768E-31,-1.));
#2316=DIRECTION('center_axis',(0.,5.11861110003535E-31,-1.));
#2317=DIRECTION('ref_axis',(1.,-2.44929359829471E-16,0.));
#2318=DIRECTION('',(1.,-2.44929359829471E-16,0.));
#2319=DIRECTION('',(-2.44929359829471E-16,-1.,-5.11861110003535E-31));
#2320=DIRECTION('',(1.,-2.44929359829471E-16,0.));
#2321=DIRECTION('',(-2.44929359829471E-16,-1.,-5.11861110003535E-31));
#2322=DIRECTION('center_axis',(-1.,2.44929359829471E-16,0.));
#2323=DIRECTION('ref_axis',(0.,5.11861110003535E-31,-1.));
#2324=DIRECTION('',(0.,5.11861110003535E-31,-1.));
#2325=DIRECTION('',(-2.44929359829471E-16,-1.,-5.11861110003535E-31));
#2326=DIRECTION('',(0.,5.11861110003535E-31,-1.));
#2327=DIRECTION('center_axis',(0.,-5.11861110003535E-31,1.));
#2328=DIRECTION('ref_axis',(-1.,2.44929359829471E-16,0.));
#2329=DIRECTION('',(-1.,2.44929359829471E-16,0.));
#2330=DIRECTION('',(-2.44929359829471E-16,-1.,-5.11861110003535E-31));
#2331=DIRECTION('',(-1.,2.44929359829471E-16,0.));
#2332=DIRECTION('center_axis',(1.,-2.44929359829471E-16,1.70803542250025E-14));
#2333=DIRECTION('ref_axis',(-1.70803542250025E-14,3.67161911598692E-30,
1.));
#2334=DIRECTION('',(-1.70803542250025E-14,3.67161911598692E-30,1.));
#2335=DIRECTION('',(-1.70803542250025E-14,3.67161911598692E-30,1.));
#2336=DIRECTION('center_axis',(-2.44929359829471E-16,-1.,-5.11861110003535E-31));
#2337=DIRECTION('ref_axis',(0.,5.11861110003535E-31,-1.));
#2338=DIRECTION('center_axis',(-1.,2.44929359829471E-16,3.4160708450005E-15));
#2339=DIRECTION('ref_axis',(-3.4160708450005E-15,1.34855715520163E-30,-1.));
#2340=DIRECTION('',(-3.4160708450005E-15,1.34855715520163E-30,-1.));
#2341=DIRECTION('',(-2.44929359829471E-16,-1.,-5.11861110003535E-31));
#2342=DIRECTION('',(-3.4160708450005E-15,1.34855715520163E-30,-1.));
#2343=DIRECTION('',(-2.44929359829471E-16,-1.,-5.11861110003535E-31));
#2344=DIRECTION('center_axis',(0.,-5.11861110003535E-31,1.));
#2345=DIRECTION('ref_axis',(-1.,2.44929359829471E-16,0.));
#2346=DIRECTION('',(-1.,2.44929359829471E-16,0.));
#2347=DIRECTION('',(-2.44929359829471E-16,-1.,-5.11861110003535E-31));
#2348=DIRECTION('',(-1.,2.44929359829471E-16,0.));
#2349=DIRECTION('center_axis',(1.,-2.44929359829471E-16,-1.70803542250025E-14));
#2350=DIRECTION('ref_axis',(1.70803542250025E-14,-4.69534133599399E-30,
1.));
#2351=DIRECTION('',(1.70803542250025E-14,-4.69534133599399E-30,1.));
#2352=DIRECTION('',(-2.44929359829471E-16,-1.,-5.11861110003535E-31));
#2353=DIRECTION('',(1.70803542250025E-14,-4.69534133599399E-30,1.));
#2354=DIRECTION('center_axis',(0.,5.11861110003535E-31,-1.));
#2355=DIRECTION('ref_axis',(1.,-2.44929359829471E-16,0.));
#2356=DIRECTION('',(1.,-2.44929359829471E-16,0.));
#2357=DIRECTION('',(1.,-2.44929359829471E-16,0.));
#2358=DIRECTION('center_axis',(-2.44929359829471E-16,-1.,-5.11861110003535E-31));
#2359=DIRECTION('ref_axis',(0.,5.11861110003535E-31,-1.));
#2360=DIRECTION('center_axis',(0.,5.11861110003535E-31,-1.));
#2361=DIRECTION('ref_axis',(1.,-2.44929359829471E-16,0.));
#2362=DIRECTION('',(1.,-2.44929359829471E-16,0.));
#2363=DIRECTION('',(-2.44929359829471E-16,-1.,-5.11861110003535E-31));
#2364=DIRECTION('',(1.,-2.44929359829471E-16,0.));
#2365=DIRECTION('',(-2.44929359829471E-16,-1.,-5.11861110003535E-31));
#2366=DIRECTION('center_axis',(-1.,2.44929359829471E-16,1.70803542250025E-14));
#2367=DIRECTION('ref_axis',(-1.70803542250025E-14,4.69534133599399E-30,
-1.));
#2368=DIRECTION('',(-1.70803542250025E-14,4.69534133599399E-30,-1.));
#2369=DIRECTION('',(-2.44929359829471E-16,-1.,-5.11861110003535E-31));
#2370=DIRECTION('',(-1.70803542250025E-14,4.69534133599399E-30,-1.));
#2371=DIRECTION('center_axis',(0.,-5.11861110003535E-31,1.));
#2372=DIRECTION('ref_axis',(-1.,2.44929359829471E-16,0.));
#2373=DIRECTION('',(-1.,2.44929359829471E-16,0.));
#2374=DIRECTION('',(-2.44929359829471E-16,-1.,-5.11861110003535E-31));
#2375=DIRECTION('',(-1.,2.44929359829471E-16,0.));
#2376=DIRECTION('center_axis',(1.,-2.44929359829471E-16,0.));
#2377=DIRECTION('ref_axis',(0.,-5.11861110003535E-31,1.));
#2378=DIRECTION('',(0.,-5.11861110003535E-31,1.));
#2379=DIRECTION('',(0.,-5.11861110003535E-31,1.));
#2380=DIRECTION('center_axis',(-2.44929359829471E-16,-1.,-5.11861110003535E-31));
#2381=DIRECTION('ref_axis',(0.,5.11861110003535E-31,-1.));
#2382=DIRECTION('center_axis',(-1.,2.44929359829471E-16,-1.70803542250025E-14));
#2383=DIRECTION('ref_axis',(1.70803542250025E-14,-3.67161911598692E-30,
-1.));
#2384=DIRECTION('',(1.70803542250025E-14,-3.67161911598692E-30,-1.));
#2385=DIRECTION('',(-2.44929359829471E-16,-1.,-5.11861110003535E-31));
#2386=DIRECTION('',(1.70803542250025E-14,-3.67161911598692E-30,-1.));
#2387=DIRECTION('',(-2.44929359829471E-16,-1.,-5.11861110003535E-31));
#2388=DIRECTION('center_axis',(6.83214169000098E-15,-2.18525320039971E-30,
1.));
#2389=DIRECTION('ref_axis',(-1.,2.44929359829471E-16,6.83214169000098E-15));
#2390=DIRECTION('',(-1.,2.44929359829471E-16,6.83214169000098E-15));
#2391=DIRECTION('',(-2.44929359829471E-16,-1.,-5.11861110003535E-31));
#2392=DIRECTION('',(-1.,2.44929359829471E-16,6.83214169000098E-15));
#2393=DIRECTION('center_axis',(1.,-2.44929359829471E-16,-3.4160708450005E-15));
#2394=DIRECTION('ref_axis',(3.4160708450005E-15,-1.34855715520163E-30,1.));
#2395=DIRECTION('',(3.4160708450005E-15,-1.34855715520163E-30,1.));
#2396=DIRECTION('',(-2.44929359829471E-16,-1.,-5.11861110003535E-31));
#2397=DIRECTION('',(3.4160708450005E-15,-1.34855715520163E-30,1.));
#2398=DIRECTION('center_axis',(-6.83214169000112E-15,2.18525320039975E-30,
-1.));
#2399=DIRECTION('ref_axis',(1.,-2.44929359829471E-16,-6.83214169000112E-15));
#2400=DIRECTION('',(1.,-2.44929359829471E-16,-6.83214169000112E-15));
#2401=DIRECTION('',(1.,-2.44929359829471E-16,-6.83214169000112E-15));
#2402=DIRECTION('center_axis',(-2.44929359829471E-16,-1.,-5.11861110003535E-31));
#2403=DIRECTION('ref_axis',(0.,5.11861110003535E-31,-1.));
#2404=DIRECTION('center_axis',(-1.81260901979617E-16,-4.67464993319555E-31,
1.));
#2405=DIRECTION('ref_axis',(1.,-2.44929359829471E-16,1.81260901979617E-16));
#2406=DIRECTION('',(1.,-2.44929359829471E-16,1.81260901979617E-16));
#2407=DIRECTION('',(2.44929359829471E-16,1.,5.11861110003535E-31));
#2408=DIRECTION('',(1.,-2.44929359829471E-16,1.81260901979617E-16));
#2409=DIRECTION('',(2.44929359829471E-16,1.,5.11861110003535E-31));
#2410=DIRECTION('center_axis',(1.,-2.44929359829471E-16,0.));
#2411=DIRECTION('ref_axis',(0.,5.11861110003535E-31,-1.));
#2412=DIRECTION('',(0.,5.11861110003535E-31,-1.));
#2413=DIRECTION('',(0.,5.11861110003535E-31,-1.));
#2414=DIRECTION('',(2.44929359829471E-16,1.,5.11861110003535E-31));
#2415=DIRECTION('center_axis',(9.06304509898086E-17,4.89663051661545E-31,
-1.));
#2416=DIRECTION('ref_axis',(-1.,2.44929359829471E-16,-9.06304509898086E-17));
#2417=DIRECTION('',(-1.,2.44929359829471E-16,-9.06304509898086E-17));
#2418=DIRECTION('',(-1.,2.44929359829471E-16,-9.06304509898086E-17));
#2419=DIRECTION('',(2.44929359829471E-16,1.,5.11861110003535E-31));
#2420=DIRECTION('center_axis',(-1.,2.44929359829471E-16,1.20024110770287E-16));
#2421=DIRECTION('ref_axis',(1.20024110770287E-16,-5.41258538618603E-31,
1.));
#2422=DIRECTION('',(1.20024110770287E-16,-5.41258538618603E-31,1.));
#2423=DIRECTION('',(1.20024110770287E-16,-5.41258538618603E-31,1.));
#2424=DIRECTION('center_axis',(2.44929359829471E-16,1.,5.11861110003535E-31));
#2425=DIRECTION('ref_axis',(0.,-5.11861110003535E-31,1.));
#2426=DIRECTION('',(1.,-2.44929359829471E-16,3.48305262627497E-16));
#2427=DIRECTION('',(2.15032670032662E-14,-4.75492031134863E-30,-1.));
#2428=DIRECTION('',(-1.,2.44929359829471E-16,-7.83686840911845E-16));
#2429=DIRECTION('',(-4.67462326157961E-16,-3.97365861713271E-31,1.));
#2430=DIRECTION('center_axis',(7.83686840911845E-16,3.19913193752217E-31,
-1.));
#2431=DIRECTION('ref_axis',(-1.,2.44929359829471E-16,-7.83686840911845E-16));
#2432=DIRECTION('',(2.44929359829471E-16,1.,5.11861110003535E-31));
#2433=DIRECTION('',(-1.,2.44929359829471E-16,-7.83686840911845E-16));
#2434=DIRECTION('',(2.44929359829471E-16,1.,5.11861110003535E-31));
#2435=DIRECTION('center_axis',(1.,-2.44929359829471E-16,2.15032670032662E-14));
#2436=DIRECTION('ref_axis',(2.15032670032662E-14,-4.75492031134863E-30,
-1.));
#2437=DIRECTION('',(2.44929359829471E-16,1.,5.11861110003535E-31));
#2438=DIRECTION('',(2.15032670032662E-14,-4.75492031134863E-30,-1.));
#2439=DIRECTION('center_axis',(-1.,2.44929359829471E-16,-4.67462326157961E-16));
#2440=DIRECTION('ref_axis',(-4.67462326157961E-16,-3.97365861713271E-31,
1.));
#2441=DIRECTION('',(-4.67462326157961E-16,-3.97365861713271E-31,1.));
#2442=DIRECTION('',(2.44929359829471E-16,1.,5.11861110003535E-31));
#2443=DIRECTION('center_axis',(-3.48305262627497E-16,-4.26550925002947E-31,
1.));
#2444=DIRECTION('ref_axis',(1.,-2.44929359829471E-16,3.48305262627497E-16));
#2445=DIRECTION('',(1.,-2.44929359829471E-16,3.48305262627497E-16));
#2446=DIRECTION('center_axis',(1.,-2.44929359829471E-16,1.77635683940025E-15));
#2447=DIRECTION('ref_axis',(1.77635683940025E-15,7.67791665005305E-32,-1.));
#2448=DIRECTION('',(1.77635683940025E-15,7.67791665005305E-32,-1.));
#2449=DIRECTION('',(2.44929359829471E-16,1.,5.11861110003535E-31));
#2450=DIRECTION('',(1.77635683940025E-15,7.67791665005305E-32,-1.));
#2451=DIRECTION('',(2.44929359829471E-16,1.,5.11861110003535E-31));
#2452=DIRECTION('center_axis',(-1.33226762955018E-15,-1.85549652376283E-31,
1.));
#2453=DIRECTION('ref_axis',(1.,-2.44929359829471E-16,1.33226762955018E-15));
#2454=DIRECTION('',(1.,-2.44929359829471E-16,1.33226762955018E-15));
#2455=DIRECTION('',(1.,-2.44929359829471E-16,1.33226762955018E-15));
#2456=DIRECTION('',(2.44929359829471E-16,1.,5.11861110003535E-31));
#2457=DIRECTION('center_axis',(-1.,2.44929359829471E-16,-2.14207736515912E-15));
#2458=DIRECTION('ref_axis',(-2.14207736515912E-15,1.27965277500883E-32,
1.));
#2459=DIRECTION('',(-2.14207736515912E-15,1.27965277500883E-32,1.));
#2460=DIRECTION('',(-2.14207736515912E-15,1.27965277500883E-32,1.));
#2461=DIRECTION('',(2.44929359829471E-16,1.,5.11861110003535E-31));
#2462=DIRECTION('center_axis',(1.03620815631681E-15,2.58063309626783E-31,
-1.));
#2463=DIRECTION('ref_axis',(-1.,2.44929359829471E-16,-1.03620815631681E-15));
#2464=DIRECTION('',(-1.,2.44929359829471E-16,-1.03620815631681E-15));
#2465=DIRECTION('',(-1.,2.44929359829471E-16,-1.03620815631681E-15));
#2466=DIRECTION('center_axis',(2.44929359829471E-16,1.,5.11861110003535E-31));
#2467=DIRECTION('ref_axis',(0.,-5.11861110003535E-31,1.));
#2468=DIRECTION('center_axis',(2.44929359829471E-16,1.,5.11861110003535E-31));
#2469=DIRECTION('ref_axis',(1.,-2.44929359829471E-16,0.));
#2470=DIRECTION('axis',(0.,0.,1.));
#2471=DIRECTION('refdir',(1.,0.,0.));
#2472=DIRECTION('center_axis',(1.,0.,1.1318067529263E-14));
#2473=DIRECTION('ref_axis',(-1.1318067529263E-14,0.,1.));
#2474=DIRECTION('',(1.1318067529263E-14,0.,-1.));
#2475=DIRECTION('',(0.,-1.,0.));
#2476=DIRECTION('',(-1.1318067529263E-14,0.,1.));
#2477=DIRECTION('',(0.,-1.,0.));
#2478=DIRECTION('center_axis',(4.48592583926202E-15,0.,-1.));
#2479=DIRECTION('ref_axis',(1.,0.,4.48592583926202E-15));
#2480=DIRECTION('',(-1.,0.,-4.48592583926202E-15));
#2481=DIRECTION('',(1.,0.,4.48592583926202E-15));
#2482=DIRECTION('',(0.,-1.,0.));
#2483=DIRECTION('center_axis',(-1.,0.,-1.1318067529263E-14));
#2484=DIRECTION('ref_axis',(1.1318067529263E-14,0.,-1.));
#2485=DIRECTION('',(-1.1318067529263E-14,0.,1.));
#2486=DIRECTION('',(1.1318067529263E-14,0.,-1.));
#2487=DIRECTION('',(0.,-1.,0.));
#2488=DIRECTION('center_axis',(-7.9019966842625E-15,0.,1.));
#2489=DIRECTION('ref_axis',(-1.,0.,-7.9019966842625E-15));
#2490=DIRECTION('',(1.,0.,7.9019966842625E-15));
#2491=DIRECTION('',(-1.,0.,-7.9019966842625E-15));
#2492=DIRECTION('center_axis',(-1.,0.,9.17835754073991E-15));
#2493=DIRECTION('ref_axis',(-9.17835754073991E-15,0.,-1.));
#2494=DIRECTION('',(9.17835754073991E-15,0.,1.));
#2495=DIRECTION('',(0.,-1.,0.));
#2496=DIRECTION('',(-9.17835754073991E-15,0.,-1.));
#2497=DIRECTION('',(0.,-1.,0.));
#2498=DIRECTION('center_axis',(3.20023356198907E-15,0.,1.));
#2499=DIRECTION('ref_axis',(-1.,0.,3.20023356198907E-15));
#2500=DIRECTION('',(1.,0.,-3.20023356198907E-15));
#2501=DIRECTION('',(-1.,0.,3.20023356198907E-15));
#2502=DIRECTION('',(0.,-1.,0.));
#2503=DIRECTION('center_axis',(1.,0.,-9.17835754073991E-15));
#2504=DIRECTION('ref_axis',(9.17835754073991E-15,0.,1.));
#2505=DIRECTION('',(-9.17835754073991E-15,0.,-1.));
#2506=DIRECTION('',(9.17835754073991E-15,0.,1.));
#2507=DIRECTION('',(0.,-1.,0.));
#2508=DIRECTION('center_axis',(-2.77322470636401E-15,0.,-1.));
#2509=DIRECTION('ref_axis',(1.,0.,-2.77322470636401E-15));
#2510=DIRECTION('',(-1.,0.,2.77322470636401E-15));
#2511=DIRECTION('',(1.,0.,-2.77322470636401E-15));
#2512=DIRECTION('center_axis',(1.,0.,1.92387270551166E-15));
#2513=DIRECTION('ref_axis',(-1.92387270551166E-15,0.,1.));
#2514=DIRECTION('',(1.92387270551166E-15,0.,-1.));
#2515=DIRECTION('',(0.,-1.,0.));
#2516=DIRECTION('',(-1.92387270551166E-15,0.,1.));
#2517=DIRECTION('',(0.,-1.,0.));
#2518=DIRECTION('center_axis',(1.06985499426153E-15,0.,-1.));
#2519=DIRECTION('ref_axis',(1.,0.,1.06985499426153E-15));
#2520=DIRECTION('',(-1.,0.,-1.06985499426153E-15));
#2521=DIRECTION('',(1.,0.,1.06985499426153E-15));
#2522=DIRECTION('',(0.,-1.,0.));
#2523=DIRECTION('center_axis',(-1.,0.,-1.06985499426153E-15));
#2524=DIRECTION('ref_axis',(1.06985499426153E-15,0.,-1.));
#2525=DIRECTION('',(-1.06985499426153E-15,0.,1.));
#2526=DIRECTION('',(1.06985499426153E-15,0.,-1.));
#2527=DIRECTION('',(0.,-1.,0.));
#2528=DIRECTION('center_axis',(-1.06985499426153E-15,0.,1.));
#2529=DIRECTION('ref_axis',(-1.,0.,-1.06985499426153E-15));
#2530=DIRECTION('',(1.,0.,1.06985499426153E-15));
#2531=DIRECTION('',(-1.,0.,-1.06985499426153E-15));
#2532=DIRECTION('center_axis',(-1.06985499426153E-15,0.,1.));
#2533=DIRECTION('ref_axis',(-1.,0.,-1.06985499426153E-15));
#2534=DIRECTION('',(1.,0.,1.06985499426153E-15));
#2535=DIRECTION('',(0.,-1.,0.));
#2536=DIRECTION('',(-1.,0.,-1.06985499426153E-15));
#2537=DIRECTION('',(0.,-1.,0.));
#2538=DIRECTION('center_axis',(1.,0.,2.15837283011414E-16));
#2539=DIRECTION('ref_axis',(-2.15837283011414E-16,0.,1.));
#2540=DIRECTION('',(2.15837283011414E-16,0.,-1.));
#2541=DIRECTION('',(-2.15837283011414E-16,0.,1.));
#2542=DIRECTION('',(0.,-1.,0.));
#2543=DIRECTION('center_axis',(1.06985499426153E-15,0.,-1.));
#2544=DIRECTION('ref_axis',(1.,0.,1.06985499426153E-15));
#2545=DIRECTION('',(-1.,0.,-1.06985499426153E-15));
#2546=DIRECTION('',(1.,0.,1.06985499426153E-15));
#2547=DIRECTION('',(0.,-1.,0.));
#2548=DIRECTION('center_axis',(-1.,0.,-1.06985499426153E-15));
#2549=DIRECTION('ref_axis',(1.06985499426153E-15,0.,-1.));
#2550=DIRECTION('',(-1.06985499426153E-15,0.,1.));
#2551=DIRECTION('',(1.06985499426153E-15,0.,-1.));
#2552=DIRECTION('center_axis',(-1.,0.,0.));
#2553=DIRECTION('ref_axis',(0.,0.,1.));
#2554=DIRECTION('',(0.,0.,1.));
#2555=DIRECTION('',(0.,1.,0.));
#2556=DIRECTION('',(0.,0.,1.));
#2557=DIRECTION('',(0.,1.,0.));
#2558=DIRECTION('center_axis',(0.,0.,1.));
#2559=DIRECTION('ref_axis',(1.,0.,0.));
#2560=DIRECTION('',(1.,0.,0.));
#2561=DIRECTION('',(1.,0.,0.));
#2562=DIRECTION('',(0.,1.,0.));
#2563=DIRECTION('center_axis',(1.,0.,0.));
#2564=DIRECTION('ref_axis',(0.,0.,-1.));
#2565=DIRECTION('',(0.,0.,-1.));
#2566=DIRECTION('',(0.,0.,-1.));
#2567=DIRECTION('',(0.,1.,0.));
#2568=DIRECTION('center_axis',(0.,0.,-1.));
#2569=DIRECTION('ref_axis',(-1.,0.,0.));
#2570=DIRECTION('',(-1.,0.,0.));
#2571=DIRECTION('',(-1.,0.,0.));
#2572=DIRECTION('center_axis',(0.,1.,0.));
#2573=DIRECTION('ref_axis',(0.,0.,1.));
#2574=DIRECTION('',(0.,0.,-1.));
#2575=DIRECTION('',(-1.,0.,0.));
#2576=DIRECTION('',(0.,0.,1.));
#2577=DIRECTION('',(1.,0.,0.));
#2578=DIRECTION('center_axis',(-1.,0.,0.));
#2579=DIRECTION('ref_axis',(0.,0.,1.));
#2580=DIRECTION('',(0.,1.,0.));
#2581=DIRECTION('',(0.,0.,1.));
#2582=DIRECTION('',(0.,1.,0.));
#2583=DIRECTION('center_axis',(0.,0.,-1.));
#2584=DIRECTION('ref_axis',(-1.,0.,0.));
#2585=DIRECTION('',(0.,1.,0.));
#2586=DIRECTION('',(-1.,0.,0.));
#2587=DIRECTION('center_axis',(0.,0.,1.));
#2588=DIRECTION('ref_axis',(1.,0.,0.));
#2589=DIRECTION('',(1.,0.,0.));
#2590=DIRECTION('',(0.,1.,0.));
#2591=DIRECTION('center_axis',(1.,0.,0.));
#2592=DIRECTION('ref_axis',(0.,0.,-1.));
#2593=DIRECTION('',(0.,0.,-1.));
#2594=DIRECTION('center_axis',(1.,0.,0.));
#2595=DIRECTION('ref_axis',(0.,0.,-1.));
#2596=DIRECTION('',(0.,0.,1.));
#2597=DIRECTION('',(0.,1.,0.));
#2598=DIRECTION('',(0.,0.,-1.));
#2599=DIRECTION('',(0.,1.,0.));
#2600=DIRECTION('center_axis',(0.,0.,1.));
#2601=DIRECTION('ref_axis',(1.,0.,0.));
#2602=DIRECTION('',(-1.,0.,0.));
#2603=DIRECTION('',(1.,0.,0.));
#2604=DIRECTION('',(0.,1.,0.));
#2605=DIRECTION('center_axis',(-1.,0.,0.));
#2606=DIRECTION('ref_axis',(0.,0.,1.));
#2607=DIRECTION('',(0.,0.,-1.));
#2608=DIRECTION('',(0.,0.,1.));
#2609=DIRECTION('',(0.,1.,0.));
#2610=DIRECTION('center_axis',(0.,0.,-1.));
#2611=DIRECTION('ref_axis',(-1.,0.,0.));
#2612=DIRECTION('',(1.,0.,0.));
#2613=DIRECTION('',(-1.,0.,0.));
#2614=DIRECTION('center_axis',(0.,1.,0.));
#2615=DIRECTION('ref_axis',(0.,0.,1.));
#2616=DIRECTION('center_axis',(0.,1.,0.));
#2617=DIRECTION('ref_axis',(1.,0.,0.));
#2618=DIRECTION('axis',(0.,0.,1.));
#2619=DIRECTION('refdir',(1.,0.,0.));
#2620=DIRECTION('center_axis',(-1.,0.,0.));
#2621=DIRECTION('ref_axis',(0.,0.,1.));
#2622=DIRECTION('',(0.,0.,-1.));
#2623=DIRECTION('',(0.,1.,0.));
#2624=DIRECTION('',(0.,0.,1.));
#2625=DIRECTION('',(0.,1.,0.));
#2626=DIRECTION('center_axis',(0.,0.,-1.));
#2627=DIRECTION('ref_axis',(-1.,0.,0.));
#2628=DIRECTION('',(1.,0.,0.));
#2629=DIRECTION('',(-1.,0.,0.));
#2630=DIRECTION('',(0.,1.,0.));
#2631=DIRECTION('center_axis',(1.,0.,0.));
#2632=DIRECTION('ref_axis',(0.,0.,-1.));
#2633=DIRECTION('',(0.,0.,1.));
#2634=DIRECTION('',(0.,0.,-1.));
#2635=DIRECTION('',(0.,1.,0.));
#2636=DIRECTION('center_axis',(0.,0.,1.));
#2637=DIRECTION('ref_axis',(1.,0.,0.));
#2638=DIRECTION('',(-1.,0.,0.));
#2639=DIRECTION('',(1.,0.,0.));
#2640=DIRECTION('center_axis',(0.,1.,0.));
#2641=DIRECTION('ref_axis',(0.,0.,1.));
#2642=DIRECTION('center_axis',(0.,1.,0.));
#2643=DIRECTION('ref_axis',(1.,0.,0.));
#2644=DIRECTION('axis',(0.,0.,1.));
#2645=DIRECTION('refdir',(1.,0.,0.));
#2646=DIRECTION('center_axis',(0.,0.,1.));
#2647=DIRECTION('ref_axis',(1.,0.,0.));
#2648=DIRECTION('',(1.,0.,0.));
#2649=DIRECTION('',(0.,1.,0.));
#2650=DIRECTION('',(1.,0.,0.));
#2651=DIRECTION('',(0.,1.,0.));
#2652=DIRECTION('center_axis',(-1.,0.,0.));
#2653=DIRECTION('ref_axis',(0.,0.,1.));
#2654=DIRECTION('',(0.,0.,1.));
#2655=DIRECTION('',(0.,0.,1.));
#2656=DIRECTION('',(0.,1.,0.));
#2657=DIRECTION('center_axis',(0.,0.,-1.));
#2658=DIRECTION('ref_axis',(-1.,0.,0.));
#2659=DIRECTION('',(-1.,0.,0.));
#2660=DIRECTION('',(-1.,0.,0.));
#2661=DIRECTION('',(0.,1.,0.));
#2662=DIRECTION('center_axis',(0.258819045102519,0.,-0.965925826289069));
#2663=DIRECTION('ref_axis',(-0.965925826289069,0.,-0.258819045102519));
#2664=DIRECTION('',(0.965925826289069,0.,0.258819045102519));
#2665=DIRECTION('',(-0.965925826289069,0.,-0.258819045102519));
#2666=DIRECTION('',(0.,1.,0.));
#2667=DIRECTION('center_axis',(0.342020143325669,0.,0.939692620785908));
#2668=DIRECTION('ref_axis',(0.939692620785908,0.,-0.342020143325669));
#2669=DIRECTION('',(0.939692620785908,0.,-0.342020143325669));
#2670=DIRECTION('',(0.939692620785908,0.,-0.342020143325669));
#2671=DIRECTION('center_axis',(0.,1.,0.));
#2672=DIRECTION('ref_axis',(0.,0.,1.));
#2673=DIRECTION('center_axis',(0.,1.,0.));
#2674=DIRECTION('ref_axis',(1.,0.,0.));
#2675=DIRECTION('center_axis',(2.22044604925031E-16,1.,0.));
#2676=DIRECTION('ref_axis',(0.,0.,1.));
#2677=DIRECTION('',(0.,0.,-1.));
#2678=DIRECTION('',(1.,-2.22044604925031E-16,0.));
#2679=DIRECTION('',(0.,0.,1.));
#2680=DIRECTION('',(1.,-2.22044604925031E-16,0.));
#2681=DIRECTION('center_axis',(0.,0.,-1.));
#2682=DIRECTION('ref_axis',(2.22044604925031E-16,1.,0.));
#2683=DIRECTION('',(-2.22044604925031E-16,-1.,0.));
#2684=DIRECTION('',(2.22044604925031E-16,1.,0.));
#2685=DIRECTION('',(1.,-2.22044604925031E-16,0.));
#2686=DIRECTION('center_axis',(-2.22044604925031E-16,-1.,0.));
#2687=DIRECTION('ref_axis',(0.,0.,-1.));
#2688=DIRECTION('',(0.,0.,1.));
#2689=DIRECTION('',(0.,0.,-1.));
#2690=DIRECTION('',(1.,-2.22044604925031E-16,0.));
#2691=DIRECTION('center_axis',(0.,0.,1.));
#2692=DIRECTION('ref_axis',(-2.22044604925031E-16,-1.,0.));
#2693=DIRECTION('',(2.22044604925031E-16,1.,0.));
#2694=DIRECTION('',(-2.22044604925031E-16,-1.,0.));
#2695=DIRECTION('center_axis',(1.,-2.22044604925031E-16,0.));
#2696=DIRECTION('ref_axis',(0.,0.,1.));
#2697=DIRECTION('center_axis',(1.,-2.22044604925031E-16,0.));
#2698=DIRECTION('ref_axis',(-2.22044604925031E-16,-1.,0.));
#2699=DIRECTION('',(8.50670034815969E-15,1.,-8.60423691117372E-16));
#2700=DIRECTION('',(1.,-8.50670034815968E-15,8.47894477254406E-15));
#2701=DIRECTION('',(-6.80438611438533E-15,1.,-8.60423691117502E-16));
#2702=DIRECTION('',(-1.,-6.80438611438534E-15,-8.47894477254405E-15));
#2703=DIRECTION('',(-5.58168968712758E-15,1.,-9.40828632701203E-16));
#2704=DIRECTION('',(-8.52218110485025E-15,9.40828632701156E-16,1.));
#2705=DIRECTION('',(-1.,8.09716274557481E-15,-8.47894477254406E-15));
#2706=DIRECTION('',(8.09716274557482E-15,1.,-8.60423691117375E-16));
#2707=DIRECTION('',(8.56793268811705E-15,1.,-9.40828632701083E-16));
#2708=DIRECTION('',(-8.52218110485025E-15,9.40828632701156E-16,1.));
#2709=CARTESIAN_POINT('',(0.,0.,0.));
#2710=CARTESIAN_POINT('',(0.,0.,0.));
#2711=CARTESIAN_POINT('Origin',(-58.7999999999995,20.,-80.8000000000003));
#2712=CARTESIAN_POINT('',(-58.7999999999995,20.,-80.8000000000003));
#2713=CARTESIAN_POINT('',(-58.7999999999995,20.,-78.2000000000003));
#2714=CARTESIAN_POINT('',(-58.7999999999997,20.,-40.4000000000001));
#2715=CARTESIAN_POINT('',(-58.7999999999995,25.1,-80.8000000000003));
#2716=CARTESIAN_POINT('',(-58.7999999999995,20.,-80.8000000000003));
#2717=CARTESIAN_POINT('',(-58.7999999999995,25.1,-78.2000000000003));
#2718=CARTESIAN_POINT('',(-58.7999999999995,25.1,-78.2000000000003));
#2719=CARTESIAN_POINT('',(-58.7999999999995,20.,-78.2000000000003));
#2720=CARTESIAN_POINT('Origin',(-55.7999999999996,20.,-80.8000000000003));
#2721=CARTESIAN_POINT('',(-55.7999999999996,20.,-80.8000000000003));
#2722=CARTESIAN_POINT('',(-27.8999999999995,20.,-80.8000000000002));
#2723=CARTESIAN_POINT('',(-55.7999999999996,25.1,-80.8000000000003));
#2724=CARTESIAN_POINT('',(-55.7999999999996,20.,-80.8000000000003));
#2725=CARTESIAN_POINT('',(-58.7999999999995,25.1,-80.8000000000003));
#2726=CARTESIAN_POINT('Origin',(-55.7999999999996,20.,-83.7999999999998));
#2727=CARTESIAN_POINT('',(-55.7999999999996,20.,-83.7999999999998));
#2728=CARTESIAN_POINT('',(-55.8,20.,-41.9));
#2729=CARTESIAN_POINT('',(-55.7999999999996,25.1,-83.7999999999998));
#2730=CARTESIAN_POINT('',(-55.7999999999996,20.,-83.7999999999998));
#2731=CARTESIAN_POINT('',(-55.7999999999996,25.1,-83.7999999999998));
#2732=CARTESIAN_POINT('Origin',(-53.1999999999996,20.,-83.7999999999997));
#2733=CARTESIAN_POINT('',(-53.1999999999996,20.,-83.7999999999997));
#2734=CARTESIAN_POINT('',(-26.5999999999992,20.,-83.7999999999994));
#2735=CARTESIAN_POINT('',(-53.1999999999996,25.1,-83.7999999999997));
#2736=CARTESIAN_POINT('',(-53.1999999999996,20.,-83.7999999999997));
#2737=CARTESIAN_POINT('',(-53.1999999999996,25.1,-83.7999999999997));
#2738=CARTESIAN_POINT('Origin',(-53.1999999999996,20.,-80.8000000000003));
#2739=CARTESIAN_POINT('',(-53.1999999999996,20.,-80.8000000000003));
#2740=CARTESIAN_POINT('',(-53.2,20.,-40.4000000000002));
#2741=CARTESIAN_POINT('',(-53.1999999999996,25.1,-80.8000000000003));
#2742=CARTESIAN_POINT('',(-53.1999999999996,20.,-80.8000000000003));
#2743=CARTESIAN_POINT('',(-53.1999999999999,25.1,-53.5999999999998));
#2744=CARTESIAN_POINT('Origin',(-28.5999999999995,20.,-80.8000000000002));
#2745=CARTESIAN_POINT('',(-28.5999999999995,20.,-80.8000000000002));
#2746=CARTESIAN_POINT('',(-14.2999999999995,20.,-80.8000000000001));
#2747=CARTESIAN_POINT('',(-28.5999999999995,25.1,-80.8000000000002));
#2748=CARTESIAN_POINT('',(-28.5999999999995,20.,-80.8000000000002));
#2749=CARTESIAN_POINT('',(-58.7999999999995,25.1,-80.8000000000003));
#2750=CARTESIAN_POINT('Origin',(-28.5999999999995,20.,-78.2000000000002));
#2751=CARTESIAN_POINT('',(-28.5999999999995,20.,-78.2000000000002));
#2752=CARTESIAN_POINT('',(-28.5999999999997,20.,-39.1));
#2753=CARTESIAN_POINT('',(-28.5999999999995,25.1,-78.2000000000002));
#2754=CARTESIAN_POINT('',(-28.5999999999995,20.,-78.2000000000002));
#2755=CARTESIAN_POINT('',(-28.5999999999995,25.1,-80.8000000000002));
#2756=CARTESIAN_POINT('Origin',(-53.1999999999996,20.,-78.2000000000003));
#2757=CARTESIAN_POINT('',(-53.1999999999996,20.,-78.2000000000003));
#2758=CARTESIAN_POINT('',(-26.5999999999996,20.,-78.2000000000002));
#2759=CARTESIAN_POINT('',(-53.1999999999996,25.1,-78.2000000000003));
#2760=CARTESIAN_POINT('',(-53.1999999999996,20.,-78.2000000000003));
#2761=CARTESIAN_POINT('',(-28.5999999999995,25.1,-78.2000000000002));
#2762=CARTESIAN_POINT('Origin',(-53.1999999999999,20.,-53.5999999999998));
#2763=CARTESIAN_POINT('',(-53.1999999999999,20.,-53.5999999999998));
#2764=CARTESIAN_POINT('',(-53.2000000000001,20.,-26.7999999999999));
#2765=CARTESIAN_POINT('',(-53.1999999999999,25.1,-53.5999999999998));
#2766=CARTESIAN_POINT('',(-53.1999999999999,20.,-53.5999999999998));
#2767=CARTESIAN_POINT('',(-53.1999999999999,25.1,-53.5999999999998));
#2768=CARTESIAN_POINT('Origin',(-55.7999999999999,20.,-53.5999999999998));
#2769=CARTESIAN_POINT('',(-55.7999999999999,20.,-53.5999999999998));
#2770=CARTESIAN_POINT('',(-27.8999999999997,20.,-53.5999999999996));
#2771=CARTESIAN_POINT('',(-55.7999999999999,25.1,-53.5999999999998));
#2772=CARTESIAN_POINT('',(-55.7999999999999,20.,-53.5999999999998));
#2773=CARTESIAN_POINT('',(-59.9999999999999,25.1,-53.5999999999998));
#2774=CARTESIAN_POINT('Origin',(-55.7999999999996,20.,-78.2000000000003));
#2775=CARTESIAN_POINT('',(-55.7999999999996,20.,-78.2000000000003));
#2776=CARTESIAN_POINT('',(-55.8,20.,-39.1000000000002));
#2777=CARTESIAN_POINT('',(-55.7999999999996,25.1,-78.2000000000003));
#2778=CARTESIAN_POINT('',(-55.7999999999996,20.,-78.2000000000003));
#2779=CARTESIAN_POINT('',(-55.7999999999996,25.1,-83.7999999999998));
#2780=CARTESIAN_POINT('Origin',(-58.7999999999995,20.,-78.2000000000003));
#2781=CARTESIAN_POINT('',(-29.3999999999995,20.,-78.2000000000002));
#2782=CARTESIAN_POINT('',(-28.5999999999995,25.1,-78.2000000000002));
#2783=CARTESIAN_POINT('Origin',(-43.6999999999995,25.1,-68.6999999999997));
#2784=CARTESIAN_POINT('Origin',(55.8000000000018,20.,-53.5999999999991));
#2785=CARTESIAN_POINT('',(55.8000000000018,20.,-53.5999999999991));
#2786=CARTESIAN_POINT('',(55.8000000000018,20.,-83.7999999999991));
#2787=CARTESIAN_POINT('',(55.8000000000017,20.,-26.7999999999993));
#2788=CARTESIAN_POINT('',(55.8000000000018,25.1,-53.5999999999991));
#2789=CARTESIAN_POINT('',(55.8000000000018,20.,-53.5999999999991));
#2790=CARTESIAN_POINT('',(55.8000000000018,25.1,-83.7999999999991));
#2791=CARTESIAN_POINT('',(55.8000000000018,25.1,-83.7999999999991));
#2792=CARTESIAN_POINT('',(55.8000000000018,20.,-83.7999999999991));
#2793=CARTESIAN_POINT('Origin',(53.2000000000018,20.,-53.5999999999991));
#2794=CARTESIAN_POINT('',(53.2000000000018,20.,-53.5999999999991));
#2795=CARTESIAN_POINT('',(26.6000000000012,20.,-53.5999999999993));
#2796=CARTESIAN_POINT('',(53.2000000000018,25.1,-53.5999999999991));
#2797=CARTESIAN_POINT('',(53.2000000000018,20.,-53.5999999999991));
#2798=CARTESIAN_POINT('',(55.8000000000018,25.1,-53.5999999999991));
#2799=CARTESIAN_POINT('Origin',(53.2000000000018,20.,-83.7999999999991));
#2800=CARTESIAN_POINT('',(53.2000000000018,20.,-83.7999999999991));
#2801=CARTESIAN_POINT('',(53.2000000000018,20.,-41.8999999999993));
#2802=CARTESIAN_POINT('',(53.2000000000018,25.1,-83.7999999999991));
#2803=CARTESIAN_POINT('',(53.2000000000018,20.,-83.7999999999991));
#2804=CARTESIAN_POINT('',(53.2000000000018,25.1,-53.5999999999991));
#2805=CARTESIAN_POINT('Origin',(55.8000000000018,20.,-83.7999999999991));
#2806=CARTESIAN_POINT('',(27.9000000000009,20.,-83.799999999999));
#2807=CARTESIAN_POINT('',(53.2000000000018,25.1,-83.7999999999991));
#2808=CARTESIAN_POINT('Origin',(54.5000000000018,25.1,-68.6999999999991));
#2809=CARTESIAN_POINT('Origin',(-28.6000000000002,20.,80.800000000001));
#2810=CARTESIAN_POINT('',(-28.6000000000002,20.,80.800000000001));
#2811=CARTESIAN_POINT('',(-28.6000000000002,20.,78.200000000001));
#2812=CARTESIAN_POINT('',(-28.6,20.,40.4000000000006));
#2813=CARTESIAN_POINT('',(-28.6000000000002,25.1,80.800000000001));
#2814=CARTESIAN_POINT('',(-28.6000000000002,20.,80.800000000001));
#2815=CARTESIAN_POINT('',(-28.6000000000002,25.1,78.200000000001));
#2816=CARTESIAN_POINT('',(-28.6000000000002,25.1,80.800000000001));
#2817=CARTESIAN_POINT('',(-28.6000000000002,20.,78.200000000001));
#2818=CARTESIAN_POINT('Origin',(-58.8000000000002,20.,80.8000000000008));
#2819=CARTESIAN_POINT('',(-58.8000000000002,20.,80.8000000000008));
#2820=CARTESIAN_POINT('',(-29.4000000000002,20.,80.800000000001));
#2821=CARTESIAN_POINT('',(-58.8000000000002,25.1,80.8000000000008));
#2822=CARTESIAN_POINT('',(-58.8000000000002,20.,80.8000000000008));
#2823=CARTESIAN_POINT('',(-58.8000000000002,25.1,80.8000000000008));
#2824=CARTESIAN_POINT('Origin',(-58.8000000000002,20.,78.2000000000008));
#2825=CARTESIAN_POINT('',(-58.8000000000002,20.,78.2000000000008));
#2826=CARTESIAN_POINT('',(-58.8,20.,39.1000000000005));
#2827=CARTESIAN_POINT('',(-58.8000000000002,25.1,78.2000000000008));
#2828=CARTESIAN_POINT('',(-58.8000000000002,20.,78.2000000000008));
#2829=CARTESIAN_POINT('',(-58.8000000000002,25.1,78.2000000000008));
#2830=CARTESIAN_POINT('Origin',(-28.6000000000002,20.,78.200000000001));
#2831=CARTESIAN_POINT('',(-14.3000000000002,20.,78.2000000000011));
#2832=CARTESIAN_POINT('',(-28.6000000000002,25.1,78.200000000001));
#2833=CARTESIAN_POINT('Origin',(-43.7000000000002,25.1,79.5000000000009));
#2834=CARTESIAN_POINT('Origin',(52.8999999999982,30.,-83.1000000000032));
#2835=CARTESIAN_POINT('',(52.8999999999982,30.,-83.1000000000032));
#2836=CARTESIAN_POINT('',(58.0999999999982,30.,-83.1000000000033));
#2837=CARTESIAN_POINT('',(26.4499999999992,30.,-83.1000000000033));
#2838=CARTESIAN_POINT('',(52.8999999999982,25.9,-83.1000000000032));
#2839=CARTESIAN_POINT('',(52.8999999999982,30.,-83.1000000000032));
#2840=CARTESIAN_POINT('',(58.0999999999982,25.9,-83.1000000000033));
#2841=CARTESIAN_POINT('',(52.8999999999982,25.9,-83.1000000000032));
#2842=CARTESIAN_POINT('',(58.0999999999982,30.,-83.1000000000033));
#2843=CARTESIAN_POINT('Origin',(52.8999999999982,30.,-77.9000000000033));
#2844=CARTESIAN_POINT('',(52.8999999999982,30.,-77.9000000000033));
#2845=CARTESIAN_POINT('',(52.8999999999983,30.,-38.9500000000014));
#2846=CARTESIAN_POINT('',(52.8999999999982,25.9,-77.9000000000033));
#2847=CARTESIAN_POINT('',(52.8999999999982,30.,-77.9000000000033));
#2848=CARTESIAN_POINT('',(52.8999999999982,25.9,-77.9000000000033));
#2849=CARTESIAN_POINT('Origin',(58.0999999999981,30.,-77.9000000000033));
#2850=CARTESIAN_POINT('',(58.0999999999981,30.,-77.9000000000033));
#2851=CARTESIAN_POINT('',(29.0499999999992,30.,-77.9000000000033));
#2852=CARTESIAN_POINT('',(58.0999999999981,25.9,-77.9000000000033));
#2853=CARTESIAN_POINT('',(58.0999999999981,30.,-77.9000000000033));
#2854=CARTESIAN_POINT('',(58.0999999999981,25.9,-77.9000000000033));
#2855=CARTESIAN_POINT('Origin',(58.0999999999982,30.,-83.1000000000033));
#2856=CARTESIAN_POINT('',(58.0999999999975,30.,-41.5500000000009));
#2857=CARTESIAN_POINT('',(58.0999999999982,25.9,-83.1000000000033));
#2858=CARTESIAN_POINT('Origin',(55.4999999999982,25.9,-80.5000000000033));
#2859=CARTESIAN_POINT('Origin',(52.8999999999984,30.,83.1000000000037));
#2860=CARTESIAN_POINT('',(52.8999999999984,30.,83.1000000000037));
#2861=CARTESIAN_POINT('',(52.8999999999984,30.,77.9000000000037));
#2862=CARTESIAN_POINT('',(52.8999999999983,30.,41.5500000000019));
#2863=CARTESIAN_POINT('',(52.8999999999984,25.9,83.1000000000037));
#2864=CARTESIAN_POINT('',(52.8999999999984,30.,83.1000000000037));
#2865=CARTESIAN_POINT('',(52.8999999999984,25.9,77.9000000000037));
#2866=CARTESIAN_POINT('',(52.8999999999984,25.9,77.9000000000037));
#2867=CARTESIAN_POINT('',(52.8999999999984,30.,77.9000000000037));
#2868=CARTESIAN_POINT('Origin',(58.0999999999984,30.,83.1000000000036));
#2869=CARTESIAN_POINT('',(58.0999999999984,30.,83.1000000000036));
#2870=CARTESIAN_POINT('',(29.0499999999993,30.,83.1000000000036));
#2871=CARTESIAN_POINT('',(58.0999999999984,25.9,83.1000000000036));
#2872=CARTESIAN_POINT('',(58.0999999999984,30.,83.1000000000036));
#2873=CARTESIAN_POINT('',(52.8999999999984,25.9,83.1000000000037));
#2874=CARTESIAN_POINT('Origin',(58.0999999999983,30.,77.9000000000037));
#2875=CARTESIAN_POINT('',(58.0999999999983,30.,77.9000000000037));
#2876=CARTESIAN_POINT('',(58.0999999999976,30.,38.9500000000015));
#2877=CARTESIAN_POINT('',(58.0999999999983,25.9,77.9000000000037));
#2878=CARTESIAN_POINT('',(58.0999999999983,30.,77.9000000000037));
#2879=CARTESIAN_POINT('',(58.0999999999984,25.9,83.1000000000036));
#2880=CARTESIAN_POINT('Origin',(52.8999999999984,30.,77.9000000000037));
#2881=CARTESIAN_POINT('',(26.4499999999993,30.,77.9000000000037));
#2882=CARTESIAN_POINT('',(58.0999999999983,25.9,77.9000000000037));
#2883=CARTESIAN_POINT('Origin',(55.4999999999984,25.9,80.5000000000037));
#2884=CARTESIAN_POINT('Origin',(-58.099999999997,30.,-83.1000000000031));
#2885=CARTESIAN_POINT('',(-58.099999999997,30.,-83.1000000000031));
#2886=CARTESIAN_POINT('',(-52.8999999999975,30.,-83.1000000000031));
#2887=CARTESIAN_POINT('',(-29.0499999999984,30.,-83.1000000000031));
#2888=CARTESIAN_POINT('',(-58.099999999997,25.9,-83.1000000000031));
#2889=CARTESIAN_POINT('',(-58.099999999997,30.,-83.1000000000031));
#2890=CARTESIAN_POINT('',(-52.8999999999975,25.9,-83.1000000000031));
#2891=CARTESIAN_POINT('',(-52.8999999999975,25.9,-83.1000000000031));
#2892=CARTESIAN_POINT('',(-52.8999999999975,30.,-83.1000000000031));
#2893=CARTESIAN_POINT('Origin',(-58.0999999999969,30.,-77.9000000000032));
#2894=CARTESIAN_POINT('',(-58.0999999999969,30.,-77.9000000000032));
#2895=CARTESIAN_POINT('',(-58.0999999999962,30.,-38.9500000000009));
#2896=CARTESIAN_POINT('',(-58.0999999999969,25.9,-77.9000000000032));
#2897=CARTESIAN_POINT('',(-58.0999999999969,30.,-77.9000000000032));
#2898=CARTESIAN_POINT('',(-58.099999999997,25.9,-83.1000000000031));
#2899=CARTESIAN_POINT('Origin',(-52.8999999999975,30.,-77.9000000000032));
#2900=CARTESIAN_POINT('',(-52.8999999999975,30.,-77.9000000000032));
#2901=CARTESIAN_POINT('',(-26.4499999999987,30.,-77.9000000000032));
#2902=CARTESIAN_POINT('',(-52.8999999999975,25.9,-77.9000000000032));
#2903=CARTESIAN_POINT('',(-52.8999999999975,30.,-77.9000000000032));
#2904=CARTESIAN_POINT('',(-58.0999999999969,25.9,-77.9000000000032));
#2905=CARTESIAN_POINT('Origin',(-52.8999999999975,30.,-83.1000000000031));
#2906=CARTESIAN_POINT('',(-52.8999999999975,30.,-41.5500000000014));
#2907=CARTESIAN_POINT('',(-52.8999999999975,25.9,-77.9000000000032));
#2908=CARTESIAN_POINT('Origin',(-55.4999999999973,25.9,-80.5000000000032));
#2909=CARTESIAN_POINT('Origin',(-58.0999999999974,30.,83.1000000000038));
#2910=CARTESIAN_POINT('',(-58.0999999999974,30.,83.1000000000038));
#2911=CARTESIAN_POINT('',(-58.0999999999973,30.,77.9000000000038));
#2912=CARTESIAN_POINT('',(-58.0999999999967,30.,41.5500000000016));
#2913=CARTESIAN_POINT('',(-58.0999999999974,25.9,83.1000000000038));
#2914=CARTESIAN_POINT('',(-58.0999999999974,30.,83.1000000000038));
#2915=CARTESIAN_POINT('',(-58.0999999999973,25.9,77.9000000000038));
#2916=CARTESIAN_POINT('',(-58.0999999999974,25.9,83.1000000000038));
#2917=CARTESIAN_POINT('',(-58.0999999999973,30.,77.9000000000038));
#2918=CARTESIAN_POINT('Origin',(-52.8999999999974,30.,83.1000000000037));
#2919=CARTESIAN_POINT('',(-52.8999999999974,30.,83.1000000000037));
#2920=CARTESIAN_POINT('',(-26.4499999999983,30.,83.1000000000036));
#2921=CARTESIAN_POINT('',(-52.8999999999974,25.9,83.1000000000037));
#2922=CARTESIAN_POINT('',(-52.8999999999974,30.,83.1000000000037));
#2923=CARTESIAN_POINT('',(-52.8999999999974,25.9,83.1000000000037));
#2924=CARTESIAN_POINT('Origin',(-52.8999999999974,30.,77.9000000000038));
#2925=CARTESIAN_POINT('',(-52.8999999999974,30.,77.9000000000038));
#2926=CARTESIAN_POINT('',(-52.8999999999975,30.,38.9500000000022));
#2927=CARTESIAN_POINT('',(-52.8999999999974,25.9,77.9000000000038));
#2928=CARTESIAN_POINT('',(-52.8999999999974,30.,77.9000000000038));
#2929=CARTESIAN_POINT('',(-52.8999999999974,25.9,77.9000000000038));
#2930=CARTESIAN_POINT('Origin',(-58.0999999999973,30.,77.9000000000038));
#2931=CARTESIAN_POINT('',(-29.0499999999983,30.,77.9000000000036));
#2932=CARTESIAN_POINT('',(-58.0999999999973,25.9,77.9000000000038));
#2933=CARTESIAN_POINT('Origin',(-55.4999999999974,25.9,80.5000000000038));
#2934=CARTESIAN_POINT('Origin',(-48.9999999999998,20.,-73.9999999999997));
#2935=CARTESIAN_POINT('',(-48.9999999999998,20.,-73.9999999999997));
#2936=CARTESIAN_POINT('',(49.0000000000002,20.,-73.9999999999997));
#2937=CARTESIAN_POINT('',(49.0000000000002,20.,-73.9999999999997));
#2938=CARTESIAN_POINT('',(49.0000000000002,27.5,-73.9999999999997));
#2939=CARTESIAN_POINT('',(49.0000000000002,20.,-73.9999999999997));
#2940=CARTESIAN_POINT('',(-48.9999999999998,27.5,-73.9999999999997));
#2941=CARTESIAN_POINT('',(49.0000000000002,27.5,-73.9999999999997));
#2942=CARTESIAN_POINT('',(-48.9999999999998,20.,-73.9999999999997));
#2943=CARTESIAN_POINT('Origin',(-48.9999999999998,20.,74.0000000000003));
#2944=CARTESIAN_POINT('',(-48.9999999999998,20.,74.0000000000003));
#2945=CARTESIAN_POINT('',(-48.9999999999998,20.,-73.9999999999997));
#2946=CARTESIAN_POINT('',(-48.9999999999998,27.5,74.0000000000003));
#2947=CARTESIAN_POINT('',(-48.9999999999998,27.5,-73.9999999999997));
#2948=CARTESIAN_POINT('',(-48.9999999999998,20.,74.0000000000003));
#2949=CARTESIAN_POINT('Origin',(49.0000000000002,20.,74.0000000000003));
#2950=CARTESIAN_POINT('',(49.0000000000002,20.,74.0000000000003));
#2951=CARTESIAN_POINT('',(-48.9999999999998,20.,74.0000000000003));
#2952=CARTESIAN_POINT('',(49.0000000000002,27.5,74.0000000000003));
#2953=CARTESIAN_POINT('',(-48.9999999999998,27.5,74.0000000000003));
#2954=CARTESIAN_POINT('',(49.0000000000002,20.,74.0000000000003));
#2955=CARTESIAN_POINT('Origin',(49.0000000000002,20.,-73.9999999999997));
#2956=CARTESIAN_POINT('',(49.0000000000002,20.,74.0000000000003));
#2957=CARTESIAN_POINT('',(49.0000000000002,27.5,74.0000000000003));
#2958=CARTESIAN_POINT('Origin',(-1.65201186064223E-12,27.5,4.12741736213588E-13));
#2959=CARTESIAN_POINT('',(-51.0000000000004,27.5,-75.9999999999996));
#2960=CARTESIAN_POINT('',(51.0000000000004,27.5,-75.9999999999996));
#2961=CARTESIAN_POINT('',(-25.500000000001,27.5,-75.9999999999996));
#2962=CARTESIAN_POINT('',(-51.0000000000037,27.5,76.0000000000004));
#2963=CARTESIAN_POINT('',(-51.0000000000029,27.5,37.9999999999998));
#2964=CARTESIAN_POINT('',(51.0000000000003,27.5,76.0000000000004));
#2965=CARTESIAN_POINT('',(25.4999999999993,27.5,76.0000000000004));
#2966=CARTESIAN_POINT('',(51.0000000000003,27.5,-37.9999999999996));
#2967=CARTESIAN_POINT('Origin',(51.0000000000003,20.,76.0000000000004));
#2968=CARTESIAN_POINT('',(-51.0000000000037,30.,76.0000000000004));
#2969=CARTESIAN_POINT('',(-51.0000000000037,20.,76.0000000000004));
#2970=CARTESIAN_POINT('',(51.0000000000003,30.,76.0000000000004));
#2971=CARTESIAN_POINT('',(-51.0000000000037,30.,76.0000000000004));
#2972=CARTESIAN_POINT('',(51.0000000000003,20.,76.0000000000004));
#2973=CARTESIAN_POINT('Origin',(-51.0000000000037,20.,76.0000000000004));
#2974=CARTESIAN_POINT('',(-51.0000000000004,30.,-75.9999999999996));
#2975=CARTESIAN_POINT('',(-51.0000000000004,20.,-75.9999999999996));
#2976=CARTESIAN_POINT('',(-51.0000000000004,30.,-75.9999999999996));
#2977=CARTESIAN_POINT('Origin',(51.0000000000004,20.,-75.9999999999996));
#2978=CARTESIAN_POINT('',(51.0000000000004,30.,-75.9999999999996));
#2979=CARTESIAN_POINT('',(51.0000000000003,30.,76.0000000000004));
#2980=CARTESIAN_POINT('',(51.0000000000004,20.,-75.9999999999996));
#2981=CARTESIAN_POINT('Origin',(-51.0000000000004,20.,-75.9999999999996));
#2982=CARTESIAN_POINT('',(51.0000000000004,30.,-75.9999999999996));
#2983=CARTESIAN_POINT('Origin',(60.0000000000003,20.,85.0000000000005));
#2984=CARTESIAN_POINT('',(60.0000000000003,20.,85.0000000000005));
#2985=CARTESIAN_POINT('',(60.0000000000006,20.,-84.9999999999996));
#2986=CARTESIAN_POINT('',(60.0000000000003,20.,85.0000000000005));
#2987=CARTESIAN_POINT('',(60.0000000000006,30.,-84.9999999999996));
#2988=CARTESIAN_POINT('',(60.0000000000006,20.,-84.9999999999996));
#2989=CARTESIAN_POINT('',(60.0000000000003,30.,85.0000000000005));
#2990=CARTESIAN_POINT('',(60.0000000000003,30.,85.0000000000005));
#2991=CARTESIAN_POINT('',(60.0000000000003,20.,85.0000000000005));
#2992=CARTESIAN_POINT('Origin',(-60.0000000000002,20.,85.0000000000003));
#2993=CARTESIAN_POINT('',(-60.0000000000002,20.,85.0000000000003));
#2994=CARTESIAN_POINT('',(-60.0000000000002,20.,85.0000000000003));
#2995=CARTESIAN_POINT('',(-60.0000000000002,30.,85.0000000000003));
#2996=CARTESIAN_POINT('',(-60.0000000000002,30.,85.0000000000003));
#2997=CARTESIAN_POINT('',(-60.0000000000002,20.,85.0000000000003));
#2998=CARTESIAN_POINT('Origin',(-59.9999999999998,20.,-84.9999999999997));
#2999=CARTESIAN_POINT('',(-59.9999999999999,20.,-84.9999999999997));
#3000=CARTESIAN_POINT('',(-59.9999999999998,20.,-84.9999999999997));
#3001=CARTESIAN_POINT('',(-59.9999999999999,30.,-84.9999999999997));
#3002=CARTESIAN_POINT('',(-59.9999999999998,30.,-84.9999999999997));
#3003=CARTESIAN_POINT('',(-59.9999999999999,20.,-84.9999999999997));
#3004=CARTESIAN_POINT('Origin',(60.0000000000006,20.,-84.9999999999996));
#3005=CARTESIAN_POINT('',(60.0000000000006,20.,-84.9999999999996));
#3006=CARTESIAN_POINT('',(60.0000000000006,30.,-84.9999999999996));
#3007=CARTESIAN_POINT('Origin',(1.95399252334028E-13,30.,3.77214599425583E-13));
#3008=CARTESIAN_POINT('Origin',(1.95399252334028E-13,20.,3.77214599425583E-13));
#3009=CARTESIAN_POINT('',(0.,0.,0.));
#3010=CARTESIAN_POINT('Origin',(283.820393887749,2.,-97.7399885589647));
#3011=CARTESIAN_POINT('',(283.820393887749,0.,-92.5399885589647));
#3012=CARTESIAN_POINT('',(283.820393887749,0.,-97.7399885589647));
#3013=CARTESIAN_POINT('',(283.820393887749,0.,-56.1399885589645));
#3014=CARTESIAN_POINT('',(283.820393887749,2.,-92.5399885589647));
#3015=CARTESIAN_POINT('',(283.820393887749,2.,-92.5399885589647));
#3016=CARTESIAN_POINT('',(283.820393887749,2.,-97.7399885589647));
#3017=CARTESIAN_POINT('',(283.820393887749,2.,-56.1399885589645));
#3018=CARTESIAN_POINT('',(283.820393887749,2.,-97.7399885589647));
#3019=CARTESIAN_POINT('Origin',(278.620393887749,2.,-97.7399885589647));
#3020=CARTESIAN_POINT('',(278.620393887749,0.,-97.7399885589647));
#3021=CARTESIAN_POINT('',(252.120393887749,0.,-97.7399885589648));
#3022=CARTESIAN_POINT('',(278.620393887749,2.,-97.7399885589647));
#3023=CARTESIAN_POINT('',(252.120393887749,2.,-97.7399885589648));
#3024=CARTESIAN_POINT('',(278.620393887749,2.,-97.7399885589647));
#3025=CARTESIAN_POINT('Origin',(278.620393887749,2.,-92.5399885589647));
#3026=CARTESIAN_POINT('',(278.620393887749,0.,-92.5399885589647));
#3027=CARTESIAN_POINT('',(278.620393887749,0.,-53.5399885589646));
#3028=CARTESIAN_POINT('',(278.620393887749,2.,-92.5399885589647));
#3029=CARTESIAN_POINT('',(278.620393887749,2.,-53.5399885589646));
#3030=CARTESIAN_POINT('',(278.620393887749,2.,-92.5399885589647));
#3031=CARTESIAN_POINT('Origin',(283.820393887749,2.,-92.5399885589647));
#3032=CARTESIAN_POINT('',(254.720393887749,0.,-92.5399885589649));
#3033=CARTESIAN_POINT('',(254.720393887749,2.,-92.5399885589649));
#3034=CARTESIAN_POINT('Origin',(278.620393887749,2.,68.6600114410349));
#3035=CARTESIAN_POINT('',(278.620393887749,0.,63.4600114410349));
#3036=CARTESIAN_POINT('',(278.620393887749,0.,68.6600114410349));
#3037=CARTESIAN_POINT('',(278.620393887748,0.,27.0600114410347));
#3038=CARTESIAN_POINT('',(278.620393887749,2.,63.4600114410349));
#3039=CARTESIAN_POINT('',(278.620393887749,2.,63.4600114410349));
#3040=CARTESIAN_POINT('',(278.620393887749,2.,68.6600114410349));
#3041=CARTESIAN_POINT('',(278.620393887748,2.,27.0600114410347));
#3042=CARTESIAN_POINT('',(278.620393887749,2.,68.6600114410349));
#3043=CARTESIAN_POINT('Origin',(283.820393887749,2.,68.6600114410349));
#3044=CARTESIAN_POINT('',(283.820393887749,0.,68.6600114410349));
#3045=CARTESIAN_POINT('',(254.720393887749,0.,68.660011441035));
#3046=CARTESIAN_POINT('',(283.820393887749,2.,68.6600114410349));
#3047=CARTESIAN_POINT('',(254.720393887749,2.,68.660011441035));
#3048=CARTESIAN_POINT('',(283.820393887749,2.,68.6600114410349));
#3049=CARTESIAN_POINT('Origin',(283.820393887749,2.,63.4600114410349));
#3050=CARTESIAN_POINT('',(283.820393887749,0.,63.4600114410349));
#3051=CARTESIAN_POINT('',(283.820393887748,0.,24.4600114410347));
#3052=CARTESIAN_POINT('',(283.820393887749,2.,63.4600114410349));
#3053=CARTESIAN_POINT('',(283.820393887748,2.,24.4600114410347));
#3054=CARTESIAN_POINT('',(283.820393887749,2.,63.4600114410349));
#3055=CARTESIAN_POINT('Origin',(278.620393887749,2.,63.4600114410349));
#3056=CARTESIAN_POINT('',(252.120393887749,0.,63.460011441035));
#3057=CARTESIAN_POINT('',(252.120393887749,2.,63.460011441035));
#3058=CARTESIAN_POINT('Origin',(172.620393887749,2.,-97.739988558965));
#3059=CARTESIAN_POINT('',(172.620393887749,0.,-92.539988558965));
#3060=CARTESIAN_POINT('',(172.620393887749,0.,-97.739988558965));
#3061=CARTESIAN_POINT('',(172.620393887749,0.,-56.1399885589651));
#3062=CARTESIAN_POINT('',(172.620393887749,2.,-92.539988558965));
#3063=CARTESIAN_POINT('',(172.620393887749,2.,-92.539988558965));
#3064=CARTESIAN_POINT('',(172.620393887749,2.,-97.739988558965));
#3065=CARTESIAN_POINT('',(172.620393887749,2.,-56.1399885589651));
#3066=CARTESIAN_POINT('',(172.620393887749,2.,-97.739988558965));
#3067=CARTESIAN_POINT('Origin',(167.420393887749,2.,-97.739988558965));
#3068=CARTESIAN_POINT('',(167.420393887749,0.,-97.739988558965));
#3069=CARTESIAN_POINT('',(196.520393887749,0.,-97.739988558965));
#3070=CARTESIAN_POINT('',(167.420393887749,2.,-97.739988558965));
#3071=CARTESIAN_POINT('',(196.520393887749,2.,-97.739988558965));
#3072=CARTESIAN_POINT('',(167.420393887749,2.,-97.739988558965));
#3073=CARTESIAN_POINT('Origin',(167.420393887749,2.,-92.539988558965));
#3074=CARTESIAN_POINT('',(167.420393887749,0.,-92.539988558965));
#3075=CARTESIAN_POINT('',(167.420393887749,0.,-53.5399885589651));
#3076=CARTESIAN_POINT('',(167.420393887749,2.,-92.539988558965));
#3077=CARTESIAN_POINT('',(167.420393887749,2.,-53.5399885589651));
#3078=CARTESIAN_POINT('',(167.420393887749,2.,-92.539988558965));
#3079=CARTESIAN_POINT('Origin',(172.620393887749,2.,-92.539988558965));
#3080=CARTESIAN_POINT('',(199.120393887749,0.,-92.539988558965));
#3081=CARTESIAN_POINT('',(199.120393887749,2.,-92.539988558965));
#3082=CARTESIAN_POINT('Origin',(172.620393887749,2.,68.660011441035));
#3083=CARTESIAN_POINT('',(167.420393887749,0.,68.660011441035));
#3084=CARTESIAN_POINT('',(172.620393887749,0.,68.660011441035));
#3085=CARTESIAN_POINT('',(199.120393887749,0.,68.660011441035));
#3086=CARTESIAN_POINT('',(167.420393887749,2.,68.660011441035));
#3087=CARTESIAN_POINT('',(167.420393887749,2.,68.660011441035));
#3088=CARTESIAN_POINT('',(172.620393887749,2.,68.660011441035));
#3089=CARTESIAN_POINT('',(199.120393887749,2.,68.660011441035));
#3090=CARTESIAN_POINT('',(172.620393887749,2.,68.660011441035));
#3091=CARTESIAN_POINT('Origin',(172.620393887749,2.,63.460011441035));
#3092=CARTESIAN_POINT('',(172.620393887749,0.,63.460011441035));
#3093=CARTESIAN_POINT('',(172.620393887749,0.,24.460011441035));
#3094=CARTESIAN_POINT('',(172.620393887749,2.,63.460011441035));
#3095=CARTESIAN_POINT('',(172.620393887749,2.,24.460011441035));
#3096=CARTESIAN_POINT('',(172.620393887749,2.,63.460011441035));
#3097=CARTESIAN_POINT('Origin',(167.420393887749,2.,63.460011441035));
#3098=CARTESIAN_POINT('',(167.420393887749,0.,63.460011441035));
#3099=CARTESIAN_POINT('',(196.520393887749,0.,63.460011441035));
#3100=CARTESIAN_POINT('',(167.420393887749,2.,63.460011441035));
#3101=CARTESIAN_POINT('',(196.520393887749,2.,63.460011441035));
#3102=CARTESIAN_POINT('',(167.420393887749,2.,63.460011441035));
#3103=CARTESIAN_POINT('Origin',(167.420393887749,2.,68.660011441035));
#3104=CARTESIAN_POINT('',(167.420393887749,0.,27.060011441035));
#3105=CARTESIAN_POINT('',(167.420393887749,2.,27.060011441035));
#3106=CARTESIAN_POINT('Origin',(271.620393887749,0.,-85.539988558965));
#3107=CARTESIAN_POINT('',(271.620393887749,0.,-85.539988558965));
#3108=CARTESIAN_POINT('',(271.620393887749,0.,56.460011441035));
#3109=CARTESIAN_POINT('',(271.620393887749,0.,-85.539988558965));
#3110=CARTESIAN_POINT('',(271.620393887749,2.,56.460011441035));
#3111=CARTESIAN_POINT('',(271.620393887749,0.,56.460011441035));
#3112=CARTESIAN_POINT('',(271.620393887749,2.,-85.539988558965));
#3113=CARTESIAN_POINT('',(271.620393887749,2.,-85.539988558965));
#3114=CARTESIAN_POINT('',(271.620393887749,0.,-85.539988558965));
#3115=CARTESIAN_POINT('Origin',(179.620393887749,0.,-85.539988558965));
#3116=CARTESIAN_POINT('',(179.620393887749,0.,-85.539988558965));
#3117=CARTESIAN_POINT('',(179.620393887749,0.,-85.539988558965));
#3118=CARTESIAN_POINT('',(179.620393887749,2.,-85.539988558965));
#3119=CARTESIAN_POINT('',(179.620393887749,2.,-85.539988558965));
#3120=CARTESIAN_POINT('',(179.620393887749,0.,-85.539988558965));
#3121=CARTESIAN_POINT('Origin',(179.620393887749,0.,56.460011441035));
#3122=CARTESIAN_POINT('',(179.620393887749,0.,56.460011441035));
#3123=CARTESIAN_POINT('',(179.620393887749,0.,56.460011441035));
#3124=CARTESIAN_POINT('',(179.620393887749,2.,56.460011441035));
#3125=CARTESIAN_POINT('',(179.620393887749,2.,56.460011441035));
#3126=CARTESIAN_POINT('',(179.620393887749,0.,56.460011441035));
#3127=CARTESIAN_POINT('Origin',(271.620393887749,0.,56.460011441035));
#3128=CARTESIAN_POINT('',(271.620393887749,0.,56.460011441035));
#3129=CARTESIAN_POINT('',(271.620393887749,2.,56.460011441035));
#3130=CARTESIAN_POINT('Origin',(225.620393887749,2.,-14.539988558965));
#3131=CARTESIAN_POINT('',(165.420393887749,2.,70.660011441035));
#3132=CARTESIAN_POINT('',(165.420393887749,2.,-99.739988558965));
#3133=CARTESIAN_POINT('',(165.420393887749,2.,28.060011441035));
#3134=CARTESIAN_POINT('',(285.820393887749,2.,70.660011441035));
#3135=CARTESIAN_POINT('',(255.720393887749,2.,70.660011441035));
#3136=CARTESIAN_POINT('',(285.820393887749,2.,-99.739988558965));
#3137=CARTESIAN_POINT('',(285.820393887749,2.,-57.139988558965));
#3138=CARTESIAN_POINT('',(195.520393887749,2.,-99.739988558965));
#3139=CARTESIAN_POINT('Origin',(285.820393887749,0.,-99.739988558965));
#3140=CARTESIAN_POINT('',(285.820393887749,12.,70.660011441035));
#3141=CARTESIAN_POINT('',(285.820393887749,0.,70.660011441035));
#3142=CARTESIAN_POINT('',(285.820393887749,12.,-99.739988558965));
#3143=CARTESIAN_POINT('',(285.820393887749,12.,-99.739988558965));
#3144=CARTESIAN_POINT('',(285.820393887749,0.,-99.739988558965));
#3145=CARTESIAN_POINT('Origin',(285.820393887749,0.,70.660011441035));
#3146=CARTESIAN_POINT('',(165.420393887749,12.,70.660011441035));
#3147=CARTESIAN_POINT('',(165.420393887749,0.,70.660011441035));
#3148=CARTESIAN_POINT('',(285.820393887749,12.,70.660011441035));
#3149=CARTESIAN_POINT('Origin',(165.420393887749,0.,-99.739988558965));
#3150=CARTESIAN_POINT('',(165.420393887749,12.,-99.739988558965));
#3151=CARTESIAN_POINT('',(165.420393887749,12.,-99.739988558965));
#3152=CARTESIAN_POINT('',(165.420393887749,0.,-99.739988558965));
#3153=CARTESIAN_POINT('Origin',(165.420393887749,0.,70.660011441035));
#3154=CARTESIAN_POINT('',(165.420393887749,12.,70.660011441035));
#3155=CARTESIAN_POINT('Origin',(290.820393887749,0.,75.660011441035));
#3156=CARTESIAN_POINT('',(290.820393887749,0.,-104.739988558965));
#3157=CARTESIAN_POINT('',(290.820393887749,0.,75.660011441035));
#3158=CARTESIAN_POINT('',(290.820393887749,0.,-104.739988558965));
#3159=CARTESIAN_POINT('',(290.820393887749,12.,-104.739988558965));
#3160=CARTESIAN_POINT('',(290.820393887749,0.,-104.739988558965));
#3161=CARTESIAN_POINT('',(290.820393887749,12.,75.660011441035));
#3162=CARTESIAN_POINT('',(290.820393887749,12.,-104.739988558965));
#3163=CARTESIAN_POINT('',(290.820393887749,0.,75.660011441035));
#3164=CARTESIAN_POINT('Origin',(160.420393887749,0.,75.660011441035));
#3165=CARTESIAN_POINT('',(160.420393887749,0.,75.660011441035));
#3166=CARTESIAN_POINT('',(290.820393887749,0.,75.660011441035));
#3167=CARTESIAN_POINT('',(160.420393887749,12.,75.660011441035));
#3168=CARTESIAN_POINT('',(290.820393887749,12.,75.660011441035));
#3169=CARTESIAN_POINT('',(160.420393887749,0.,75.660011441035));
#3170=CARTESIAN_POINT('Origin',(160.420393887749,0.,-104.739988558965));
#3171=CARTESIAN_POINT('',(160.420393887749,0.,-104.739988558965));
#3172=CARTESIAN_POINT('',(160.420393887749,0.,75.660011441035));
#3173=CARTESIAN_POINT('',(160.420393887749,12.,-104.739988558965));
#3174=CARTESIAN_POINT('',(160.420393887749,12.,75.660011441035));
#3175=CARTESIAN_POINT('',(160.420393887749,0.,-104.739988558965));
#3176=CARTESIAN_POINT('Origin',(290.820393887749,0.,-104.739988558965));
#3177=CARTESIAN_POINT('',(160.420393887749,0.,-104.739988558965));
#3178=CARTESIAN_POINT('',(160.420393887749,12.,-104.739988558965));
#3179=CARTESIAN_POINT('Origin',(225.620393887749,12.,-14.539988558965));
#3180=CARTESIAN_POINT('Origin',(225.620393887749,0.,-14.539988558965));
#3181=CARTESIAN_POINT('',(0.,0.,0.));
#3182=CARTESIAN_POINT('Origin',(167.584120122252,0.,53.6022737155733));
#3183=CARTESIAN_POINT('',(167.584120122252,0.,155.102273715573));
#3184=CARTESIAN_POINT('',(167.584120122252,0.,53.6022737155733));
#3185=CARTESIAN_POINT('',(167.584120122252,0.,155.102273715573));
#3186=CARTESIAN_POINT('',(167.584120122252,1.6,155.102273715573));
#3187=CARTESIAN_POINT('',(167.584120122252,0.,155.102273715573));
#3188=CARTESIAN_POINT('',(167.584120122252,1.6,53.6022737155733));
#3189=CARTESIAN_POINT('',(167.584120122252,1.6,155.102273715573));
#3190=CARTESIAN_POINT('',(167.584120122252,0.,53.6022737155733));
#3191=CARTESIAN_POINT('Origin',(319.084120122252,0.,53.6022737155733));
#3192=CARTESIAN_POINT('',(319.084120122252,0.,53.6022737155733));
#3193=CARTESIAN_POINT('',(167.584120122252,0.,53.6022737155733));
#3194=CARTESIAN_POINT('',(319.084120122252,1.6,53.6022737155733));
#3195=CARTESIAN_POINT('',(167.584120122252,1.6,53.6022737155733));
#3196=CARTESIAN_POINT('',(319.084120122252,0.,53.6022737155733));
#3197=CARTESIAN_POINT('Origin',(319.084120122252,0.,155.102273715573));
#3198=CARTESIAN_POINT('',(319.084120122252,0.,155.102273715573));
#3199=CARTESIAN_POINT('',(319.084120122252,0.,53.6022737155733));
#3200=CARTESIAN_POINT('',(319.084120122252,1.6,155.102273715573));
#3201=CARTESIAN_POINT('',(319.084120122252,1.6,53.6022737155733));
#3202=CARTESIAN_POINT('',(319.084120122252,0.,155.102273715573));
#3203=CARTESIAN_POINT('Origin',(167.584120122252,0.,155.102273715573));
#3204=CARTESIAN_POINT('',(319.084120122252,0.,155.102273715573));
#3205=CARTESIAN_POINT('',(319.084120122252,1.6,155.102273715573));
#3206=CARTESIAN_POINT('Origin',(243.334120122252,1.6,104.352273715573));
#3207=CARTESIAN_POINT('Origin',(243.334120122252,0.,104.352273715573));
#3208=CARTESIAN_POINT('',(0.,0.,0.));
#3209=CARTESIAN_POINT('Origin',(117.987808436321,0.,-0.79994115744241));
#3210=CARTESIAN_POINT('',(117.987808436321,0.,-0.79994115744241));
#3211=CARTESIAN_POINT('',(122.987808436321,0.,-0.79994115744241));
#3212=CARTESIAN_POINT('',(117.987808436321,0.,-0.79994115744241));
#3213=CARTESIAN_POINT('',(122.987808436321,2.4,-0.79994115744241));
#3214=CARTESIAN_POINT('',(122.987808436321,0.,-0.79994115744241));
#3215=CARTESIAN_POINT('',(117.987808436321,2.4,-0.79994115744241));
#3216=CARTESIAN_POINT('',(117.987808436321,2.4,-0.79994115744241));
#3217=CARTESIAN_POINT('',(117.987808436321,0.,-0.79994115744241));
#3218=CARTESIAN_POINT('Origin',(117.987808436321,0.,-30.7999411574424));
#3219=CARTESIAN_POINT('',(117.987808436321,0.,-30.7999411574424));
#3220=CARTESIAN_POINT('',(117.987808436321,0.,-30.7999411574424));
#3221=CARTESIAN_POINT('',(117.987808436321,2.4,-30.7999411574424));
#3222=CARTESIAN_POINT('',(117.987808436321,2.4,-30.7999411574424));
#3223=CARTESIAN_POINT('',(117.987808436321,0.,-30.7999411574424));
#3224=CARTESIAN_POINT('Origin',(122.987808436321,0.,-30.7999411574424));
#3225=CARTESIAN_POINT('',(122.987808436321,0.,-30.7999411574424));
#3226=CARTESIAN_POINT('',(122.987808436321,0.,-30.7999411574424));
#3227=CARTESIAN_POINT('',(122.987808436321,2.4,-30.7999411574424));
#3228=CARTESIAN_POINT('',(122.987808436321,2.4,-30.7999411574424));
#3229=CARTESIAN_POINT('',(122.987808436321,0.,-30.7999411574424));
#3230=CARTESIAN_POINT('Origin',(170.462215350495,0.,-18.0792121636432));
#3231=CARTESIAN_POINT('',(170.462215350495,0.,-18.0792121636432));
#3232=CARTESIAN_POINT('',(122.987808436321,0.,-30.7999411574424));
#3233=CARTESIAN_POINT('',(170.462215350495,2.4,-18.0792121636432));
#3234=CARTESIAN_POINT('',(122.987808436321,2.4,-30.7999411574424));
#3235=CARTESIAN_POINT('',(170.462215350495,0.,-18.0792121636432));
#3236=CARTESIAN_POINT('Origin',(122.987808436321,0.,-0.799941157442409));
#3237=CARTESIAN_POINT('',(122.987808436321,0.,-0.799941157442409));
#3238=CARTESIAN_POINT('',(122.987808436321,2.4,-0.799941157442409));
#3239=CARTESIAN_POINT('Origin',(146.725011893408,2.4,-15.7999411574424));
#3240=CARTESIAN_POINT('Origin',(146.725011893408,0.,-15.7999411574424));
#3241=CARTESIAN_POINT('Origin',(387.484120122252,153.1,53.6022737155733));
#3242=CARTESIAN_POINT('',(387.484120122252,153.1,155.102273715573));
#3243=CARTESIAN_POINT('',(387.484120122252,153.1,53.6022737155733));
#3244=CARTESIAN_POINT('',(387.484120122252,153.1,155.102273715573));
#3245=CARTESIAN_POINT('',(389.084120122252,153.1,155.102273715573));
#3246=CARTESIAN_POINT('',(387.484120122252,153.1,155.102273715573));
#3247=CARTESIAN_POINT('',(389.084120122252,153.1,53.6022737155733));
#3248=CARTESIAN_POINT('',(389.084120122252,153.1,155.102273715573));
#3249=CARTESIAN_POINT('',(387.484120122252,153.1,53.6022737155733));
#3250=CARTESIAN_POINT('Origin',(387.484120122252,1.60000000000004,53.6022737155733));
#3251=CARTESIAN_POINT('',(387.484120122252,1.60000000000004,53.6022737155733));
#3252=CARTESIAN_POINT('',(387.484120122252,153.1,53.6022737155733));
#3253=CARTESIAN_POINT('',(389.084120122252,1.60000000000004,53.6022737155733));
#3254=CARTESIAN_POINT('',(389.084120122252,153.1,53.6022737155733));
#3255=CARTESIAN_POINT('',(387.484120122252,1.60000000000004,53.6022737155733));
#3256=CARTESIAN_POINT('Origin',(387.484120122252,1.60000000000004,155.102273715573));
#3257=CARTESIAN_POINT('',(387.484120122252,1.60000000000004,155.102273715573));
#3258=CARTESIAN_POINT('',(387.484120122252,1.60000000000004,53.6022737155733));
#3259=CARTESIAN_POINT('',(389.084120122252,1.60000000000004,155.102273715573));
#3260=CARTESIAN_POINT('',(389.084120122252,1.60000000000004,53.6022737155733));
#3261=CARTESIAN_POINT('',(387.484120122252,1.60000000000004,155.102273715573));
#3262=CARTESIAN_POINT('Origin',(387.484120122252,153.1,155.102273715573));
#3263=CARTESIAN_POINT('',(387.484120122252,1.60000000000004,155.102273715573));
#3264=CARTESIAN_POINT('',(389.084120122252,1.60000000000004,155.102273715573));
#3265=CARTESIAN_POINT('Origin',(389.084120122252,77.35,104.352273715573));
#3266=CARTESIAN_POINT('Origin',(387.484120122252,77.35,104.352273715573));
#3267=CARTESIAN_POINT('',(65.0999999999979,90.100000000003,20.1000000000005));
#3268=CARTESIAN_POINT('',(290.820393887748,104.739988558967,-11.9999999999977));
#3269=CARTESIAN_POINT('',(9.39999999999867,37.099941157446,-122.987808436321));
#3270=CARTESIAN_POINT('',(169.50227371557,-153.284120122249,-7.39999999999844));
#3271=CARTESIAN_POINT('',(118.4,37.1999411574457,-122.98780843632));
#3272=UNCERTAINTY_MEASURE_WITH_UNIT(LENGTH_MEASURE(0.01),#3284,
'DISTANCE_ACCURACY_VALUE',
'Maximum model space distance between geometric entities at asserted c
onnectivities');
#3273=UNCERTAINTY_MEASURE_WITH_UNIT(LENGTH_MEASURE(0.01),#3284,
'DISTANCE_ACCURACY_VALUE',
'Maximum model space distance between geometric entities at asserted c
onnectivities');
#3274=UNCERTAINTY_MEASURE_WITH_UNIT(LENGTH_MEASURE(0.01),#3284,
'DISTANCE_ACCURACY_VALUE',
'Maximum model space distance between geometric entities at asserted c
onnectivities');
#3275=UNCERTAINTY_MEASURE_WITH_UNIT(LENGTH_MEASURE(0.01),#3284,
'DISTANCE_ACCURACY_VALUE',
'Maximum model space distance between geometric entities at asserted c
onnectivities');
#3276=UNCERTAINTY_MEASURE_WITH_UNIT(LENGTH_MEASURE(0.01),#3284,
'DISTANCE_ACCURACY_VALUE',
'Maximum model space distance between geometric entities at asserted c
onnectivities');
#3277=UNCERTAINTY_MEASURE_WITH_UNIT(LENGTH_MEASURE(0.01),#3284,
'DISTANCE_ACCURACY_VALUE',
'Maximum model space distance between geometric entities at asserted c
onnectivities');
#3278=(
GEOMETRIC_REPRESENTATION_CONTEXT(3)
GLOBAL_UNCERTAINTY_ASSIGNED_CONTEXT((#3272))
GLOBAL_UNIT_ASSIGNED_CONTEXT((#3284,#3286,#3287))
REPRESENTATION_CONTEXT('','3D')
);
#3279=(
GEOMETRIC_REPRESENTATION_CONTEXT(3)
GLOBAL_UNCERTAINTY_ASSIGNED_CONTEXT((#3273))
GLOBAL_UNIT_ASSIGNED_CONTEXT((#3284,#3286,#3287))
REPRESENTATION_CONTEXT('','3D')
);
#3280=(
GEOMETRIC_REPRESENTATION_CONTEXT(3)
GLOBAL_UNCERTAINTY_ASSIGNED_CONTEXT((#3274))
GLOBAL_UNIT_ASSIGNED_CONTEXT((#3284,#3286,#3287))
REPRESENTATION_CONTEXT('','3D')
);
#3281=(
GEOMETRIC_REPRESENTATION_CONTEXT(3)
GLOBAL_UNCERTAINTY_ASSIGNED_CONTEXT((#3275))
GLOBAL_UNIT_ASSIGNED_CONTEXT((#3284,#3286,#3287))
REPRESENTATION_CONTEXT('','3D')
);
#3282=(
GEOMETRIC_REPRESENTATION_CONTEXT(3)
GLOBAL_UNCERTAINTY_ASSIGNED_CONTEXT((#3276))
GLOBAL_UNIT_ASSIGNED_CONTEXT((#3284,#3286,#3287))
REPRESENTATION_CONTEXT('','3D')
);
#3283=(
GEOMETRIC_REPRESENTATION_CONTEXT(3)
GLOBAL_UNCERTAINTY_ASSIGNED_CONTEXT((#3277))
GLOBAL_UNIT_ASSIGNED_CONTEXT((#3284,#3286,#3287))
REPRESENTATION_CONTEXT('','3D')
);
#3284=(
LENGTH_UNIT()
NAMED_UNIT(*)
SI_UNIT(.MILLI.,.METRE.)
);
#3285=(
LENGTH_UNIT()
NAMED_UNIT(*)
SI_UNIT($,.METRE.)
);
#3286=(
NAMED_UNIT(*)
PLANE_ANGLE_UNIT()
SI_UNIT($,.RADIAN.)
);
#3287=(
NAMED_UNIT(*)
SI_UNIT($,.STERADIAN.)
SOLID_ANGLE_UNIT()
);
#3288=SHAPE_DEFINITION_REPRESENTATION(#3293,#3303);
#3289=SHAPE_DEFINITION_REPRESENTATION(#3294,#3304);
#3290=SHAPE_DEFINITION_REPRESENTATION(#3295,#3305);
#3291=SHAPE_DEFINITION_REPRESENTATION(#3296,#3306);
#3292=SHAPE_DEFINITION_REPRESENTATION(#3297,#3307);
#3293=PRODUCT_DEFINITION_SHAPE('',$,#3309);
#3294=PRODUCT_DEFINITION_SHAPE('',$,#3310);
#3295=PRODUCT_DEFINITION_SHAPE('',$,#3311);
#3296=PRODUCT_DEFINITION_SHAPE('',$,#3312);
#3297=PRODUCT_DEFINITION_SHAPE('',$,#3313);
#3298=PRODUCT_DEFINITION_SHAPE($,$,#26);
#3299=PRODUCT_DEFINITION_SHAPE($,$,#27);
#3300=PRODUCT_DEFINITION_SHAPE($,$,#28);
#3301=PRODUCT_DEFINITION_SHAPE($,$,#29);
#3302=PRODUCT_DEFINITION_SHAPE($,$,#30);
#3303=SHAPE_REPRESENTATION('',(#2088,#2201,#2202,#2203,#2204,#2205),#3278);
#3304=SHAPE_REPRESENTATION('',(#2089),#3279);
#3305=SHAPE_REPRESENTATION('',(#2148),#3280);
#3306=SHAPE_REPRESENTATION('',(#2180),#3281);
#3307=SHAPE_REPRESENTATION('',(#2187),#3282);
#3308=PRODUCT_DEFINITION_CONTEXT('part definition',#3325,'design');
#3309=PRODUCT_DEFINITION('Foto 10x15','ramecekpokusdruhy v6',#3314,#3308);
#3310=PRODUCT_DEFINITION('Spodn\X\ED \X2\010D00E1\X0\st r\X\E1me\X2\010D\X0\k
u','Spodn\X\ED \X2\010D00E1\X0\st r\X\E1me\X2\010D\X0\ku',#3315,#3308);
#3311=PRODUCT_DEFINITION('Horn\X\ED \X2\010D00E1\X0\st r\X\E1me\X2\010D\X0\k
u','Horn\X\ED \X2\010D00E1\X0\st r\X\E1me\X2\010D\X0\ku',#3316,#3308);
#3312=PRODUCT_DEFINITION('Deska horizont\X\E1ln\X2\011B\X0\',
'Deska horizont\X\E1ln\X2\011B\X0\',#3317,#3308);
#3313=PRODUCT_DEFINITION('Noha r\X\E1me\X2\010D\X0\ku','Noha r\X\E1me\X2\010D\X0\k
u',#3318,#3308);
#3314=PRODUCT_DEFINITION_FORMATION('',$,#3327);
#3315=PRODUCT_DEFINITION_FORMATION('',$,#3328);
#3316=PRODUCT_DEFINITION_FORMATION('',$,#3329);
#3317=PRODUCT_DEFINITION_FORMATION('',$,#3330);
#3318=PRODUCT_DEFINITION_FORMATION('',$,#3331);
#3319=PRODUCT_RELATED_PRODUCT_CATEGORY('ramecekpokusdruhy v6',
'ramecekpokusdruhy v6',(#3327));
#3320=PRODUCT_RELATED_PRODUCT_CATEGORY('Spodn\X\ED \X2\010D00E1\X0\st 
r\X\E1me\X2\010D\X0\ku','Spodn\X\ED \X2\010D00E1\X0\st r\X\E1me\X2\010D\X0\k
u',(#3328));
#3321=PRODUCT_RELATED_PRODUCT_CATEGORY('Horn\X\ED \X2\010D00E1\X0\st r
\X\E1me\X2\010D\X0\ku','Horn\X\ED \X2\010D00E1\X0\st r\X\E1me\X2\010D\X0\k
u',(#3329));
#3322=PRODUCT_RELATED_PRODUCT_CATEGORY('Deska horizont\X\E1ln\X2\011B\X0\',
'Deska horizont\X\E1ln\X2\011B\X0\',(#3330));
#3323=PRODUCT_RELATED_PRODUCT_CATEGORY('Noha r\X\E1me\X2\010D\X0\ku',
'Noha r\X\E1me\X2\010D\X0\ku',(#3331));
#3324=APPLICATION_PROTOCOL_DEFINITION('international standard',
'automotive_design',2009,#3325);
#3325=APPLICATION_CONTEXT(
'Core Data for Automotive Mechanical Design Process');
#3326=PRODUCT_CONTEXT('part definition',#3325,'mechanical');
#3327=PRODUCT('Foto 10x15','ramecekpokusdruhy v6',$,(#3326));
#3328=PRODUCT('Spodn\X\ED \X2\010D00E1\X0\st r\X\E1me\X2\010D\X0\ku',
'Spodn\X\ED \X2\010D00E1\X0\st r\X\E1me\X2\010D\X0\ku',$,(#3326));
#3329=PRODUCT('Horn\X\ED \X2\010D00E1\X0\st r\X\E1me\X2\010D\X0\ku',
'Horn\X\ED \X2\010D00E1\X0\st r\X\E1me\X2\010D\X0\ku',$,(#3326));
#3330=PRODUCT('Deska horizont\X\E1ln\X2\011B\X0\',
'Deska horizont\X\E1ln\X2\011B\X0\',$,(#3326));
#3331=PRODUCT('Noha r\X\E1me\X2\010D\X0\ku','Noha r\X\E1me\X2\010D\X0\k
u',$,(#3326));
#3332=PRESENTATION_STYLE_ASSIGNMENT((#3333));
#3333=SURFACE_STYLE_USAGE(.BOTH.,#3334);
#3334=SURFACE_SIDE_STYLE('',(#3335));
#3335=SURFACE_STYLE_FILL_AREA(#3336);
#3336=FILL_AREA_STYLE('Steel - Satin',(#3337));
#3337=FILL_AREA_STYLE_COLOUR('Steel - Satin',#3338);
#3338=COLOUR_RGB('Steel - Satin',0.627450980392157,0.627450980392157,0.627450980392157);
ENDSEC;
END-ISO-10303-21;
