ISO-10303-21;
HEADER;
/* Generated by software containing ST-Developer
 * from STEP Tools, Inc. (www.steptools.com) 
 */

FILE_DESCRIPTION(
/* description */ (''),
/* implementation_level */ '2;1');

FILE_NAME(
/* name */ 'Ramecek.step',
/* time_stamp */ '2026-01-06T10:18:42+01:00',
/* author */ (''),
/* organization */ (''),
/* preprocessor_version */ 'ST-DEVELOPER v20.1',
/* originating_system */ 'Autodesk Translation Framework v14.21.0.0',
/* authorisation */ '');

FILE_SCHEMA (('AUTOMOTIVE_DESIGN { 1 0 10303 214 3 1 1 }'));
ENDSEC;

DATA;
#10=MECHANICAL_DESIGN_GEOMETRIC_PRESENTATION_REPRESENTATION('',(#13,#14,
#15,#16),#3253);
#11=SHAPE_REPRESENTATION_RELATIONSHIP('SRR','None',#3260,#12);
#12=ADVANCED_BREP_SHAPE_REPRESENTATION('',(#17,#18,#19,#20),#3252);
#13=STYLED_ITEM('',(#3269),#17);
#14=STYLED_ITEM('',(#3269),#18);
#15=STYLED_ITEM('',(#3269),#19);
#16=STYLED_ITEM('',(#3269),#20);
#17=MANIFOLD_SOLID_BREP('Body1',#2062);
#18=MANIFOLD_SOLID_BREP('Body2',#2063);
#19=MANIFOLD_SOLID_BREP('Body4',#2064);
#20=MANIFOLD_SOLID_BREP('Body5',#2065);
#21=FACE_BOUND('',#207,.T.);
#22=FACE_BOUND('',#213,.T.);
#23=FACE_BOUND('',#214,.T.);
#24=FACE_BOUND('',#215,.T.);
#25=FACE_BOUND('',#216,.T.);
#26=FACE_BOUND('',#217,.T.);
#27=FACE_BOUND('',#218,.T.);
#28=FACE_BOUND('',#219,.T.);
#29=FACE_BOUND('',#221,.T.);
#30=FACE_BOUND('',#222,.T.);
#31=FACE_BOUND('',#223,.T.);
#32=FACE_BOUND('',#253,.T.);
#33=FACE_BOUND('',#254,.T.);
#34=FACE_BOUND('',#255,.T.);
#35=FACE_BOUND('',#256,.T.);
#36=FACE_BOUND('',#257,.T.);
#37=FACE_BOUND('',#258,.T.);
#38=FACE_BOUND('',#259,.T.);
#39=FACE_BOUND('',#269,.T.);
#40=FACE_BOUND('',#271,.T.);
#41=FACE_BOUND('',#272,.T.);
#42=FACE_BOUND('',#273,.T.);
#43=FACE_BOUND('',#274,.T.);
#44=FACE_BOUND('',#275,.T.);
#45=FACE_BOUND('',#276,.T.);
#46=FACE_BOUND('',#277,.T.);
#47=FACE_BOUND('',#284,.T.);
#48=FACE_OUTER_BOUND('',#158,.T.);
#49=FACE_OUTER_BOUND('',#159,.T.);
#50=FACE_OUTER_BOUND('',#160,.T.);
#51=FACE_OUTER_BOUND('',#161,.T.);
#52=FACE_OUTER_BOUND('',#162,.T.);
#53=FACE_OUTER_BOUND('',#163,.T.);
#54=FACE_OUTER_BOUND('',#164,.T.);
#55=FACE_OUTER_BOUND('',#165,.T.);
#56=FACE_OUTER_BOUND('',#166,.T.);
#57=FACE_OUTER_BOUND('',#167,.T.);
#58=FACE_OUTER_BOUND('',#168,.T.);
#59=FACE_OUTER_BOUND('',#169,.T.);
#60=FACE_OUTER_BOUND('',#170,.T.);
#61=FACE_OUTER_BOUND('',#171,.T.);
#62=FACE_OUTER_BOUND('',#172,.T.);
#63=FACE_OUTER_BOUND('',#173,.T.);
#64=FACE_OUTER_BOUND('',#174,.T.);
#65=FACE_OUTER_BOUND('',#175,.T.);
#66=FACE_OUTER_BOUND('',#176,.T.);
#67=FACE_OUTER_BOUND('',#177,.T.);
#68=FACE_OUTER_BOUND('',#178,.T.);
#69=FACE_OUTER_BOUND('',#179,.T.);
#70=FACE_OUTER_BOUND('',#180,.T.);
#71=FACE_OUTER_BOUND('',#181,.T.);
#72=FACE_OUTER_BOUND('',#182,.T.);
#73=FACE_OUTER_BOUND('',#183,.T.);
#74=FACE_OUTER_BOUND('',#184,.T.);
#75=FACE_OUTER_BOUND('',#185,.T.);
#76=FACE_OUTER_BOUND('',#186,.T.);
#77=FACE_OUTER_BOUND('',#187,.T.);
#78=FACE_OUTER_BOUND('',#188,.T.);
#79=FACE_OUTER_BOUND('',#189,.T.);
#80=FACE_OUTER_BOUND('',#190,.T.);
#81=FACE_OUTER_BOUND('',#191,.T.);
#82=FACE_OUTER_BOUND('',#192,.T.);
#83=FACE_OUTER_BOUND('',#193,.T.);
#84=FACE_OUTER_BOUND('',#194,.T.);
#85=FACE_OUTER_BOUND('',#195,.T.);
#86=FACE_OUTER_BOUND('',#196,.T.);
#87=FACE_OUTER_BOUND('',#197,.T.);
#88=FACE_OUTER_BOUND('',#198,.T.);
#89=FACE_OUTER_BOUND('',#199,.T.);
#90=FACE_OUTER_BOUND('',#200,.T.);
#91=FACE_OUTER_BOUND('',#201,.T.);
#92=FACE_OUTER_BOUND('',#202,.T.);
#93=FACE_OUTER_BOUND('',#203,.T.);
#94=FACE_OUTER_BOUND('',#204,.T.);
#95=FACE_OUTER_BOUND('',#205,.T.);
#96=FACE_OUTER_BOUND('',#206,.T.);
#97=FACE_OUTER_BOUND('',#208,.T.);
#98=FACE_OUTER_BOUND('',#209,.T.);
#99=FACE_OUTER_BOUND('',#210,.T.);
#100=FACE_OUTER_BOUND('',#211,.T.);
#101=FACE_OUTER_BOUND('',#212,.T.);
#102=FACE_OUTER_BOUND('',#220,.T.);
#103=FACE_OUTER_BOUND('',#224,.T.);
#104=FACE_OUTER_BOUND('',#225,.T.);
#105=FACE_OUTER_BOUND('',#226,.T.);
#106=FACE_OUTER_BOUND('',#227,.T.);
#107=FACE_OUTER_BOUND('',#228,.T.);
#108=FACE_OUTER_BOUND('',#229,.T.);
#109=FACE_OUTER_BOUND('',#230,.T.);
#110=FACE_OUTER_BOUND('',#231,.T.);
#111=FACE_OUTER_BOUND('',#232,.T.);
#112=FACE_OUTER_BOUND('',#233,.T.);
#113=FACE_OUTER_BOUND('',#234,.T.);
#114=FACE_OUTER_BOUND('',#235,.T.);
#115=FACE_OUTER_BOUND('',#236,.T.);
#116=FACE_OUTER_BOUND('',#237,.T.);
#117=FACE_OUTER_BOUND('',#238,.T.);
#118=FACE_OUTER_BOUND('',#239,.T.);
#119=FACE_OUTER_BOUND('',#240,.T.);
#120=FACE_OUTER_BOUND('',#241,.T.);
#121=FACE_OUTER_BOUND('',#242,.T.);
#122=FACE_OUTER_BOUND('',#243,.T.);
#123=FACE_OUTER_BOUND('',#244,.T.);
#124=FACE_OUTER_BOUND('',#245,.T.);
#125=FACE_OUTER_BOUND('',#246,.T.);
#126=FACE_OUTER_BOUND('',#247,.T.);
#127=FACE_OUTER_BOUND('',#248,.T.);
#128=FACE_OUTER_BOUND('',#249,.T.);
#129=FACE_OUTER_BOUND('',#250,.T.);
#130=FACE_OUTER_BOUND('',#251,.T.);
#131=FACE_OUTER_BOUND('',#252,.T.);
#132=FACE_OUTER_BOUND('',#260,.T.);
#133=FACE_OUTER_BOUND('',#261,.T.);
#134=FACE_OUTER_BOUND('',#262,.T.);
#135=FACE_OUTER_BOUND('',#263,.T.);
#136=FACE_OUTER_BOUND('',#264,.T.);
#137=FACE_OUTER_BOUND('',#265,.T.);
#138=FACE_OUTER_BOUND('',#266,.T.);
#139=FACE_OUTER_BOUND('',#267,.T.);
#140=FACE_OUTER_BOUND('',#268,.T.);
#141=FACE_OUTER_BOUND('',#270,.T.);
#142=FACE_OUTER_BOUND('',#278,.T.);
#143=FACE_OUTER_BOUND('',#279,.T.);
#144=FACE_OUTER_BOUND('',#280,.T.);
#145=FACE_OUTER_BOUND('',#281,.T.);
#146=FACE_OUTER_BOUND('',#282,.T.);
#147=FACE_OUTER_BOUND('',#283,.T.);
#148=FACE_OUTER_BOUND('',#285,.T.);
#149=FACE_OUTER_BOUND('',#286,.T.);
#150=FACE_OUTER_BOUND('',#287,.T.);
#151=FACE_OUTER_BOUND('',#288,.T.);
#152=FACE_OUTER_BOUND('',#289,.T.);
#153=FACE_OUTER_BOUND('',#290,.T.);
#154=FACE_OUTER_BOUND('',#291,.T.);
#155=FACE_OUTER_BOUND('',#292,.T.);
#156=FACE_OUTER_BOUND('',#293,.T.);
#157=FACE_OUTER_BOUND('',#294,.T.);
#158=EDGE_LOOP('',(#1296,#1297,#1298,#1299));
#159=EDGE_LOOP('',(#1300,#1301,#1302,#1303));
#160=EDGE_LOOP('',(#1304,#1305,#1306,#1307));
#161=EDGE_LOOP('',(#1308,#1309,#1310,#1311));
#162=EDGE_LOOP('',(#1312,#1313,#1314,#1315));
#163=EDGE_LOOP('',(#1316,#1317,#1318,#1319));
#164=EDGE_LOOP('',(#1320,#1321,#1322,#1323));
#165=EDGE_LOOP('',(#1324,#1325,#1326,#1327));
#166=EDGE_LOOP('',(#1328,#1329,#1330,#1331));
#167=EDGE_LOOP('',(#1332,#1333,#1334,#1335));
#168=EDGE_LOOP('',(#1336,#1337,#1338,#1339));
#169=EDGE_LOOP('',(#1340,#1341,#1342,#1343));
#170=EDGE_LOOP('',(#1344,#1345,#1346,#1347));
#171=EDGE_LOOP('',(#1348,#1349,#1350,#1351));
#172=EDGE_LOOP('',(#1352,#1353,#1354,#1355));
#173=EDGE_LOOP('',(#1356,#1357,#1358,#1359));
#174=EDGE_LOOP('',(#1360,#1361,#1362,#1363));
#175=EDGE_LOOP('',(#1364,#1365,#1366,#1367));
#176=EDGE_LOOP('',(#1368,#1369,#1370,#1371));
#177=EDGE_LOOP('',(#1372,#1373,#1374,#1375));
#178=EDGE_LOOP('',(#1376,#1377,#1378,#1379));
#179=EDGE_LOOP('',(#1380,#1381,#1382,#1383));
#180=EDGE_LOOP('',(#1384,#1385,#1386,#1387));
#181=EDGE_LOOP('',(#1388,#1389,#1390,#1391));
#182=EDGE_LOOP('',(#1392,#1393,#1394,#1395));
#183=EDGE_LOOP('',(#1396,#1397,#1398,#1399));
#184=EDGE_LOOP('',(#1400,#1401,#1402,#1403));
#185=EDGE_LOOP('',(#1404,#1405,#1406,#1407));
#186=EDGE_LOOP('',(#1408,#1409,#1410,#1411));
#187=EDGE_LOOP('',(#1412,#1413,#1414,#1415));
#188=EDGE_LOOP('',(#1416,#1417,#1418,#1419));
#189=EDGE_LOOP('',(#1420,#1421,#1422,#1423));
#190=EDGE_LOOP('',(#1424,#1425,#1426,#1427));
#191=EDGE_LOOP('',(#1428,#1429,#1430,#1431));
#192=EDGE_LOOP('',(#1432,#1433,#1434,#1435));
#193=EDGE_LOOP('',(#1436,#1437,#1438,#1439));
#194=EDGE_LOOP('',(#1440,#1441,#1442,#1443));
#195=EDGE_LOOP('',(#1444,#1445,#1446,#1447));
#196=EDGE_LOOP('',(#1448,#1449,#1450,#1451));
#197=EDGE_LOOP('',(#1452,#1453,#1454,#1455));
#198=EDGE_LOOP('',(#1456,#1457,#1458,#1459));
#199=EDGE_LOOP('',(#1460,#1461,#1462,#1463));
#200=EDGE_LOOP('',(#1464,#1465,#1466,#1467));
#201=EDGE_LOOP('',(#1468,#1469,#1470,#1471));
#202=EDGE_LOOP('',(#1472,#1473,#1474,#1475));
#203=EDGE_LOOP('',(#1476,#1477,#1478,#1479));
#204=EDGE_LOOP('',(#1480,#1481,#1482,#1483));
#205=EDGE_LOOP('',(#1484,#1485,#1486,#1487));
#206=EDGE_LOOP('',(#1488,#1489,#1490,#1491));
#207=EDGE_LOOP('',(#1492,#1493,#1494,#1495));
#208=EDGE_LOOP('',(#1496,#1497,#1498,#1499));
#209=EDGE_LOOP('',(#1500,#1501,#1502,#1503));
#210=EDGE_LOOP('',(#1504,#1505,#1506,#1507));
#211=EDGE_LOOP('',(#1508,#1509,#1510,#1511));
#212=EDGE_LOOP('',(#1512,#1513,#1514,#1515));
#213=EDGE_LOOP('',(#1516,#1517,#1518,#1519));
#214=EDGE_LOOP('',(#1520,#1521,#1522,#1523));
#215=EDGE_LOOP('',(#1524,#1525,#1526,#1527));
#216=EDGE_LOOP('',(#1528,#1529,#1530,#1531));
#217=EDGE_LOOP('',(#1532,#1533,#1534,#1535));
#218=EDGE_LOOP('',(#1536,#1537,#1538,#1539));
#219=EDGE_LOOP('',(#1540,#1541,#1542,#1543));
#220=EDGE_LOOP('',(#1544,#1545,#1546,#1547));
#221=EDGE_LOOP('',(#1548,#1549,#1550,#1551));
#222=EDGE_LOOP('',(#1552,#1553,#1554,#1555));
#223=EDGE_LOOP('',(#1556,#1557,#1558,#1559));
#224=EDGE_LOOP('',(#1560,#1561,#1562,#1563));
#225=EDGE_LOOP('',(#1564,#1565,#1566,#1567));
#226=EDGE_LOOP('',(#1568,#1569,#1570,#1571));
#227=EDGE_LOOP('',(#1572,#1573,#1574,#1575));
#228=EDGE_LOOP('',(#1576,#1577,#1578,#1579));
#229=EDGE_LOOP('',(#1580,#1581,#1582,#1583));
#230=EDGE_LOOP('',(#1584,#1585,#1586,#1587));
#231=EDGE_LOOP('',(#1588,#1589,#1590,#1591));
#232=EDGE_LOOP('',(#1592,#1593,#1594,#1595));
#233=EDGE_LOOP('',(#1596,#1597,#1598,#1599));
#234=EDGE_LOOP('',(#1600,#1601,#1602,#1603));
#235=EDGE_LOOP('',(#1604,#1605,#1606,#1607));
#236=EDGE_LOOP('',(#1608,#1609,#1610,#1611));
#237=EDGE_LOOP('',(#1612,#1613,#1614,#1615));
#238=EDGE_LOOP('',(#1616,#1617,#1618,#1619));
#239=EDGE_LOOP('',(#1620,#1621,#1622,#1623));
#240=EDGE_LOOP('',(#1624,#1625,#1626,#1627));
#241=EDGE_LOOP('',(#1628,#1629,#1630,#1631));
#242=EDGE_LOOP('',(#1632,#1633,#1634,#1635));
#243=EDGE_LOOP('',(#1636,#1637,#1638,#1639));
#244=EDGE_LOOP('',(#1640,#1641,#1642,#1643));
#245=EDGE_LOOP('',(#1644,#1645,#1646,#1647));
#246=EDGE_LOOP('',(#1648,#1649,#1650,#1651));
#247=EDGE_LOOP('',(#1652,#1653,#1654,#1655));
#248=EDGE_LOOP('',(#1656,#1657,#1658,#1659));
#249=EDGE_LOOP('',(#1660,#1661,#1662,#1663));
#250=EDGE_LOOP('',(#1664,#1665,#1666,#1667));
#251=EDGE_LOOP('',(#1668,#1669,#1670,#1671));
#252=EDGE_LOOP('',(#1672,#1673,#1674,#1675));
#253=EDGE_LOOP('',(#1676,#1677,#1678,#1679));
#254=EDGE_LOOP('',(#1680,#1681,#1682,#1683));
#255=EDGE_LOOP('',(#1684,#1685,#1686,#1687));
#256=EDGE_LOOP('',(#1688,#1689,#1690,#1691));
#257=EDGE_LOOP('',(#1692,#1693,#1694,#1695));
#258=EDGE_LOOP('',(#1696,#1697,#1698,#1699));
#259=EDGE_LOOP('',(#1700,#1701,#1702,#1703));
#260=EDGE_LOOP('',(#1704,#1705,#1706,#1707));
#261=EDGE_LOOP('',(#1708,#1709,#1710,#1711));
#262=EDGE_LOOP('',(#1712,#1713,#1714,#1715));
#263=EDGE_LOOP('',(#1716,#1717,#1718,#1719));
#264=EDGE_LOOP('',(#1720,#1721,#1722,#1723));
#265=EDGE_LOOP('',(#1724,#1725,#1726,#1727));
#266=EDGE_LOOP('',(#1728,#1729,#1730,#1731));
#267=EDGE_LOOP('',(#1732,#1733,#1734,#1735));
#268=EDGE_LOOP('',(#1736,#1737,#1738,#1739));
#269=EDGE_LOOP('',(#1740,#1741,#1742,#1743));
#270=EDGE_LOOP('',(#1744,#1745,#1746,#1747));
#271=EDGE_LOOP('',(#1748,#1749,#1750,#1751));
#272=EDGE_LOOP('',(#1752,#1753,#1754,#1755));
#273=EDGE_LOOP('',(#1756,#1757,#1758,#1759));
#274=EDGE_LOOP('',(#1760,#1761,#1762,#1763));
#275=EDGE_LOOP('',(#1764,#1765,#1766,#1767));
#276=EDGE_LOOP('',(#1768,#1769,#1770,#1771));
#277=EDGE_LOOP('',(#1772,#1773,#1774,#1775));
#278=EDGE_LOOP('',(#1776,#1777,#1778,#1779));
#279=EDGE_LOOP('',(#1780,#1781,#1782,#1783));
#280=EDGE_LOOP('',(#1784,#1785,#1786,#1787));
#281=EDGE_LOOP('',(#1788,#1789,#1790,#1791));
#282=EDGE_LOOP('',(#1792,#1793,#1794,#1795));
#283=EDGE_LOOP('',(#1796,#1797,#1798,#1799));
#284=EDGE_LOOP('',(#1800,#1801,#1802,#1803));
#285=EDGE_LOOP('',(#1804,#1805,#1806,#1807));
#286=EDGE_LOOP('',(#1808,#1809,#1810,#1811));
#287=EDGE_LOOP('',(#1812,#1813,#1814));
#288=EDGE_LOOP('',(#1815,#1816,#1817));
#289=EDGE_LOOP('',(#1818,#1819,#1820,#1821));
#290=EDGE_LOOP('',(#1822,#1823,#1824,#1825));
#291=EDGE_LOOP('',(#1826,#1827,#1828,#1829));
#292=EDGE_LOOP('',(#1830,#1831,#1832,#1833));
#293=EDGE_LOOP('',(#1834,#1835,#1836,#1837));
#294=EDGE_LOOP('',(#1838,#1839,#1840,#1841));
#295=LINE('',#2688,#568);
#296=LINE('',#2690,#569);
#297=LINE('',#2692,#570);
#298=LINE('',#2693,#571);
#299=LINE('',#2696,#572);
#300=LINE('',#2698,#573);
#301=LINE('',#2699,#574);
#302=LINE('',#2702,#575);
#303=LINE('',#2704,#576);
#304=LINE('',#2705,#577);
#305=LINE('',#2707,#578);
#306=LINE('',#2708,#579);
#307=LINE('',#2713,#580);
#308=LINE('',#2715,#581);
#309=LINE('',#2717,#582);
#310=LINE('',#2718,#583);
#311=LINE('',#2721,#584);
#312=LINE('',#2723,#585);
#313=LINE('',#2724,#586);
#314=LINE('',#2727,#587);
#315=LINE('',#2729,#588);
#316=LINE('',#2730,#589);
#317=LINE('',#2732,#590);
#318=LINE('',#2733,#591);
#319=LINE('',#2738,#592);
#320=LINE('',#2740,#593);
#321=LINE('',#2742,#594);
#322=LINE('',#2743,#595);
#323=LINE('',#2746,#596);
#324=LINE('',#2748,#597);
#325=LINE('',#2749,#598);
#326=LINE('',#2752,#599);
#327=LINE('',#2754,#600);
#328=LINE('',#2755,#601);
#329=LINE('',#2757,#602);
#330=LINE('',#2758,#603);
#331=LINE('',#2763,#604);
#332=LINE('',#2765,#605);
#333=LINE('',#2767,#606);
#334=LINE('',#2768,#607);
#335=LINE('',#2771,#608);
#336=LINE('',#2773,#609);
#337=LINE('',#2774,#610);
#338=LINE('',#2777,#611);
#339=LINE('',#2779,#612);
#340=LINE('',#2780,#613);
#341=LINE('',#2782,#614);
#342=LINE('',#2783,#615);
#343=LINE('',#2788,#616);
#344=LINE('',#2790,#617);
#345=LINE('',#2792,#618);
#346=LINE('',#2793,#619);
#347=LINE('',#2796,#620);
#348=LINE('',#2798,#621);
#349=LINE('',#2799,#622);
#350=LINE('',#2802,#623);
#351=LINE('',#2804,#624);
#352=LINE('',#2805,#625);
#353=LINE('',#2807,#626);
#354=LINE('',#2808,#627);
#355=LINE('',#2813,#628);
#356=LINE('',#2815,#629);
#357=LINE('',#2817,#630);
#358=LINE('',#2818,#631);
#359=LINE('',#2821,#632);
#360=LINE('',#2823,#633);
#361=LINE('',#2824,#634);
#362=LINE('',#2827,#635);
#363=LINE('',#2829,#636);
#364=LINE('',#2830,#637);
#365=LINE('',#2832,#638);
#366=LINE('',#2833,#639);
#367=LINE('',#2838,#640);
#368=LINE('',#2840,#641);
#369=LINE('',#2842,#642);
#370=LINE('',#2843,#643);
#371=LINE('',#2846,#644);
#372=LINE('',#2848,#645);
#373=LINE('',#2849,#646);
#374=LINE('',#2852,#647);
#375=LINE('',#2854,#648);
#376=LINE('',#2855,#649);
#377=LINE('',#2857,#650);
#378=LINE('',#2858,#651);
#379=LINE('',#2863,#652);
#380=LINE('',#2865,#653);
#381=LINE('',#2867,#654);
#382=LINE('',#2868,#655);
#383=LINE('',#2871,#656);
#384=LINE('',#2873,#657);
#385=LINE('',#2874,#658);
#386=LINE('',#2877,#659);
#387=LINE('',#2879,#660);
#388=LINE('',#2880,#661);
#389=LINE('',#2882,#662);
#390=LINE('',#2883,#663);
#391=LINE('',#2888,#664);
#392=LINE('',#2890,#665);
#393=LINE('',#2892,#666);
#394=LINE('',#2893,#667);
#395=LINE('',#2896,#668);
#396=LINE('',#2898,#669);
#397=LINE('',#2899,#670);
#398=LINE('',#2902,#671);
#399=LINE('',#2904,#672);
#400=LINE('',#2905,#673);
#401=LINE('',#2907,#674);
#402=LINE('',#2908,#675);
#403=LINE('',#2912,#676);
#404=LINE('',#2914,#677);
#405=LINE('',#2916,#678);
#406=LINE('',#2917,#679);
#407=LINE('',#2920,#680);
#408=LINE('',#2922,#681);
#409=LINE('',#2923,#682);
#410=LINE('',#2926,#683);
#411=LINE('',#2928,#684);
#412=LINE('',#2929,#685);
#413=LINE('',#2931,#686);
#414=LINE('',#2932,#687);
#415=LINE('',#2937,#688);
#416=LINE('',#2939,#689);
#417=LINE('',#2941,#690);
#418=LINE('',#2942,#691);
#419=LINE('',#2945,#692);
#420=LINE('',#2947,#693);
#421=LINE('',#2948,#694);
#422=LINE('',#2951,#695);
#423=LINE('',#2953,#696);
#424=LINE('',#2954,#697);
#425=LINE('',#2956,#698);
#426=LINE('',#2957,#699);
#427=LINE('',#2963,#700);
#428=LINE('',#2965,#701);
#429=LINE('',#2967,#702);
#430=LINE('',#2968,#703);
#431=LINE('',#2971,#704);
#432=LINE('',#2973,#705);
#433=LINE('',#2974,#706);
#434=LINE('',#2977,#707);
#435=LINE('',#2979,#708);
#436=LINE('',#2980,#709);
#437=LINE('',#2982,#710);
#438=LINE('',#2983,#711);
#439=LINE('',#2987,#712);
#440=LINE('',#2989,#713);
#441=LINE('',#2991,#714);
#442=LINE('',#2992,#715);
#443=LINE('',#2995,#716);
#444=LINE('',#2997,#717);
#445=LINE('',#2998,#718);
#446=LINE('',#3001,#719);
#447=LINE('',#3003,#720);
#448=LINE('',#3004,#721);
#449=LINE('',#3006,#722);
#450=LINE('',#3007,#723);
#451=LINE('',#3011,#724);
#452=LINE('',#3013,#725);
#453=LINE('',#3015,#726);
#454=LINE('',#3016,#727);
#455=LINE('',#3019,#728);
#456=LINE('',#3021,#729);
#457=LINE('',#3022,#730);
#458=LINE('',#3025,#731);
#459=LINE('',#3027,#732);
#460=LINE('',#3028,#733);
#461=LINE('',#3030,#734);
#462=LINE('',#3031,#735);
#463=LINE('',#3035,#736);
#464=LINE('',#3037,#737);
#465=LINE('',#3039,#738);
#466=LINE('',#3040,#739);
#467=LINE('',#3043,#740);
#468=LINE('',#3045,#741);
#469=LINE('',#3046,#742);
#470=LINE('',#3049,#743);
#471=LINE('',#3051,#744);
#472=LINE('',#3052,#745);
#473=LINE('',#3054,#746);
#474=LINE('',#3055,#747);
#475=LINE('',#3059,#748);
#476=LINE('',#3061,#749);
#477=LINE('',#3063,#750);
#478=LINE('',#3064,#751);
#479=LINE('',#3067,#752);
#480=LINE('',#3069,#753);
#481=LINE('',#3070,#754);
#482=LINE('',#3073,#755);
#483=LINE('',#3075,#756);
#484=LINE('',#3076,#757);
#485=LINE('',#3078,#758);
#486=LINE('',#3079,#759);
#487=LINE('',#3083,#760);
#488=LINE('',#3085,#761);
#489=LINE('',#3087,#762);
#490=LINE('',#3088,#763);
#491=LINE('',#3091,#764);
#492=LINE('',#3093,#765);
#493=LINE('',#3094,#766);
#494=LINE('',#3097,#767);
#495=LINE('',#3099,#768);
#496=LINE('',#3100,#769);
#497=LINE('',#3102,#770);
#498=LINE('',#3103,#771);
#499=LINE('',#3107,#772);
#500=LINE('',#3109,#773);
#501=LINE('',#3111,#774);
#502=LINE('',#3112,#775);
#503=LINE('',#3115,#776);
#504=LINE('',#3117,#777);
#505=LINE('',#3118,#778);
#506=LINE('',#3121,#779);
#507=LINE('',#3123,#780);
#508=LINE('',#3124,#781);
#509=LINE('',#3126,#782);
#510=LINE('',#3127,#783);
#511=LINE('',#3131,#784);
#512=LINE('',#3133,#785);
#513=LINE('',#3135,#786);
#514=LINE('',#3136,#787);
#515=LINE('',#3139,#788);
#516=LINE('',#3141,#789);
#517=LINE('',#3142,#790);
#518=LINE('',#3145,#791);
#519=LINE('',#3146,#792);
#520=LINE('',#3149,#793);
#521=LINE('',#3150,#794);
#522=LINE('',#3152,#795);
#523=LINE('',#3156,#796);
#524=LINE('',#3158,#797);
#525=LINE('',#3160,#798);
#526=LINE('',#3161,#799);
#527=LINE('',#3164,#800);
#528=LINE('',#3166,#801);
#529=LINE('',#3167,#802);
#530=LINE('',#3170,#803);
#531=LINE('',#3172,#804);
#532=LINE('',#3173,#805);
#533=LINE('',#3175,#806);
#534=LINE('',#3176,#807);
#535=LINE('',#3182,#808);
#536=LINE('',#3184,#809);
#537=LINE('',#3186,#810);
#538=LINE('',#3187,#811);
#539=LINE('',#3190,#812);
#540=LINE('',#3192,#813);
#541=LINE('',#3193,#814);
#542=LINE('',#3196,#815);
#543=LINE('',#3198,#816);
#544=LINE('',#3199,#817);
#545=LINE('',#3201,#818);
#546=LINE('',#3202,#819);
#547=LINE('',#3207,#820);
#548=LINE('',#3209,#821);
#549=LINE('',#3211,#822);
#550=LINE('',#3212,#823);
#551=LINE('',#3215,#824);
#552=LINE('',#3217,#825);
#553=LINE('',#3218,#826);
#554=LINE('',#3220,#827);
#555=LINE('',#3221,#828);
#556=LINE('',#3227,#829);
#557=LINE('',#3229,#830);
#558=LINE('',#3231,#831);
#559=LINE('',#3232,#832);
#560=LINE('',#3235,#833);
#561=LINE('',#3237,#834);
#562=LINE('',#3238,#835);
#563=LINE('',#3241,#836);
#564=LINE('',#3243,#837);
#565=LINE('',#3244,#838);
#566=LINE('',#3246,#839);
#567=LINE('',#3247,#840);
#568=VECTOR('',#2193,10.);
#569=VECTOR('',#2194,10.);
#570=VECTOR('',#2195,10.);
#571=VECTOR('',#2196,10.);
#572=VECTOR('',#2199,10.);
#573=VECTOR('',#2200,10.);
#574=VECTOR('',#2201,10.);
#575=VECTOR('',#2204,10.);
#576=VECTOR('',#2205,10.);
#577=VECTOR('',#2206,10.);
#578=VECTOR('',#2209,10.);
#579=VECTOR('',#2210,10.);
#580=VECTOR('',#2215,10.);
#581=VECTOR('',#2216,10.);
#582=VECTOR('',#2217,10.);
#583=VECTOR('',#2218,10.);
#584=VECTOR('',#2221,10.);
#585=VECTOR('',#2222,10.);
#586=VECTOR('',#2223,10.);
#587=VECTOR('',#2226,10.);
#588=VECTOR('',#2227,10.);
#589=VECTOR('',#2228,10.);
#590=VECTOR('',#2231,10.);
#591=VECTOR('',#2232,10.);
#592=VECTOR('',#2237,10.);
#593=VECTOR('',#2238,10.);
#594=VECTOR('',#2239,10.);
#595=VECTOR('',#2240,10.);
#596=VECTOR('',#2243,10.);
#597=VECTOR('',#2244,10.);
#598=VECTOR('',#2245,10.);
#599=VECTOR('',#2248,10.);
#600=VECTOR('',#2249,10.);
#601=VECTOR('',#2250,10.);
#602=VECTOR('',#2253,10.);
#603=VECTOR('',#2254,10.);
#604=VECTOR('',#2259,10.);
#605=VECTOR('',#2260,10.);
#606=VECTOR('',#2261,10.);
#607=VECTOR('',#2262,10.);
#608=VECTOR('',#2265,10.);
#609=VECTOR('',#2266,10.);
#610=VECTOR('',#2267,10.);
#611=VECTOR('',#2270,10.);
#612=VECTOR('',#2271,10.);
#613=VECTOR('',#2272,10.);
#614=VECTOR('',#2275,10.);
#615=VECTOR('',#2276,10.);
#616=VECTOR('',#2281,10.);
#617=VECTOR('',#2282,10.);
#618=VECTOR('',#2283,10.);
#619=VECTOR('',#2284,10.);
#620=VECTOR('',#2287,10.);
#621=VECTOR('',#2288,10.);
#622=VECTOR('',#2289,10.);
#623=VECTOR('',#2292,10.);
#624=VECTOR('',#2293,10.);
#625=VECTOR('',#2294,10.);
#626=VECTOR('',#2297,10.);
#627=VECTOR('',#2298,10.);
#628=VECTOR('',#2303,10.);
#629=VECTOR('',#2304,10.);
#630=VECTOR('',#2305,10.);
#631=VECTOR('',#2306,10.);
#632=VECTOR('',#2309,10.);
#633=VECTOR('',#2310,10.);
#634=VECTOR('',#2311,10.);
#635=VECTOR('',#2314,10.);
#636=VECTOR('',#2315,10.);
#637=VECTOR('',#2316,10.);
#638=VECTOR('',#2319,10.);
#639=VECTOR('',#2320,10.);
#640=VECTOR('',#2325,10.);
#641=VECTOR('',#2326,10.);
#642=VECTOR('',#2327,10.);
#643=VECTOR('',#2328,10.);
#644=VECTOR('',#2331,10.);
#645=VECTOR('',#2332,10.);
#646=VECTOR('',#2333,10.);
#647=VECTOR('',#2336,10.);
#648=VECTOR('',#2337,10.);
#649=VECTOR('',#2338,10.);
#650=VECTOR('',#2341,10.);
#651=VECTOR('',#2342,10.);
#652=VECTOR('',#2347,10.);
#653=VECTOR('',#2348,10.);
#654=VECTOR('',#2349,10.);
#655=VECTOR('',#2350,10.);
#656=VECTOR('',#2353,10.);
#657=VECTOR('',#2354,10.);
#658=VECTOR('',#2355,10.);
#659=VECTOR('',#2358,10.);
#660=VECTOR('',#2359,10.);
#661=VECTOR('',#2360,10.);
#662=VECTOR('',#2363,10.);
#663=VECTOR('',#2364,10.);
#664=VECTOR('',#2369,10.);
#665=VECTOR('',#2370,10.);
#666=VECTOR('',#2371,10.);
#667=VECTOR('',#2372,10.);
#668=VECTOR('',#2375,10.);
#669=VECTOR('',#2376,10.);
#670=VECTOR('',#2377,10.);
#671=VECTOR('',#2380,10.);
#672=VECTOR('',#2381,10.);
#673=VECTOR('',#2382,10.);
#674=VECTOR('',#2385,10.);
#675=VECTOR('',#2386,10.);
#676=VECTOR('',#2389,10.);
#677=VECTOR('',#2390,10.);
#678=VECTOR('',#2391,10.);
#679=VECTOR('',#2392,10.);
#680=VECTOR('',#2395,10.);
#681=VECTOR('',#2396,10.);
#682=VECTOR('',#2397,10.);
#683=VECTOR('',#2400,10.);
#684=VECTOR('',#2401,10.);
#685=VECTOR('',#2402,10.);
#686=VECTOR('',#2405,10.);
#687=VECTOR('',#2406,10.);
#688=VECTOR('',#2411,10.);
#689=VECTOR('',#2412,10.);
#690=VECTOR('',#2413,10.);
#691=VECTOR('',#2414,10.);
#692=VECTOR('',#2417,10.);
#693=VECTOR('',#2418,10.);
#694=VECTOR('',#2419,10.);
#695=VECTOR('',#2422,10.);
#696=VECTOR('',#2423,10.);
#697=VECTOR('',#2424,10.);
#698=VECTOR('',#2427,10.);
#699=VECTOR('',#2428,10.);
#700=VECTOR('',#2435,10.);
#701=VECTOR('',#2436,10.);
#702=VECTOR('',#2437,10.);
#703=VECTOR('',#2438,10.);
#704=VECTOR('',#2441,10.);
#705=VECTOR('',#2442,10.);
#706=VECTOR('',#2443,10.);
#707=VECTOR('',#2446,10.);
#708=VECTOR('',#2447,10.);
#709=VECTOR('',#2448,10.);
#710=VECTOR('',#2451,10.);
#711=VECTOR('',#2452,10.);
#712=VECTOR('',#2455,10.);
#713=VECTOR('',#2456,10.);
#714=VECTOR('',#2457,10.);
#715=VECTOR('',#2458,10.);
#716=VECTOR('',#2461,10.);
#717=VECTOR('',#2462,10.);
#718=VECTOR('',#2463,10.);
#719=VECTOR('',#2466,10.);
#720=VECTOR('',#2467,10.);
#721=VECTOR('',#2468,10.);
#722=VECTOR('',#2471,10.);
#723=VECTOR('',#2472,10.);
#724=VECTOR('',#2475,10.);
#725=VECTOR('',#2476,10.);
#726=VECTOR('',#2477,10.);
#727=VECTOR('',#2478,10.);
#728=VECTOR('',#2481,10.);
#729=VECTOR('',#2482,10.);
#730=VECTOR('',#2483,10.);
#731=VECTOR('',#2486,10.);
#732=VECTOR('',#2487,10.);
#733=VECTOR('',#2488,10.);
#734=VECTOR('',#2491,10.);
#735=VECTOR('',#2492,10.);
#736=VECTOR('',#2495,10.);
#737=VECTOR('',#2496,10.);
#738=VECTOR('',#2497,10.);
#739=VECTOR('',#2498,10.);
#740=VECTOR('',#2501,10.);
#741=VECTOR('',#2502,10.);
#742=VECTOR('',#2503,10.);
#743=VECTOR('',#2506,10.);
#744=VECTOR('',#2507,10.);
#745=VECTOR('',#2508,10.);
#746=VECTOR('',#2511,10.);
#747=VECTOR('',#2512,10.);
#748=VECTOR('',#2515,10.);
#749=VECTOR('',#2516,10.);
#750=VECTOR('',#2517,10.);
#751=VECTOR('',#2518,10.);
#752=VECTOR('',#2521,10.);
#753=VECTOR('',#2522,10.);
#754=VECTOR('',#2523,10.);
#755=VECTOR('',#2526,10.);
#756=VECTOR('',#2527,10.);
#757=VECTOR('',#2528,10.);
#758=VECTOR('',#2531,10.);
#759=VECTOR('',#2532,10.);
#760=VECTOR('',#2535,10.);
#761=VECTOR('',#2536,10.);
#762=VECTOR('',#2537,10.);
#763=VECTOR('',#2538,10.);
#764=VECTOR('',#2541,10.);
#765=VECTOR('',#2542,10.);
#766=VECTOR('',#2543,10.);
#767=VECTOR('',#2546,10.);
#768=VECTOR('',#2547,10.);
#769=VECTOR('',#2548,10.);
#770=VECTOR('',#2551,10.);
#771=VECTOR('',#2552,10.);
#772=VECTOR('',#2555,10.);
#773=VECTOR('',#2556,10.);
#774=VECTOR('',#2557,10.);
#775=VECTOR('',#2558,10.);
#776=VECTOR('',#2561,10.);
#777=VECTOR('',#2562,10.);
#778=VECTOR('',#2563,10.);
#779=VECTOR('',#2566,10.);
#780=VECTOR('',#2567,10.);
#781=VECTOR('',#2568,10.);
#782=VECTOR('',#2571,10.);
#783=VECTOR('',#2572,10.);
#784=VECTOR('',#2575,10.);
#785=VECTOR('',#2576,10.);
#786=VECTOR('',#2577,10.);
#787=VECTOR('',#2578,10.);
#788=VECTOR('',#2581,10.);
#789=VECTOR('',#2582,10.);
#790=VECTOR('',#2583,10.);
#791=VECTOR('',#2586,10.);
#792=VECTOR('',#2587,10.);
#793=VECTOR('',#2590,10.);
#794=VECTOR('',#2591,10.);
#795=VECTOR('',#2594,10.);
#796=VECTOR('',#2597,10.);
#797=VECTOR('',#2598,10.);
#798=VECTOR('',#2599,10.);
#799=VECTOR('',#2600,10.);
#800=VECTOR('',#2603,10.);
#801=VECTOR('',#2604,10.);
#802=VECTOR('',#2605,10.);
#803=VECTOR('',#2608,10.);
#804=VECTOR('',#2609,10.);
#805=VECTOR('',#2610,10.);
#806=VECTOR('',#2613,10.);
#807=VECTOR('',#2614,10.);
#808=VECTOR('',#2621,10.);
#809=VECTOR('',#2622,10.);
#810=VECTOR('',#2623,10.);
#811=VECTOR('',#2624,10.);
#812=VECTOR('',#2627,10.);
#813=VECTOR('',#2628,10.);
#814=VECTOR('',#2629,10.);
#815=VECTOR('',#2632,10.);
#816=VECTOR('',#2633,10.);
#817=VECTOR('',#2634,10.);
#818=VECTOR('',#2637,10.);
#819=VECTOR('',#2638,10.);
#820=VECTOR('',#2643,10.);
#821=VECTOR('',#2644,10.);
#822=VECTOR('',#2645,10.);
#823=VECTOR('',#2646,10.);
#824=VECTOR('',#2649,10.);
#825=VECTOR('',#2650,10.);
#826=VECTOR('',#2651,10.);
#827=VECTOR('',#2654,10.);
#828=VECTOR('',#2655,10.);
#829=VECTOR('',#2662,10.);
#830=VECTOR('',#2663,10.);
#831=VECTOR('',#2664,10.);
#832=VECTOR('',#2665,10.);
#833=VECTOR('',#2668,10.);
#834=VECTOR('',#2669,10.);
#835=VECTOR('',#2670,10.);
#836=VECTOR('',#2673,10.);
#837=VECTOR('',#2674,10.);
#838=VECTOR('',#2675,10.);
#839=VECTOR('',#2678,10.);
#840=VECTOR('',#2679,10.);
#841=VERTEX_POINT('',#2686);
#842=VERTEX_POINT('',#2687);
#843=VERTEX_POINT('',#2689);
#844=VERTEX_POINT('',#2691);
#845=VERTEX_POINT('',#2695);
#846=VERTEX_POINT('',#2697);
#847=VERTEX_POINT('',#2701);
#848=VERTEX_POINT('',#2703);
#849=VERTEX_POINT('',#2711);
#850=VERTEX_POINT('',#2712);
#851=VERTEX_POINT('',#2714);
#852=VERTEX_POINT('',#2716);
#853=VERTEX_POINT('',#2720);
#854=VERTEX_POINT('',#2722);
#855=VERTEX_POINT('',#2726);
#856=VERTEX_POINT('',#2728);
#857=VERTEX_POINT('',#2736);
#858=VERTEX_POINT('',#2737);
#859=VERTEX_POINT('',#2739);
#860=VERTEX_POINT('',#2741);
#861=VERTEX_POINT('',#2745);
#862=VERTEX_POINT('',#2747);
#863=VERTEX_POINT('',#2751);
#864=VERTEX_POINT('',#2753);
#865=VERTEX_POINT('',#2761);
#866=VERTEX_POINT('',#2762);
#867=VERTEX_POINT('',#2764);
#868=VERTEX_POINT('',#2766);
#869=VERTEX_POINT('',#2770);
#870=VERTEX_POINT('',#2772);
#871=VERTEX_POINT('',#2776);
#872=VERTEX_POINT('',#2778);
#873=VERTEX_POINT('',#2786);
#874=VERTEX_POINT('',#2787);
#875=VERTEX_POINT('',#2789);
#876=VERTEX_POINT('',#2791);
#877=VERTEX_POINT('',#2795);
#878=VERTEX_POINT('',#2797);
#879=VERTEX_POINT('',#2801);
#880=VERTEX_POINT('',#2803);
#881=VERTEX_POINT('',#2811);
#882=VERTEX_POINT('',#2812);
#883=VERTEX_POINT('',#2814);
#884=VERTEX_POINT('',#2816);
#885=VERTEX_POINT('',#2820);
#886=VERTEX_POINT('',#2822);
#887=VERTEX_POINT('',#2826);
#888=VERTEX_POINT('',#2828);
#889=VERTEX_POINT('',#2836);
#890=VERTEX_POINT('',#2837);
#891=VERTEX_POINT('',#2839);
#892=VERTEX_POINT('',#2841);
#893=VERTEX_POINT('',#2845);
#894=VERTEX_POINT('',#2847);
#895=VERTEX_POINT('',#2851);
#896=VERTEX_POINT('',#2853);
#897=VERTEX_POINT('',#2861);
#898=VERTEX_POINT('',#2862);
#899=VERTEX_POINT('',#2864);
#900=VERTEX_POINT('',#2866);
#901=VERTEX_POINT('',#2870);
#902=VERTEX_POINT('',#2872);
#903=VERTEX_POINT('',#2876);
#904=VERTEX_POINT('',#2878);
#905=VERTEX_POINT('',#2886);
#906=VERTEX_POINT('',#2887);
#907=VERTEX_POINT('',#2889);
#908=VERTEX_POINT('',#2891);
#909=VERTEX_POINT('',#2895);
#910=VERTEX_POINT('',#2897);
#911=VERTEX_POINT('',#2901);
#912=VERTEX_POINT('',#2903);
#913=VERTEX_POINT('',#2910);
#914=VERTEX_POINT('',#2911);
#915=VERTEX_POINT('',#2913);
#916=VERTEX_POINT('',#2915);
#917=VERTEX_POINT('',#2919);
#918=VERTEX_POINT('',#2921);
#919=VERTEX_POINT('',#2925);
#920=VERTEX_POINT('',#2927);
#921=VERTEX_POINT('',#2935);
#922=VERTEX_POINT('',#2936);
#923=VERTEX_POINT('',#2938);
#924=VERTEX_POINT('',#2940);
#925=VERTEX_POINT('',#2944);
#926=VERTEX_POINT('',#2946);
#927=VERTEX_POINT('',#2950);
#928=VERTEX_POINT('',#2952);
#929=VERTEX_POINT('',#2961);
#930=VERTEX_POINT('',#2962);
#931=VERTEX_POINT('',#2964);
#932=VERTEX_POINT('',#2966);
#933=VERTEX_POINT('',#2970);
#934=VERTEX_POINT('',#2972);
#935=VERTEX_POINT('',#2976);
#936=VERTEX_POINT('',#2978);
#937=VERTEX_POINT('',#2985);
#938=VERTEX_POINT('',#2986);
#939=VERTEX_POINT('',#2988);
#940=VERTEX_POINT('',#2990);
#941=VERTEX_POINT('',#2994);
#942=VERTEX_POINT('',#2996);
#943=VERTEX_POINT('',#3000);
#944=VERTEX_POINT('',#3002);
#945=VERTEX_POINT('',#3009);
#946=VERTEX_POINT('',#3010);
#947=VERTEX_POINT('',#3012);
#948=VERTEX_POINT('',#3014);
#949=VERTEX_POINT('',#3018);
#950=VERTEX_POINT('',#3020);
#951=VERTEX_POINT('',#3024);
#952=VERTEX_POINT('',#3026);
#953=VERTEX_POINT('',#3033);
#954=VERTEX_POINT('',#3034);
#955=VERTEX_POINT('',#3036);
#956=VERTEX_POINT('',#3038);
#957=VERTEX_POINT('',#3042);
#958=VERTEX_POINT('',#3044);
#959=VERTEX_POINT('',#3048);
#960=VERTEX_POINT('',#3050);
#961=VERTEX_POINT('',#3057);
#962=VERTEX_POINT('',#3058);
#963=VERTEX_POINT('',#3060);
#964=VERTEX_POINT('',#3062);
#965=VERTEX_POINT('',#3066);
#966=VERTEX_POINT('',#3068);
#967=VERTEX_POINT('',#3072);
#968=VERTEX_POINT('',#3074);
#969=VERTEX_POINT('',#3081);
#970=VERTEX_POINT('',#3082);
#971=VERTEX_POINT('',#3084);
#972=VERTEX_POINT('',#3086);
#973=VERTEX_POINT('',#3090);
#974=VERTEX_POINT('',#3092);
#975=VERTEX_POINT('',#3096);
#976=VERTEX_POINT('',#3098);
#977=VERTEX_POINT('',#3105);
#978=VERTEX_POINT('',#3106);
#979=VERTEX_POINT('',#3108);
#980=VERTEX_POINT('',#3110);
#981=VERTEX_POINT('',#3114);
#982=VERTEX_POINT('',#3116);
#983=VERTEX_POINT('',#3120);
#984=VERTEX_POINT('',#3122);
#985=VERTEX_POINT('',#3129);
#986=VERTEX_POINT('',#3130);
#987=VERTEX_POINT('',#3132);
#988=VERTEX_POINT('',#3134);
#989=VERTEX_POINT('',#3138);
#990=VERTEX_POINT('',#3140);
#991=VERTEX_POINT('',#3144);
#992=VERTEX_POINT('',#3148);
#993=VERTEX_POINT('',#3154);
#994=VERTEX_POINT('',#3155);
#995=VERTEX_POINT('',#3157);
#996=VERTEX_POINT('',#3159);
#997=VERTEX_POINT('',#3163);
#998=VERTEX_POINT('',#3165);
#999=VERTEX_POINT('',#3169);
#1000=VERTEX_POINT('',#3171);
#1001=VERTEX_POINT('',#3180);
#1002=VERTEX_POINT('',#3181);
#1003=VERTEX_POINT('',#3183);
#1004=VERTEX_POINT('',#3185);
#1005=VERTEX_POINT('',#3189);
#1006=VERTEX_POINT('',#3191);
#1007=VERTEX_POINT('',#3195);
#1008=VERTEX_POINT('',#3197);
#1009=VERTEX_POINT('',#3205);
#1010=VERTEX_POINT('',#3206);
#1011=VERTEX_POINT('',#3208);
#1012=VERTEX_POINT('',#3210);
#1013=VERTEX_POINT('',#3214);
#1014=VERTEX_POINT('',#3216);
#1015=VERTEX_POINT('',#3225);
#1016=VERTEX_POINT('',#3226);
#1017=VERTEX_POINT('',#3228);
#1018=VERTEX_POINT('',#3230);
#1019=VERTEX_POINT('',#3234);
#1020=VERTEX_POINT('',#3236);
#1021=VERTEX_POINT('',#3240);
#1022=VERTEX_POINT('',#3242);
#1023=EDGE_CURVE('',#841,#842,#295,.T.);
#1024=EDGE_CURVE('',#841,#843,#296,.T.);
#1025=EDGE_CURVE('',#843,#844,#297,.T.);
#1026=EDGE_CURVE('',#842,#844,#298,.T.);
#1027=EDGE_CURVE('',#845,#841,#299,.T.);
#1028=EDGE_CURVE('',#845,#846,#300,.T.);
#1029=EDGE_CURVE('',#846,#843,#301,.T.);
#1030=EDGE_CURVE('',#847,#845,#302,.T.);
#1031=EDGE_CURVE('',#847,#848,#303,.T.);
#1032=EDGE_CURVE('',#848,#846,#304,.T.);
#1033=EDGE_CURVE('',#842,#847,#305,.T.);
#1034=EDGE_CURVE('',#844,#848,#306,.T.);
#1035=EDGE_CURVE('',#849,#850,#307,.T.);
#1036=EDGE_CURVE('',#849,#851,#308,.T.);
#1037=EDGE_CURVE('',#851,#852,#309,.T.);
#1038=EDGE_CURVE('',#850,#852,#310,.T.);
#1039=EDGE_CURVE('',#853,#849,#311,.T.);
#1040=EDGE_CURVE('',#853,#854,#312,.T.);
#1041=EDGE_CURVE('',#854,#851,#313,.T.);
#1042=EDGE_CURVE('',#855,#853,#314,.T.);
#1043=EDGE_CURVE('',#855,#856,#315,.T.);
#1044=EDGE_CURVE('',#856,#854,#316,.T.);
#1045=EDGE_CURVE('',#850,#855,#317,.T.);
#1046=EDGE_CURVE('',#852,#856,#318,.T.);
#1047=EDGE_CURVE('',#857,#858,#319,.T.);
#1048=EDGE_CURVE('',#857,#859,#320,.T.);
#1049=EDGE_CURVE('',#859,#860,#321,.T.);
#1050=EDGE_CURVE('',#858,#860,#322,.T.);
#1051=EDGE_CURVE('',#861,#857,#323,.T.);
#1052=EDGE_CURVE('',#861,#862,#324,.T.);
#1053=EDGE_CURVE('',#862,#859,#325,.T.);
#1054=EDGE_CURVE('',#863,#861,#326,.T.);
#1055=EDGE_CURVE('',#863,#864,#327,.T.);
#1056=EDGE_CURVE('',#864,#862,#328,.T.);
#1057=EDGE_CURVE('',#858,#863,#329,.T.);
#1058=EDGE_CURVE('',#860,#864,#330,.T.);
#1059=EDGE_CURVE('',#865,#866,#331,.T.);
#1060=EDGE_CURVE('',#865,#867,#332,.T.);
#1061=EDGE_CURVE('',#867,#868,#333,.T.);
#1062=EDGE_CURVE('',#866,#868,#334,.T.);
#1063=EDGE_CURVE('',#869,#865,#335,.T.);
#1064=EDGE_CURVE('',#869,#870,#336,.T.);
#1065=EDGE_CURVE('',#870,#867,#337,.T.);
#1066=EDGE_CURVE('',#871,#869,#338,.T.);
#1067=EDGE_CURVE('',#871,#872,#339,.T.);
#1068=EDGE_CURVE('',#872,#870,#340,.T.);
#1069=EDGE_CURVE('',#866,#871,#341,.T.);
#1070=EDGE_CURVE('',#868,#872,#342,.T.);
#1071=EDGE_CURVE('',#873,#874,#343,.T.);
#1072=EDGE_CURVE('',#873,#875,#344,.T.);
#1073=EDGE_CURVE('',#875,#876,#345,.T.);
#1074=EDGE_CURVE('',#874,#876,#346,.T.);
#1075=EDGE_CURVE('',#877,#873,#347,.T.);
#1076=EDGE_CURVE('',#877,#878,#348,.T.);
#1077=EDGE_CURVE('',#878,#875,#349,.T.);
#1078=EDGE_CURVE('',#879,#877,#350,.T.);
#1079=EDGE_CURVE('',#879,#880,#351,.T.);
#1080=EDGE_CURVE('',#880,#878,#352,.T.);
#1081=EDGE_CURVE('',#874,#879,#353,.T.);
#1082=EDGE_CURVE('',#876,#880,#354,.T.);
#1083=EDGE_CURVE('',#881,#882,#355,.T.);
#1084=EDGE_CURVE('',#881,#883,#356,.T.);
#1085=EDGE_CURVE('',#883,#884,#357,.T.);
#1086=EDGE_CURVE('',#882,#884,#358,.T.);
#1087=EDGE_CURVE('',#885,#881,#359,.T.);
#1088=EDGE_CURVE('',#885,#886,#360,.T.);
#1089=EDGE_CURVE('',#886,#883,#361,.T.);
#1090=EDGE_CURVE('',#887,#885,#362,.T.);
#1091=EDGE_CURVE('',#887,#888,#363,.T.);
#1092=EDGE_CURVE('',#888,#886,#364,.T.);
#1093=EDGE_CURVE('',#882,#887,#365,.T.);
#1094=EDGE_CURVE('',#884,#888,#366,.T.);
#1095=EDGE_CURVE('',#889,#890,#367,.T.);
#1096=EDGE_CURVE('',#889,#891,#368,.T.);
#1097=EDGE_CURVE('',#891,#892,#369,.T.);
#1098=EDGE_CURVE('',#890,#892,#370,.T.);
#1099=EDGE_CURVE('',#893,#889,#371,.T.);
#1100=EDGE_CURVE('',#893,#894,#372,.T.);
#1101=EDGE_CURVE('',#894,#891,#373,.T.);
#1102=EDGE_CURVE('',#895,#893,#374,.T.);
#1103=EDGE_CURVE('',#895,#896,#375,.T.);
#1104=EDGE_CURVE('',#896,#894,#376,.T.);
#1105=EDGE_CURVE('',#890,#895,#377,.T.);
#1106=EDGE_CURVE('',#892,#896,#378,.T.);
#1107=EDGE_CURVE('',#897,#898,#379,.T.);
#1108=EDGE_CURVE('',#897,#899,#380,.T.);
#1109=EDGE_CURVE('',#899,#900,#381,.T.);
#1110=EDGE_CURVE('',#898,#900,#382,.T.);
#1111=EDGE_CURVE('',#901,#897,#383,.T.);
#1112=EDGE_CURVE('',#901,#902,#384,.T.);
#1113=EDGE_CURVE('',#902,#899,#385,.T.);
#1114=EDGE_CURVE('',#903,#901,#386,.T.);
#1115=EDGE_CURVE('',#903,#904,#387,.T.);
#1116=EDGE_CURVE('',#904,#902,#388,.T.);
#1117=EDGE_CURVE('',#898,#903,#389,.T.);
#1118=EDGE_CURVE('',#900,#904,#390,.T.);
#1119=EDGE_CURVE('',#905,#906,#391,.T.);
#1120=EDGE_CURVE('',#905,#907,#392,.T.);
#1121=EDGE_CURVE('',#908,#907,#393,.T.);
#1122=EDGE_CURVE('',#906,#908,#394,.T.);
#1123=EDGE_CURVE('',#909,#905,#395,.T.);
#1124=EDGE_CURVE('',#909,#910,#396,.T.);
#1125=EDGE_CURVE('',#907,#910,#397,.T.);
#1126=EDGE_CURVE('',#911,#909,#398,.T.);
#1127=EDGE_CURVE('',#911,#912,#399,.T.);
#1128=EDGE_CURVE('',#910,#912,#400,.T.);
#1129=EDGE_CURVE('',#906,#911,#401,.T.);
#1130=EDGE_CURVE('',#912,#908,#402,.T.);
#1131=EDGE_CURVE('',#913,#914,#403,.T.);
#1132=EDGE_CURVE('',#913,#915,#404,.T.);
#1133=EDGE_CURVE('',#915,#916,#405,.T.);
#1134=EDGE_CURVE('',#914,#916,#406,.T.);
#1135=EDGE_CURVE('',#917,#913,#407,.T.);
#1136=EDGE_CURVE('',#917,#918,#408,.T.);
#1137=EDGE_CURVE('',#918,#915,#409,.T.);
#1138=EDGE_CURVE('',#919,#917,#410,.T.);
#1139=EDGE_CURVE('',#919,#920,#411,.T.);
#1140=EDGE_CURVE('',#920,#918,#412,.T.);
#1141=EDGE_CURVE('',#914,#919,#413,.T.);
#1142=EDGE_CURVE('',#916,#920,#414,.T.);
#1143=EDGE_CURVE('',#921,#922,#415,.T.);
#1144=EDGE_CURVE('',#922,#923,#416,.T.);
#1145=EDGE_CURVE('',#924,#923,#417,.T.);
#1146=EDGE_CURVE('',#921,#924,#418,.T.);
#1147=EDGE_CURVE('',#925,#921,#419,.T.);
#1148=EDGE_CURVE('',#926,#924,#420,.T.);
#1149=EDGE_CURVE('',#925,#926,#421,.T.);
#1150=EDGE_CURVE('',#927,#925,#422,.T.);
#1151=EDGE_CURVE('',#928,#926,#423,.T.);
#1152=EDGE_CURVE('',#927,#928,#424,.T.);
#1153=EDGE_CURVE('',#922,#927,#425,.T.);
#1154=EDGE_CURVE('',#923,#928,#426,.T.);
#1155=EDGE_CURVE('',#929,#930,#427,.T.);
#1156=EDGE_CURVE('',#931,#929,#428,.T.);
#1157=EDGE_CURVE('',#932,#931,#429,.T.);
#1158=EDGE_CURVE('',#932,#930,#430,.T.);
#1159=EDGE_CURVE('',#930,#933,#431,.T.);
#1160=EDGE_CURVE('',#934,#932,#432,.T.);
#1161=EDGE_CURVE('',#934,#933,#433,.T.);
#1162=EDGE_CURVE('',#933,#935,#434,.T.);
#1163=EDGE_CURVE('',#936,#934,#435,.T.);
#1164=EDGE_CURVE('',#936,#935,#436,.T.);
#1165=EDGE_CURVE('',#935,#929,#437,.T.);
#1166=EDGE_CURVE('',#931,#936,#438,.T.);
#1167=EDGE_CURVE('',#937,#938,#439,.T.);
#1168=EDGE_CURVE('',#939,#937,#440,.T.);
#1169=EDGE_CURVE('',#940,#939,#441,.T.);
#1170=EDGE_CURVE('',#940,#938,#442,.T.);
#1171=EDGE_CURVE('',#938,#941,#443,.T.);
#1172=EDGE_CURVE('',#942,#940,#444,.T.);
#1173=EDGE_CURVE('',#942,#941,#445,.T.);
#1174=EDGE_CURVE('',#941,#943,#446,.T.);
#1175=EDGE_CURVE('',#944,#942,#447,.T.);
#1176=EDGE_CURVE('',#944,#943,#448,.T.);
#1177=EDGE_CURVE('',#943,#937,#449,.T.);
#1178=EDGE_CURVE('',#939,#944,#450,.T.);
#1179=EDGE_CURVE('',#945,#946,#451,.T.);
#1180=EDGE_CURVE('',#947,#945,#452,.T.);
#1181=EDGE_CURVE('',#948,#947,#453,.T.);
#1182=EDGE_CURVE('',#948,#946,#454,.T.);
#1183=EDGE_CURVE('',#946,#949,#455,.T.);
#1184=EDGE_CURVE('',#950,#948,#456,.T.);
#1185=EDGE_CURVE('',#950,#949,#457,.T.);
#1186=EDGE_CURVE('',#949,#951,#458,.T.);
#1187=EDGE_CURVE('',#952,#950,#459,.T.);
#1188=EDGE_CURVE('',#952,#951,#460,.T.);
#1189=EDGE_CURVE('',#951,#945,#461,.T.);
#1190=EDGE_CURVE('',#947,#952,#462,.T.);
#1191=EDGE_CURVE('',#953,#954,#463,.T.);
#1192=EDGE_CURVE('',#955,#953,#464,.T.);
#1193=EDGE_CURVE('',#956,#955,#465,.T.);
#1194=EDGE_CURVE('',#956,#954,#466,.T.);
#1195=EDGE_CURVE('',#954,#957,#467,.T.);
#1196=EDGE_CURVE('',#958,#956,#468,.T.);
#1197=EDGE_CURVE('',#958,#957,#469,.T.);
#1198=EDGE_CURVE('',#957,#959,#470,.T.);
#1199=EDGE_CURVE('',#960,#958,#471,.T.);
#1200=EDGE_CURVE('',#960,#959,#472,.T.);
#1201=EDGE_CURVE('',#959,#953,#473,.T.);
#1202=EDGE_CURVE('',#955,#960,#474,.T.);
#1203=EDGE_CURVE('',#961,#962,#475,.T.);
#1204=EDGE_CURVE('',#963,#961,#476,.T.);
#1205=EDGE_CURVE('',#964,#963,#477,.T.);
#1206=EDGE_CURVE('',#964,#962,#478,.T.);
#1207=EDGE_CURVE('',#962,#965,#479,.T.);
#1208=EDGE_CURVE('',#966,#964,#480,.T.);
#1209=EDGE_CURVE('',#966,#965,#481,.T.);
#1210=EDGE_CURVE('',#965,#967,#482,.T.);
#1211=EDGE_CURVE('',#968,#966,#483,.T.);
#1212=EDGE_CURVE('',#968,#967,#484,.T.);
#1213=EDGE_CURVE('',#967,#961,#485,.T.);
#1214=EDGE_CURVE('',#963,#968,#486,.T.);
#1215=EDGE_CURVE('',#969,#970,#487,.T.);
#1216=EDGE_CURVE('',#971,#969,#488,.T.);
#1217=EDGE_CURVE('',#972,#971,#489,.T.);
#1218=EDGE_CURVE('',#972,#970,#490,.T.);
#1219=EDGE_CURVE('',#970,#973,#491,.T.);
#1220=EDGE_CURVE('',#974,#972,#492,.T.);
#1221=EDGE_CURVE('',#974,#973,#493,.T.);
#1222=EDGE_CURVE('',#973,#975,#494,.T.);
#1223=EDGE_CURVE('',#976,#974,#495,.T.);
#1224=EDGE_CURVE('',#976,#975,#496,.T.);
#1225=EDGE_CURVE('',#975,#969,#497,.T.);
#1226=EDGE_CURVE('',#971,#976,#498,.T.);
#1227=EDGE_CURVE('',#977,#978,#499,.T.);
#1228=EDGE_CURVE('',#979,#977,#500,.T.);
#1229=EDGE_CURVE('',#980,#979,#501,.T.);
#1230=EDGE_CURVE('',#980,#978,#502,.T.);
#1231=EDGE_CURVE('',#978,#981,#503,.T.);
#1232=EDGE_CURVE('',#982,#980,#504,.T.);
#1233=EDGE_CURVE('',#982,#981,#505,.T.);
#1234=EDGE_CURVE('',#981,#983,#506,.T.);
#1235=EDGE_CURVE('',#984,#982,#507,.T.);
#1236=EDGE_CURVE('',#984,#983,#508,.T.);
#1237=EDGE_CURVE('',#983,#977,#509,.T.);
#1238=EDGE_CURVE('',#979,#984,#510,.T.);
#1239=EDGE_CURVE('',#985,#986,#511,.T.);
#1240=EDGE_CURVE('',#987,#985,#512,.T.);
#1241=EDGE_CURVE('',#988,#987,#513,.T.);
#1242=EDGE_CURVE('',#986,#988,#514,.T.);
#1243=EDGE_CURVE('',#987,#989,#515,.T.);
#1244=EDGE_CURVE('',#990,#989,#516,.T.);
#1245=EDGE_CURVE('',#988,#990,#517,.T.);
#1246=EDGE_CURVE('',#985,#991,#518,.T.);
#1247=EDGE_CURVE('',#989,#991,#519,.T.);
#1248=EDGE_CURVE('',#992,#990,#520,.T.);
#1249=EDGE_CURVE('',#986,#992,#521,.T.);
#1250=EDGE_CURVE('',#991,#992,#522,.T.);
#1251=EDGE_CURVE('',#993,#994,#523,.T.);
#1252=EDGE_CURVE('',#994,#995,#524,.T.);
#1253=EDGE_CURVE('',#996,#995,#525,.T.);
#1254=EDGE_CURVE('',#993,#996,#526,.T.);
#1255=EDGE_CURVE('',#997,#993,#527,.T.);
#1256=EDGE_CURVE('',#998,#996,#528,.T.);
#1257=EDGE_CURVE('',#997,#998,#529,.T.);
#1258=EDGE_CURVE('',#999,#997,#530,.T.);
#1259=EDGE_CURVE('',#1000,#998,#531,.T.);
#1260=EDGE_CURVE('',#999,#1000,#532,.T.);
#1261=EDGE_CURVE('',#994,#999,#533,.T.);
#1262=EDGE_CURVE('',#995,#1000,#534,.T.);
#1263=EDGE_CURVE('',#1001,#1002,#535,.T.);
#1264=EDGE_CURVE('',#1001,#1003,#536,.T.);
#1265=EDGE_CURVE('',#1004,#1003,#537,.T.);
#1266=EDGE_CURVE('',#1002,#1004,#538,.T.);
#1267=EDGE_CURVE('',#1002,#1005,#539,.T.);
#1268=EDGE_CURVE('',#1006,#1004,#540,.T.);
#1269=EDGE_CURVE('',#1005,#1006,#541,.T.);
#1270=EDGE_CURVE('',#1005,#1007,#542,.T.);
#1271=EDGE_CURVE('',#1008,#1006,#543,.T.);
#1272=EDGE_CURVE('',#1007,#1008,#544,.T.);
#1273=EDGE_CURVE('',#1007,#1001,#545,.T.);
#1274=EDGE_CURVE('',#1003,#1008,#546,.T.);
#1275=EDGE_CURVE('',#1009,#1010,#547,.T.);
#1276=EDGE_CURVE('',#1009,#1011,#548,.T.);
#1277=EDGE_CURVE('',#1012,#1011,#549,.T.);
#1278=EDGE_CURVE('',#1010,#1012,#550,.T.);
#1279=EDGE_CURVE('',#1010,#1013,#551,.T.);
#1280=EDGE_CURVE('',#1014,#1012,#552,.T.);
#1281=EDGE_CURVE('',#1013,#1014,#553,.T.);
#1282=EDGE_CURVE('',#1009,#1013,#554,.T.);
#1283=EDGE_CURVE('',#1011,#1014,#555,.T.);
#1284=EDGE_CURVE('',#1015,#1016,#556,.T.);
#1285=EDGE_CURVE('',#1016,#1017,#557,.T.);
#1286=EDGE_CURVE('',#1018,#1017,#558,.T.);
#1287=EDGE_CURVE('',#1015,#1018,#559,.T.);
#1288=EDGE_CURVE('',#1019,#1015,#560,.T.);
#1289=EDGE_CURVE('',#1020,#1018,#561,.T.);
#1290=EDGE_CURVE('',#1019,#1020,#562,.T.);
#1291=EDGE_CURVE('',#1021,#1019,#563,.T.);
#1292=EDGE_CURVE('',#1022,#1020,#564,.T.);
#1293=EDGE_CURVE('',#1021,#1022,#565,.T.);
#1294=EDGE_CURVE('',#1016,#1021,#566,.T.);
#1295=EDGE_CURVE('',#1017,#1022,#567,.T.);
#1296=ORIENTED_EDGE('',*,*,#1023,.F.);
#1297=ORIENTED_EDGE('',*,*,#1024,.T.);
#1298=ORIENTED_EDGE('',*,*,#1025,.T.);
#1299=ORIENTED_EDGE('',*,*,#1026,.F.);
#1300=ORIENTED_EDGE('',*,*,#1027,.F.);
#1301=ORIENTED_EDGE('',*,*,#1028,.T.);
#1302=ORIENTED_EDGE('',*,*,#1029,.T.);
#1303=ORIENTED_EDGE('',*,*,#1024,.F.);
#1304=ORIENTED_EDGE('',*,*,#1030,.F.);
#1305=ORIENTED_EDGE('',*,*,#1031,.T.);
#1306=ORIENTED_EDGE('',*,*,#1032,.T.);
#1307=ORIENTED_EDGE('',*,*,#1028,.F.);
#1308=ORIENTED_EDGE('',*,*,#1033,.F.);
#1309=ORIENTED_EDGE('',*,*,#1026,.T.);
#1310=ORIENTED_EDGE('',*,*,#1034,.T.);
#1311=ORIENTED_EDGE('',*,*,#1031,.F.);
#1312=ORIENTED_EDGE('',*,*,#1034,.F.);
#1313=ORIENTED_EDGE('',*,*,#1025,.F.);
#1314=ORIENTED_EDGE('',*,*,#1029,.F.);
#1315=ORIENTED_EDGE('',*,*,#1032,.F.);
#1316=ORIENTED_EDGE('',*,*,#1035,.F.);
#1317=ORIENTED_EDGE('',*,*,#1036,.T.);
#1318=ORIENTED_EDGE('',*,*,#1037,.T.);
#1319=ORIENTED_EDGE('',*,*,#1038,.F.);
#1320=ORIENTED_EDGE('',*,*,#1039,.F.);
#1321=ORIENTED_EDGE('',*,*,#1040,.T.);
#1322=ORIENTED_EDGE('',*,*,#1041,.T.);
#1323=ORIENTED_EDGE('',*,*,#1036,.F.);
#1324=ORIENTED_EDGE('',*,*,#1042,.F.);
#1325=ORIENTED_EDGE('',*,*,#1043,.T.);
#1326=ORIENTED_EDGE('',*,*,#1044,.T.);
#1327=ORIENTED_EDGE('',*,*,#1040,.F.);
#1328=ORIENTED_EDGE('',*,*,#1045,.F.);
#1329=ORIENTED_EDGE('',*,*,#1038,.T.);
#1330=ORIENTED_EDGE('',*,*,#1046,.T.);
#1331=ORIENTED_EDGE('',*,*,#1043,.F.);
#1332=ORIENTED_EDGE('',*,*,#1046,.F.);
#1333=ORIENTED_EDGE('',*,*,#1037,.F.);
#1334=ORIENTED_EDGE('',*,*,#1041,.F.);
#1335=ORIENTED_EDGE('',*,*,#1044,.F.);
#1336=ORIENTED_EDGE('',*,*,#1047,.F.);
#1337=ORIENTED_EDGE('',*,*,#1048,.T.);
#1338=ORIENTED_EDGE('',*,*,#1049,.T.);
#1339=ORIENTED_EDGE('',*,*,#1050,.F.);
#1340=ORIENTED_EDGE('',*,*,#1051,.F.);
#1341=ORIENTED_EDGE('',*,*,#1052,.T.);
#1342=ORIENTED_EDGE('',*,*,#1053,.T.);
#1343=ORIENTED_EDGE('',*,*,#1048,.F.);
#1344=ORIENTED_EDGE('',*,*,#1054,.F.);
#1345=ORIENTED_EDGE('',*,*,#1055,.T.);
#1346=ORIENTED_EDGE('',*,*,#1056,.T.);
#1347=ORIENTED_EDGE('',*,*,#1052,.F.);
#1348=ORIENTED_EDGE('',*,*,#1057,.F.);
#1349=ORIENTED_EDGE('',*,*,#1050,.T.);
#1350=ORIENTED_EDGE('',*,*,#1058,.T.);
#1351=ORIENTED_EDGE('',*,*,#1055,.F.);
#1352=ORIENTED_EDGE('',*,*,#1058,.F.);
#1353=ORIENTED_EDGE('',*,*,#1049,.F.);
#1354=ORIENTED_EDGE('',*,*,#1053,.F.);
#1355=ORIENTED_EDGE('',*,*,#1056,.F.);
#1356=ORIENTED_EDGE('',*,*,#1059,.F.);
#1357=ORIENTED_EDGE('',*,*,#1060,.T.);
#1358=ORIENTED_EDGE('',*,*,#1061,.T.);
#1359=ORIENTED_EDGE('',*,*,#1062,.F.);
#1360=ORIENTED_EDGE('',*,*,#1063,.F.);
#1361=ORIENTED_EDGE('',*,*,#1064,.T.);
#1362=ORIENTED_EDGE('',*,*,#1065,.T.);
#1363=ORIENTED_EDGE('',*,*,#1060,.F.);
#1364=ORIENTED_EDGE('',*,*,#1066,.F.);
#1365=ORIENTED_EDGE('',*,*,#1067,.T.);
#1366=ORIENTED_EDGE('',*,*,#1068,.T.);
#1367=ORIENTED_EDGE('',*,*,#1064,.F.);
#1368=ORIENTED_EDGE('',*,*,#1069,.F.);
#1369=ORIENTED_EDGE('',*,*,#1062,.T.);
#1370=ORIENTED_EDGE('',*,*,#1070,.T.);
#1371=ORIENTED_EDGE('',*,*,#1067,.F.);
#1372=ORIENTED_EDGE('',*,*,#1070,.F.);
#1373=ORIENTED_EDGE('',*,*,#1061,.F.);
#1374=ORIENTED_EDGE('',*,*,#1065,.F.);
#1375=ORIENTED_EDGE('',*,*,#1068,.F.);
#1376=ORIENTED_EDGE('',*,*,#1071,.F.);
#1377=ORIENTED_EDGE('',*,*,#1072,.T.);
#1378=ORIENTED_EDGE('',*,*,#1073,.T.);
#1379=ORIENTED_EDGE('',*,*,#1074,.F.);
#1380=ORIENTED_EDGE('',*,*,#1075,.F.);
#1381=ORIENTED_EDGE('',*,*,#1076,.T.);
#1382=ORIENTED_EDGE('',*,*,#1077,.T.);
#1383=ORIENTED_EDGE('',*,*,#1072,.F.);
#1384=ORIENTED_EDGE('',*,*,#1078,.F.);
#1385=ORIENTED_EDGE('',*,*,#1079,.T.);
#1386=ORIENTED_EDGE('',*,*,#1080,.T.);
#1387=ORIENTED_EDGE('',*,*,#1076,.F.);
#1388=ORIENTED_EDGE('',*,*,#1081,.F.);
#1389=ORIENTED_EDGE('',*,*,#1074,.T.);
#1390=ORIENTED_EDGE('',*,*,#1082,.T.);
#1391=ORIENTED_EDGE('',*,*,#1079,.F.);
#1392=ORIENTED_EDGE('',*,*,#1082,.F.);
#1393=ORIENTED_EDGE('',*,*,#1073,.F.);
#1394=ORIENTED_EDGE('',*,*,#1077,.F.);
#1395=ORIENTED_EDGE('',*,*,#1080,.F.);
#1396=ORIENTED_EDGE('',*,*,#1083,.F.);
#1397=ORIENTED_EDGE('',*,*,#1084,.T.);
#1398=ORIENTED_EDGE('',*,*,#1085,.T.);
#1399=ORIENTED_EDGE('',*,*,#1086,.F.);
#1400=ORIENTED_EDGE('',*,*,#1087,.F.);
#1401=ORIENTED_EDGE('',*,*,#1088,.T.);
#1402=ORIENTED_EDGE('',*,*,#1089,.T.);
#1403=ORIENTED_EDGE('',*,*,#1084,.F.);
#1404=ORIENTED_EDGE('',*,*,#1090,.F.);
#1405=ORIENTED_EDGE('',*,*,#1091,.T.);
#1406=ORIENTED_EDGE('',*,*,#1092,.T.);
#1407=ORIENTED_EDGE('',*,*,#1088,.F.);
#1408=ORIENTED_EDGE('',*,*,#1093,.F.);
#1409=ORIENTED_EDGE('',*,*,#1086,.T.);
#1410=ORIENTED_EDGE('',*,*,#1094,.T.);
#1411=ORIENTED_EDGE('',*,*,#1091,.F.);
#1412=ORIENTED_EDGE('',*,*,#1094,.F.);
#1413=ORIENTED_EDGE('',*,*,#1085,.F.);
#1414=ORIENTED_EDGE('',*,*,#1089,.F.);
#1415=ORIENTED_EDGE('',*,*,#1092,.F.);
#1416=ORIENTED_EDGE('',*,*,#1095,.F.);
#1417=ORIENTED_EDGE('',*,*,#1096,.T.);
#1418=ORIENTED_EDGE('',*,*,#1097,.T.);
#1419=ORIENTED_EDGE('',*,*,#1098,.F.);
#1420=ORIENTED_EDGE('',*,*,#1099,.F.);
#1421=ORIENTED_EDGE('',*,*,#1100,.T.);
#1422=ORIENTED_EDGE('',*,*,#1101,.T.);
#1423=ORIENTED_EDGE('',*,*,#1096,.F.);
#1424=ORIENTED_EDGE('',*,*,#1102,.F.);
#1425=ORIENTED_EDGE('',*,*,#1103,.T.);
#1426=ORIENTED_EDGE('',*,*,#1104,.T.);
#1427=ORIENTED_EDGE('',*,*,#1100,.F.);
#1428=ORIENTED_EDGE('',*,*,#1105,.F.);
#1429=ORIENTED_EDGE('',*,*,#1098,.T.);
#1430=ORIENTED_EDGE('',*,*,#1106,.T.);
#1431=ORIENTED_EDGE('',*,*,#1103,.F.);
#1432=ORIENTED_EDGE('',*,*,#1106,.F.);
#1433=ORIENTED_EDGE('',*,*,#1097,.F.);
#1434=ORIENTED_EDGE('',*,*,#1101,.F.);
#1435=ORIENTED_EDGE('',*,*,#1104,.F.);
#1436=ORIENTED_EDGE('',*,*,#1107,.F.);
#1437=ORIENTED_EDGE('',*,*,#1108,.T.);
#1438=ORIENTED_EDGE('',*,*,#1109,.T.);
#1439=ORIENTED_EDGE('',*,*,#1110,.F.);
#1440=ORIENTED_EDGE('',*,*,#1111,.F.);
#1441=ORIENTED_EDGE('',*,*,#1112,.T.);
#1442=ORIENTED_EDGE('',*,*,#1113,.T.);
#1443=ORIENTED_EDGE('',*,*,#1108,.F.);
#1444=ORIENTED_EDGE('',*,*,#1114,.F.);
#1445=ORIENTED_EDGE('',*,*,#1115,.T.);
#1446=ORIENTED_EDGE('',*,*,#1116,.T.);
#1447=ORIENTED_EDGE('',*,*,#1112,.F.);
#1448=ORIENTED_EDGE('',*,*,#1117,.F.);
#1449=ORIENTED_EDGE('',*,*,#1110,.T.);
#1450=ORIENTED_EDGE('',*,*,#1118,.T.);
#1451=ORIENTED_EDGE('',*,*,#1115,.F.);
#1452=ORIENTED_EDGE('',*,*,#1118,.F.);
#1453=ORIENTED_EDGE('',*,*,#1109,.F.);
#1454=ORIENTED_EDGE('',*,*,#1113,.F.);
#1455=ORIENTED_EDGE('',*,*,#1116,.F.);
#1456=ORIENTED_EDGE('',*,*,#1119,.F.);
#1457=ORIENTED_EDGE('',*,*,#1120,.T.);
#1458=ORIENTED_EDGE('',*,*,#1121,.F.);
#1459=ORIENTED_EDGE('',*,*,#1122,.F.);
#1460=ORIENTED_EDGE('',*,*,#1123,.F.);
#1461=ORIENTED_EDGE('',*,*,#1124,.T.);
#1462=ORIENTED_EDGE('',*,*,#1125,.F.);
#1463=ORIENTED_EDGE('',*,*,#1120,.F.);
#1464=ORIENTED_EDGE('',*,*,#1126,.F.);
#1465=ORIENTED_EDGE('',*,*,#1127,.T.);
#1466=ORIENTED_EDGE('',*,*,#1128,.F.);
#1467=ORIENTED_EDGE('',*,*,#1124,.F.);
#1468=ORIENTED_EDGE('',*,*,#1129,.F.);
#1469=ORIENTED_EDGE('',*,*,#1122,.T.);
#1470=ORIENTED_EDGE('',*,*,#1130,.F.);
#1471=ORIENTED_EDGE('',*,*,#1127,.F.);
#1472=ORIENTED_EDGE('',*,*,#1131,.F.);
#1473=ORIENTED_EDGE('',*,*,#1132,.T.);
#1474=ORIENTED_EDGE('',*,*,#1133,.T.);
#1475=ORIENTED_EDGE('',*,*,#1134,.F.);
#1476=ORIENTED_EDGE('',*,*,#1135,.F.);
#1477=ORIENTED_EDGE('',*,*,#1136,.T.);
#1478=ORIENTED_EDGE('',*,*,#1137,.T.);
#1479=ORIENTED_EDGE('',*,*,#1132,.F.);
#1480=ORIENTED_EDGE('',*,*,#1138,.F.);
#1481=ORIENTED_EDGE('',*,*,#1139,.T.);
#1482=ORIENTED_EDGE('',*,*,#1140,.T.);
#1483=ORIENTED_EDGE('',*,*,#1136,.F.);
#1484=ORIENTED_EDGE('',*,*,#1141,.F.);
#1485=ORIENTED_EDGE('',*,*,#1134,.T.);
#1486=ORIENTED_EDGE('',*,*,#1142,.T.);
#1487=ORIENTED_EDGE('',*,*,#1139,.F.);
#1488=ORIENTED_EDGE('',*,*,#1142,.F.);
#1489=ORIENTED_EDGE('',*,*,#1133,.F.);
#1490=ORIENTED_EDGE('',*,*,#1137,.F.);
#1491=ORIENTED_EDGE('',*,*,#1140,.F.);
#1492=ORIENTED_EDGE('',*,*,#1119,.T.);
#1493=ORIENTED_EDGE('',*,*,#1129,.T.);
#1494=ORIENTED_EDGE('',*,*,#1126,.T.);
#1495=ORIENTED_EDGE('',*,*,#1123,.T.);
#1496=ORIENTED_EDGE('',*,*,#1143,.T.);
#1497=ORIENTED_EDGE('',*,*,#1144,.T.);
#1498=ORIENTED_EDGE('',*,*,#1145,.F.);
#1499=ORIENTED_EDGE('',*,*,#1146,.F.);
#1500=ORIENTED_EDGE('',*,*,#1147,.T.);
#1501=ORIENTED_EDGE('',*,*,#1146,.T.);
#1502=ORIENTED_EDGE('',*,*,#1148,.F.);
#1503=ORIENTED_EDGE('',*,*,#1149,.F.);
#1504=ORIENTED_EDGE('',*,*,#1150,.T.);
#1505=ORIENTED_EDGE('',*,*,#1149,.T.);
#1506=ORIENTED_EDGE('',*,*,#1151,.F.);
#1507=ORIENTED_EDGE('',*,*,#1152,.F.);
#1508=ORIENTED_EDGE('',*,*,#1153,.T.);
#1509=ORIENTED_EDGE('',*,*,#1152,.T.);
#1510=ORIENTED_EDGE('',*,*,#1154,.F.);
#1511=ORIENTED_EDGE('',*,*,#1144,.F.);
#1512=ORIENTED_EDGE('',*,*,#1154,.T.);
#1513=ORIENTED_EDGE('',*,*,#1151,.T.);
#1514=ORIENTED_EDGE('',*,*,#1148,.T.);
#1515=ORIENTED_EDGE('',*,*,#1145,.T.);
#1516=ORIENTED_EDGE('',*,*,#1047,.T.);
#1517=ORIENTED_EDGE('',*,*,#1057,.T.);
#1518=ORIENTED_EDGE('',*,*,#1054,.T.);
#1519=ORIENTED_EDGE('',*,*,#1051,.T.);
#1520=ORIENTED_EDGE('',*,*,#1059,.T.);
#1521=ORIENTED_EDGE('',*,*,#1069,.T.);
#1522=ORIENTED_EDGE('',*,*,#1066,.T.);
#1523=ORIENTED_EDGE('',*,*,#1063,.T.);
#1524=ORIENTED_EDGE('',*,*,#1071,.T.);
#1525=ORIENTED_EDGE('',*,*,#1081,.T.);
#1526=ORIENTED_EDGE('',*,*,#1078,.T.);
#1527=ORIENTED_EDGE('',*,*,#1075,.T.);
#1528=ORIENTED_EDGE('',*,*,#1083,.T.);
#1529=ORIENTED_EDGE('',*,*,#1093,.T.);
#1530=ORIENTED_EDGE('',*,*,#1090,.T.);
#1531=ORIENTED_EDGE('',*,*,#1087,.T.);
#1532=ORIENTED_EDGE('',*,*,#1095,.T.);
#1533=ORIENTED_EDGE('',*,*,#1105,.T.);
#1534=ORIENTED_EDGE('',*,*,#1102,.T.);
#1535=ORIENTED_EDGE('',*,*,#1099,.T.);
#1536=ORIENTED_EDGE('',*,*,#1107,.T.);
#1537=ORIENTED_EDGE('',*,*,#1117,.T.);
#1538=ORIENTED_EDGE('',*,*,#1114,.T.);
#1539=ORIENTED_EDGE('',*,*,#1111,.T.);
#1540=ORIENTED_EDGE('',*,*,#1131,.T.);
#1541=ORIENTED_EDGE('',*,*,#1141,.T.);
#1542=ORIENTED_EDGE('',*,*,#1138,.T.);
#1543=ORIENTED_EDGE('',*,*,#1135,.T.);
#1544=ORIENTED_EDGE('',*,*,#1153,.F.);
#1545=ORIENTED_EDGE('',*,*,#1143,.F.);
#1546=ORIENTED_EDGE('',*,*,#1147,.F.);
#1547=ORIENTED_EDGE('',*,*,#1150,.F.);
#1548=ORIENTED_EDGE('',*,*,#1023,.T.);
#1549=ORIENTED_EDGE('',*,*,#1033,.T.);
#1550=ORIENTED_EDGE('',*,*,#1030,.T.);
#1551=ORIENTED_EDGE('',*,*,#1027,.T.);
#1552=ORIENTED_EDGE('',*,*,#1035,.T.);
#1553=ORIENTED_EDGE('',*,*,#1045,.T.);
#1554=ORIENTED_EDGE('',*,*,#1042,.T.);
#1555=ORIENTED_EDGE('',*,*,#1039,.T.);
#1556=ORIENTED_EDGE('',*,*,#1121,.T.);
#1557=ORIENTED_EDGE('',*,*,#1125,.T.);
#1558=ORIENTED_EDGE('',*,*,#1128,.T.);
#1559=ORIENTED_EDGE('',*,*,#1130,.T.);
#1560=ORIENTED_EDGE('',*,*,#1155,.F.);
#1561=ORIENTED_EDGE('',*,*,#1156,.F.);
#1562=ORIENTED_EDGE('',*,*,#1157,.F.);
#1563=ORIENTED_EDGE('',*,*,#1158,.T.);
#1564=ORIENTED_EDGE('',*,*,#1159,.F.);
#1565=ORIENTED_EDGE('',*,*,#1158,.F.);
#1566=ORIENTED_EDGE('',*,*,#1160,.F.);
#1567=ORIENTED_EDGE('',*,*,#1161,.T.);
#1568=ORIENTED_EDGE('',*,*,#1162,.F.);
#1569=ORIENTED_EDGE('',*,*,#1161,.F.);
#1570=ORIENTED_EDGE('',*,*,#1163,.F.);
#1571=ORIENTED_EDGE('',*,*,#1164,.T.);
#1572=ORIENTED_EDGE('',*,*,#1165,.F.);
#1573=ORIENTED_EDGE('',*,*,#1164,.F.);
#1574=ORIENTED_EDGE('',*,*,#1166,.F.);
#1575=ORIENTED_EDGE('',*,*,#1156,.T.);
#1576=ORIENTED_EDGE('',*,*,#1167,.F.);
#1577=ORIENTED_EDGE('',*,*,#1168,.F.);
#1578=ORIENTED_EDGE('',*,*,#1169,.F.);
#1579=ORIENTED_EDGE('',*,*,#1170,.T.);
#1580=ORIENTED_EDGE('',*,*,#1171,.F.);
#1581=ORIENTED_EDGE('',*,*,#1170,.F.);
#1582=ORIENTED_EDGE('',*,*,#1172,.F.);
#1583=ORIENTED_EDGE('',*,*,#1173,.T.);
#1584=ORIENTED_EDGE('',*,*,#1174,.F.);
#1585=ORIENTED_EDGE('',*,*,#1173,.F.);
#1586=ORIENTED_EDGE('',*,*,#1175,.F.);
#1587=ORIENTED_EDGE('',*,*,#1176,.T.);
#1588=ORIENTED_EDGE('',*,*,#1177,.F.);
#1589=ORIENTED_EDGE('',*,*,#1176,.F.);
#1590=ORIENTED_EDGE('',*,*,#1178,.F.);
#1591=ORIENTED_EDGE('',*,*,#1168,.T.);
#1592=ORIENTED_EDGE('',*,*,#1179,.F.);
#1593=ORIENTED_EDGE('',*,*,#1180,.F.);
#1594=ORIENTED_EDGE('',*,*,#1181,.F.);
#1595=ORIENTED_EDGE('',*,*,#1182,.T.);
#1596=ORIENTED_EDGE('',*,*,#1183,.F.);
#1597=ORIENTED_EDGE('',*,*,#1182,.F.);
#1598=ORIENTED_EDGE('',*,*,#1184,.F.);
#1599=ORIENTED_EDGE('',*,*,#1185,.T.);
#1600=ORIENTED_EDGE('',*,*,#1186,.F.);
#1601=ORIENTED_EDGE('',*,*,#1185,.F.);
#1602=ORIENTED_EDGE('',*,*,#1187,.F.);
#1603=ORIENTED_EDGE('',*,*,#1188,.T.);
#1604=ORIENTED_EDGE('',*,*,#1189,.F.);
#1605=ORIENTED_EDGE('',*,*,#1188,.F.);
#1606=ORIENTED_EDGE('',*,*,#1190,.F.);
#1607=ORIENTED_EDGE('',*,*,#1180,.T.);
#1608=ORIENTED_EDGE('',*,*,#1191,.F.);
#1609=ORIENTED_EDGE('',*,*,#1192,.F.);
#1610=ORIENTED_EDGE('',*,*,#1193,.F.);
#1611=ORIENTED_EDGE('',*,*,#1194,.T.);
#1612=ORIENTED_EDGE('',*,*,#1195,.F.);
#1613=ORIENTED_EDGE('',*,*,#1194,.F.);
#1614=ORIENTED_EDGE('',*,*,#1196,.F.);
#1615=ORIENTED_EDGE('',*,*,#1197,.T.);
#1616=ORIENTED_EDGE('',*,*,#1198,.F.);
#1617=ORIENTED_EDGE('',*,*,#1197,.F.);
#1618=ORIENTED_EDGE('',*,*,#1199,.F.);
#1619=ORIENTED_EDGE('',*,*,#1200,.T.);
#1620=ORIENTED_EDGE('',*,*,#1201,.F.);
#1621=ORIENTED_EDGE('',*,*,#1200,.F.);
#1622=ORIENTED_EDGE('',*,*,#1202,.F.);
#1623=ORIENTED_EDGE('',*,*,#1192,.T.);
#1624=ORIENTED_EDGE('',*,*,#1203,.F.);
#1625=ORIENTED_EDGE('',*,*,#1204,.F.);
#1626=ORIENTED_EDGE('',*,*,#1205,.F.);
#1627=ORIENTED_EDGE('',*,*,#1206,.T.);
#1628=ORIENTED_EDGE('',*,*,#1207,.F.);
#1629=ORIENTED_EDGE('',*,*,#1206,.F.);
#1630=ORIENTED_EDGE('',*,*,#1208,.F.);
#1631=ORIENTED_EDGE('',*,*,#1209,.T.);
#1632=ORIENTED_EDGE('',*,*,#1210,.F.);
#1633=ORIENTED_EDGE('',*,*,#1209,.F.);
#1634=ORIENTED_EDGE('',*,*,#1211,.F.);
#1635=ORIENTED_EDGE('',*,*,#1212,.T.);
#1636=ORIENTED_EDGE('',*,*,#1213,.F.);
#1637=ORIENTED_EDGE('',*,*,#1212,.F.);
#1638=ORIENTED_EDGE('',*,*,#1214,.F.);
#1639=ORIENTED_EDGE('',*,*,#1204,.T.);
#1640=ORIENTED_EDGE('',*,*,#1215,.F.);
#1641=ORIENTED_EDGE('',*,*,#1216,.F.);
#1642=ORIENTED_EDGE('',*,*,#1217,.F.);
#1643=ORIENTED_EDGE('',*,*,#1218,.T.);
#1644=ORIENTED_EDGE('',*,*,#1219,.F.);
#1645=ORIENTED_EDGE('',*,*,#1218,.F.);
#1646=ORIENTED_EDGE('',*,*,#1220,.F.);
#1647=ORIENTED_EDGE('',*,*,#1221,.T.);
#1648=ORIENTED_EDGE('',*,*,#1222,.F.);
#1649=ORIENTED_EDGE('',*,*,#1221,.F.);
#1650=ORIENTED_EDGE('',*,*,#1223,.F.);
#1651=ORIENTED_EDGE('',*,*,#1224,.T.);
#1652=ORIENTED_EDGE('',*,*,#1225,.F.);
#1653=ORIENTED_EDGE('',*,*,#1224,.F.);
#1654=ORIENTED_EDGE('',*,*,#1226,.F.);
#1655=ORIENTED_EDGE('',*,*,#1216,.T.);
#1656=ORIENTED_EDGE('',*,*,#1227,.F.);
#1657=ORIENTED_EDGE('',*,*,#1228,.F.);
#1658=ORIENTED_EDGE('',*,*,#1229,.F.);
#1659=ORIENTED_EDGE('',*,*,#1230,.T.);
#1660=ORIENTED_EDGE('',*,*,#1231,.F.);
#1661=ORIENTED_EDGE('',*,*,#1230,.F.);
#1662=ORIENTED_EDGE('',*,*,#1232,.F.);
#1663=ORIENTED_EDGE('',*,*,#1233,.T.);
#1664=ORIENTED_EDGE('',*,*,#1234,.F.);
#1665=ORIENTED_EDGE('',*,*,#1233,.F.);
#1666=ORIENTED_EDGE('',*,*,#1235,.F.);
#1667=ORIENTED_EDGE('',*,*,#1236,.T.);
#1668=ORIENTED_EDGE('',*,*,#1237,.F.);
#1669=ORIENTED_EDGE('',*,*,#1236,.F.);
#1670=ORIENTED_EDGE('',*,*,#1238,.F.);
#1671=ORIENTED_EDGE('',*,*,#1228,.T.);
#1672=ORIENTED_EDGE('',*,*,#1239,.F.);
#1673=ORIENTED_EDGE('',*,*,#1240,.F.);
#1674=ORIENTED_EDGE('',*,*,#1241,.F.);
#1675=ORIENTED_EDGE('',*,*,#1242,.F.);
#1676=ORIENTED_EDGE('',*,*,#1162,.T.);
#1677=ORIENTED_EDGE('',*,*,#1165,.T.);
#1678=ORIENTED_EDGE('',*,*,#1155,.T.);
#1679=ORIENTED_EDGE('',*,*,#1159,.T.);
#1680=ORIENTED_EDGE('',*,*,#1174,.T.);
#1681=ORIENTED_EDGE('',*,*,#1177,.T.);
#1682=ORIENTED_EDGE('',*,*,#1167,.T.);
#1683=ORIENTED_EDGE('',*,*,#1171,.T.);
#1684=ORIENTED_EDGE('',*,*,#1186,.T.);
#1685=ORIENTED_EDGE('',*,*,#1189,.T.);
#1686=ORIENTED_EDGE('',*,*,#1179,.T.);
#1687=ORIENTED_EDGE('',*,*,#1183,.T.);
#1688=ORIENTED_EDGE('',*,*,#1198,.T.);
#1689=ORIENTED_EDGE('',*,*,#1201,.T.);
#1690=ORIENTED_EDGE('',*,*,#1191,.T.);
#1691=ORIENTED_EDGE('',*,*,#1195,.T.);
#1692=ORIENTED_EDGE('',*,*,#1210,.T.);
#1693=ORIENTED_EDGE('',*,*,#1213,.T.);
#1694=ORIENTED_EDGE('',*,*,#1203,.T.);
#1695=ORIENTED_EDGE('',*,*,#1207,.T.);
#1696=ORIENTED_EDGE('',*,*,#1222,.T.);
#1697=ORIENTED_EDGE('',*,*,#1225,.T.);
#1698=ORIENTED_EDGE('',*,*,#1215,.T.);
#1699=ORIENTED_EDGE('',*,*,#1219,.T.);
#1700=ORIENTED_EDGE('',*,*,#1234,.T.);
#1701=ORIENTED_EDGE('',*,*,#1237,.T.);
#1702=ORIENTED_EDGE('',*,*,#1227,.T.);
#1703=ORIENTED_EDGE('',*,*,#1231,.T.);
#1704=ORIENTED_EDGE('',*,*,#1241,.T.);
#1705=ORIENTED_EDGE('',*,*,#1243,.T.);
#1706=ORIENTED_EDGE('',*,*,#1244,.F.);
#1707=ORIENTED_EDGE('',*,*,#1245,.F.);
#1708=ORIENTED_EDGE('',*,*,#1240,.T.);
#1709=ORIENTED_EDGE('',*,*,#1246,.T.);
#1710=ORIENTED_EDGE('',*,*,#1247,.F.);
#1711=ORIENTED_EDGE('',*,*,#1243,.F.);
#1712=ORIENTED_EDGE('',*,*,#1242,.T.);
#1713=ORIENTED_EDGE('',*,*,#1245,.T.);
#1714=ORIENTED_EDGE('',*,*,#1248,.F.);
#1715=ORIENTED_EDGE('',*,*,#1249,.F.);
#1716=ORIENTED_EDGE('',*,*,#1239,.T.);
#1717=ORIENTED_EDGE('',*,*,#1249,.T.);
#1718=ORIENTED_EDGE('',*,*,#1250,.F.);
#1719=ORIENTED_EDGE('',*,*,#1246,.F.);
#1720=ORIENTED_EDGE('',*,*,#1251,.T.);
#1721=ORIENTED_EDGE('',*,*,#1252,.T.);
#1722=ORIENTED_EDGE('',*,*,#1253,.F.);
#1723=ORIENTED_EDGE('',*,*,#1254,.F.);
#1724=ORIENTED_EDGE('',*,*,#1255,.T.);
#1725=ORIENTED_EDGE('',*,*,#1254,.T.);
#1726=ORIENTED_EDGE('',*,*,#1256,.F.);
#1727=ORIENTED_EDGE('',*,*,#1257,.F.);
#1728=ORIENTED_EDGE('',*,*,#1258,.T.);
#1729=ORIENTED_EDGE('',*,*,#1257,.T.);
#1730=ORIENTED_EDGE('',*,*,#1259,.F.);
#1731=ORIENTED_EDGE('',*,*,#1260,.F.);
#1732=ORIENTED_EDGE('',*,*,#1261,.T.);
#1733=ORIENTED_EDGE('',*,*,#1260,.T.);
#1734=ORIENTED_EDGE('',*,*,#1262,.F.);
#1735=ORIENTED_EDGE('',*,*,#1252,.F.);
#1736=ORIENTED_EDGE('',*,*,#1262,.T.);
#1737=ORIENTED_EDGE('',*,*,#1259,.T.);
#1738=ORIENTED_EDGE('',*,*,#1256,.T.);
#1739=ORIENTED_EDGE('',*,*,#1253,.T.);
#1740=ORIENTED_EDGE('',*,*,#1250,.T.);
#1741=ORIENTED_EDGE('',*,*,#1248,.T.);
#1742=ORIENTED_EDGE('',*,*,#1244,.T.);
#1743=ORIENTED_EDGE('',*,*,#1247,.T.);
#1744=ORIENTED_EDGE('',*,*,#1261,.F.);
#1745=ORIENTED_EDGE('',*,*,#1251,.F.);
#1746=ORIENTED_EDGE('',*,*,#1255,.F.);
#1747=ORIENTED_EDGE('',*,*,#1258,.F.);
#1748=ORIENTED_EDGE('',*,*,#1163,.T.);
#1749=ORIENTED_EDGE('',*,*,#1160,.T.);
#1750=ORIENTED_EDGE('',*,*,#1157,.T.);
#1751=ORIENTED_EDGE('',*,*,#1166,.T.);
#1752=ORIENTED_EDGE('',*,*,#1175,.T.);
#1753=ORIENTED_EDGE('',*,*,#1172,.T.);
#1754=ORIENTED_EDGE('',*,*,#1169,.T.);
#1755=ORIENTED_EDGE('',*,*,#1178,.T.);
#1756=ORIENTED_EDGE('',*,*,#1187,.T.);
#1757=ORIENTED_EDGE('',*,*,#1184,.T.);
#1758=ORIENTED_EDGE('',*,*,#1181,.T.);
#1759=ORIENTED_EDGE('',*,*,#1190,.T.);
#1760=ORIENTED_EDGE('',*,*,#1199,.T.);
#1761=ORIENTED_EDGE('',*,*,#1196,.T.);
#1762=ORIENTED_EDGE('',*,*,#1193,.T.);
#1763=ORIENTED_EDGE('',*,*,#1202,.T.);
#1764=ORIENTED_EDGE('',*,*,#1211,.T.);
#1765=ORIENTED_EDGE('',*,*,#1208,.T.);
#1766=ORIENTED_EDGE('',*,*,#1205,.T.);
#1767=ORIENTED_EDGE('',*,*,#1214,.T.);
#1768=ORIENTED_EDGE('',*,*,#1223,.T.);
#1769=ORIENTED_EDGE('',*,*,#1220,.T.);
#1770=ORIENTED_EDGE('',*,*,#1217,.T.);
#1771=ORIENTED_EDGE('',*,*,#1226,.T.);
#1772=ORIENTED_EDGE('',*,*,#1235,.T.);
#1773=ORIENTED_EDGE('',*,*,#1232,.T.);
#1774=ORIENTED_EDGE('',*,*,#1229,.T.);
#1775=ORIENTED_EDGE('',*,*,#1238,.T.);
#1776=ORIENTED_EDGE('',*,*,#1263,.F.);
#1777=ORIENTED_EDGE('',*,*,#1264,.T.);
#1778=ORIENTED_EDGE('',*,*,#1265,.F.);
#1779=ORIENTED_EDGE('',*,*,#1266,.F.);
#1780=ORIENTED_EDGE('',*,*,#1267,.F.);
#1781=ORIENTED_EDGE('',*,*,#1266,.T.);
#1782=ORIENTED_EDGE('',*,*,#1268,.F.);
#1783=ORIENTED_EDGE('',*,*,#1269,.F.);
#1784=ORIENTED_EDGE('',*,*,#1270,.F.);
#1785=ORIENTED_EDGE('',*,*,#1269,.T.);
#1786=ORIENTED_EDGE('',*,*,#1271,.F.);
#1787=ORIENTED_EDGE('',*,*,#1272,.F.);
#1788=ORIENTED_EDGE('',*,*,#1273,.F.);
#1789=ORIENTED_EDGE('',*,*,#1272,.T.);
#1790=ORIENTED_EDGE('',*,*,#1274,.F.);
#1791=ORIENTED_EDGE('',*,*,#1264,.F.);
#1792=ORIENTED_EDGE('',*,*,#1274,.T.);
#1793=ORIENTED_EDGE('',*,*,#1271,.T.);
#1794=ORIENTED_EDGE('',*,*,#1268,.T.);
#1795=ORIENTED_EDGE('',*,*,#1265,.T.);
#1796=ORIENTED_EDGE('',*,*,#1275,.F.);
#1797=ORIENTED_EDGE('',*,*,#1276,.T.);
#1798=ORIENTED_EDGE('',*,*,#1277,.F.);
#1799=ORIENTED_EDGE('',*,*,#1278,.F.);
#1800=ORIENTED_EDGE('',*,*,#1263,.T.);
#1801=ORIENTED_EDGE('',*,*,#1267,.T.);
#1802=ORIENTED_EDGE('',*,*,#1270,.T.);
#1803=ORIENTED_EDGE('',*,*,#1273,.T.);
#1804=ORIENTED_EDGE('',*,*,#1279,.F.);
#1805=ORIENTED_EDGE('',*,*,#1278,.T.);
#1806=ORIENTED_EDGE('',*,*,#1280,.F.);
#1807=ORIENTED_EDGE('',*,*,#1281,.F.);
#1808=ORIENTED_EDGE('',*,*,#1282,.T.);
#1809=ORIENTED_EDGE('',*,*,#1281,.T.);
#1810=ORIENTED_EDGE('',*,*,#1283,.F.);
#1811=ORIENTED_EDGE('',*,*,#1276,.F.);
#1812=ORIENTED_EDGE('',*,*,#1283,.T.);
#1813=ORIENTED_EDGE('',*,*,#1280,.T.);
#1814=ORIENTED_EDGE('',*,*,#1277,.T.);
#1815=ORIENTED_EDGE('',*,*,#1282,.F.);
#1816=ORIENTED_EDGE('',*,*,#1275,.T.);
#1817=ORIENTED_EDGE('',*,*,#1279,.T.);
#1818=ORIENTED_EDGE('',*,*,#1284,.T.);
#1819=ORIENTED_EDGE('',*,*,#1285,.T.);
#1820=ORIENTED_EDGE('',*,*,#1286,.F.);
#1821=ORIENTED_EDGE('',*,*,#1287,.F.);
#1822=ORIENTED_EDGE('',*,*,#1288,.T.);
#1823=ORIENTED_EDGE('',*,*,#1287,.T.);
#1824=ORIENTED_EDGE('',*,*,#1289,.F.);
#1825=ORIENTED_EDGE('',*,*,#1290,.F.);
#1826=ORIENTED_EDGE('',*,*,#1291,.T.);
#1827=ORIENTED_EDGE('',*,*,#1290,.T.);
#1828=ORIENTED_EDGE('',*,*,#1292,.F.);
#1829=ORIENTED_EDGE('',*,*,#1293,.F.);
#1830=ORIENTED_EDGE('',*,*,#1294,.T.);
#1831=ORIENTED_EDGE('',*,*,#1293,.T.);
#1832=ORIENTED_EDGE('',*,*,#1295,.F.);
#1833=ORIENTED_EDGE('',*,*,#1285,.F.);
#1834=ORIENTED_EDGE('',*,*,#1295,.T.);
#1835=ORIENTED_EDGE('',*,*,#1292,.T.);
#1836=ORIENTED_EDGE('',*,*,#1289,.T.);
#1837=ORIENTED_EDGE('',*,*,#1286,.T.);
#1838=ORIENTED_EDGE('',*,*,#1294,.F.);
#1839=ORIENTED_EDGE('',*,*,#1284,.F.);
#1840=ORIENTED_EDGE('',*,*,#1288,.F.);
#1841=ORIENTED_EDGE('',*,*,#1291,.F.);
#1842=PLANE('',#2079);
#1843=PLANE('',#2080);
#1844=PLANE('',#2081);
#1845=PLANE('',#2082);
#1846=PLANE('',#2083);
#1847=PLANE('',#2084);
#1848=PLANE('',#2085);
#1849=PLANE('',#2086);
#1850=PLANE('',#2087);
#1851=PLANE('',#2088);
#1852=PLANE('',#2089);
#1853=PLANE('',#2090);
#1854=PLANE('',#2091);
#1855=PLANE('',#2092);
#1856=PLANE('',#2093);
#1857=PLANE('',#2094);
#1858=PLANE('',#2095);
#1859=PLANE('',#2096);
#1860=PLANE('',#2097);
#1861=PLANE('',#2098);
#1862=PLANE('',#2099);
#1863=PLANE('',#2100);
#1864=PLANE('',#2101);
#1865=PLANE('',#2102);
#1866=PLANE('',#2103);
#1867=PLANE('',#2104);
#1868=PLANE('',#2105);
#1869=PLANE('',#2106);
#1870=PLANE('',#2107);
#1871=PLANE('',#2108);
#1872=PLANE('',#2109);
#1873=PLANE('',#2110);
#1874=PLANE('',#2111);
#1875=PLANE('',#2112);
#1876=PLANE('',#2113);
#1877=PLANE('',#2114);
#1878=PLANE('',#2115);
#1879=PLANE('',#2116);
#1880=PLANE('',#2117);
#1881=PLANE('',#2118);
#1882=PLANE('',#2119);
#1883=PLANE('',#2120);
#1884=PLANE('',#2121);
#1885=PLANE('',#2122);
#1886=PLANE('',#2123);
#1887=PLANE('',#2124);
#1888=PLANE('',#2125);
#1889=PLANE('',#2126);
#1890=PLANE('',#2127);
#1891=PLANE('',#2128);
#1892=PLANE('',#2129);
#1893=PLANE('',#2130);
#1894=PLANE('',#2131);
#1895=PLANE('',#2132);
#1896=PLANE('',#2133);
#1897=PLANE('',#2134);
#1898=PLANE('',#2135);
#1899=PLANE('',#2136);
#1900=PLANE('',#2137);
#1901=PLANE('',#2138);
#1902=PLANE('',#2139);
#1903=PLANE('',#2140);
#1904=PLANE('',#2141);
#1905=PLANE('',#2142);
#1906=PLANE('',#2143);
#1907=PLANE('',#2144);
#1908=PLANE('',#2145);
#1909=PLANE('',#2146);
#1910=PLANE('',#2147);
#1911=PLANE('',#2148);
#1912=PLANE('',#2149);
#1913=PLANE('',#2150);
#1914=PLANE('',#2151);
#1915=PLANE('',#2152);
#1916=PLANE('',#2153);
#1917=PLANE('',#2154);
#1918=PLANE('',#2155);
#1919=PLANE('',#2156);
#1920=PLANE('',#2157);
#1921=PLANE('',#2158);
#1922=PLANE('',#2159);
#1923=PLANE('',#2160);
#1924=PLANE('',#2161);
#1925=PLANE('',#2162);
#1926=PLANE('',#2163);
#1927=PLANE('',#2164);
#1928=PLANE('',#2165);
#1929=PLANE('',#2166);
#1930=PLANE('',#2167);
#1931=PLANE('',#2168);
#1932=PLANE('',#2169);
#1933=PLANE('',#2170);
#1934=PLANE('',#2171);
#1935=PLANE('',#2172);
#1936=PLANE('',#2173);
#1937=PLANE('',#2174);
#1938=PLANE('',#2175);
#1939=PLANE('',#2176);
#1940=PLANE('',#2177);
#1941=PLANE('',#2178);
#1942=PLANE('',#2179);
#1943=PLANE('',#2180);
#1944=PLANE('',#2181);
#1945=PLANE('',#2182);
#1946=PLANE('',#2183);
#1947=PLANE('',#2184);
#1948=PLANE('',#2185);
#1949=PLANE('',#2186);
#1950=PLANE('',#2187);
#1951=PLANE('',#2188);
#1952=ADVANCED_FACE('',(#48),#1842,.F.);
#1953=ADVANCED_FACE('',(#49),#1843,.F.);
#1954=ADVANCED_FACE('',(#50),#1844,.F.);
#1955=ADVANCED_FACE('',(#51),#1845,.F.);
#1956=ADVANCED_FACE('',(#52),#1846,.F.);
#1957=ADVANCED_FACE('',(#53),#1847,.F.);
#1958=ADVANCED_FACE('',(#54),#1848,.F.);
#1959=ADVANCED_FACE('',(#55),#1849,.F.);
#1960=ADVANCED_FACE('',(#56),#1850,.F.);
#1961=ADVANCED_FACE('',(#57),#1851,.F.);
#1962=ADVANCED_FACE('',(#58),#1852,.F.);
#1963=ADVANCED_FACE('',(#59),#1853,.F.);
#1964=ADVANCED_FACE('',(#60),#1854,.F.);
#1965=ADVANCED_FACE('',(#61),#1855,.F.);
#1966=ADVANCED_FACE('',(#62),#1856,.F.);
#1967=ADVANCED_FACE('',(#63),#1857,.F.);
#1968=ADVANCED_FACE('',(#64),#1858,.F.);
#1969=ADVANCED_FACE('',(#65),#1859,.F.);
#1970=ADVANCED_FACE('',(#66),#1860,.F.);
#1971=ADVANCED_FACE('',(#67),#1861,.F.);
#1972=ADVANCED_FACE('',(#68),#1862,.F.);
#1973=ADVANCED_FACE('',(#69),#1863,.F.);
#1974=ADVANCED_FACE('',(#70),#1864,.F.);
#1975=ADVANCED_FACE('',(#71),#1865,.F.);
#1976=ADVANCED_FACE('',(#72),#1866,.F.);
#1977=ADVANCED_FACE('',(#73),#1867,.F.);
#1978=ADVANCED_FACE('',(#74),#1868,.F.);
#1979=ADVANCED_FACE('',(#75),#1869,.F.);
#1980=ADVANCED_FACE('',(#76),#1870,.F.);
#1981=ADVANCED_FACE('',(#77),#1871,.F.);
#1982=ADVANCED_FACE('',(#78),#1872,.F.);
#1983=ADVANCED_FACE('',(#79),#1873,.F.);
#1984=ADVANCED_FACE('',(#80),#1874,.F.);
#1985=ADVANCED_FACE('',(#81),#1875,.F.);
#1986=ADVANCED_FACE('',(#82),#1876,.F.);
#1987=ADVANCED_FACE('',(#83),#1877,.F.);
#1988=ADVANCED_FACE('',(#84),#1878,.F.);
#1989=ADVANCED_FACE('',(#85),#1879,.F.);
#1990=ADVANCED_FACE('',(#86),#1880,.F.);
#1991=ADVANCED_FACE('',(#87),#1881,.F.);
#1992=ADVANCED_FACE('',(#88),#1882,.F.);
#1993=ADVANCED_FACE('',(#89),#1883,.F.);
#1994=ADVANCED_FACE('',(#90),#1884,.F.);
#1995=ADVANCED_FACE('',(#91),#1885,.F.);
#1996=ADVANCED_FACE('',(#92),#1886,.F.);
#1997=ADVANCED_FACE('',(#93),#1887,.F.);
#1998=ADVANCED_FACE('',(#94),#1888,.F.);
#1999=ADVANCED_FACE('',(#95),#1889,.F.);
#2000=ADVANCED_FACE('',(#96,#21),#1890,.F.);
#2001=ADVANCED_FACE('',(#97),#1891,.T.);
#2002=ADVANCED_FACE('',(#98),#1892,.T.);
#2003=ADVANCED_FACE('',(#99),#1893,.T.);
#2004=ADVANCED_FACE('',(#100),#1894,.T.);
#2005=ADVANCED_FACE('',(#101,#22,#23,#24,#25,#26,#27,#28),#1895,.T.);
#2006=ADVANCED_FACE('',(#102,#29,#30,#31),#1896,.F.);
#2007=ADVANCED_FACE('',(#103),#1897,.F.);
#2008=ADVANCED_FACE('',(#104),#1898,.F.);
#2009=ADVANCED_FACE('',(#105),#1899,.F.);
#2010=ADVANCED_FACE('',(#106),#1900,.F.);
#2011=ADVANCED_FACE('',(#107),#1901,.F.);
#2012=ADVANCED_FACE('',(#108),#1902,.F.);
#2013=ADVANCED_FACE('',(#109),#1903,.F.);
#2014=ADVANCED_FACE('',(#110),#1904,.F.);
#2015=ADVANCED_FACE('',(#111),#1905,.F.);
#2016=ADVANCED_FACE('',(#112),#1906,.F.);
#2017=ADVANCED_FACE('',(#113),#1907,.F.);
#2018=ADVANCED_FACE('',(#114),#1908,.F.);
#2019=ADVANCED_FACE('',(#115),#1909,.F.);
#2020=ADVANCED_FACE('',(#116),#1910,.F.);
#2021=ADVANCED_FACE('',(#117),#1911,.F.);
#2022=ADVANCED_FACE('',(#118),#1912,.F.);
#2023=ADVANCED_FACE('',(#119),#1913,.F.);
#2024=ADVANCED_FACE('',(#120),#1914,.F.);
#2025=ADVANCED_FACE('',(#121),#1915,.F.);
#2026=ADVANCED_FACE('',(#122),#1916,.F.);
#2027=ADVANCED_FACE('',(#123),#1917,.F.);
#2028=ADVANCED_FACE('',(#124),#1918,.F.);
#2029=ADVANCED_FACE('',(#125),#1919,.F.);
#2030=ADVANCED_FACE('',(#126),#1920,.F.);
#2031=ADVANCED_FACE('',(#127),#1921,.F.);
#2032=ADVANCED_FACE('',(#128),#1922,.F.);
#2033=ADVANCED_FACE('',(#129),#1923,.F.);
#2034=ADVANCED_FACE('',(#130),#1924,.F.);
#2035=ADVANCED_FACE('',(#131,#32,#33,#34,#35,#36,#37,#38),#1925,.T.);
#2036=ADVANCED_FACE('',(#132),#1926,.T.);
#2037=ADVANCED_FACE('',(#133),#1927,.T.);
#2038=ADVANCED_FACE('',(#134),#1928,.T.);
#2039=ADVANCED_FACE('',(#135),#1929,.T.);
#2040=ADVANCED_FACE('',(#136),#1930,.T.);
#2041=ADVANCED_FACE('',(#137),#1931,.T.);
#2042=ADVANCED_FACE('',(#138),#1932,.T.);
#2043=ADVANCED_FACE('',(#139),#1933,.T.);
#2044=ADVANCED_FACE('',(#140,#39),#1934,.T.);
#2045=ADVANCED_FACE('',(#141,#40,#41,#42,#43,#44,#45,#46),#1935,.F.);
#2046=ADVANCED_FACE('',(#142),#1936,.T.);
#2047=ADVANCED_FACE('',(#143),#1937,.T.);
#2048=ADVANCED_FACE('',(#144),#1938,.T.);
#2049=ADVANCED_FACE('',(#145),#1939,.T.);
#2050=ADVANCED_FACE('',(#146),#1940,.T.);
#2051=ADVANCED_FACE('',(#147,#47),#1941,.T.);
#2052=ADVANCED_FACE('',(#148),#1942,.T.);
#2053=ADVANCED_FACE('',(#149),#1943,.T.);
#2054=ADVANCED_FACE('',(#150),#1944,.T.);
#2055=ADVANCED_FACE('',(#151),#1945,.F.);
#2056=ADVANCED_FACE('',(#152),#1946,.T.);
#2057=ADVANCED_FACE('',(#153),#1947,.T.);
#2058=ADVANCED_FACE('',(#154),#1948,.T.);
#2059=ADVANCED_FACE('',(#155),#1949,.T.);
#2060=ADVANCED_FACE('',(#156),#1950,.T.);
#2061=ADVANCED_FACE('',(#157),#1951,.F.);
#2062=CLOSED_SHELL('',(#1952,#1953,#1954,#1955,#1956,#1957,#1958,#1959,
#1960,#1961,#1962,#1963,#1964,#1965,#1966,#1967,#1968,#1969,#1970,#1971,
#1972,#1973,#1974,#1975,#1976,#1977,#1978,#1979,#1980,#1981,#1982,#1983,
#1984,#1985,#1986,#1987,#1988,#1989,#1990,#1991,#1992,#1993,#1994,#1995,
#1996,#1997,#1998,#1999,#2000,#2001,#2002,#2003,#2004,#2005,#2006));
#2063=CLOSED_SHELL('',(#2007,#2008,#2009,#2010,#2011,#2012,#2013,#2014,
#2015,#2016,#2017,#2018,#2019,#2020,#2021,#2022,#2023,#2024,#2025,#2026,
#2027,#2028,#2029,#2030,#2031,#2032,#2033,#2034,#2035,#2036,#2037,#2038,
#2039,#2040,#2041,#2042,#2043,#2044,#2045));
#2064=CLOSED_SHELL('',(#2046,#2047,#2048,#2049,#2050,#2051,#2052,#2053,
#2054,#2055));
#2065=CLOSED_SHELL('',(#2056,#2057,#2058,#2059,#2060,#2061));
#2066=DERIVED_UNIT_ELEMENT(#2068,1.);
#2067=DERIVED_UNIT_ELEMENT(#3255,-3.);
#2068=(
MASS_UNIT()
NAMED_UNIT(*)
SI_UNIT(.KILO.,.GRAM.)
);
#2069=DERIVED_UNIT((#2066,#2067));
#2070=MEASURE_REPRESENTATION_ITEM('density measure',
POSITIVE_RATIO_MEASURE(7850.),#2069);
#2071=PROPERTY_DEFINITION_REPRESENTATION(#2076,#2073);
#2072=PROPERTY_DEFINITION_REPRESENTATION(#2077,#2074);
#2073=REPRESENTATION('material name',(#2075),#3252);
#2074=REPRESENTATION('density',(#2070),#3252);
#2075=DESCRIPTIVE_REPRESENTATION_ITEM('Steel','Steel');
#2076=PROPERTY_DEFINITION('material property','material name',#3262);
#2077=PROPERTY_DEFINITION('material property','density of part',#3262);
#2078=AXIS2_PLACEMENT_3D('',#2684,#2189,#2190);
#2079=AXIS2_PLACEMENT_3D('',#2685,#2191,#2192);
#2080=AXIS2_PLACEMENT_3D('',#2694,#2197,#2198);
#2081=AXIS2_PLACEMENT_3D('',#2700,#2202,#2203);
#2082=AXIS2_PLACEMENT_3D('',#2706,#2207,#2208);
#2083=AXIS2_PLACEMENT_3D('',#2709,#2211,#2212);
#2084=AXIS2_PLACEMENT_3D('',#2710,#2213,#2214);
#2085=AXIS2_PLACEMENT_3D('',#2719,#2219,#2220);
#2086=AXIS2_PLACEMENT_3D('',#2725,#2224,#2225);
#2087=AXIS2_PLACEMENT_3D('',#2731,#2229,#2230);
#2088=AXIS2_PLACEMENT_3D('',#2734,#2233,#2234);
#2089=AXIS2_PLACEMENT_3D('',#2735,#2235,#2236);
#2090=AXIS2_PLACEMENT_3D('',#2744,#2241,#2242);
#2091=AXIS2_PLACEMENT_3D('',#2750,#2246,#2247);
#2092=AXIS2_PLACEMENT_3D('',#2756,#2251,#2252);
#2093=AXIS2_PLACEMENT_3D('',#2759,#2255,#2256);
#2094=AXIS2_PLACEMENT_3D('',#2760,#2257,#2258);
#2095=AXIS2_PLACEMENT_3D('',#2769,#2263,#2264);
#2096=AXIS2_PLACEMENT_3D('',#2775,#2268,#2269);
#2097=AXIS2_PLACEMENT_3D('',#2781,#2273,#2274);
#2098=AXIS2_PLACEMENT_3D('',#2784,#2277,#2278);
#2099=AXIS2_PLACEMENT_3D('',#2785,#2279,#2280);
#2100=AXIS2_PLACEMENT_3D('',#2794,#2285,#2286);
#2101=AXIS2_PLACEMENT_3D('',#2800,#2290,#2291);
#2102=AXIS2_PLACEMENT_3D('',#2806,#2295,#2296);
#2103=AXIS2_PLACEMENT_3D('',#2809,#2299,#2300);
#2104=AXIS2_PLACEMENT_3D('',#2810,#2301,#2302);
#2105=AXIS2_PLACEMENT_3D('',#2819,#2307,#2308);
#2106=AXIS2_PLACEMENT_3D('',#2825,#2312,#2313);
#2107=AXIS2_PLACEMENT_3D('',#2831,#2317,#2318);
#2108=AXIS2_PLACEMENT_3D('',#2834,#2321,#2322);
#2109=AXIS2_PLACEMENT_3D('',#2835,#2323,#2324);
#2110=AXIS2_PLACEMENT_3D('',#2844,#2329,#2330);
#2111=AXIS2_PLACEMENT_3D('',#2850,#2334,#2335);
#2112=AXIS2_PLACEMENT_3D('',#2856,#2339,#2340);
#2113=AXIS2_PLACEMENT_3D('',#2859,#2343,#2344);
#2114=AXIS2_PLACEMENT_3D('',#2860,#2345,#2346);
#2115=AXIS2_PLACEMENT_3D('',#2869,#2351,#2352);
#2116=AXIS2_PLACEMENT_3D('',#2875,#2356,#2357);
#2117=AXIS2_PLACEMENT_3D('',#2881,#2361,#2362);
#2118=AXIS2_PLACEMENT_3D('',#2884,#2365,#2366);
#2119=AXIS2_PLACEMENT_3D('',#2885,#2367,#2368);
#2120=AXIS2_PLACEMENT_3D('',#2894,#2373,#2374);
#2121=AXIS2_PLACEMENT_3D('',#2900,#2378,#2379);
#2122=AXIS2_PLACEMENT_3D('',#2906,#2383,#2384);
#2123=AXIS2_PLACEMENT_3D('',#2909,#2387,#2388);
#2124=AXIS2_PLACEMENT_3D('',#2918,#2393,#2394);
#2125=AXIS2_PLACEMENT_3D('',#2924,#2398,#2399);
#2126=AXIS2_PLACEMENT_3D('',#2930,#2403,#2404);
#2127=AXIS2_PLACEMENT_3D('',#2933,#2407,#2408);
#2128=AXIS2_PLACEMENT_3D('',#2934,#2409,#2410);
#2129=AXIS2_PLACEMENT_3D('',#2943,#2415,#2416);
#2130=AXIS2_PLACEMENT_3D('',#2949,#2420,#2421);
#2131=AXIS2_PLACEMENT_3D('',#2955,#2425,#2426);
#2132=AXIS2_PLACEMENT_3D('',#2958,#2429,#2430);
#2133=AXIS2_PLACEMENT_3D('',#2959,#2431,#2432);
#2134=AXIS2_PLACEMENT_3D('',#2960,#2433,#2434);
#2135=AXIS2_PLACEMENT_3D('',#2969,#2439,#2440);
#2136=AXIS2_PLACEMENT_3D('',#2975,#2444,#2445);
#2137=AXIS2_PLACEMENT_3D('',#2981,#2449,#2450);
#2138=AXIS2_PLACEMENT_3D('',#2984,#2453,#2454);
#2139=AXIS2_PLACEMENT_3D('',#2993,#2459,#2460);
#2140=AXIS2_PLACEMENT_3D('',#2999,#2464,#2465);
#2141=AXIS2_PLACEMENT_3D('',#3005,#2469,#2470);
#2142=AXIS2_PLACEMENT_3D('',#3008,#2473,#2474);
#2143=AXIS2_PLACEMENT_3D('',#3017,#2479,#2480);
#2144=AXIS2_PLACEMENT_3D('',#3023,#2484,#2485);
#2145=AXIS2_PLACEMENT_3D('',#3029,#2489,#2490);
#2146=AXIS2_PLACEMENT_3D('',#3032,#2493,#2494);
#2147=AXIS2_PLACEMENT_3D('',#3041,#2499,#2500);
#2148=AXIS2_PLACEMENT_3D('',#3047,#2504,#2505);
#2149=AXIS2_PLACEMENT_3D('',#3053,#2509,#2510);
#2150=AXIS2_PLACEMENT_3D('',#3056,#2513,#2514);
#2151=AXIS2_PLACEMENT_3D('',#3065,#2519,#2520);
#2152=AXIS2_PLACEMENT_3D('',#3071,#2524,#2525);
#2153=AXIS2_PLACEMENT_3D('',#3077,#2529,#2530);
#2154=AXIS2_PLACEMENT_3D('',#3080,#2533,#2534);
#2155=AXIS2_PLACEMENT_3D('',#3089,#2539,#2540);
#2156=AXIS2_PLACEMENT_3D('',#3095,#2544,#2545);
#2157=AXIS2_PLACEMENT_3D('',#3101,#2549,#2550);
#2158=AXIS2_PLACEMENT_3D('',#3104,#2553,#2554);
#2159=AXIS2_PLACEMENT_3D('',#3113,#2559,#2560);
#2160=AXIS2_PLACEMENT_3D('',#3119,#2564,#2565);
#2161=AXIS2_PLACEMENT_3D('',#3125,#2569,#2570);
#2162=AXIS2_PLACEMENT_3D('',#3128,#2573,#2574);
#2163=AXIS2_PLACEMENT_3D('',#3137,#2579,#2580);
#2164=AXIS2_PLACEMENT_3D('',#3143,#2584,#2585);
#2165=AXIS2_PLACEMENT_3D('',#3147,#2588,#2589);
#2166=AXIS2_PLACEMENT_3D('',#3151,#2592,#2593);
#2167=AXIS2_PLACEMENT_3D('',#3153,#2595,#2596);
#2168=AXIS2_PLACEMENT_3D('',#3162,#2601,#2602);
#2169=AXIS2_PLACEMENT_3D('',#3168,#2606,#2607);
#2170=AXIS2_PLACEMENT_3D('',#3174,#2611,#2612);
#2171=AXIS2_PLACEMENT_3D('',#3177,#2615,#2616);
#2172=AXIS2_PLACEMENT_3D('',#3178,#2617,#2618);
#2173=AXIS2_PLACEMENT_3D('',#3179,#2619,#2620);
#2174=AXIS2_PLACEMENT_3D('',#3188,#2625,#2626);
#2175=AXIS2_PLACEMENT_3D('',#3194,#2630,#2631);
#2176=AXIS2_PLACEMENT_3D('',#3200,#2635,#2636);
#2177=AXIS2_PLACEMENT_3D('',#3203,#2639,#2640);
#2178=AXIS2_PLACEMENT_3D('',#3204,#2641,#2642);
#2179=AXIS2_PLACEMENT_3D('',#3213,#2647,#2648);
#2180=AXIS2_PLACEMENT_3D('',#3219,#2652,#2653);
#2181=AXIS2_PLACEMENT_3D('',#3222,#2656,#2657);
#2182=AXIS2_PLACEMENT_3D('',#3223,#2658,#2659);
#2183=AXIS2_PLACEMENT_3D('',#3224,#2660,#2661);
#2184=AXIS2_PLACEMENT_3D('',#3233,#2666,#2667);
#2185=AXIS2_PLACEMENT_3D('',#3239,#2671,#2672);
#2186=AXIS2_PLACEMENT_3D('',#3245,#2676,#2677);
#2187=AXIS2_PLACEMENT_3D('',#3248,#2680,#2681);
#2188=AXIS2_PLACEMENT_3D('',#3249,#2682,#2683);
#2189=DIRECTION('axis',(0.,0.,1.));
#2190=DIRECTION('refdir',(1.,0.,0.));
#2191=DIRECTION('center_axis',(0.,0.,-1.));
#2192=DIRECTION('ref_axis',(1.,0.,0.));
#2193=DIRECTION('',(1.,-2.44929359829471E-16,0.));
#2194=DIRECTION('',(0.,-1.,0.));
#2195=DIRECTION('',(1.,0.,0.));
#2196=DIRECTION('',(0.,-1.,0.));
#2197=DIRECTION('center_axis',(-1.,0.,0.));
#2198=DIRECTION('ref_axis',(0.,0.,-1.));
#2199=DIRECTION('',(0.,1.22464679914735E-16,-1.));
#2200=DIRECTION('',(0.,-1.,0.));
#2201=DIRECTION('',(0.,0.,-1.));
#2202=DIRECTION('center_axis',(0.,0.,1.));
#2203=DIRECTION('ref_axis',(-1.,0.,0.));
#2204=DIRECTION('',(-1.,2.44929359829471E-16,0.));
#2205=DIRECTION('',(0.,-1.,0.));
#2206=DIRECTION('',(-1.,0.,0.));
#2207=DIRECTION('center_axis',(1.,0.,8.70763156568751E-16));
#2208=DIRECTION('ref_axis',(-8.70763156568751E-16,0.,1.));
#2209=DIRECTION('',(-8.70763156568751E-16,-1.22464679914735E-16,1.));
#2210=DIRECTION('',(-8.70763156568751E-16,0.,1.));
#2211=DIRECTION('center_axis',(0.,-1.,0.));
#2212=DIRECTION('ref_axis',(0.,0.,-1.));
#2213=DIRECTION('center_axis',(0.,0.,1.));
#2214=DIRECTION('ref_axis',(-1.,0.,0.));
#2215=DIRECTION('',(-1.,2.44929359829471E-16,0.));
#2216=DIRECTION('',(0.,-1.,0.));
#2217=DIRECTION('',(-1.,0.,0.));
#2218=DIRECTION('',(0.,-1.,0.));
#2219=DIRECTION('center_axis',(1.,0.,0.));
#2220=DIRECTION('ref_axis',(0.,0.,1.));
#2221=DIRECTION('',(0.,-1.22464679914735E-16,1.));
#2222=DIRECTION('',(0.,-1.,0.));
#2223=DIRECTION('',(0.,0.,1.));
#2224=DIRECTION('center_axis',(0.,0.,-1.));
#2225=DIRECTION('ref_axis',(1.,0.,0.));
#2226=DIRECTION('',(1.,-2.44929359829471E-16,0.));
#2227=DIRECTION('',(0.,-1.,0.));
#2228=DIRECTION('',(1.,0.,0.));
#2229=DIRECTION('center_axis',(-1.,0.,8.70763156568751E-16));
#2230=DIRECTION('ref_axis',(-8.70763156568751E-16,0.,-1.));
#2231=DIRECTION('',(-8.70763156568751E-16,1.22464679914736E-16,-1.));
#2232=DIRECTION('',(-8.70763156568751E-16,0.,-1.));
#2233=DIRECTION('center_axis',(0.,-1.,0.));
#2234=DIRECTION('ref_axis',(0.,0.,-1.));
#2235=DIRECTION('center_axis',(1.,-1.22464679914734E-16,-7.187413057881E-15));
#2236=DIRECTION('ref_axis',(-7.187413057881E-15,1.77635683940026E-16,-1.));
#2237=DIRECTION('',(-7.187413057881E-15,1.22464679914737E-16,-1.));
#2238=DIRECTION('',(1.22464679914735E-16,1.,1.77635683940025E-16));
#2239=DIRECTION('',(-7.187413057881E-15,1.77635683940026E-16,-1.));
#2240=DIRECTION('',(1.22464679914735E-16,1.,1.77635683940025E-16));
#2241=DIRECTION('center_axis',(3.5527136788005E-16,-1.77635683940025E-16,
1.));
#2242=DIRECTION('ref_axis',(1.,-1.22464679914735E-16,-3.5527136788005E-16));
#2243=DIRECTION('',(1.,-2.44929359829471E-16,-3.5527136788005E-16));
#2244=DIRECTION('',(1.22464679914735E-16,1.,1.77635683940025E-16));
#2245=DIRECTION('',(1.,-1.22464679914735E-16,-3.5527136788005E-16));
#2246=DIRECTION('center_axis',(-1.,1.22464679914735E-16,3.5527136788005E-16));
#2247=DIRECTION('ref_axis',(3.5527136788005E-16,-1.77635683940026E-16,1.));
#2248=DIRECTION('',(3.5527136788005E-16,-1.22464679914735E-16,1.));
#2249=DIRECTION('',(1.22464679914735E-16,1.,1.77635683940025E-16));
#2250=DIRECTION('',(3.5527136788005E-16,-1.77635683940026E-16,1.));
#2251=DIRECTION('center_axis',(-3.77134221288056E-15,1.77635683940026E-16,
-1.));
#2252=DIRECTION('ref_axis',(-1.,1.22464679914735E-16,3.77134221288056E-15));
#2253=DIRECTION('',(-1.,2.4492935982947E-16,3.77134221288056E-15));
#2254=DIRECTION('',(-1.,1.22464679914735E-16,3.77134221288056E-15));
#2255=DIRECTION('center_axis',(1.22464679914735E-16,1.,1.77635683940025E-16));
#2256=DIRECTION('ref_axis',(-3.5527136788005E-16,1.77635683940025E-16,-1.));
#2257=DIRECTION('center_axis',(1.,-1.22464679914737E-16,6.47687032212089E-15));
#2258=DIRECTION('ref_axis',(6.47687032212089E-15,1.77635683940024E-16,-1.));
#2259=DIRECTION('',(6.47687032212089E-15,1.22464679914734E-16,-1.));
#2260=DIRECTION('',(1.22464679914735E-16,1.,1.77635683940025E-16));
#2261=DIRECTION('',(6.47687032212089E-15,1.77635683940024E-16,-1.));
#2262=DIRECTION('',(1.22464679914735E-16,1.,1.77635683940025E-16));
#2263=DIRECTION('center_axis',(-3.06079947712046E-15,-1.77635683940025E-16,
1.));
#2264=DIRECTION('ref_axis',(1.,-1.22464679914736E-16,3.06079947712046E-15));
#2265=DIRECTION('',(1.,-2.44929359829471E-16,3.06079947712046E-15));
#2266=DIRECTION('',(1.22464679914735E-16,1.,1.77635683940025E-16));
#2267=DIRECTION('',(1.,-1.22464679914736E-16,3.06079947712046E-15));
#2268=DIRECTION('center_axis',(-1.,1.22464679914735E-16,3.5527136788005E-16));
#2269=DIRECTION('ref_axis',(3.5527136788005E-16,-1.77635683940025E-16,1.));
#2270=DIRECTION('',(3.5527136788005E-16,-1.22464679914735E-16,1.));
#2271=DIRECTION('',(1.22464679914735E-16,1.,1.77635683940025E-16));
#2272=DIRECTION('',(3.5527136788005E-16,-1.77635683940025E-16,1.));
#2273=DIRECTION('center_axis',(-3.5527136788005E-16,1.77635683940025E-16,
-1.));
#2274=DIRECTION('ref_axis',(-1.,1.22464679914735E-16,3.5527136788005E-16));
#2275=DIRECTION('',(-1.,2.44929359829471E-16,3.5527136788005E-16));
#2276=DIRECTION('',(-1.,1.22464679914735E-16,3.5527136788005E-16));
#2277=DIRECTION('center_axis',(1.22464679914735E-16,1.,1.77635683940025E-16));
#2278=DIRECTION('ref_axis',(-3.5527136788005E-16,1.77635683940025E-16,-1.));
#2279=DIRECTION('center_axis',(3.06079947712046E-15,1.77635683940025E-16,
-1.));
#2280=DIRECTION('ref_axis',(-1.,1.22464679914736E-16,-3.06079947712046E-15));
#2281=DIRECTION('',(-1.,2.44929359829471E-16,-3.06079947712046E-15));
#2282=DIRECTION('',(1.22464679914735E-16,1.,1.77635683940025E-16));
#2283=DIRECTION('',(-1.,1.22464679914736E-16,-3.06079947712046E-15));
#2284=DIRECTION('',(1.22464679914735E-16,1.,1.77635683940025E-16));
#2285=DIRECTION('center_axis',(1.,-1.22464679914735E-16,-3.5527136788005E-16));
#2286=DIRECTION('ref_axis',(-3.5527136788005E-16,1.77635683940026E-16,-1.));
#2287=DIRECTION('',(-3.5527136788005E-16,1.22464679914735E-16,-1.));
#2288=DIRECTION('',(1.22464679914735E-16,1.,1.77635683940025E-16));
#2289=DIRECTION('',(-3.5527136788005E-16,1.77635683940026E-16,-1.));
#2290=DIRECTION('center_axis',(3.5527136788005E-16,-1.77635683940025E-16,
1.));
#2291=DIRECTION('ref_axis',(1.,-1.22464679914736E-16,-3.5527136788005E-16));
#2292=DIRECTION('',(1.,-2.44929359829471E-16,-3.5527136788005E-16));
#2293=DIRECTION('',(1.22464679914735E-16,1.,1.77635683940025E-16));
#2294=DIRECTION('',(1.,-1.22464679914736E-16,-3.5527136788005E-16));
#2295=DIRECTION('center_axis',(-1.,1.22464679914737E-16,-6.47687032212089E-15));
#2296=DIRECTION('ref_axis',(-6.47687032212089E-15,-1.77635683940024E-16,
1.));
#2297=DIRECTION('',(-6.47687032212089E-15,-1.22464679914734E-16,1.));
#2298=DIRECTION('',(-6.47687032212089E-15,-1.77635683940024E-16,1.));
#2299=DIRECTION('center_axis',(1.22464679914735E-16,1.,1.77635683940025E-16));
#2300=DIRECTION('ref_axis',(-3.5527136788005E-16,1.77635683940025E-16,-1.));
#2301=DIRECTION('center_axis',(1.,-1.22464679914735E-16,-3.5527136788005E-16));
#2302=DIRECTION('ref_axis',(-3.5527136788005E-16,1.77635683940025E-16,-1.));
#2303=DIRECTION('',(-3.5527136788005E-16,1.22464679914735E-16,-1.));
#2304=DIRECTION('',(1.22464679914735E-16,1.,1.77635683940025E-16));
#2305=DIRECTION('',(-3.5527136788005E-16,1.77635683940025E-16,-1.));
#2306=DIRECTION('',(1.22464679914735E-16,1.,1.77635683940025E-16));
#2307=DIRECTION('center_axis',(3.5527136788005E-16,-1.77635683940025E-16,
1.));
#2308=DIRECTION('ref_axis',(1.,-1.22464679914735E-16,-3.5527136788005E-16));
#2309=DIRECTION('',(1.,-2.44929359829471E-16,-3.5527136788005E-16));
#2310=DIRECTION('',(1.22464679914735E-16,1.,1.77635683940025E-16));
#2311=DIRECTION('',(1.,-1.22464679914735E-16,-3.5527136788005E-16));
#2312=DIRECTION('center_axis',(-1.,1.22464679914735E-16,3.5527136788005E-16));
#2313=DIRECTION('ref_axis',(3.5527136788005E-16,-1.77635683940026E-16,1.));
#2314=DIRECTION('',(3.5527136788005E-16,-1.22464679914735E-16,1.));
#2315=DIRECTION('',(1.22464679914735E-16,1.,1.77635683940025E-16));
#2316=DIRECTION('',(3.5527136788005E-16,-1.77635683940026E-16,1.));
#2317=DIRECTION('center_axis',(-3.5527136788005E-16,1.77635683940025E-16,
-1.));
#2318=DIRECTION('ref_axis',(-1.,1.22464679914735E-16,3.5527136788005E-16));
#2319=DIRECTION('',(-1.,2.44929359829471E-16,3.5527136788005E-16));
#2320=DIRECTION('',(-1.,1.22464679914735E-16,3.5527136788005E-16));
#2321=DIRECTION('center_axis',(1.22464679914735E-16,1.,1.77635683940025E-16));
#2322=DIRECTION('ref_axis',(-3.5527136788005E-16,1.77635683940025E-16,-1.));
#2323=DIRECTION('center_axis',(-3.5527136788005E-16,1.77635683940025E-16,
-1.));
#2324=DIRECTION('ref_axis',(-1.,1.22464679914736E-16,3.5527136788005E-16));
#2325=DIRECTION('',(-1.,2.44929359829471E-16,3.5527136788005E-16));
#2326=DIRECTION('',(1.22464679914735E-16,1.,1.77635683940025E-16));
#2327=DIRECTION('',(-1.,1.22464679914736E-16,3.5527136788005E-16));
#2328=DIRECTION('',(1.22464679914735E-16,1.,1.77635683940025E-16));
#2329=DIRECTION('center_axis',(1.,-1.22464679914735E-16,-3.5527136788005E-16));
#2330=DIRECTION('ref_axis',(-3.5527136788005E-16,1.77635683940025E-16,-1.));
#2331=DIRECTION('',(-3.5527136788005E-16,1.22464679914735E-16,-1.));
#2332=DIRECTION('',(1.22464679914735E-16,1.,1.77635683940025E-16));
#2333=DIRECTION('',(-3.5527136788005E-16,1.77635683940025E-16,-1.));
#2334=DIRECTION('center_axis',(3.77134221288057E-15,-1.77635683940026E-16,
1.));
#2335=DIRECTION('ref_axis',(1.,-1.22464679914735E-16,-3.77134221288057E-15));
#2336=DIRECTION('',(1.,-2.4492935982947E-16,-3.77134221288057E-15));
#2337=DIRECTION('',(1.22464679914735E-16,1.,1.77635683940025E-16));
#2338=DIRECTION('',(1.,-1.22464679914735E-16,-3.77134221288057E-15));
#2339=DIRECTION('center_axis',(-1.,1.22464679914733E-16,1.06034839028815E-14));
#2340=DIRECTION('ref_axis',(1.06034839028815E-14,-1.77635683940026E-16,
1.));
#2341=DIRECTION('',(1.06034839028815E-14,-1.22464679914738E-16,1.));
#2342=DIRECTION('',(1.06034839028815E-14,-1.77635683940026E-16,1.));
#2343=DIRECTION('center_axis',(1.22464679914735E-16,1.,1.77635683940025E-16));
#2344=DIRECTION('ref_axis',(-3.5527136788005E-16,1.77635683940025E-16,-1.));
#2345=DIRECTION('center_axis',(-1.,1.22464679914735E-16,3.5527136788005E-16));
#2346=DIRECTION('ref_axis',(3.5527136788005E-16,-1.77635683940025E-16,1.));
#2347=DIRECTION('',(3.5527136788005E-16,-1.22464679914735E-16,1.));
#2348=DIRECTION('',(1.22464679914735E-16,1.,1.77635683940025E-16));
#2349=DIRECTION('',(3.5527136788005E-16,-1.77635683940025E-16,1.));
#2350=DIRECTION('',(1.22464679914735E-16,1.,1.77635683940025E-16));
#2351=DIRECTION('center_axis',(-3.5527136788005E-16,1.77635683940025E-16,
-1.));
#2352=DIRECTION('ref_axis',(-1.,1.22464679914735E-16,3.5527136788005E-16));
#2353=DIRECTION('',(-1.,2.44929359829471E-16,3.5527136788005E-16));
#2354=DIRECTION('',(1.22464679914735E-16,1.,1.77635683940025E-16));
#2355=DIRECTION('',(-1.,1.22464679914735E-16,3.5527136788005E-16));
#2356=DIRECTION('center_axis',(1.,-1.22464679914735E-16,-3.5527136788005E-16));
#2357=DIRECTION('ref_axis',(-3.5527136788005E-16,1.77635683940026E-16,-1.));
#2358=DIRECTION('',(-3.5527136788005E-16,1.22464679914735E-16,-1.));
#2359=DIRECTION('',(1.22464679914735E-16,1.,1.77635683940025E-16));
#2360=DIRECTION('',(-3.5527136788005E-16,1.77635683940026E-16,-1.));
#2361=DIRECTION('center_axis',(3.5527136788005E-16,-1.77635683940025E-16,
1.));
#2362=DIRECTION('ref_axis',(1.,-1.22464679914736E-16,-3.5527136788005E-16));
#2363=DIRECTION('',(1.,-2.44929359829471E-16,-3.5527136788005E-16));
#2364=DIRECTION('',(1.,-1.22464679914736E-16,-3.5527136788005E-16));
#2365=DIRECTION('center_axis',(1.22464679914735E-16,1.,1.77635683940025E-16));
#2366=DIRECTION('ref_axis',(-3.5527136788005E-16,1.77635683940025E-16,-1.));
#2367=DIRECTION('center_axis',(-1.77635683940025E-16,1.22464679914735E-16,
-1.));
#2368=DIRECTION('ref_axis',(-1.,2.44929359829471E-16,1.77635683940025E-16));
#2369=DIRECTION('',(-1.,2.44929359829471E-16,1.77635683940025E-16));
#2370=DIRECTION('',(2.44929359829471E-16,1.,1.22464679914735E-16));
#2371=DIRECTION('',(1.,-2.44929359829471E-16,-1.77635683940025E-16));
#2372=DIRECTION('',(2.44929359829471E-16,1.,1.22464679914735E-16));
#2373=DIRECTION('center_axis',(1.,-2.44929359829471E-16,-1.77635683940025E-16));
#2374=DIRECTION('ref_axis',(-1.77635683940025E-16,1.22464679914735E-16,
-1.));
#2375=DIRECTION('',(-1.77635683940025E-16,1.22464679914735E-16,-1.));
#2376=DIRECTION('',(2.44929359829471E-16,1.,1.22464679914735E-16));
#2377=DIRECTION('',(1.77635683940025E-16,-1.22464679914735E-16,1.));
#2378=DIRECTION('center_axis',(1.77635683940025E-16,-1.22464679914735E-16,
1.));
#2379=DIRECTION('ref_axis',(1.,-2.44929359829471E-16,-1.77635683940025E-16));
#2380=DIRECTION('',(1.,-2.44929359829471E-16,-1.77635683940025E-16));
#2381=DIRECTION('',(2.44929359829471E-16,1.,1.22464679914735E-16));
#2382=DIRECTION('',(-1.,2.44929359829471E-16,1.77635683940025E-16));
#2383=DIRECTION('center_axis',(-1.,2.44929359829471E-16,1.77635683940025E-16));
#2384=DIRECTION('ref_axis',(1.77635683940025E-16,-1.22464679914735E-16,
1.));
#2385=DIRECTION('',(1.77635683940025E-16,-1.22464679914735E-16,1.));
#2386=DIRECTION('',(-1.77635683940025E-16,1.22464679914735E-16,-1.));
#2387=DIRECTION('center_axis',(-1.77635683940025E-16,1.22464679914735E-16,
-1.));
#2388=DIRECTION('ref_axis',(-1.,2.44929359829471E-16,1.77635683940025E-16));
#2389=DIRECTION('',(-1.,2.44929359829471E-16,1.77635683940025E-16));
#2390=DIRECTION('',(2.44929359829471E-16,1.,1.22464679914735E-16));
#2391=DIRECTION('',(-1.,2.44929359829471E-16,1.77635683940025E-16));
#2392=DIRECTION('',(2.44929359829471E-16,1.,1.22464679914735E-16));
#2393=DIRECTION('center_axis',(1.,-2.44929359829471E-16,-4.11366847019005E-16));
#2394=DIRECTION('ref_axis',(-4.11366847019005E-16,1.22464679914735E-16,
-1.));
#2395=DIRECTION('',(-4.11366847019005E-16,1.22464679914735E-16,-1.));
#2396=DIRECTION('',(2.44929359829471E-16,1.,1.22464679914735E-16));
#2397=DIRECTION('',(-4.11366847019005E-16,1.22464679914735E-16,-1.));
#2398=DIRECTION('center_axis',(2.647119995969E-16,-1.22464679914735E-16,
1.));
#2399=DIRECTION('ref_axis',(1.,-2.44929359829471E-16,-2.647119995969E-16));
#2400=DIRECTION('',(1.,-2.44929359829471E-16,-2.647119995969E-16));
#2401=DIRECTION('',(2.44929359829471E-16,1.,1.22464679914735E-16));
#2402=DIRECTION('',(1.,-2.44929359829471E-16,-2.647119995969E-16));
#2403=DIRECTION('center_axis',(-1.,2.44929359829471E-16,2.94501265479515E-16));
#2404=DIRECTION('ref_axis',(2.94501265479515E-16,-1.22464679914735E-16,
1.));
#2405=DIRECTION('',(2.94501265479515E-16,-1.22464679914735E-16,1.));
#2406=DIRECTION('',(2.94501265479515E-16,-1.22464679914735E-16,1.));
#2407=DIRECTION('center_axis',(2.44929359829471E-16,1.,1.22464679914735E-16));
#2408=DIRECTION('ref_axis',(1.77635683940025E-16,-1.22464679914735E-16,
1.));
#2409=DIRECTION('center_axis',(-5.92118946466751E-17,1.22464679914735E-16,
-1.));
#2410=DIRECTION('ref_axis',(1.,-2.44929359829471E-16,-5.92118946466751E-17));
#2411=DIRECTION('',(1.,-2.44929359829471E-16,-5.92118946466751E-17));
#2412=DIRECTION('',(-2.44929359829471E-16,-1.,-1.22464679914735E-16));
#2413=DIRECTION('',(1.,-2.44929359829471E-16,-5.92118946466751E-17));
#2414=DIRECTION('',(-2.44929359829471E-16,-1.,-1.22464679914735E-16));
#2415=DIRECTION('center_axis',(-1.,2.44929359829471E-16,2.66453525910038E-16));
#2416=DIRECTION('ref_axis',(-2.66453525910038E-16,1.22464679914735E-16,
-1.));
#2417=DIRECTION('',(-2.66453525910038E-16,1.22464679914735E-16,-1.));
#2418=DIRECTION('',(-2.66453525910038E-16,1.22464679914735E-16,-1.));
#2419=DIRECTION('',(-2.44929359829471E-16,-1.,-1.22464679914735E-16));
#2420=DIRECTION('center_axis',(2.96059473233375E-16,-1.22464679914735E-16,
1.));
#2421=DIRECTION('ref_axis',(-1.,2.44929359829471E-16,2.96059473233375E-16));
#2422=DIRECTION('',(-1.,2.44929359829471E-16,2.96059473233375E-16));
#2423=DIRECTION('',(-1.,2.44929359829471E-16,2.96059473233375E-16));
#2424=DIRECTION('',(-2.44929359829471E-16,-1.,-1.22464679914735E-16));
#2425=DIRECTION('center_axis',(1.,-2.44929359829471E-16,-1.77635683940025E-16));
#2426=DIRECTION('ref_axis',(1.77635683940025E-16,-1.22464679914735E-16,
1.));
#2427=DIRECTION('',(1.77635683940025E-16,-1.22464679914735E-16,1.));
#2428=DIRECTION('',(1.77635683940025E-16,-1.22464679914735E-16,1.));
#2429=DIRECTION('center_axis',(-2.44929359829471E-16,-1.,-1.22464679914735E-16));
#2430=DIRECTION('ref_axis',(-1.77635683940025E-16,1.22464679914735E-16,
-1.));
#2431=DIRECTION('center_axis',(-2.44929359829471E-16,-1.,-1.22464679914735E-16));
#2432=DIRECTION('ref_axis',(1.,-2.44929359829471E-16,-1.77635683940025E-16));
#2433=DIRECTION('center_axis',(1.,1.22464679914738E-16,-1.36642833800019E-14));
#2434=DIRECTION('ref_axis',(-1.36642833800019E-14,1.69015874348262E-16,
-1.));
#2435=DIRECTION('',(1.36642833800019E-14,-4.65511944335266E-17,1.));
#2436=DIRECTION('',(-1.22464679914735E-16,1.,1.69015874348264E-16));
#2437=DIRECTION('',(-1.36642833800019E-14,4.65511944335266E-17,-1.));
#2438=DIRECTION('',(-1.22464679914735E-16,1.,1.69015874348264E-16));
#2439=DIRECTION('center_axis',(2.04964250700028E-14,-1.69015874348261E-16,
1.));
#2440=DIRECTION('ref_axis',(1.,1.22464679914739E-16,-2.04964250700028E-14));
#2441=DIRECTION('',(-1.,-1.22464679914736E-16,2.04964250700028E-14));
#2442=DIRECTION('',(1.,1.22464679914736E-16,-2.04964250700028E-14));
#2443=DIRECTION('',(-1.22464679914735E-16,1.,1.69015874348264E-16));
#2444=DIRECTION('center_axis',(-1.,-1.22464679914734E-16,-6.83214169000081E-15));
#2445=DIRECTION('ref_axis',(-6.8321416900008E-15,-1.69015874348264E-16,
1.));
#2446=DIRECTION('',(6.8321416900008E-15,4.65511944335292E-17,-1.));
#2447=DIRECTION('',(-6.8321416900008E-15,-4.65511944335292E-17,1.));
#2448=DIRECTION('',(-1.22464679914735E-16,1.,1.69015874348264E-16));
#2449=DIRECTION('center_axis',(-1.03492374762846E-32,1.69015874348264E-16,
-1.));
#2450=DIRECTION('ref_axis',(-1.,-1.22464679914735E-16,-1.03492374762846E-32));
#2451=DIRECTION('',(1.,1.22464679914735E-16,1.03492374762846E-32));
#2452=DIRECTION('',(-1.,-1.22464679914735E-16,-1.03492374762846E-32));
#2453=DIRECTION('center_axis',(1.,1.22464679914734E-16,6.83214169000081E-15));
#2454=DIRECTION('ref_axis',(6.8321416900008E-15,1.69015874348264E-16,-1.));
#2455=DIRECTION('',(-6.8321416900008E-15,-4.65511944335292E-17,1.));
#2456=DIRECTION('',(-1.22464679914735E-16,1.,1.69015874348264E-16));
#2457=DIRECTION('',(6.8321416900008E-15,4.65511944335292E-17,-1.));
#2458=DIRECTION('',(-1.22464679914735E-16,1.,1.69015874348264E-16));
#2459=DIRECTION('center_axis',(1.03492374762846E-32,-1.69015874348264E-16,
1.));
#2460=DIRECTION('ref_axis',(1.,1.22464679914735E-16,1.03492374762846E-32));
#2461=DIRECTION('',(-1.,-1.22464679914735E-16,-1.03492374762846E-32));
#2462=DIRECTION('',(1.,1.22464679914735E-16,1.03492374762846E-32));
#2463=DIRECTION('',(-1.22464679914735E-16,1.,1.69015874348264E-16));
#2464=DIRECTION('center_axis',(-1.,-1.22464679914738E-16,1.36642833800019E-14));
#2465=DIRECTION('ref_axis',(1.36642833800019E-14,-1.69015874348262E-16,
1.));
#2466=DIRECTION('',(-1.36642833800019E-14,4.65511944335266E-17,-1.));
#2467=DIRECTION('',(1.36642833800019E-14,-4.65511944335266E-17,1.));
#2468=DIRECTION('',(-1.22464679914735E-16,1.,1.69015874348264E-16));
#2469=DIRECTION('center_axis',(-2.04964250700028E-14,1.69015874348261E-16,
-1.));
#2470=DIRECTION('ref_axis',(-1.,-1.22464679914739E-16,2.04964250700028E-14));
#2471=DIRECTION('',(1.,1.22464679914736E-16,-2.04964250700028E-14));
#2472=DIRECTION('',(-1.,-1.22464679914736E-16,2.04964250700028E-14));
#2473=DIRECTION('center_axis',(-1.03492374762846E-32,1.69015874348264E-16,
-1.));
#2474=DIRECTION('ref_axis',(-1.,-1.22464679914735E-16,-1.03492374762846E-32));
#2475=DIRECTION('',(1.,1.22464679914735E-16,1.03492374762846E-32));
#2476=DIRECTION('',(-1.22464679914735E-16,1.,1.69015874348264E-16));
#2477=DIRECTION('',(-1.,-1.22464679914735E-16,-1.03492374762846E-32));
#2478=DIRECTION('',(-1.22464679914735E-16,1.,1.69015874348264E-16));
#2479=DIRECTION('center_axis',(1.,1.22464679914735E-16,1.03492374762846E-32));
#2480=DIRECTION('ref_axis',(-1.03492374762846E-32,1.69015874348264E-16,
-1.));
#2481=DIRECTION('',(-4.64836035033396E-33,-4.65511944335283E-17,1.));
#2482=DIRECTION('',(4.64836035033396E-33,4.65511944335283E-17,-1.));
#2483=DIRECTION('',(-1.22464679914735E-16,1.,1.69015874348264E-16));
#2484=DIRECTION('center_axis',(-2.04964250700028E-14,-1.69015874348266E-16,
1.));
#2485=DIRECTION('ref_axis',(1.,1.22464679914732E-16,2.04964250700028E-14));
#2486=DIRECTION('',(-1.,-1.22464679914734E-16,-2.04964250700028E-14));
#2487=DIRECTION('',(1.,1.22464679914734E-16,2.04964250700028E-14));
#2488=DIRECTION('',(-1.22464679914735E-16,1.,1.69015874348264E-16));
#2489=DIRECTION('center_axis',(-1.,-1.22464679914734E-16,-6.83214169000095E-15));
#2490=DIRECTION('ref_axis',(-6.83214169000095E-15,-1.69015874348264E-16,
1.));
#2491=DIRECTION('',(6.83214169000095E-15,4.65511944335292E-17,-1.));
#2492=DIRECTION('',(-6.83214169000095E-15,-4.65511944335292E-17,1.));
#2493=DIRECTION('center_axis',(1.03492374762846E-32,-1.69015874348264E-16,
1.));
#2494=DIRECTION('ref_axis',(1.,1.22464679914735E-16,1.03492374762846E-32));
#2495=DIRECTION('',(-1.,-1.22464679914735E-16,-1.03492374762846E-32));
#2496=DIRECTION('',(-1.22464679914735E-16,1.,1.69015874348264E-16));
#2497=DIRECTION('',(1.,1.22464679914735E-16,1.03492374762846E-32));
#2498=DIRECTION('',(-1.22464679914735E-16,1.,1.69015874348264E-16));
#2499=DIRECTION('center_axis',(-1.,-1.22464679914736E-16,6.83214169000081E-15));
#2500=DIRECTION('ref_axis',(6.8321416900008E-15,-1.69015874348263E-16,1.));
#2501=DIRECTION('',(-6.8321416900008E-15,4.65511944335275E-17,-1.));
#2502=DIRECTION('',(6.8321416900008E-15,-4.65511944335275E-17,1.));
#2503=DIRECTION('',(-1.22464679914735E-16,1.,1.69015874348264E-16));
#2504=DIRECTION('center_axis',(2.04964250700028E-14,1.69015874348266E-16,
-1.));
#2505=DIRECTION('ref_axis',(-1.,-1.22464679914732E-16,-2.04964250700028E-14));
#2506=DIRECTION('',(1.,1.22464679914734E-16,2.04964250700028E-14));
#2507=DIRECTION('',(-1.,-1.22464679914734E-16,-2.04964250700028E-14));
#2508=DIRECTION('',(-1.22464679914735E-16,1.,1.69015874348264E-16));
#2509=DIRECTION('center_axis',(1.,1.22464679914733E-16,1.36642833800019E-14));
#2510=DIRECTION('ref_axis',(1.36642833800019E-14,1.69015874348265E-16,-1.));
#2511=DIRECTION('',(-1.36642833800019E-14,-4.655119443353E-17,1.));
#2512=DIRECTION('',(1.36642833800019E-14,4.655119443353E-17,-1.));
#2513=DIRECTION('center_axis',(-3.40539562360986E-13,-1.69015874348305E-16,
1.));
#2514=DIRECTION('ref_axis',(1.,1.22464679914678E-16,3.40539562360986E-13));
#2515=DIRECTION('',(-1.,-1.22464679914719E-16,-3.40539562360986E-13));
#2516=DIRECTION('',(-1.22464679914735E-16,1.,1.69015874348264E-16));
#2517=DIRECTION('',(1.,1.22464679914719E-16,3.40539562360986E-13));
#2518=DIRECTION('',(-1.22464679914735E-16,1.,1.69015874348264E-16));
#2519=DIRECTION('center_axis',(-1.,-1.22464679914735E-16,-1.03492374762846E-32));
#2520=DIRECTION('ref_axis',(1.03492374762846E-32,-1.69015874348264E-16,
1.));
#2521=DIRECTION('',(4.64836035033396E-33,4.65511944335283E-17,-1.));
#2522=DIRECTION('',(-4.64836035033396E-33,-4.65511944335283E-17,1.));
#2523=DIRECTION('',(-1.22464679914735E-16,1.,1.69015874348264E-16));
#2524=DIRECTION('center_axis',(2.16333361481036E-13,1.6901587434829E-16,
-1.));
#2525=DIRECTION('ref_axis',(-1.,-1.22464679914699E-16,-2.16333361481036E-13));
#2526=DIRECTION('',(1.,1.22464679914725E-16,2.16333361481036E-13));
#2527=DIRECTION('',(-1.,-1.22464679914725E-16,-2.16333361481036E-13));
#2528=DIRECTION('',(-1.22464679914735E-16,1.,1.69015874348264E-16));
#2529=DIRECTION('center_axis',(1.,1.22464679914727E-16,4.78249918300008E-14));
#2530=DIRECTION('ref_axis',(4.78249918300008E-14,1.6901587434827E-16,-1.));
#2531=DIRECTION('',(-4.78249918300008E-14,-4.65511944335342E-17,1.));
#2532=DIRECTION('',(4.78249918300008E-14,4.65511944335342E-17,-1.));
#2533=DIRECTION('center_axis',(-3.4123345175136E-13,1.69015874348222E-16,
-1.));
#2534=DIRECTION('ref_axis',(-1.,-1.22464679914793E-16,3.4123345175136E-13));
#2535=DIRECTION('',(1.,1.22464679914751E-16,-3.4123345175136E-13));
#2536=DIRECTION('',(-1.22464679914735E-16,1.,1.69015874348264E-16));
#2537=DIRECTION('',(-1.,-1.22464679914751E-16,3.4123345175136E-13));
#2538=DIRECTION('',(-1.22464679914735E-16,1.,1.69015874348264E-16));
#2539=DIRECTION('center_axis',(1.,1.22464679914735E-16,1.03492374762846E-32));
#2540=DIRECTION('ref_axis',(-1.03492374762846E-32,1.69015874348264E-16,
-1.));
#2541=DIRECTION('',(-4.64836035033396E-33,-4.65511944335283E-17,1.));
#2542=DIRECTION('',(4.64836035033396E-33,4.65511944335283E-17,-1.));
#2543=DIRECTION('',(-1.22464679914735E-16,1.,1.69015874348264E-16));
#2544=DIRECTION('center_axis',(2.16706994229718E-13,-1.69015874348237E-16,
1.));
#2545=DIRECTION('ref_axis',(1.,1.22464679914772E-16,-2.16706994229718E-13));
#2546=DIRECTION('',(-1.,-1.22464679914745E-16,2.16706994229718E-13));
#2547=DIRECTION('',(1.,1.22464679914745E-16,-2.16706994229718E-13));
#2548=DIRECTION('',(-1.22464679914735E-16,1.,1.69015874348264E-16));
#2549=DIRECTION('center_axis',(-1.,-1.22464679914743E-16,4.78249918300067E-14));
#2550=DIRECTION('ref_axis',(4.78249918300067E-14,-1.69015874348258E-16,
1.));
#2551=DIRECTION('',(-4.78249918300067E-14,4.65511944335225E-17,-1.));
#2552=DIRECTION('',(4.78249918300067E-14,-4.65511944335225E-17,1.));
#2553=DIRECTION('center_axis',(4.64836035033396E-33,4.65511944335283E-17,
-1.));
#2554=DIRECTION('ref_axis',(-1.,-1.22464679914735E-16,-1.03492374762846E-32));
#2555=DIRECTION('',(1.,1.22464679914735E-16,1.03492374762846E-32));
#2556=DIRECTION('',(-1.22464679914735E-16,1.,4.65511944335283E-17));
#2557=DIRECTION('',(-1.,-1.22464679914735E-16,-1.03492374762846E-32));
#2558=DIRECTION('',(-1.22464679914735E-16,1.,4.65511944335283E-17));
#2559=DIRECTION('center_axis',(1.,1.22464679914735E-16,1.03492374762846E-32));
#2560=DIRECTION('ref_axis',(4.64836035033396E-33,4.65511944335283E-17,-1.));
#2561=DIRECTION('',(-4.64836035033396E-33,-4.65511944335283E-17,1.));
#2562=DIRECTION('',(4.64836035033396E-33,4.65511944335283E-17,-1.));
#2563=DIRECTION('',(-1.22464679914735E-16,1.,4.65511944335283E-17));
#2564=DIRECTION('center_axis',(-4.64836035033396E-33,-4.65511944335283E-17,
1.));
#2565=DIRECTION('ref_axis',(1.,1.22464679914735E-16,1.03492374762846E-32));
#2566=DIRECTION('',(-1.,-1.22464679914735E-16,-1.03492374762846E-32));
#2567=DIRECTION('',(1.,1.22464679914735E-16,1.03492374762846E-32));
#2568=DIRECTION('',(-1.22464679914735E-16,1.,4.65511944335283E-17));
#2569=DIRECTION('center_axis',(-1.,-1.22464679914735E-16,-1.03492374762846E-32));
#2570=DIRECTION('ref_axis',(-4.64836035033396E-33,-4.65511944335283E-17,
1.));
#2571=DIRECTION('',(4.64836035033396E-33,4.65511944335283E-17,-1.));
#2572=DIRECTION('',(-4.64836035033396E-33,-4.65511944335283E-17,1.));
#2573=DIRECTION('center_axis',(-1.22464679914735E-16,1.,4.65511944335283E-17));
#2574=DIRECTION('ref_axis',(4.64836035033396E-33,4.65511944335283E-17,-1.));
#2575=DIRECTION('',(4.64836035033396E-33,4.65511944335283E-17,-1.));
#2576=DIRECTION('',(-1.,-1.22464679914735E-16,-1.03492374762846E-32));
#2577=DIRECTION('',(-4.64836035033396E-33,-4.65511944335283E-17,1.));
#2578=DIRECTION('',(1.,1.22464679914735E-16,1.03492374762846E-32));
#2579=DIRECTION('center_axis',(-1.,-1.22464679914735E-16,-1.03492374762846E-32));
#2580=DIRECTION('ref_axis',(-4.64836035033396E-33,-4.65511944335283E-17,
1.));
#2581=DIRECTION('',(-1.22464679914735E-16,1.,4.65511944335283E-17));
#2582=DIRECTION('',(-4.64836035033396E-33,-4.65511944335283E-17,1.));
#2583=DIRECTION('',(-1.22464679914735E-16,1.,4.65511944335283E-17));
#2584=DIRECTION('center_axis',(4.64836035033396E-33,4.65511944335283E-17,
-1.));
#2585=DIRECTION('ref_axis',(-1.,-1.22464679914735E-16,-1.03492374762846E-32));
#2586=DIRECTION('',(-1.22464679914735E-16,1.,4.65511944335283E-17));
#2587=DIRECTION('',(-1.,-1.22464679914735E-16,-1.03492374762846E-32));
#2588=DIRECTION('center_axis',(-4.64836035033396E-33,-4.65511944335283E-17,
1.));
#2589=DIRECTION('ref_axis',(1.,1.22464679914735E-16,1.03492374762846E-32));
#2590=DIRECTION('',(1.,1.22464679914735E-16,1.03492374762846E-32));
#2591=DIRECTION('',(-1.22464679914735E-16,1.,4.65511944335283E-17));
#2592=DIRECTION('center_axis',(1.,1.22464679914735E-16,1.03492374762846E-32));
#2593=DIRECTION('ref_axis',(4.64836035033396E-33,4.65511944335283E-17,-1.));
#2594=DIRECTION('',(4.64836035033396E-33,4.65511944335283E-17,-1.));
#2595=DIRECTION('center_axis',(-1.,-1.22464679914735E-16,-1.03492374762846E-32));
#2596=DIRECTION('ref_axis',(-4.64836035033396E-33,-4.65511944335283E-17,
1.));
#2597=DIRECTION('',(-4.64836035033396E-33,-4.65511944335283E-17,1.));
#2598=DIRECTION('',(-1.22464679914735E-16,1.,4.65511944335283E-17));
#2599=DIRECTION('',(-4.64836035033396E-33,-4.65511944335283E-17,1.));
#2600=DIRECTION('',(-1.22464679914735E-16,1.,4.65511944335283E-17));
#2601=DIRECTION('center_axis',(4.64836035033396E-33,4.65511944335283E-17,
-1.));
#2602=DIRECTION('ref_axis',(-1.,-1.22464679914735E-16,-1.03492374762846E-32));
#2603=DIRECTION('',(-1.,-1.22464679914735E-16,-1.03492374762846E-32));
#2604=DIRECTION('',(-1.,-1.22464679914735E-16,-1.03492374762846E-32));
#2605=DIRECTION('',(-1.22464679914735E-16,1.,4.65511944335283E-17));
#2606=DIRECTION('center_axis',(1.,1.22464679914735E-16,1.03492374762846E-32));
#2607=DIRECTION('ref_axis',(4.64836035033396E-33,4.65511944335283E-17,-1.));
#2608=DIRECTION('',(4.64836035033396E-33,4.65511944335283E-17,-1.));
#2609=DIRECTION('',(4.64836035033396E-33,4.65511944335283E-17,-1.));
#2610=DIRECTION('',(-1.22464679914735E-16,1.,4.65511944335283E-17));
#2611=DIRECTION('center_axis',(-4.64836035033396E-33,-4.65511944335283E-17,
1.));
#2612=DIRECTION('ref_axis',(1.,1.22464679914735E-16,1.03492374762846E-32));
#2613=DIRECTION('',(1.,1.22464679914735E-16,1.03492374762846E-32));
#2614=DIRECTION('',(1.,1.22464679914735E-16,1.03492374762846E-32));
#2615=DIRECTION('center_axis',(-1.22464679914735E-16,1.,4.65511944335283E-17));
#2616=DIRECTION('ref_axis',(4.64836035033396E-33,4.65511944335283E-17,-1.));
#2617=DIRECTION('center_axis',(-1.22464679914735E-16,1.,4.65511944335283E-17));
#2618=DIRECTION('ref_axis',(-1.,-1.22464679914735E-16,-1.03492374762846E-32));
#2619=DIRECTION('center_axis',(0.,-1.,7.32747196252603E-15));
#2620=DIRECTION('ref_axis',(0.,7.32747196252603E-15,1.));
#2621=DIRECTION('',(0.,-7.32747196252603E-15,-1.));
#2622=DIRECTION('',(-1.,0.,0.));
#2623=DIRECTION('',(0.,7.32747196252603E-15,1.));
#2624=DIRECTION('',(-1.,0.,0.));
#2625=DIRECTION('center_axis',(0.,0.,-1.));
#2626=DIRECTION('ref_axis',(0.,-1.,0.));
#2627=DIRECTION('',(0.,1.,0.));
#2628=DIRECTION('',(0.,-1.,0.));
#2629=DIRECTION('',(-1.,0.,0.));
#2630=DIRECTION('center_axis',(0.,1.,-7.105427357601E-15));
#2631=DIRECTION('ref_axis',(0.,-7.105427357601E-15,-1.));
#2632=DIRECTION('',(0.,7.105427357601E-15,1.));
#2633=DIRECTION('',(0.,-7.105427357601E-15,-1.));
#2634=DIRECTION('',(-1.,0.,0.));
#2635=DIRECTION('center_axis',(0.,0.,1.));
#2636=DIRECTION('ref_axis',(0.,1.,0.));
#2637=DIRECTION('',(0.,-1.,0.));
#2638=DIRECTION('',(0.,1.,0.));
#2639=DIRECTION('center_axis',(-1.,0.,0.));
#2640=DIRECTION('ref_axis',(0.,0.,1.));
#2641=DIRECTION('center_axis',(-1.,0.,0.));
#2642=DIRECTION('ref_axis',(0.,0.,1.));
#2643=DIRECTION('',(0.,0.,-1.));
#2644=DIRECTION('',(0.,1.,0.));
#2645=DIRECTION('',(0.,0.,1.));
#2646=DIRECTION('',(0.,1.,0.));
#2647=DIRECTION('center_axis',(0.573576436351046,0.,-0.819152044288992));
#2648=DIRECTION('ref_axis',(-0.819152044288992,0.,-0.573576436351046));
#2649=DIRECTION('',(0.819152044288992,0.,0.573576436351046));
#2650=DIRECTION('',(-0.819152044288992,0.,-0.573576436351046));
#2651=DIRECTION('',(0.,1.,0.));
#2652=DIRECTION('center_axis',(0.342020143325669,0.,0.939692620785908));
#2653=DIRECTION('ref_axis',(0.939692620785909,0.,-0.342020143325669));
#2654=DIRECTION('',(0.939692620785909,0.,-0.342020143325669));
#2655=DIRECTION('',(0.939692620785909,0.,-0.342020143325669));
#2656=DIRECTION('center_axis',(0.,1.,0.));
#2657=DIRECTION('ref_axis',(0.,0.,1.));
#2658=DIRECTION('center_axis',(0.,1.,0.));
#2659=DIRECTION('ref_axis',(1.,0.,0.));
#2660=DIRECTION('center_axis',(0.,0.,1.));
#2661=DIRECTION('ref_axis',(1.,0.,0.));
#2662=DIRECTION('',(1.,0.,0.));
#2663=DIRECTION('',(0.,1.,0.));
#2664=DIRECTION('',(1.,0.,0.));
#2665=DIRECTION('',(0.,1.,0.));
#2666=DIRECTION('center_axis',(-1.,0.,0.));
#2667=DIRECTION('ref_axis',(0.,0.,1.));
#2668=DIRECTION('',(0.,0.,1.));
#2669=DIRECTION('',(0.,0.,1.));
#2670=DIRECTION('',(0.,1.,0.));
#2671=DIRECTION('center_axis',(0.,0.,-1.));
#2672=DIRECTION('ref_axis',(-1.,0.,0.));
#2673=DIRECTION('',(-1.,0.,0.));
#2674=DIRECTION('',(-1.,0.,0.));
#2675=DIRECTION('',(0.,1.,0.));
#2676=DIRECTION('center_axis',(1.,0.,0.));
#2677=DIRECTION('ref_axis',(0.,0.,-1.));
#2678=DIRECTION('',(0.,0.,-1.));
#2679=DIRECTION('',(0.,0.,-1.));
#2680=DIRECTION('center_axis',(0.,1.,0.));
#2681=DIRECTION('ref_axis',(0.,0.,1.));
#2682=DIRECTION('center_axis',(0.,1.,0.));
#2683=DIRECTION('ref_axis',(1.,0.,0.));
#2684=CARTESIAN_POINT('',(0.,0.,0.));
#2685=CARTESIAN_POINT('Origin',(63.5063678790235,75.2648707229284,31.7586931273753));
#2686=CARTESIAN_POINT('',(63.5063678790235,75.2648707229284,31.7586931273753));
#2687=CARTESIAN_POINT('',(73.7063678790235,75.2648707229284,31.7586931273753));
#2688=CARTESIAN_POINT('',(36.8063678790243,75.2648707229284,31.7586931273753));
#2689=CARTESIAN_POINT('',(63.5063678790235,65.0648707229284,31.7586931273753));
#2690=CARTESIAN_POINT('',(63.5063678790235,75.2648707229284,31.7586931273753));
#2691=CARTESIAN_POINT('',(73.7063678790235,65.0648707229284,31.7586931273753));
#2692=CARTESIAN_POINT('',(63.5063678790235,65.0648707229284,31.7586931273753));
#2693=CARTESIAN_POINT('',(73.7063678790235,75.2648707229284,31.7586931273753));
#2694=CARTESIAN_POINT('Origin',(63.5063678790235,75.2648707229284,41.9586931273752));
#2695=CARTESIAN_POINT('',(63.5063678790235,75.2648707229284,41.9586931273752));
#2696=CARTESIAN_POINT('',(63.5063678790235,75.2648707229284,21.9586931273752));
#2697=CARTESIAN_POINT('',(63.5063678790235,65.0648707229284,41.9586931273752));
#2698=CARTESIAN_POINT('',(63.5063678790235,75.2648707229284,41.9586931273752));
#2699=CARTESIAN_POINT('',(63.5063678790235,65.0648707229284,41.9586931273752));
#2700=CARTESIAN_POINT('Origin',(73.7063678790235,75.2648707229284,41.9586931273752));
#2701=CARTESIAN_POINT('',(73.7063678790235,75.2648707229284,41.9586931273752));
#2702=CARTESIAN_POINT('',(41.9063678790243,75.2648707229284,41.9586931273752));
#2703=CARTESIAN_POINT('',(73.7063678790235,65.0648707229284,41.9586931273752));
#2704=CARTESIAN_POINT('',(73.7063678790235,75.2648707229284,41.9586931273752));
#2705=CARTESIAN_POINT('',(73.7063678790235,65.0648707229284,41.9586931273752));
#2706=CARTESIAN_POINT('Origin',(73.7063678790235,75.2648707229284,31.7586931273753));
#2707=CARTESIAN_POINT('',(73.7063678790235,75.2648707229284,16.8586931273753));
#2708=CARTESIAN_POINT('',(73.7063678790235,65.0648707229284,31.7586931273753));
#2709=CARTESIAN_POINT('Origin',(68.6063678790235,65.0648707229284,36.8586931273752));
#2710=CARTESIAN_POINT('Origin',(-43.2936321209765,75.2648707229284,41.9586931273752));
#2711=CARTESIAN_POINT('',(-43.2936321209765,75.2648707229284,41.9586931273752));
#2712=CARTESIAN_POINT('',(-53.4936321209765,75.2648707229284,41.9586931273752));
#2713=CARTESIAN_POINT('',(-16.5936321209757,75.2648707229284,41.9586931273752));
#2714=CARTESIAN_POINT('',(-43.2936321209765,65.0648707229284,41.9586931273752));
#2715=CARTESIAN_POINT('',(-43.2936321209765,75.2648707229284,41.9586931273752));
#2716=CARTESIAN_POINT('',(-53.4936321209765,65.0648707229284,41.9586931273752));
#2717=CARTESIAN_POINT('',(-53.4936321209765,65.0648707229284,41.9586931273752));
#2718=CARTESIAN_POINT('',(-53.4936321209765,75.2648707229284,41.9586931273752));
#2719=CARTESIAN_POINT('Origin',(-43.2936321209765,75.2648707229284,31.7586931273753));
#2720=CARTESIAN_POINT('',(-43.2936321209765,75.2648707229284,31.7586931273753));
#2721=CARTESIAN_POINT('',(-43.2936321209765,75.2648707229284,16.8586931273752));
#2722=CARTESIAN_POINT('',(-43.2936321209765,65.0648707229284,31.7586931273753));
#2723=CARTESIAN_POINT('',(-43.2936321209765,75.2648707229284,31.7586931273753));
#2724=CARTESIAN_POINT('',(-43.2936321209765,65.0648707229284,41.9586931273752));
#2725=CARTESIAN_POINT('Origin',(-53.4936321209765,75.2648707229284,31.7586931273753));
#2726=CARTESIAN_POINT('',(-53.4936321209765,75.2648707229284,31.7586931273753));
#2727=CARTESIAN_POINT('',(-21.6936321209757,75.2648707229284,31.7586931273753));
#2728=CARTESIAN_POINT('',(-53.4936321209765,65.0648707229284,31.7586931273753));
#2729=CARTESIAN_POINT('',(-53.4936321209765,75.2648707229284,31.7586931273753));
#2730=CARTESIAN_POINT('',(-43.2936321209765,65.0648707229284,31.7586931273753));
#2731=CARTESIAN_POINT('Origin',(-53.4936321209765,75.2648707229284,41.9586931273752));
#2732=CARTESIAN_POINT('',(-53.4936321209765,75.2648707229284,21.9586931273753));
#2733=CARTESIAN_POINT('',(-53.4936321209765,65.0648707229284,31.7586931273753));
#2734=CARTESIAN_POINT('Origin',(-48.3936321209765,65.0648707229284,36.8586931273752));
#2735=CARTESIAN_POINT('Origin',(79.1063678790251,50.2648707229284,93.5086931273752));
#2736=CARTESIAN_POINT('',(79.1063678790251,50.2648707229284,93.5086931273752));
#2737=CARTESIAN_POINT('',(79.1063678790251,50.2648707229284,88.3086931273752));
#2738=CARTESIAN_POINT('',(79.1063678790248,50.2648707229284,47.733693127375));
#2739=CARTESIAN_POINT('',(79.1063678790251,53.7648707229284,93.5086931273752));
#2740=CARTESIAN_POINT('',(79.1063678790251,50.2648707229284,93.5086931273752));
#2741=CARTESIAN_POINT('',(79.1063678790251,53.7648707229284,88.3086931273752));
#2742=CARTESIAN_POINT('',(79.1063678790251,53.7648707229284,93.5086931273752));
#2743=CARTESIAN_POINT('',(79.1063678790251,50.2648707229284,88.3086931273752));
#2744=CARTESIAN_POINT('Origin',(73.9063678790251,50.2648707229284,93.5086931273752));
#2745=CARTESIAN_POINT('',(73.9063678790251,50.2648707229284,93.5086931273752));
#2746=CARTESIAN_POINT('',(42.0063678790251,50.2648707229284,93.5086931273752));
#2747=CARTESIAN_POINT('',(73.9063678790251,53.7648707229284,93.5086931273752));
#2748=CARTESIAN_POINT('',(73.9063678790251,50.2648707229284,93.5086931273752));
#2749=CARTESIAN_POINT('',(73.9063678790251,53.7648707229284,93.5086931273752));
#2750=CARTESIAN_POINT('Origin',(73.9063678790251,50.2648707229284,88.3086931273752));
#2751=CARTESIAN_POINT('',(73.9063678790251,50.2648707229284,88.3086931273752));
#2752=CARTESIAN_POINT('',(73.9063678790251,50.2648707229284,45.1336931273752));
#2753=CARTESIAN_POINT('',(73.9063678790251,53.7648707229284,88.3086931273752));
#2754=CARTESIAN_POINT('',(73.9063678790251,50.2648707229284,88.3086931273752));
#2755=CARTESIAN_POINT('',(73.9063678790251,53.7648707229284,88.3086931273752));
#2756=CARTESIAN_POINT('Origin',(79.1063678790251,50.2648707229284,88.3086931273752));
#2757=CARTESIAN_POINT('',(44.6063678790253,50.2648707229284,88.3086931273753));
#2758=CARTESIAN_POINT('',(79.1063678790251,53.7648707229284,88.3086931273752));
#2759=CARTESIAN_POINT('Origin',(76.5063678790251,53.7648707229284,90.9086931273752));
#2760=CARTESIAN_POINT('Origin',(79.1063678790251,50.2648707229284,-84.3913068726247));
#2761=CARTESIAN_POINT('',(79.1063678790251,50.2648707229284,-84.3913068726247));
#2762=CARTESIAN_POINT('',(79.1063678790251,50.2648707229284,-89.5913068726247));
#2763=CARTESIAN_POINT('',(79.1063678790248,50.2648707229284,-41.2163068726245));
#2764=CARTESIAN_POINT('',(79.1063678790251,53.7648707229284,-84.3913068726247));
#2765=CARTESIAN_POINT('',(79.1063678790251,50.2648707229284,-84.3913068726247));
#2766=CARTESIAN_POINT('',(79.1063678790251,53.7648707229284,-89.5913068726247));
#2767=CARTESIAN_POINT('',(79.1063678790251,53.7648707229284,-89.5913068726247));
#2768=CARTESIAN_POINT('',(79.1063678790251,50.2648707229284,-89.5913068726247));
#2769=CARTESIAN_POINT('Origin',(73.9063678790251,50.2648707229284,-84.3913068726248));
#2770=CARTESIAN_POINT('',(73.9063678790251,50.2648707229284,-84.3913068726248));
#2771=CARTESIAN_POINT('',(42.0063678790252,50.2648707229284,-84.3913068726248));
#2772=CARTESIAN_POINT('',(73.9063678790251,53.7648707229284,-84.3913068726248));
#2773=CARTESIAN_POINT('',(73.9063678790251,50.2648707229284,-84.3913068726248));
#2774=CARTESIAN_POINT('',(79.1063678790251,53.7648707229284,-84.3913068726247));
#2775=CARTESIAN_POINT('Origin',(73.9063678790251,50.2648707229284,-89.5913068726247));
#2776=CARTESIAN_POINT('',(73.9063678790251,50.2648707229284,-89.5913068726247));
#2777=CARTESIAN_POINT('',(73.9063678790251,50.2648707229284,-43.8163068726248));
#2778=CARTESIAN_POINT('',(73.9063678790251,53.7648707229284,-89.5913068726247));
#2779=CARTESIAN_POINT('',(73.9063678790251,50.2648707229284,-89.5913068726247));
#2780=CARTESIAN_POINT('',(73.9063678790251,53.7648707229284,-84.3913068726248));
#2781=CARTESIAN_POINT('Origin',(79.1063678790251,50.2648707229284,-89.5913068726247));
#2782=CARTESIAN_POINT('',(44.6063678790251,50.2648707229284,-89.5913068726247));
#2783=CARTESIAN_POINT('',(73.9063678790251,53.7648707229284,-89.5913068726247));
#2784=CARTESIAN_POINT('Origin',(76.5063678790251,53.7648707229284,-86.9913068726247));
#2785=CARTESIAN_POINT('Origin',(-53.6936321209749,50.2648707229284,88.3086931273753));
#2786=CARTESIAN_POINT('',(-53.6936321209749,50.2648707229284,88.3086931273753));
#2787=CARTESIAN_POINT('',(-58.8936321209748,50.2648707229284,88.3086931273752));
#2788=CARTESIAN_POINT('',(-21.793632120975,50.2648707229284,88.3086931273753));
#2789=CARTESIAN_POINT('',(-53.6936321209748,53.7648707229284,88.3086931273753));
#2790=CARTESIAN_POINT('',(-53.6936321209749,50.2648707229284,88.3086931273753));
#2791=CARTESIAN_POINT('',(-58.8936321209748,53.7648707229284,88.3086931273752));
#2792=CARTESIAN_POINT('',(-58.8936321209748,53.7648707229284,88.3086931273752));
#2793=CARTESIAN_POINT('',(-58.8936321209748,50.2648707229284,88.3086931273752));
#2794=CARTESIAN_POINT('Origin',(-53.6936321209749,50.2648707229284,93.5086931273753));
#2795=CARTESIAN_POINT('',(-53.6936321209749,50.2648707229284,93.5086931273753));
#2796=CARTESIAN_POINT('',(-53.6936321209749,50.2648707229284,47.7336931273753));
#2797=CARTESIAN_POINT('',(-53.6936321209748,53.7648707229284,93.5086931273753));
#2798=CARTESIAN_POINT('',(-53.6936321209749,50.2648707229284,93.5086931273753));
#2799=CARTESIAN_POINT('',(-53.6936321209748,53.7648707229284,88.3086931273753));
#2800=CARTESIAN_POINT('Origin',(-58.8936321209749,50.2648707229284,93.5086931273753));
#2801=CARTESIAN_POINT('',(-58.8936321209749,50.2648707229284,93.5086931273753));
#2802=CARTESIAN_POINT('',(-24.3936321209748,50.2648707229284,93.5086931273752));
#2803=CARTESIAN_POINT('',(-58.8936321209749,53.7648707229284,93.5086931273753));
#2804=CARTESIAN_POINT('',(-58.8936321209749,50.2648707229284,93.5086931273753));
#2805=CARTESIAN_POINT('',(-53.6936321209748,53.7648707229284,93.5086931273753));
#2806=CARTESIAN_POINT('Origin',(-58.8936321209748,50.2648707229284,88.3086931273752));
#2807=CARTESIAN_POINT('',(-58.8936321209745,50.2648707229284,45.133693127375));
#2808=CARTESIAN_POINT('',(-58.8936321209749,53.7648707229284,93.5086931273753));
#2809=CARTESIAN_POINT('Origin',(-56.2936321209748,53.7648707229284,90.9086931273753));
#2810=CARTESIAN_POINT('Origin',(79.1063678790251,50.2648707229284,4.5586931273752));
#2811=CARTESIAN_POINT('',(79.1063678790251,50.2648707229284,4.5586931273752));
#2812=CARTESIAN_POINT('',(79.1063678790251,50.2648707229284,-0.641306872624802));
#2813=CARTESIAN_POINT('',(79.1063678790251,50.2648707229284,3.2586931273752));
#2814=CARTESIAN_POINT('',(79.1063678790251,53.7648707229284,4.5586931273752));
#2815=CARTESIAN_POINT('',(79.1063678790251,50.2648707229284,4.5586931273752));
#2816=CARTESIAN_POINT('',(79.1063678790251,53.7648707229284,-0.641306872624801));
#2817=CARTESIAN_POINT('',(79.1063678790251,53.7648707229284,4.5586931273752));
#2818=CARTESIAN_POINT('',(79.1063678790251,50.2648707229284,-0.641306872624802));
#2819=CARTESIAN_POINT('Origin',(73.9063678790251,50.2648707229284,4.5586931273752));
#2820=CARTESIAN_POINT('',(73.9063678790251,50.2648707229284,4.5586931273752));
#2821=CARTESIAN_POINT('',(42.0063678790251,50.2648707229284,4.55869312737521));
#2822=CARTESIAN_POINT('',(73.9063678790251,53.7648707229284,4.5586931273752));
#2823=CARTESIAN_POINT('',(73.9063678790251,50.2648707229284,4.5586931273752));
#2824=CARTESIAN_POINT('',(73.9063678790251,53.7648707229284,4.5586931273752));
#2825=CARTESIAN_POINT('Origin',(73.9063678790251,50.2648707229284,-0.6413068726248));
#2826=CARTESIAN_POINT('',(73.9063678790251,50.2648707229284,-0.6413068726248));
#2827=CARTESIAN_POINT('',(73.9063678790251,50.2648707229284,0.658693127375199));
#2828=CARTESIAN_POINT('',(73.9063678790251,53.7648707229284,-0.641306872624799));
#2829=CARTESIAN_POINT('',(73.9063678790251,50.2648707229284,-0.6413068726248));
#2830=CARTESIAN_POINT('',(73.9063678790251,53.7648707229284,-0.641306872624799));
#2831=CARTESIAN_POINT('Origin',(79.1063678790251,50.2648707229284,-0.641306872624802));
#2832=CARTESIAN_POINT('',(44.6063678790251,50.2648707229284,-0.641306872624789));
#2833=CARTESIAN_POINT('',(79.1063678790251,53.7648707229284,-0.641306872624801));
#2834=CARTESIAN_POINT('Origin',(76.5063678790251,53.7648707229284,1.9586931273752));
#2835=CARTESIAN_POINT('Origin',(-53.6936321209749,50.2648707229285,-89.5913068726248));
#2836=CARTESIAN_POINT('',(-53.6936321209749,50.2648707229285,-89.5913068726248));
#2837=CARTESIAN_POINT('',(-58.8936321209749,50.2648707229285,-89.5913068726248));
#2838=CARTESIAN_POINT('',(-21.7936321209749,50.2648707229285,-89.5913068726248));
#2839=CARTESIAN_POINT('',(-53.6936321209749,53.7648707229285,-89.5913068726248));
#2840=CARTESIAN_POINT('',(-53.6936321209749,50.2648707229285,-89.5913068726248));
#2841=CARTESIAN_POINT('',(-58.8936321209749,53.7648707229285,-89.5913068726248));
#2842=CARTESIAN_POINT('',(-53.6936321209749,53.7648707229285,-89.5913068726248));
#2843=CARTESIAN_POINT('',(-58.8936321209749,50.2648707229285,-89.5913068726248));
#2844=CARTESIAN_POINT('Origin',(-53.6936321209749,50.2648707229285,-84.3913068726248));
#2845=CARTESIAN_POINT('',(-53.6936321209749,50.2648707229285,-84.3913068726248));
#2846=CARTESIAN_POINT('',(-53.6936321209749,50.2648707229285,-41.2163068726248));
#2847=CARTESIAN_POINT('',(-53.6936321209749,53.7648707229285,-84.3913068726248));
#2848=CARTESIAN_POINT('',(-53.6936321209749,50.2648707229285,-84.3913068726248));
#2849=CARTESIAN_POINT('',(-53.6936321209749,53.7648707229285,-84.3913068726248));
#2850=CARTESIAN_POINT('Origin',(-58.8936321209749,50.2648707229285,-84.3913068726248));
#2851=CARTESIAN_POINT('',(-58.8936321209749,50.2648707229285,-84.3913068726248));
#2852=CARTESIAN_POINT('',(-24.393632120975,50.2648707229285,-84.3913068726249));
#2853=CARTESIAN_POINT('',(-58.8936321209748,53.7648707229285,-84.3913068726248));
#2854=CARTESIAN_POINT('',(-58.8936321209749,50.2648707229285,-84.3913068726248));
#2855=CARTESIAN_POINT('',(-58.8936321209748,53.7648707229285,-84.3913068726248));
#2856=CARTESIAN_POINT('Origin',(-58.8936321209749,50.2648707229285,-89.5913068726248));
#2857=CARTESIAN_POINT('',(-58.8936321209744,50.2648707229285,-43.8163068726244));
#2858=CARTESIAN_POINT('',(-58.8936321209749,53.7648707229285,-89.5913068726248));
#2859=CARTESIAN_POINT('Origin',(-56.2936321209749,53.7648707229285,-86.9913068726248));
#2860=CARTESIAN_POINT('Origin',(-58.8936321209749,50.2648707229284,-0.641306872624752));
#2861=CARTESIAN_POINT('',(-58.8936321209749,50.2648707229284,-0.641306872624753));
#2862=CARTESIAN_POINT('',(-58.8936321209749,50.2648707229284,4.55869312737525));
#2863=CARTESIAN_POINT('',(-58.8936321209749,50.2648707229284,0.658693127375246));
#2864=CARTESIAN_POINT('',(-58.8936321209749,53.7648707229284,-0.641306872624752));
#2865=CARTESIAN_POINT('',(-58.8936321209749,50.2648707229284,-0.641306872624753));
#2866=CARTESIAN_POINT('',(-58.8936321209749,53.7648707229284,4.55869312737525));
#2867=CARTESIAN_POINT('',(-58.8936321209749,53.7648707229284,4.55869312737525));
#2868=CARTESIAN_POINT('',(-58.8936321209749,50.2648707229284,4.55869312737525));
#2869=CARTESIAN_POINT('Origin',(-53.6936321209749,50.2648707229284,-0.641306872624754));
#2870=CARTESIAN_POINT('',(-53.6936321209749,50.2648707229284,-0.641306872624754));
#2871=CARTESIAN_POINT('',(-21.7936321209749,50.2648707229284,-0.641306872624766));
#2872=CARTESIAN_POINT('',(-53.6936321209749,53.7648707229284,-0.641306872624754));
#2873=CARTESIAN_POINT('',(-53.6936321209749,50.2648707229284,-0.641306872624754));
#2874=CARTESIAN_POINT('',(-58.8936321209749,53.7648707229284,-0.641306872624752));
#2875=CARTESIAN_POINT('Origin',(-53.6936321209749,50.2648707229284,4.55869312737525));
#2876=CARTESIAN_POINT('',(-53.6936321209749,50.2648707229284,4.55869312737525));
#2877=CARTESIAN_POINT('',(-53.6936321209749,50.2648707229284,3.25869312737524));
#2878=CARTESIAN_POINT('',(-53.6936321209749,53.7648707229284,4.55869312737525));
#2879=CARTESIAN_POINT('',(-53.6936321209749,50.2648707229284,4.55869312737525));
#2880=CARTESIAN_POINT('',(-53.6936321209749,53.7648707229284,-0.641306872624754));
#2881=CARTESIAN_POINT('Origin',(-58.8936321209749,50.2648707229284,4.55869312737525));
#2882=CARTESIAN_POINT('',(-24.3936321209749,50.2648707229284,4.55869312737524));
#2883=CARTESIAN_POINT('',(-53.6936321209749,53.7648707229284,4.55869312737525));
#2884=CARTESIAN_POINT('Origin',(-56.2936321209749,53.7648707229284,1.95869312737525));
#2885=CARTESIAN_POINT('Origin',(52.1063678790235,55.2648707229284,-65.0413068726226));
#2886=CARTESIAN_POINT('',(52.1063678790235,55.2648707229284,-65.0413068726226));
#2887=CARTESIAN_POINT('',(-31.8936321209765,55.2648707229284,-65.0413068726226));
#2888=CARTESIAN_POINT('',(31.1063678790235,55.2648707229284,-65.0413068726226));
#2889=CARTESIAN_POINT('',(52.1063678790235,75.2648707229284,-65.0413068726226));
#2890=CARTESIAN_POINT('',(52.1063678790235,55.2648707229284,-65.0413068726226));
#2891=CARTESIAN_POINT('',(-31.8936321209765,75.2648707229284,-65.0413068726226));
#2892=CARTESIAN_POINT('',(31.1063678790243,75.2648707229284,-65.0413068726226));
#2893=CARTESIAN_POINT('',(-31.8936321209765,55.2648707229284,-65.0413068726226));
#2894=CARTESIAN_POINT('Origin',(52.1063678790235,55.2648707229284,68.9586931273773));
#2895=CARTESIAN_POINT('',(52.1063678790235,55.2648707229284,68.9586931273773));
#2896=CARTESIAN_POINT('',(52.1063678790235,55.2648707229284,35.4586931273774));
#2897=CARTESIAN_POINT('',(52.1063678790235,75.2648707229284,68.9586931273773));
#2898=CARTESIAN_POINT('',(52.1063678790235,55.2648707229284,68.9586931273773));
#2899=CARTESIAN_POINT('',(52.1063678790235,75.2648707229284,35.4586931273763));
#2900=CARTESIAN_POINT('Origin',(-31.8936321209765,55.2648707229284,68.9586931273774));
#2901=CARTESIAN_POINT('',(-31.8936321209765,55.2648707229284,68.9586931273774));
#2902=CARTESIAN_POINT('',(-10.8936321209765,55.2648707229284,68.9586931273773));
#2903=CARTESIAN_POINT('',(-31.8936321209765,75.2648707229284,68.9586931273773));
#2904=CARTESIAN_POINT('',(-31.8936321209765,55.2648707229284,68.9586931273774));
#2905=CARTESIAN_POINT('',(-10.8936321209757,75.2648707229284,68.9586931273774));
#2906=CARTESIAN_POINT('Origin',(-31.8936321209765,55.2648707229284,-65.0413068726226));
#2907=CARTESIAN_POINT('',(-31.8936321209765,55.2648707229284,-31.5413068726227));
#2908=CARTESIAN_POINT('',(-31.8936321209765,75.2648707229284,-31.5413068726237));
#2909=CARTESIAN_POINT('Origin',(61.1063678790235,50.2648707229284,-74.0413068726227));
#2910=CARTESIAN_POINT('',(61.1063678790235,50.2648707229284,-74.0413068726227));
#2911=CARTESIAN_POINT('',(-40.8936321209765,50.2648707229284,-74.0413068726226));
#2912=CARTESIAN_POINT('',(35.6063678790243,50.2648707229284,-74.0413068726227));
#2913=CARTESIAN_POINT('',(61.1063678790235,55.2648707229284,-74.0413068726226));
#2914=CARTESIAN_POINT('',(61.1063678790235,50.2648707229284,-74.0413068726227));
#2915=CARTESIAN_POINT('',(-40.8936321209765,55.2648707229284,-74.0413068726226));
#2916=CARTESIAN_POINT('',(-40.8936321209765,55.2648707229284,-74.0413068726227));
#2917=CARTESIAN_POINT('',(-40.8936321209765,50.2648707229284,-74.0413068726226));
#2918=CARTESIAN_POINT('Origin',(61.1063678790235,50.2648707229284,77.9586931273773));
#2919=CARTESIAN_POINT('',(61.1063678790235,50.2648707229284,77.9586931273773));
#2920=CARTESIAN_POINT('',(61.1063678790235,50.2648707229284,39.9586931273763));
#2921=CARTESIAN_POINT('',(61.1063678790235,55.2648707229284,77.9586931273773));
#2922=CARTESIAN_POINT('',(61.1063678790235,50.2648707229284,77.9586931273773));
#2923=CARTESIAN_POINT('',(61.1063678790235,55.2648707229284,-74.0413068726227));
#2924=CARTESIAN_POINT('Origin',(-40.8936321209764,50.2648707229284,77.9586931273774));
#2925=CARTESIAN_POINT('',(-40.8936321209764,50.2648707229284,77.9586931273774));
#2926=CARTESIAN_POINT('',(-15.3936321209757,50.2648707229284,77.9586931273773));
#2927=CARTESIAN_POINT('',(-40.8936321209764,55.2648707229284,77.9586931273774));
#2928=CARTESIAN_POINT('',(-40.8936321209764,50.2648707229284,77.9586931273774));
#2929=CARTESIAN_POINT('',(61.1063678790235,55.2648707229284,77.9586931273773));
#2930=CARTESIAN_POINT('Origin',(-40.8936321209765,50.2648707229284,-74.0413068726226));
#2931=CARTESIAN_POINT('',(-40.8936321209764,50.2648707229284,-36.0413068726237));
#2932=CARTESIAN_POINT('',(-40.8936321209764,55.2648707229284,77.9586931273774));
#2933=CARTESIAN_POINT('Origin',(10.1063678790235,55.2648707229284,1.95869312737735));
#2934=CARTESIAN_POINT('Origin',(-64.8936321209749,75.2648707229284,-98.0413068726248));
#2935=CARTESIAN_POINT('',(-64.8936321209749,75.2648707229284,-98.0413068726248));
#2936=CARTESIAN_POINT('',(85.1063678790251,75.2648707229284,-98.0413068726248));
#2937=CARTESIAN_POINT('',(-64.8936321209749,75.2648707229284,-98.0413068726248));
#2938=CARTESIAN_POINT('',(85.1063678790251,50.2648707229284,-98.0413068726247));
#2939=CARTESIAN_POINT('',(85.1063678790251,75.2648707229284,-98.0413068726248));
#2940=CARTESIAN_POINT('',(-64.8936321209749,50.2648707229285,-98.0413068726248));
#2941=CARTESIAN_POINT('',(-64.8936321209749,50.2648707229285,-98.0413068726248));
#2942=CARTESIAN_POINT('',(-64.8936321209749,75.2648707229284,-98.0413068726248));
#2943=CARTESIAN_POINT('Origin',(-64.8936321209748,75.2648707229284,101.958693127375));
#2944=CARTESIAN_POINT('',(-64.8936321209748,75.2648707229284,101.958693127375));
#2945=CARTESIAN_POINT('',(-64.8936321209748,75.2648707229284,101.958693127375));
#2946=CARTESIAN_POINT('',(-64.8936321209749,50.2648707229284,101.958693127375));
#2947=CARTESIAN_POINT('',(-64.8936321209749,50.2648707229284,101.958693127375));
#2948=CARTESIAN_POINT('',(-64.8936321209748,75.2648707229284,101.958693127375));
#2949=CARTESIAN_POINT('Origin',(85.1063678790251,75.2648707229284,101.958693127375));
#2950=CARTESIAN_POINT('',(85.1063678790251,75.2648707229284,101.958693127375));
#2951=CARTESIAN_POINT('',(85.1063678790251,75.2648707229284,101.958693127375));
#2952=CARTESIAN_POINT('',(85.1063678790251,50.2648707229284,101.958693127375));
#2953=CARTESIAN_POINT('',(85.1063678790251,50.2648707229284,101.958693127375));
#2954=CARTESIAN_POINT('',(85.1063678790251,75.2648707229284,101.958693127375));
#2955=CARTESIAN_POINT('Origin',(85.1063678790251,75.2648707229284,-98.0413068726248));
#2956=CARTESIAN_POINT('',(85.1063678790251,75.2648707229284,-98.0413068726248));
#2957=CARTESIAN_POINT('',(85.1063678790251,50.2648707229284,-98.0413068726247));
#2958=CARTESIAN_POINT('Origin',(10.1063678790251,50.2648707229284,1.95869312737522));
#2959=CARTESIAN_POINT('Origin',(10.1063678790251,75.2648707229284,1.95869312737522));
#2960=CARTESIAN_POINT('Origin',(264.039273859693,50.,-85.4756449016266));
#2961=CARTESIAN_POINT('',(264.039273859693,53.,-90.6756449016266));
#2962=CARTESIAN_POINT('',(264.039273859693,53.,-85.4756449016266));
#2963=CARTESIAN_POINT('',(264.039273859693,53.,-42.250644901627));
#2964=CARTESIAN_POINT('',(264.039273859693,50.,-90.6756449016266));
#2965=CARTESIAN_POINT('',(264.039273859693,50.,-90.6756449016266));
#2966=CARTESIAN_POINT('',(264.039273859693,50.,-85.4756449016266));
#2967=CARTESIAN_POINT('',(264.039273859693,50.,-42.250644901627));
#2968=CARTESIAN_POINT('',(264.039273859693,50.,-85.4756449016266));
#2969=CARTESIAN_POINT('Origin',(258.839273859693,50.,-85.4756449016265));
#2970=CARTESIAN_POINT('',(258.839273859693,53.,-85.4756449016265));
#2971=CARTESIAN_POINT('',(226.939273859692,53.,-85.4756449016258));
#2972=CARTESIAN_POINT('',(258.839273859693,50.,-85.4756449016265));
#2973=CARTESIAN_POINT('',(226.939273859692,50.,-85.4756449016258));
#2974=CARTESIAN_POINT('',(258.839273859693,50.,-85.4756449016265));
#2975=CARTESIAN_POINT('Origin',(258.839273859693,50.,-90.6756449016266));
#2976=CARTESIAN_POINT('',(258.839273859693,53.,-90.6756449016266));
#2977=CARTESIAN_POINT('',(258.839273859692,53.,-44.8506449016264));
#2978=CARTESIAN_POINT('',(258.839273859693,50.,-90.6756449016266));
#2979=CARTESIAN_POINT('',(258.839273859692,50.,-44.8506449016264));
#2980=CARTESIAN_POINT('',(258.839273859693,50.,-90.6756449016266));
#2981=CARTESIAN_POINT('Origin',(264.039273859693,50.,-90.6756449016266));
#2982=CARTESIAN_POINT('',(229.539273859693,53.,-90.6756449016266));
#2983=CARTESIAN_POINT('',(229.539273859693,50.,-90.6756449016266));
#2984=CARTESIAN_POINT('Origin',(131.239273859693,49.9999999999999,92.6243550983735));
#2985=CARTESIAN_POINT('',(131.239273859693,53.,87.4243550983733));
#2986=CARTESIAN_POINT('',(131.239273859693,53.,92.6243550983735));
#2987=CARTESIAN_POINT('',(131.239273859693,53.,46.7993550983732));
#2988=CARTESIAN_POINT('',(131.239273859693,49.9999999999999,87.4243550983733));
#2989=CARTESIAN_POINT('',(131.239273859693,49.9999999999999,87.4243550983733));
#2990=CARTESIAN_POINT('',(131.239273859693,49.9999999999999,92.6243550983735));
#2991=CARTESIAN_POINT('',(131.239273859693,50.,46.7993550983732));
#2992=CARTESIAN_POINT('',(131.239273859693,49.9999999999999,92.6243550983735));
#2993=CARTESIAN_POINT('Origin',(126.039273859693,49.9999999999999,92.6243550983735));
#2994=CARTESIAN_POINT('',(126.039273859693,53.,92.6243550983735));
#2995=CARTESIAN_POINT('',(160.539273859693,53.,92.6243550983735));
#2996=CARTESIAN_POINT('',(126.039273859693,49.9999999999999,92.6243550983735));
#2997=CARTESIAN_POINT('',(160.539273859693,50.,92.6243550983735));
#2998=CARTESIAN_POINT('',(126.039273859693,49.9999999999999,92.6243550983735));
#2999=CARTESIAN_POINT('Origin',(126.039273859693,49.9999999999999,87.4243550983734));
#3000=CARTESIAN_POINT('',(126.039273859693,53.,87.4243550983734));
#3001=CARTESIAN_POINT('',(126.039273859692,53.,44.1993550983739));
#3002=CARTESIAN_POINT('',(126.039273859693,49.9999999999999,87.4243550983734));
#3003=CARTESIAN_POINT('',(126.039273859692,50.,44.1993550983739));
#3004=CARTESIAN_POINT('',(126.039273859693,49.9999999999999,87.4243550983734));
#3005=CARTESIAN_POINT('Origin',(131.239273859693,49.9999999999999,87.4243550983733));
#3006=CARTESIAN_POINT('',(163.139273859694,53.,87.4243550983727));
#3007=CARTESIAN_POINT('',(163.139273859694,50.,87.4243550983727));
#3008=CARTESIAN_POINT('Origin',(131.239273859693,50.,-90.6756449016265));
#3009=CARTESIAN_POINT('',(126.039273859693,53.,-90.6756449016265));
#3010=CARTESIAN_POINT('',(131.239273859693,53.,-90.6756449016265));
#3011=CARTESIAN_POINT('',(163.139273859693,53.,-90.6756449016265));
#3012=CARTESIAN_POINT('',(126.039273859693,50.,-90.6756449016265));
#3013=CARTESIAN_POINT('',(126.039273859693,50.,-90.6756449016265));
#3014=CARTESIAN_POINT('',(131.239273859693,50.,-90.6756449016265));
#3015=CARTESIAN_POINT('',(163.139273859693,50.,-90.6756449016265));
#3016=CARTESIAN_POINT('',(131.239273859693,50.,-90.6756449016265));
#3017=CARTESIAN_POINT('Origin',(131.239273859693,50.,-85.4756449016264));
#3018=CARTESIAN_POINT('',(131.239273859693,53.,-85.4756449016264));
#3019=CARTESIAN_POINT('',(131.239273859693,53.,-42.2506449016265));
#3020=CARTESIAN_POINT('',(131.239273859693,50.,-85.4756449016264));
#3021=CARTESIAN_POINT('',(131.239273859693,50.,-42.2506449016265));
#3022=CARTESIAN_POINT('',(131.239273859693,50.,-85.4756449016264));
#3023=CARTESIAN_POINT('Origin',(126.039273859693,50.,-85.4756449016265));
#3024=CARTESIAN_POINT('',(126.039273859693,53.,-85.4756449016265));
#3025=CARTESIAN_POINT('',(160.539273859694,53.,-85.4756449016258));
#3026=CARTESIAN_POINT('',(126.039273859693,50.,-85.4756449016265));
#3027=CARTESIAN_POINT('',(160.539273859694,50.,-85.4756449016258));
#3028=CARTESIAN_POINT('',(126.039273859693,50.,-85.4756449016265));
#3029=CARTESIAN_POINT('Origin',(126.039273859693,50.,-90.6756449016265));
#3030=CARTESIAN_POINT('',(126.039273859692,53.,-44.8506449016268));
#3031=CARTESIAN_POINT('',(126.039273859692,50.,-44.8506449016268));
#3032=CARTESIAN_POINT('Origin',(258.839273859693,50.,92.6243550983734));
#3033=CARTESIAN_POINT('',(264.039273859693,53.,92.6243550983734));
#3034=CARTESIAN_POINT('',(258.839273859693,53.,92.6243550983734));
#3035=CARTESIAN_POINT('',(226.939273859693,53.,92.6243550983734));
#3036=CARTESIAN_POINT('',(264.039273859693,50.,92.6243550983734));
#3037=CARTESIAN_POINT('',(264.039273859693,50.,92.6243550983734));
#3038=CARTESIAN_POINT('',(258.839273859693,50.,92.6243550983734));
#3039=CARTESIAN_POINT('',(226.939273859693,50.,92.6243550983734));
#3040=CARTESIAN_POINT('',(258.839273859693,50.,92.6243550983734));
#3041=CARTESIAN_POINT('Origin',(258.839273859693,50.,87.4243550983733));
#3042=CARTESIAN_POINT('',(258.839273859693,53.,87.4243550983733));
#3043=CARTESIAN_POINT('',(258.839273859692,53.,44.1993550983732));
#3044=CARTESIAN_POINT('',(258.839273859693,50.,87.4243550983733));
#3045=CARTESIAN_POINT('',(258.839273859692,50.,44.1993550983732));
#3046=CARTESIAN_POINT('',(258.839273859693,50.,87.4243550983733));
#3047=CARTESIAN_POINT('Origin',(264.039273859693,50.,87.4243550983734));
#3048=CARTESIAN_POINT('',(264.039273859693,53.,87.4243550983734));
#3049=CARTESIAN_POINT('',(229.539273859692,53.,87.4243550983727));
#3050=CARTESIAN_POINT('',(264.039273859693,50.,87.4243550983734));
#3051=CARTESIAN_POINT('',(229.539273859692,50.,87.4243550983727));
#3052=CARTESIAN_POINT('',(264.039273859693,50.,87.4243550983734));
#3053=CARTESIAN_POINT('Origin',(264.039273859693,50.,92.6243550983734));
#3054=CARTESIAN_POINT('',(264.039273859693,53.,46.7993550983739));
#3055=CARTESIAN_POINT('',(264.039273859693,50.,46.7993550983739));
#3056=CARTESIAN_POINT('Origin',(258.839273859692,50.,3.57435509837347));
#3057=CARTESIAN_POINT('',(264.039273859692,53.,3.57435509837524));
#3058=CARTESIAN_POINT('',(258.839273859692,53.,3.57435509837347));
#3059=CARTESIAN_POINT('',(226.939273859692,53.,3.57435509836261));
#3060=CARTESIAN_POINT('',(264.039273859692,50.,3.57435509837524));
#3061=CARTESIAN_POINT('',(264.039273859692,50.,3.57435509837524));
#3062=CARTESIAN_POINT('',(258.839273859692,50.,3.57435509837347));
#3063=CARTESIAN_POINT('',(226.939273859692,50.,3.57435509836261));
#3064=CARTESIAN_POINT('',(258.839273859692,50.,3.57435509837347));
#3065=CARTESIAN_POINT('Origin',(258.839273859692,50.,-1.62564490162653));
#3066=CARTESIAN_POINT('',(258.839273859692,53.,-1.62564490162653));
#3067=CARTESIAN_POINT('',(258.839273859692,53.,-0.325644901626535));
#3068=CARTESIAN_POINT('',(258.839273859692,50.,-1.62564490162653));
#3069=CARTESIAN_POINT('',(258.839273859692,50.,-0.325644901626535));
#3070=CARTESIAN_POINT('',(258.839273859692,50.,-1.62564490162653));
#3071=CARTESIAN_POINT('Origin',(264.039273859693,50.,-1.6256449016254));
#3072=CARTESIAN_POINT('',(264.039273859693,53.,-1.6256449016254));
#3073=CARTESIAN_POINT('',(229.539273859693,53.,-1.62564490163287));
#3074=CARTESIAN_POINT('',(264.039273859693,50.,-1.6256449016254));
#3075=CARTESIAN_POINT('',(229.539273859693,50.,-1.62564490163287));
#3076=CARTESIAN_POINT('',(264.039273859693,50.,-1.6256449016254));
#3077=CARTESIAN_POINT('Origin',(264.039273859692,50.,3.57435509837524));
#3078=CARTESIAN_POINT('',(264.039273859692,53.,2.274355098376));
#3079=CARTESIAN_POINT('',(264.039273859692,50.,2.274355098376));
#3080=CARTESIAN_POINT('Origin',(131.239273859693,50.,-1.62564490162714));
#3081=CARTESIAN_POINT('',(126.039273859693,53.,-1.62564490162536));
#3082=CARTESIAN_POINT('',(131.239273859693,53.,-1.62564490162714));
#3083=CARTESIAN_POINT('',(163.139273859692,53.,-1.62564490163802));
#3084=CARTESIAN_POINT('',(126.039273859693,50.,-1.62564490162536));
#3085=CARTESIAN_POINT('',(126.039273859693,50.,-1.62564490162536));
#3086=CARTESIAN_POINT('',(131.239273859693,50.,-1.62564490162714));
#3087=CARTESIAN_POINT('',(163.139273859692,50.,-1.62564490163802));
#3088=CARTESIAN_POINT('',(131.239273859693,50.,-1.62564490162714));
#3089=CARTESIAN_POINT('Origin',(131.239273859693,50.,3.57435509837351));
#3090=CARTESIAN_POINT('',(131.239273859693,53.,3.57435509837351));
#3091=CARTESIAN_POINT('',(131.239273859693,53.,2.27435509837348));
#3092=CARTESIAN_POINT('',(131.239273859693,50.,3.57435509837351));
#3093=CARTESIAN_POINT('',(131.239273859693,50.,2.27435509837348));
#3094=CARTESIAN_POINT('',(131.239273859693,50.,3.57435509837351));
#3095=CARTESIAN_POINT('Origin',(126.039273859693,50.,3.57435509837464));
#3096=CARTESIAN_POINT('',(126.039273859693,53.,3.57435509837464));
#3097=CARTESIAN_POINT('',(160.539273859693,53.,3.57435509836716));
#3098=CARTESIAN_POINT('',(126.039273859693,50.,3.57435509837464));
#3099=CARTESIAN_POINT('',(160.539273859693,50.,3.57435509836716));
#3100=CARTESIAN_POINT('',(126.039273859693,50.,3.57435509837464));
#3101=CARTESIAN_POINT('Origin',(126.039273859693,50.,-1.62564490162536));
#3102=CARTESIAN_POINT('',(126.039273859693,53.,-0.325644901624304));
#3103=CARTESIAN_POINT('',(126.039273859693,50.,-0.325644901624304));
#3104=CARTESIAN_POINT('Origin',(243.039273859693,50.,-72.0256449016266));
#3105=CARTESIAN_POINT('',(147.039273859693,53.,-72.0256449016266));
#3106=CARTESIAN_POINT('',(243.039273859693,53.,-72.0256449016266));
#3107=CARTESIAN_POINT('',(219.039273859693,53.,-72.0256449016266));
#3108=CARTESIAN_POINT('',(147.039273859693,50.,-72.0256449016266));
#3109=CARTESIAN_POINT('',(147.039273859693,50.,-72.0256449016266));
#3110=CARTESIAN_POINT('',(243.039273859693,50.,-72.0256449016266));
#3111=CARTESIAN_POINT('',(219.039273859693,50.,-72.0256449016266));
#3112=CARTESIAN_POINT('',(243.039273859693,50.,-72.0256449016266));
#3113=CARTESIAN_POINT('Origin',(243.039273859693,50.,73.9743550983734));
#3114=CARTESIAN_POINT('',(243.039273859693,53.,73.9743550983734));
#3115=CARTESIAN_POINT('',(243.039273859693,53.,37.4743550983734));
#3116=CARTESIAN_POINT('',(243.039273859693,50.,73.9743550983734));
#3117=CARTESIAN_POINT('',(243.039273859693,50.,37.4743550983734));
#3118=CARTESIAN_POINT('',(243.039273859693,50.,73.9743550983734));
#3119=CARTESIAN_POINT('Origin',(147.039273859693,50.,73.9743550983734));
#3120=CARTESIAN_POINT('',(147.039273859693,53.,73.9743550983734));
#3121=CARTESIAN_POINT('',(171.039273859693,53.,73.9743550983734));
#3122=CARTESIAN_POINT('',(147.039273859693,50.,73.9743550983734));
#3123=CARTESIAN_POINT('',(171.039273859693,50.,73.9743550983734));
#3124=CARTESIAN_POINT('',(147.039273859693,50.,73.9743550983734));
#3125=CARTESIAN_POINT('Origin',(147.039273859693,50.,-72.0256449016266));
#3126=CARTESIAN_POINT('',(147.039273859693,53.,-35.5256449016266));
#3127=CARTESIAN_POINT('',(147.039273859693,50.,-35.5256449016266));
#3128=CARTESIAN_POINT('Origin',(195.039273859693,53.,0.974355098373457));
#3129=CARTESIAN_POINT('',(119.939273859693,53.,101.074355098373));
#3130=CARTESIAN_POINT('',(119.939273859693,53.,-99.1256449016265));
#3131=CARTESIAN_POINT('',(119.939273859693,53.,51.0243550983734));
#3132=CARTESIAN_POINT('',(270.139273859693,53.,101.074355098373));
#3133=CARTESIAN_POINT('',(232.589273859693,53.,101.074355098373));
#3134=CARTESIAN_POINT('',(270.139273859693,53.,-99.1256449016265));
#3135=CARTESIAN_POINT('',(270.139273859693,53.,-49.0756449016265));
#3136=CARTESIAN_POINT('',(157.489273859693,53.,-99.1256449016265));
#3137=CARTESIAN_POINT('Origin',(270.139273859693,50.,-99.1256449016265));
#3138=CARTESIAN_POINT('',(270.139273859693,75.,101.074355098373));
#3139=CARTESIAN_POINT('',(270.139273859693,50.,101.074355098373));
#3140=CARTESIAN_POINT('',(270.139273859693,75.,-99.1256449016265));
#3141=CARTESIAN_POINT('',(270.139273859693,75.,101.074355098373));
#3142=CARTESIAN_POINT('',(270.139273859693,50.,-99.1256449016265));
#3143=CARTESIAN_POINT('Origin',(270.139273859693,50.,101.074355098373));
#3144=CARTESIAN_POINT('',(119.939273859693,75.,101.074355098373));
#3145=CARTESIAN_POINT('',(119.939273859693,50.,101.074355098373));
#3146=CARTESIAN_POINT('',(119.939273859693,75.,101.074355098373));
#3147=CARTESIAN_POINT('Origin',(119.939273859693,50.,-99.1256449016265));
#3148=CARTESIAN_POINT('',(119.939273859693,75.,-99.1256449016265));
#3149=CARTESIAN_POINT('',(270.139273859693,75.,-99.1256449016265));
#3150=CARTESIAN_POINT('',(119.939273859693,50.,-99.1256449016265));
#3151=CARTESIAN_POINT('Origin',(119.939273859693,50.,101.074355098373));
#3152=CARTESIAN_POINT('',(119.939273859693,75.,-99.1256449016265));
#3153=CARTESIAN_POINT('Origin',(114.939273859693,50.,-104.125644901627));
#3154=CARTESIAN_POINT('',(114.939273859693,50.,-104.125644901627));
#3155=CARTESIAN_POINT('',(114.939273859693,50.,106.074355098373));
#3156=CARTESIAN_POINT('',(114.939273859693,50.,-104.125644901627));
#3157=CARTESIAN_POINT('',(114.939273859693,75.,106.074355098373));
#3158=CARTESIAN_POINT('',(114.939273859693,50.,106.074355098373));
#3159=CARTESIAN_POINT('',(114.939273859693,75.,-104.125644901627));
#3160=CARTESIAN_POINT('',(114.939273859693,75.,-104.125644901627));
#3161=CARTESIAN_POINT('',(114.939273859693,50.,-104.125644901627));
#3162=CARTESIAN_POINT('Origin',(275.139273859693,50.,-104.125644901627));
#3163=CARTESIAN_POINT('',(275.139273859693,50.,-104.125644901627));
#3164=CARTESIAN_POINT('',(275.139273859693,50.,-104.125644901627));
#3165=CARTESIAN_POINT('',(275.139273859693,75.,-104.125644901627));
#3166=CARTESIAN_POINT('',(275.139273859693,75.,-104.125644901627));
#3167=CARTESIAN_POINT('',(275.139273859693,50.,-104.125644901627));
#3168=CARTESIAN_POINT('Origin',(275.139273859693,50.,106.074355098373));
#3169=CARTESIAN_POINT('',(275.139273859693,50.,106.074355098373));
#3170=CARTESIAN_POINT('',(275.139273859693,50.,106.074355098373));
#3171=CARTESIAN_POINT('',(275.139273859693,75.,106.074355098373));
#3172=CARTESIAN_POINT('',(275.139273859693,75.,106.074355098373));
#3173=CARTESIAN_POINT('',(275.139273859693,50.,106.074355098373));
#3174=CARTESIAN_POINT('Origin',(114.939273859693,50.,106.074355098373));
#3175=CARTESIAN_POINT('',(114.939273859693,50.,106.074355098373));
#3176=CARTESIAN_POINT('',(114.939273859693,75.,106.074355098373));
#3177=CARTESIAN_POINT('Origin',(195.039273859693,75.,0.974355098373461));
#3178=CARTESIAN_POINT('Origin',(195.039273859693,50.,0.974355098373457));
#3179=CARTESIAN_POINT('Origin',(-250.,5.99999999999999,-70.));
#3180=CARTESIAN_POINT('',(-250.,6.00000000000007,-60.));
#3181=CARTESIAN_POINT('',(-250.,5.99999999999999,-70.));
#3182=CARTESIAN_POINT('',(-250.,5.99999999999996,-75.));
#3183=CARTESIAN_POINT('',(-260.,6.00000000000007,-60.));
#3184=CARTESIAN_POINT('',(-250.,6.00000000000007,-60.));
#3185=CARTESIAN_POINT('',(-260.,5.99999999999999,-70.));
#3186=CARTESIAN_POINT('',(-260.,5.99999999999999,-70.));
#3187=CARTESIAN_POINT('',(-250.,5.99999999999999,-70.));
#3188=CARTESIAN_POINT('Origin',(-250.,16.,-70.));
#3189=CARTESIAN_POINT('',(-250.,16.,-70.));
#3190=CARTESIAN_POINT('',(-250.,8.,-70.));
#3191=CARTESIAN_POINT('',(-260.,16.,-70.));
#3192=CARTESIAN_POINT('',(-260.,16.,-70.));
#3193=CARTESIAN_POINT('',(-250.,16.,-70.));
#3194=CARTESIAN_POINT('Origin',(-250.,16.0000000000001,-60.));
#3195=CARTESIAN_POINT('',(-250.,16.0000000000001,-60.));
#3196=CARTESIAN_POINT('',(-250.,16.,-70.0000000000001));
#3197=CARTESIAN_POINT('',(-260.,16.0000000000001,-60.));
#3198=CARTESIAN_POINT('',(-260.,16.0000000000001,-60.));
#3199=CARTESIAN_POINT('',(-250.,16.0000000000001,-60.));
#3200=CARTESIAN_POINT('Origin',(-250.,6.00000000000007,-60.));
#3201=CARTESIAN_POINT('',(-250.,3.00000000000003,-60.));
#3202=CARTESIAN_POINT('',(-260.,6.00000000000007,-60.));
#3203=CARTESIAN_POINT('Origin',(-260.,11.,-65.));
#3204=CARTESIAN_POINT('Origin',(-250.,0.,-80.));
#3205=CARTESIAN_POINT('',(-250.,0.,0.));
#3206=CARTESIAN_POINT('',(-250.,0.,-80.));
#3207=CARTESIAN_POINT('',(-250.,0.,0.));
#3208=CARTESIAN_POINT('',(-250.,22.,0.));
#3209=CARTESIAN_POINT('',(-250.,0.,0.));
#3210=CARTESIAN_POINT('',(-250.,22.,-80.));
#3211=CARTESIAN_POINT('',(-250.,22.,0.));
#3212=CARTESIAN_POINT('',(-250.,0.,-80.));
#3213=CARTESIAN_POINT('Origin',(-174.824590337127,0.,-27.3616114660535));
#3214=CARTESIAN_POINT('',(-174.824590337127,0.,-27.3616114660535));
#3215=CARTESIAN_POINT('',(-250.,0.,-80.));
#3216=CARTESIAN_POINT('',(-174.824590337127,22.,-27.3616114660535));
#3217=CARTESIAN_POINT('',(-250.,22.,-80.));
#3218=CARTESIAN_POINT('',(-174.824590337127,0.,-27.3616114660535));
#3219=CARTESIAN_POINT('Origin',(-250.,0.,0.));
#3220=CARTESIAN_POINT('',(-250.,0.,0.));
#3221=CARTESIAN_POINT('',(-250.,22.,0.));
#3222=CARTESIAN_POINT('Origin',(-212.412295168564,22.,-40.));
#3223=CARTESIAN_POINT('Origin',(-212.412295168564,0.,-40.));
#3224=CARTESIAN_POINT('Origin',(-333.412537198162,0.,157.39859053848));
#3225=CARTESIAN_POINT('',(-333.412537198162,0.,157.39859053848));
#3226=CARTESIAN_POINT('',(-233.412537198162,0.,157.39859053848));
#3227=CARTESIAN_POINT('',(-333.412537198162,0.,157.39859053848));
#3228=CARTESIAN_POINT('',(-233.412537198162,4.5,157.39859053848));
#3229=CARTESIAN_POINT('',(-233.412537198162,0.,157.39859053848));
#3230=CARTESIAN_POINT('',(-333.412537198162,4.5,157.39859053848));
#3231=CARTESIAN_POINT('',(-333.412537198162,4.5,157.39859053848));
#3232=CARTESIAN_POINT('',(-333.412537198162,0.,157.39859053848));
#3233=CARTESIAN_POINT('Origin',(-333.412537198162,0.,7.39859053848044));
#3234=CARTESIAN_POINT('',(-333.412537198162,0.,7.39859053848044));
#3235=CARTESIAN_POINT('',(-333.412537198162,0.,7.39859053848044));
#3236=CARTESIAN_POINT('',(-333.412537198162,4.5,7.39859053848043));
#3237=CARTESIAN_POINT('',(-333.412537198162,4.5,7.39859053848044));
#3238=CARTESIAN_POINT('',(-333.412537198162,0.,7.39859053848044));
#3239=CARTESIAN_POINT('Origin',(-233.412537198162,0.,7.39859053848044));
#3240=CARTESIAN_POINT('',(-233.412537198162,0.,7.39859053848043));
#3241=CARTESIAN_POINT('',(-233.412537198162,0.,7.39859053848044));
#3242=CARTESIAN_POINT('',(-233.412537198162,4.5,7.39859053848043));
#3243=CARTESIAN_POINT('',(-233.412537198162,4.5,7.39859053848044));
#3244=CARTESIAN_POINT('',(-233.412537198162,0.,7.39859053848043));
#3245=CARTESIAN_POINT('Origin',(-233.412537198162,0.,157.39859053848));
#3246=CARTESIAN_POINT('',(-233.412537198162,0.,157.39859053848));
#3247=CARTESIAN_POINT('',(-233.412537198162,4.5,157.39859053848));
#3248=CARTESIAN_POINT('Origin',(-283.412537198162,4.5,82.3985905384804));
#3249=CARTESIAN_POINT('Origin',(-283.412537198162,0.,82.3985905384804));
#3250=UNCERTAINTY_MEASURE_WITH_UNIT(LENGTH_MEASURE(0.01),#3254,
'DISTANCE_ACCURACY_VALUE',
'Maximum model space distance between geometric entities at asserted c
onnectivities');
#3251=UNCERTAINTY_MEASURE_WITH_UNIT(LENGTH_MEASURE(0.01),#3254,
'DISTANCE_ACCURACY_VALUE',
'Maximum model space distance between geometric entities at asserted c
onnectivities');
#3252=(
GEOMETRIC_REPRESENTATION_CONTEXT(3)
GLOBAL_UNCERTAINTY_ASSIGNED_CONTEXT((#3250))
GLOBAL_UNIT_ASSIGNED_CONTEXT((#3254,#3256,#3257))
REPRESENTATION_CONTEXT('','3D')
);
#3253=(
GEOMETRIC_REPRESENTATION_CONTEXT(3)
GLOBAL_UNCERTAINTY_ASSIGNED_CONTEXT((#3251))
GLOBAL_UNIT_ASSIGNED_CONTEXT((#3254,#3256,#3257))
REPRESENTATION_CONTEXT('','3D')
);
#3254=(
LENGTH_UNIT()
NAMED_UNIT(*)
SI_UNIT(.MILLI.,.METRE.)
);
#3255=(
LENGTH_UNIT()
NAMED_UNIT(*)
SI_UNIT($,.METRE.)
);
#3256=(
NAMED_UNIT(*)
PLANE_ANGLE_UNIT()
SI_UNIT($,.RADIAN.)
);
#3257=(
NAMED_UNIT(*)
SI_UNIT($,.STERADIAN.)
SOLID_ANGLE_UNIT()
);
#3258=SHAPE_DEFINITION_REPRESENTATION(#3259,#3260);
#3259=PRODUCT_DEFINITION_SHAPE('',$,#3262);
#3260=SHAPE_REPRESENTATION('',(#2078),#3252);
#3261=PRODUCT_DEFINITION_CONTEXT('part definition',#3266,'design');
#3262=PRODUCT_DEFINITION('Ramecek','Ramecek v4',#3263,#3261);
#3263=PRODUCT_DEFINITION_FORMATION('',$,#3268);
#3264=PRODUCT_RELATED_PRODUCT_CATEGORY('Ramecek v4','Ramecek v4',(#3268));
#3265=APPLICATION_PROTOCOL_DEFINITION('international standard',
'automotive_design',2009,#3266);
#3266=APPLICATION_CONTEXT(
'Core Data for Automotive Mechanical Design Process');
#3267=PRODUCT_CONTEXT('part definition',#3266,'mechanical');
#3268=PRODUCT('Ramecek','Ramecek v4',$,(#3267));
#3269=PRESENTATION_STYLE_ASSIGNMENT((#3270));
#3270=SURFACE_STYLE_USAGE(.BOTH.,#3271);
#3271=SURFACE_SIDE_STYLE('',(#3272));
#3272=SURFACE_STYLE_FILL_AREA(#3273);
#3273=FILL_AREA_STYLE('Steel - Satin',(#3274));
#3274=FILL_AREA_STYLE_COLOUR('Steel - Satin',#3275);
#3275=COLOUR_RGB('Steel - Satin',0.627450980392157,0.627450980392157,0.627450980392157);
ENDSEC;
END-ISO-10303-21;
